amount,payment_method,device_id,ip_country,authentication_status,account_age_days,previous_transactions,successful_transactions,previous_chargebacks,previous_refunds,known_devices,average_order_value,product_category,product_value,transaction_hour,transaction_day_of_week,is_weekend,amount_to_avg_order_ratio,customer_success_rate,customer_chargeback_rate,customer_refund_rate,has_previous_chargeback,is_new_customer,chargeback_label
1074.45,wallet,DEV_02377,US,success,517,43,40,1,2,2,7488.48,electronics,1074.45,0,6,1,0.14348038587270048,0.9302325581395349,0.023255813953488372,0.046511627906976744,1,0,1
26291.41,netbanking,DEV_01445,GB,failed,219,25,16,0,0,3,4998.67,software,26291.41,0,5,1,5.259681075165994,0.64,0.0,0.0,0,0,0
255.47,netbanking,DEV_00224,IN,success,160,31,29,0,2,1,2458.77,home,255.47,0,0,0,0.103901544268069,0.9354838709677419,0.0,0.06451612903225806,0,0,1
2270.65,wallet,DEV_01992,SG,success,1319,12,4,0,2,4,3472.46,software,2270.65,0,4,0,0.6539024207622263,0.3333333333333333,0.0,0.16666666666666666,0,0,0
2066.71,wallet,DEV_02908,SG,success,1821,3,3,0,3,3,5910.41,fashion,2066.71,0,1,0,0.34967286533421543,1.0,0.0,1.0,0,0,0
3870.98,wallet,DEV_02544,GB,success,411,13,11,0,2,4,4610.32,home,3870.98,0,4,0,0.8396336913706641,0.8461538461538461,0.0,0.15384615384615385,0,0,1
4191.61,upi,DEV_01876,IN,failed,1088,49,48,1,1,3,1748.8,software,4191.61,0,2,0,2.3968492680695332,0.9795918367346939,0.02040816326530612,0.02040816326530612,1,0,0
2147.1,upi,DEV_01182,IN,success,1661,47,47,0,1,1,4436.23,fashion,2147.1,0,2,0,0.48399203828475984,1.0,0.0,0.02127659574468085,0,0,1
1341.26,netbanking,DEV_00459,US,success,951,48,43,0,3,3,2247.04,home,1341.26,0,4,0,0.5969008117345486,0.8958333333333334,0.0,0.0625,0,0,0
4475.46,upi,DEV_02133,IN,failed,712,6,4,0,1,2,1664.69,fashion,4475.46,0,1,0,2.6884645189194383,0.6666666666666666,0.0,0.16666666666666666,0,0,0
3510.32,upi,DEV_01942,GB,failed,248,10,6,0,2,3,6314.08,beauty,3510.32,0,5,1,0.5559511441096724,0.6,0.0,0.2,0,0,0
2574.71,card,DEV_01195,US,success,910,50,42,0,4,2,8135.7,travel,2574.71,0,5,1,0.31647061715648317,0.84,0.0,0.08,0,0,0
7760.82,upi,DEV_02129,GB,success,309,19,10,0,3,4,3453.89,fashion,7760.82,0,3,0,2.246979492687955,0.5263157894736842,0.0,0.15789473684210525,0,0,0
9569.79,netbanking,DEV_01992,SG,failed,1407,20,10,0,1,4,10656.91,software,9569.79,0,5,1,0.8979891919890476,0.5,0.0,0.05,0,0,0
4328.23,wallet,DEV_01246,SG,success,307,49,45,1,4,1,6339.35,home,4328.23,0,1,0,0.6827561185295021,0.9183673469387755,0.02040816326530612,0.08163265306122448,1,0,0
1800.22,upi,DEV_01065,US,success,1365,35,25,0,3,1,2587.07,fashion,1800.22,0,0,0,0.6958528373797385,0.7142857142857143,0.0,0.08571428571428572,0,0,0
1906.82,netbanking,DEV_00194,US,success,883,12,4,0,4,3,2206.7,beauty,1906.82,0,2,0,0.8641047718312412,0.3333333333333333,0.0,0.3333333333333333,0,0,0
9009.84,wallet,DEV_00682,SG,success,1831,28,24,1,1,1,3520.76,fashion,9009.84,0,2,0,2.5590611118054056,0.8571428571428571,0.03571428571428571,0.03571428571428571,1,0,1
2272.3,upi,DEV_00719,US,success,827,50,49,0,2,1,2493.68,home,2272.3,0,2,0,0.9112235731930322,0.98,0.0,0.04,0,0,0
2329.02,card,DEV_00169,GB,success,179,46,41,0,0,2,5893.09,home,2329.02,0,3,0,0.39521201950080515,0.8913043478260869,0.0,0.0,0,0,1
9119.52,wallet,DEV_01067,GB,success,300,25,24,1,2,4,935.65,beauty,9119.52,0,1,0,9.746721530486829,0.96,0.04,0.08,1,0,0
6118.24,card,DEV_02727,GB,success,63,17,15,0,1,4,2538.47,fashion,6118.24,0,0,0,2.4102077235500126,0.8823529411764706,0.0,0.058823529411764705,0,0,0
5615.29,netbanking,DEV_01837,SG,success,1993,3,2,0,0,4,2091.89,fashion,5615.29,0,2,0,2.6843141847802707,0.6666666666666666,0.0,0.0,0,0,0
8899.77,card,DEV_00103,AE,success,716,18,12,1,1,1,4003.5,beauty,8899.77,0,4,0,2.2229973772948672,0.6666666666666666,0.05555555555555555,0.05555555555555555,1,0,0
3636.46,wallet,DEV_01312,US,success,1179,49,49,0,2,1,6127.91,software,3636.46,0,4,0,0.5934258172851755,1.0,0.0,0.04081632653061224,0,0,1
21023.18,netbanking,DEV_01942,GB,success,232,3,3,2,1,4,2076.02,fashion,21023.18,0,0,0,10.12667508020154,1.0,0.6666666666666666,0.3333333333333333,1,0,0
3507.13,wallet,DEV_01388,IN,failed,1867,24,14,0,0,3,2293.48,home,3507.13,0,1,0,1.5291740063135497,0.5833333333333334,0.0,0.0,0,0,0
4157.9,card,DEV_00572,SG,success,1745,32,28,0,1,4,7889.07,software,4157.9,0,4,0,0.5270456466985335,0.875,0.0,0.03125,0,0,0
9740.28,card,DEV_01646,SG,success,1615,10,9,0,4,1,5276.49,home,9740.28,0,1,0,1.8459771552679909,0.9,0.0,0.4,0,0,0
8598.41,wallet,DEV_01464,IN,success,451,35,31,1,4,1,1516.18,grocery,8598.41,0,2,0,5.671101056602778,0.8857142857142857,0.02857142857142857,0.11428571428571428,1,0,0
1476.16,upi,DEV_02390,SG,success,1656,17,15,0,1,1,2312.42,electronics,1476.16,0,3,0,0.6383615433182553,0.8823529411764706,0.0,0.058823529411764705,0,0,0
2585.51,upi,DEV_00093,IN,failed,1251,5,3,0,1,4,1006.8,beauty,2585.51,0,0,0,2.5680472785061585,0.6,0.0,0.2,0,0,0
2123.7,card,DEV_02097,AE,failed,729,23,23,0,1,3,7450.99,fashion,2123.7,0,3,0,0.28502252720779386,1.0,0.0,0.043478260869565216,0,0,0
8148.57,netbanking,DEV_02471,SG,success,897,45,41,0,1,1,8257.74,grocery,8148.57,0,0,0,0.9867796757950722,0.9111111111111111,0.0,0.022222222222222223,0,0,0
2586.76,netbanking,DEV_01629,US,failed,948,50,45,0,1,1,9594.38,home,2586.76,0,4,0,0.2696120020261862,0.9,0.0,0.02,0,0,1
3257.73,netbanking,DEV_01582,GB,success,242,27,26,0,1,4,3407.18,electronics,3257.73,0,6,1,0.9561367465176481,0.9629629629629629,0.0,0.037037037037037035,0,0,0
6842.8,netbanking,DEV_01440,GB,success,260,16,13,0,0,1,3464.69,grocery,6842.8,0,5,1,1.9750107513226292,0.8125,0.0,0.0,0,0,0
3372.22,upi,DEV_02982,AE,failed,1159,7,2,0,3,1,6402.68,software,3372.22,0,3,0,0.5266888240549269,0.2857142857142857,0.0,0.42857142857142855,0,0,0
5323.74,wallet,DEV_01183,US,failed,965,36,28,1,3,4,4217.41,fashion,5323.74,0,6,1,1.2623245072212566,0.7777777777777778,0.027777777777777776,0.08333333333333333,1,0,0
5216.87,wallet,DEV_00572,SG,success,272,14,14,0,0,4,3297.82,software,5216.87,0,2,0,1.5819147194207082,1.0,0.0,0.0,0,0,0
14561.34,upi,DEV_00852,GB,success,1827,35,33,0,2,1,6551.52,grocery,14561.34,0,5,1,2.222589567001245,0.9428571428571428,0.0,0.05714285714285714,0,0,0
2206.63,card,DEV_02420,AE,success,886,39,31,0,5,4,506.45,grocery,2206.63,0,4,0,4.357054003356699,0.7948717948717948,0.0,0.1282051282051282,0,0,0
4994.41,wallet,DEV_02617,GB,success,1905,8,6,0,2,3,3836.35,beauty,4994.41,0,4,0,1.301865054022704,0.75,0.0,0.25,0,0,0
35518.74,wallet,DEV_02910,SG,success,1410,3,2,0,2,2,553.6,travel,35518.74,0,0,0,64.15957369942195,0.6666666666666666,0.0,0.6666666666666666,0,0,0
2884.82,upi,DEV_00762,AE,failed,1402,18,18,0,1,1,1104.2,home,2884.82,0,0,0,2.6125882992211555,1.0,0.0,0.05555555555555555,0,0,0
7232.85,card,DEV_01237,SG,failed,1090,1,0,0,3,1,3626.94,fashion,7232.85,0,3,0,1.9942017237671426,0.0,0.0,3.0,0,0,0
2762.9,wallet,DEV_00920,IN,success,1615,46,42,0,2,2,1184.08,travel,2762.9,0,2,0,2.333372745084792,0.9130434782608695,0.0,0.043478260869565216,0,0,1
4041.71,upi,DEV_01076,GB,failed,1881,21,18,0,2,1,975.65,travel,4041.71,0,5,1,4.142581868497925,0.8571428571428571,0.0,0.09523809523809523,0,0,0
3683.13,card,DEV_02679,GB,success,1379,29,24,1,2,2,7205.46,electronics,3683.13,0,4,0,0.5111582050278539,0.8275862068965517,0.034482758620689655,0.06896551724137931,1,0,0
915.16,wallet,DEV_02818,US,success,1355,19,16,0,1,4,13412.44,home,915.16,0,3,0,0.0682321784850482,0.8421052631578947,0.0,0.05263157894736842,0,0,0
548.43,netbanking,DEV_02020,IN,success,782,34,28,1,2,1,9413.23,grocery,548.43,0,2,0,0.05826161689451973,0.8235294117647058,0.029411764705882353,0.058823529411764705,1,0,0
6998.93,wallet,DEV_02317,AE,success,999,8,4,0,0,4,6929.67,fashion,6998.93,0,1,0,1.0099947039325106,0.5,0.0,0.0,0,0,0
10732.28,wallet,DEV_02844,IN,success,1925,41,39,2,2,2,2098.06,fashion,10732.28,0,0,0,5.115335119110036,0.9512195121951219,0.04878048780487805,0.04878048780487805,1,0,0
2495.77,netbanking,DEV_00668,SG,success,1229,19,16,0,3,1,3825.24,fashion,2495.77,0,3,0,0.6524479509782393,0.8421052631578947,0.0,0.15789473684210525,0,0,0
3709.28,netbanking,DEV_01889,US,success,1465,24,21,1,2,1,2001.56,software,3709.28,0,3,0,1.853194508283539,0.875,0.041666666666666664,0.08333333333333333,1,0,0
4826.11,card,DEV_01117,GB,success,130,48,45,1,1,3,1749.35,beauty,4826.11,0,5,1,2.7588018406836823,0.9375,0.020833333333333332,0.020833333333333332,1,0,0
18200.98,card,DEV_01188,GB,success,736,2,1,0,4,1,3746.72,beauty,18200.98,0,5,1,4.857843660588461,0.5,0.0,2.0,0,0,0
5043.15,upi,DEV_02573,US,success,762,29,28,0,1,3,4600.03,home,5043.15,0,2,0,1.09632980654474,0.9655172413793104,0.0,0.034482758620689655,0,0,0
1512.88,upi,DEV_02228,GB,success,1875,36,26,1,0,1,4053.78,beauty,1512.88,0,2,0,0.37320229514181824,0.7222222222222222,0.027777777777777776,0.0,1,0,0
3649.34,netbanking,DEV_01112,GB,success,1130,26,24,0,0,2,2580.91,home,3649.34,0,6,1,1.4139741409037898,0.9230769230769231,0.0,0.0,0,0,0
3767.02,upi,DEV_00053,US,success,353,29,25,0,4,4,26289.98,home,3767.02,0,2,0,0.14328729044297486,0.8620689655172413,0.0,0.13793103448275862,0,0,0
5446.95,netbanking,DEV_01987,AE,success,229,29,26,1,2,3,5651.3,home,5446.95,0,6,1,0.9638401783660396,0.896551724137931,0.034482758620689655,0.06896551724137931,1,0,0
1705.78,card,DEV_00893,US,success,1101,29,25,0,1,2,2717.9,travel,1705.78,0,5,1,0.6276095514919606,0.8620689655172413,0.0,0.034482758620689655,0,0,0
2300.01,upi,DEV_02289,SG,success,175,15,11,0,3,1,3143.31,home,2300.01,0,4,0,0.7317159300228104,0.7333333333333333,0.0,0.2,0,0,0
2192.72,wallet,DEV_01887,IN,success,1896,41,41,0,1,3,2839.14,electronics,2192.72,0,4,0,0.7723183781004107,1.0,0.0,0.024390243902439025,0,0,0
1589.86,card,DEV_01965,GB,success,597,10,2,1,4,3,3745.81,grocery,1589.86,0,5,1,0.4244369041675899,0.2,0.1,0.4,1,0,0
2229.95,upi,DEV_01811,SG,success,1614,41,40,0,1,3,22987.86,home,2229.95,0,3,0,0.09700554988589628,0.975609756097561,0.0,0.024390243902439025,0,0,1
11207.81,upi,DEV_02908,GB,success,590,26,21,2,1,3,4345.54,home,11207.81,0,3,0,2.5791524183415637,0.8076923076923077,0.07692307692307693,0.038461538461538464,1,0,1
16274.14,upi,DEV_00528,US,success,930,30,24,3,0,2,1344.77,fashion,16274.14,0,4,0,12.101801795102508,0.8,0.1,0.0,1,0,0
947.44,netbanking,DEV_00514,US,success,541,10,5,0,2,2,2993.95,electronics,947.44,0,1,0,0.31645151054626836,0.5,0.0,0.2,0,0,0
3248.82,wallet,DEV_02830,IN,success,977,38,36,0,0,1,1772.72,fashion,3248.82,0,1,0,1.8326752109752247,0.9473684210526315,0.0,0.0,0,0,1
8708.01,wallet,DEV_01767,IN,success,1710,15,8,1,1,1,1492.85,travel,8708.01,0,4,0,5.833144656194528,0.5333333333333333,0.06666666666666667,0.06666666666666667,1,0,0
1156.41,card,DEV_02703,SG,success,1781,15,6,0,0,4,5901.03,beauty,1156.41,0,0,0,0.19596748364268612,0.4,0.0,0.0,0,0,0
23478.32,wallet,DEV_00488,GB,success,413,36,30,0,1,2,4910.94,home,23478.32,0,0,0,4.780819965220508,0.8333333333333334,0.0,0.027777777777777776,0,0,0
4376.18,netbanking,DEV_02735,IN,success,31,28,21,0,2,2,1051.11,home,4376.18,0,0,0,4.1633891790583295,0.75,0.0,0.07142857142857142,0,0,0
18234.86,card,DEV_02465,US,success,33,40,35,0,1,2,1739.93,beauty,18234.86,0,6,1,10.480226215997195,0.875,0.0,0.025,0,0,0
600.83,upi,DEV_02747,GB,success,1638,32,26,0,1,3,3953.25,grocery,600.83,0,3,0,0.1519838107885917,0.8125,0.0,0.03125,0,0,0
2795.91,upi,DEV_01137,SG,success,1107,30,20,1,2,2,5070.78,electronics,2795.91,0,1,0,0.5513767112751884,0.6666666666666666,0.03333333333333333,0.06666666666666667,1,0,0
9598.44,upi,DEV_02051,SG,success,1896,34,29,0,1,4,3045.81,travel,9598.44,0,1,0,3.1513587518591115,0.8529411764705882,0.0,0.029411764705882353,0,0,0
8243.88,card,DEV_02369,IN,success,1178,46,39,0,0,2,6622.15,travel,8243.88,0,5,1,1.2448947849263456,0.8478260869565217,0.0,0.0,0,0,0
6793.29,upi,DEV_01155,US,success,1171,36,26,1,4,1,2458.3,beauty,6793.29,0,0,0,2.763409673351503,0.7222222222222222,0.027777777777777776,0.1111111111111111,1,0,1
2603.13,card,DEV_00877,SG,failed,1905,8,6,0,2,3,3836.35,grocery,2603.13,0,3,0,0.6785434071448122,0.75,0.0,0.25,0,0,0
5477.25,netbanking,DEV_02860,SG,failed,414,29,22,0,0,4,8498.94,travel,5477.25,0,1,0,0.6444627212334715,0.7586206896551724,0.0,0.0,0,0,1
3004.93,card,DEV_00741,GB,failed,876,4,1,0,3,2,4657.0,home,3004.93,0,2,0,0.6452501610478849,0.25,0.0,0.75,0,0,0
1356.72,upi,DEV_02107,US,success,343,24,16,0,0,1,1807.96,travel,1356.72,0,2,0,0.7504148321865528,0.6666666666666666,0.0,0.0,0,0,0
1817.59,netbanking,DEV_00507,AE,success,1211,37,37,0,0,2,1966.39,beauty,1817.59,0,3,0,0.9243283377153056,1.0,0.0,0.0,0,0,0
5865.87,wallet,DEV_01480,GB,success,1635,27,17,0,2,3,1716.85,electronics,5865.87,0,5,1,3.4166467658793724,0.6296296296296297,0.0,0.07407407407407407,0,0,0
4615.99,card,DEV_01344,AE,failed,1829,47,38,0,2,3,2594.27,fashion,4615.99,0,4,0,1.7793020772702917,0.8085106382978723,0.0,0.0425531914893617,0,0,1
1168.57,netbanking,DEV_01872,SG,success,1213,32,25,0,1,3,6094.47,home,1168.57,0,2,0,0.19174267819843233,0.78125,0.0,0.03125,0,0,0
3017.4,wallet,DEV_00926,SG,success,112,15,12,1,1,2,1372.41,beauty,3017.4,0,2,0,2.1986141167726845,0.8,0.06666666666666667,0.06666666666666667,1,0,0
1862.87,wallet,DEV_00774,IN,failed,1432,21,11,1,3,2,2265.44,travel,1862.87,0,1,0,0.8222994208630552,0.5238095238095238,0.047619047619047616,0.14285714285714285,1,0,0
1026.72,netbanking,DEV_00735,IN,failed,974,50,50,0,2,2,5979.0,beauty,1026.72,0,0,0,0.17172102358253888,1.0,0.0,0.04,0,0,0
5288.77,card,DEV_01624,AE,success,56,14,14,0,4,4,3161.7,home,5288.77,0,3,0,1.6727614890723348,1.0,0.0,0.2857142857142857,0,0,0
11426.85,card,DEV_00588,AE,success,1438,21,18,1,2,2,2801.8,travel,11426.85,0,0,0,4.07839603112285,0.8571428571428571,0.047619047619047616,0.09523809523809523,1,0,0
5873.8,upi,DEV_00266,GB,success,214,10,0,1,1,4,1605.83,fashion,5873.8,0,4,0,3.6577969025363832,0.0,0.1,0.1,1,0,0
7429.95,upi,DEV_02437,AE,success,1659,35,31,0,1,2,3117.91,home,7429.95,0,6,1,2.3829905289119955,0.8857142857142857,0.0,0.02857142857142857,0,0,0
1680.77,wallet,DEV_02971,AE,success,1729,42,39,1,0,1,3905.65,electronics,1680.77,0,4,0,0.4303432207187024,0.9285714285714286,0.023809523809523808,0.0,1,0,0
2941.66,wallet,DEV_01459,AE,failed,183,38,37,0,0,1,1650.02,beauty,2941.66,0,5,1,1.7828026326953612,0.9736842105263158,0.0,0.0,0,0,0
5330.48,wallet,DEV_02095,GB,failed,1595,1,1,0,2,2,5412.82,electronics,5330.48,0,5,1,0.9847879663465624,1.0,0.0,2.0,0,0,0
10017.16,card,DEV_00501,GB,failed,923,26,17,0,2,2,2309.72,fashion,10017.16,0,2,0,4.336958592383493,0.6538461538461539,0.0,0.07692307692307693,0,0,1
2737.49,upi,DEV_02574,US,success,1513,38,36,1,4,3,4004.52,software,2737.49,0,3,0,0.6836000319638807,0.9473684210526315,0.02631578947368421,0.10526315789473684,1,0,0
1999.19,card,DEV_00280,AE,success,219,41,37,0,2,3,6262.36,software,1999.19,0,1,0,0.3192390728096117,0.9024390243902439,0.0,0.04878048780487805,0,0,0
5348.31,upi,DEV_01568,SG,success,1212,44,39,0,1,3,1230.03,grocery,5348.31,0,1,0,4.348113460647301,0.8863636363636364,0.0,0.022727272727272728,0,0,0
1479.8,upi,DEV_01241,SG,success,1495,17,8,0,1,1,1350.21,home,1479.8,0,1,0,1.095977662733945,0.47058823529411764,0.0,0.058823529411764705,0,0,0
5932.47,card,DEV_02708,SG,failed,1142,31,23,0,3,2,1942.57,fashion,5932.47,0,3,0,3.0539285585590226,0.7419354838709677,0.0,0.0967741935483871,0,0,0
3599.78,wallet,DEV_00828,GB,failed,1799,41,36,1,4,2,2648.7,home,3599.78,0,4,0,1.3590742628459245,0.8780487804878049,0.024390243902439025,0.0975609756097561,1,0,0
2729.94,wallet,DEV_02068,GB,success,120,1,1,0,0,2,8768.84,grocery,2729.94,0,1,0,0.31132282035024017,1.0,0.0,0.0,0,0,0
6041.62,card,DEV_00130,AE,success,595,50,46,0,1,3,2359.58,home,6041.62,0,4,0,2.5604641503996475,0.92,0.0,0.02,0,0,0
7459.32,wallet,DEV_01844,GB,failed,1202,45,36,0,3,2,5256.61,travel,7459.32,0,4,0,1.4190362229649909,0.8,0.0,0.06666666666666667,0,0,0
8473.71,wallet,DEV_01883,IN,success,260,43,39,0,2,4,3920.0,electronics,8473.71,0,4,0,2.161660714285714,0.9069767441860465,0.0,0.046511627906976744,0,0,0
1124.0,netbanking,DEV_02893,US,failed,1435,41,41,1,2,1,2382.23,grocery,1124.0,0,2,0,0.4718268177296063,1.0,0.024390243902439025,0.04878048780487805,1,0,1
3345.18,upi,DEV_01280,AE,success,120,1,1,0,0,2,8768.84,beauty,3345.18,0,1,0,0.3814848942391468,1.0,0.0,0.0,0,0,0
8558.02,wallet,DEV_02704,SG,failed,1864,50,44,0,1,1,2433.23,fashion,8558.02,0,3,0,3.5171438787126577,0.88,0.0,0.02,0,0,0
5289.67,wallet,DEV_02303,US,success,962,48,47,0,1,3,6044.89,home,5289.67,0,6,1,0.875064724089272,0.9791666666666666,0.0,0.020833333333333332,0,0,0
5516.77,wallet,DEV_01079,AE,failed,1946,16,6,0,2,3,6475.86,grocery,5516.77,0,0,0,0.851897663013098,0.375,0.0,0.125,0,0,0
3352.92,netbanking,DEV_01166,GB,success,1511,47,38,1,1,3,8095.91,fashion,3352.92,0,4,0,0.41414986085566663,0.8085106382978723,0.02127659574468085,0.02127659574468085,1,0,0
5437.98,card,DEV_00526,GB,success,1462,19,9,0,1,4,3291.84,software,5437.98,0,1,0,1.6519575678040244,0.47368421052631576,0.0,0.05263157894736842,0,0,0
9890.12,netbanking,DEV_01559,IN,success,130,48,45,1,1,3,1749.35,beauty,9890.12,0,0,0,5.653597050332982,0.9375,0.020833333333333332,0.020833333333333332,1,0,0
20878.81,netbanking,DEV_01688,GB,success,210,28,19,0,0,2,11582.5,electronics,20878.81,0,3,0,1.8026168789121522,0.6785714285714286,0.0,0.0,0,0,0
8243.4,upi,DEV_00962,GB,success,1741,25,22,0,3,4,17752.95,beauty,8243.4,0,0,0,0.46433972945341473,0.88,0.0,0.12,0,0,0
1752.44,card,DEV_01249,IN,success,800,27,24,0,4,3,4598.14,fashion,1752.44,0,5,1,0.38111932216069977,0.8888888888888888,0.0,0.14814814814814814,0,0,1
6444.69,card,DEV_02206,GB,failed,668,22,19,1,2,2,3419.64,electronics,6444.69,0,5,1,1.8846106607713091,0.8636363636363636,0.045454545454545456,0.09090909090909091,1,0,0
2063.29,wallet,DEV_02327,SG,success,1927,49,42,0,2,2,3110.78,software,2063.29,0,5,1,0.6632709481223358,0.8571428571428571,0.0,0.04081632653061224,0,0,1
7503.48,card,DEV_02851,AE,success,786,19,11,1,3,4,2758.24,software,7503.48,0,6,1,2.7203869133940484,0.5789473684210527,0.05263157894736842,0.15789473684210525,1,0,0
5966.44,netbanking,DEV_01548,SG,success,537,21,17,0,1,2,11475.14,travel,5966.44,0,4,0,0.5199448547032978,0.8095238095238095,0.0,0.047619047619047616,0,0,0
3362.04,card,DEV_02001,IN,success,1487,48,46,0,3,2,2935.33,travel,3362.04,0,4,0,1.1453703672159519,0.9583333333333334,0.0,0.0625,0,0,0
1828.06,netbanking,DEV_02035,SG,success,846,9,5,1,2,1,4096.66,fashion,1828.06,0,0,0,0.4462318083511934,0.5555555555555556,0.1111111111111111,0.2222222222222222,1,0,0
7286.52,upi,DEV_02519,GB,failed,1067,36,31,0,0,1,9150.36,grocery,7286.52,0,5,1,0.7963096533906863,0.8611111111111112,0.0,0.0,0,0,1
1073.97,upi,DEV_02036,IN,success,335,6,6,0,1,1,3879.87,travel,1073.97,0,1,0,0.27680566616922736,1.0,0.0,0.16666666666666666,0,0,0
1500.41,netbanking,DEV_01087,IN,failed,1748,2,2,0,0,2,9268.47,fashion,1500.41,0,2,0,0.16188324502318077,1.0,0.0,0.0,0,0,0
2383.37,upi,DEV_02559,IN,success,1012,23,21,0,1,3,1558.58,grocery,2383.37,0,4,0,1.5291932400005133,0.9130434782608695,0.0,0.043478260869565216,0,0,0
1504.71,netbanking,DEV_01120,IN,failed,105,48,40,1,2,4,2020.9,beauty,1504.71,0,1,0,0.7445741996140334,0.8333333333333334,0.020833333333333332,0.041666666666666664,1,0,0
7730.03,wallet,DEV_00860,GB,success,1458,34,30,1,0,2,1933.87,fashion,7730.03,0,3,0,3.9971818167715516,0.8823529411764706,0.029411764705882353,0.0,1,0,1
695.92,netbanking,DEV_02068,GB,success,1037,4,1,0,2,3,4481.89,electronics,695.92,0,1,0,0.1552737795885218,0.25,0.0,0.5,0,0,0
3467.32,upi,DEV_01698,AE,failed,418,37,29,0,2,3,2363.87,fashion,3467.32,0,4,0,1.4667980895734538,0.7837837837837838,0.0,0.05405405405405406,0,0,0
3271.86,upi,DEV_00077,SG,success,1999,29,26,0,2,4,7419.1,software,3271.86,0,6,1,0.4410049736490949,0.896551724137931,0.0,0.06896551724137931,0,0,0
1120.49,wallet,DEV_00873,AE,failed,1566,11,5,1,2,3,3387.26,software,1120.49,0,1,0,0.3307953921458642,0.45454545454545453,0.09090909090909091,0.18181818181818182,1,0,0
2840.81,card,DEV_02140,US,failed,692,44,43,0,2,1,1456.4,grocery,2840.81,0,5,1,1.9505698983795658,0.9772727272727273,0.0,0.045454545454545456,0,0,0
1661.78,upi,DEV_00985,US,success,763,46,42,1,1,3,1039.29,travel,1661.78,0,5,1,1.5989569802461296,0.9130434782608695,0.021739130434782608,0.021739130434782608,1,0,0
3969.9,wallet,DEV_01681,GB,success,1177,41,34,0,1,1,9275.7,home,3969.9,0,6,1,0.4279892622659206,0.8292682926829268,0.0,0.024390243902439025,0,0,0
1446.08,upi,DEV_01690,GB,success,1722,10,9,1,2,1,6838.35,grocery,1446.08,0,3,0,0.21146621626561962,0.9,0.1,0.2,1,0,0
2372.54,upi,DEV_01051,SG,failed,692,46,40,2,2,3,1189.72,travel,2372.54,0,0,0,1.994200316040749,0.8695652173913043,0.043478260869565216,0.043478260869565216,1,0,1
1951.76,upi,DEV_00466,US,success,1745,32,28,0,1,4,7889.07,travel,1951.76,0,3,0,0.2474005174247408,0.875,0.0,0.03125,0,0,0
1619.64,upi,DEV_01272,AE,failed,1301,48,40,0,0,2,2056.62,travel,1619.64,0,1,0,0.7875251626455059,0.8333333333333334,0.0,0.0,0,0,0
482.35,wallet,DEV_02650,IN,success,74,5,1,0,0,4,1918.08,software,482.35,0,5,1,0.25147543376710046,0.2,0.0,0.0,0,0,0
3834.78,netbanking,DEV_00559,IN,success,122,28,23,0,0,1,25421.81,beauty,3834.78,0,6,1,0.15084606485533486,0.8214285714285714,0.0,0.0,0,0,0
4185.77,upi,DEV_02640,IN,failed,161,17,10,0,0,3,725.18,software,4185.77,0,5,1,5.772042803166111,0.5882352941176471,0.0,0.0,0,0,0
2631.81,card,DEV_00227,IN,success,1185,14,11,1,1,3,2336.46,beauty,2631.81,0,6,1,1.1264091831231864,0.7857142857142857,0.07142857142857142,0.07142857142857142,1,0,0
4100.62,card,DEV_01668,GB,success,1081,4,2,0,0,3,3251.43,home,4100.62,0,6,1,1.2611743140710396,0.5,0.0,0.0,0,0,0
14407.13,wallet,DEV_02967,US,success,1019,32,23,0,1,4,2390.74,grocery,14407.13,0,0,0,6.02622200657537,0.71875,0.0,0.03125,0,0,0
4460.08,card,DEV_02138,SG,success,1741,25,22,0,3,4,17752.95,fashion,4460.08,0,5,1,0.25123035889809864,0.88,0.0,0.12,0,0,1
674.14,wallet,DEV_00370,US,success,1341,35,33,0,0,2,5246.01,electronics,674.14,0,2,0,0.12850528306274672,0.9428571428571428,0.0,0.0,0,0,1
1100.87,netbanking,DEV_01349,SG,failed,81,12,9,0,3,2,5006.69,fashion,1100.87,0,2,0,0.21987980082649414,0.75,0.0,0.25,0,0,0
8301.83,upi,DEV_01733,US,success,1604,9,6,0,0,3,5722.15,software,8301.83,0,4,0,1.4508235540836925,0.6666666666666666,0.0,0.0,0,0,0
4545.47,upi,DEV_00877,GB,failed,690,16,7,0,1,3,3157.7,fashion,4545.47,0,3,0,1.4394876017354405,0.4375,0.0,0.0625,0,0,0
1701.48,netbanking,DEV_02415,IN,success,1691,9,1,1,4,4,1679.95,travel,1701.48,0,2,0,1.0128158576148099,0.1111111111111111,0.1111111111111111,0.4444444444444444,1,0,0
6101.16,card,DEV_01297,SG,failed,1020,47,46,1,2,3,2455.73,home,6101.16,0,6,1,2.48445879636605,0.9787234042553191,0.02127659574468085,0.0425531914893617,1,0,0
2051.32,upi,DEV_01138,US,failed,1096,50,50,0,1,3,1297.28,travel,2051.32,0,4,0,1.5812469166255552,1.0,0.0,0.02,0,0,0
1229.06,netbanking,DEV_01263,IN,success,1869,37,31,0,1,4,1598.36,electronics,1229.06,0,0,0,0.7689506744413024,0.8378378378378378,0.0,0.02702702702702703,0,0,1
7207.04,card,DEV_02830,US,failed,1239,28,18,0,1,1,781.1,beauty,7207.04,0,4,0,9.226782742286519,0.6428571428571429,0.0,0.03571428571428571,0,0,0
2323.35,netbanking,DEV_02618,GB,success,1425,50,42,1,2,1,455.16,beauty,2323.35,0,0,0,5.104468758238861,0.84,0.02,0.04,1,0,0
3574.18,upi,DEV_01813,AE,failed,408,24,24,0,2,4,1054.51,fashion,3574.18,0,5,1,3.3894225754141734,1.0,0.0,0.08333333333333333,0,0,1
2086.62,netbanking,DEV_01233,IN,success,575,35,25,2,3,2,7075.03,travel,2086.62,0,3,0,0.2949273713327011,0.7142857142857143,0.05714285714285714,0.08571428571428572,1,0,0
2157.48,netbanking,DEV_00862,US,success,1358,11,2,0,0,2,1855.61,software,2157.48,0,3,0,1.1626796579022531,0.18181818181818182,0.0,0.0,0,0,0
6222.1,wallet,DEV_00139,GB,success,749,31,28,0,2,2,5616.55,grocery,6222.1,0,0,0,1.1078152958666798,0.9032258064516129,0.0,0.06451612903225806,0,0,1
3720.06,wallet,DEV_01930,AE,success,1106,29,27,0,1,3,7588.83,fashion,3720.06,0,1,0,0.49020204695585484,0.9310344827586207,0.0,0.034482758620689655,0,0,0
7931.88,wallet,DEV_00412,US,success,821,33,30,0,1,3,1874.41,home,7931.88,0,6,1,4.231667564727034,0.9090909090909091,0.0,0.030303030303030304,0,0,0
9462.05,card,DEV_01442,AE,success,782,34,28,1,2,1,9413.23,electronics,9462.05,0,3,0,1.0051863175551856,0.8235294117647058,0.029411764705882353,0.058823529411764705,1,0,0
4567.2,wallet,DEV_02848,IN,success,1226,17,7,0,1,3,2775.28,electronics,4567.2,0,2,0,1.6456717880718341,0.4117647058823529,0.0,0.058823529411764705,0,0,0
1359.13,upi,DEV_02582,AE,success,530,34,30,0,1,2,9287.06,travel,1359.13,0,2,0,0.1463466371488932,0.8823529411764706,0.0,0.029411764705882353,0,0,0
8100.44,card,DEV_01642,US,success,1223,37,37,0,1,4,4567.26,grocery,8100.44,0,2,0,1.7735885410508705,1.0,0.0,0.02702702702702703,0,0,1
6117.69,netbanking,DEV_02359,IN,success,372,5,0,0,4,3,5834.88,fashion,6117.69,0,3,0,1.048468863112866,0.0,0.0,0.8,0,0,0
639.86,upi,DEV_02116,US,failed,593,18,15,0,0,2,2385.67,software,639.86,0,2,0,0.2682097691633797,0.8333333333333334,0.0,0.0,0,0,0
5890.03,netbanking,DEV_01850,AE,success,537,18,18,1,2,1,1997.75,electronics,5890.03,0,2,0,2.948331873357527,1.0,0.05555555555555555,0.1111111111111111,1,0,0
5724.62,netbanking,DEV_00711,SG,success,1469,30,24,0,0,3,1532.29,fashion,5724.62,0,4,0,3.735989923578435,0.8,0.0,0.0,0,0,0
3469.38,netbanking,DEV_00814,IN,success,556,31,25,0,0,3,1278.21,travel,3469.38,0,4,0,2.7142488323514917,0.8064516129032258,0.0,0.0,0,0,0
7437.86,upi,DEV_01612,AE,success,1887,26,25,0,3,1,1398.64,fashion,7437.86,0,6,1,5.317923125321741,0.9615384615384616,0.0,0.11538461538461539,0,0,0
1955.92,card,DEV_00095,SG,success,1338,28,22,0,1,4,2866.83,home,1955.92,0,0,0,0.682258801533401,0.7857142857142857,0.0,0.03571428571428571,0,0,0
876.24,card,DEV_01895,US,success,739,29,29,0,0,3,4013.73,software,876.24,0,0,0,0.21831064869834294,1.0,0.0,0.0,0,0,0
9492.07,card,DEV_01643,SG,success,277,26,19,0,2,4,5248.12,home,9492.07,0,0,0,1.8086610062269917,0.7307692307692307,0.0,0.07692307692307693,0,0,0
11089.63,upi,DEV_00365,GB,success,1242,45,45,0,2,2,1879.69,fashion,11089.63,0,4,0,5.899712186583957,1.0,0.0,0.044444444444444446,0,0,0
2030.05,card,DEV_02944,SG,failed,1977,14,9,0,4,4,1451.9,electronics,2030.05,0,2,0,1.3982023555341276,0.6428571428571429,0.0,0.2857142857142857,0,0,0
1008.76,wallet,DEV_00486,US,success,567,10,8,0,2,4,1264.59,fashion,1008.76,0,3,0,0.7976972773784389,0.8,0.0,0.2,0,0,0
9431.43,upi,DEV_01091,GB,failed,868,45,43,2,1,3,1359.85,home,9431.43,0,5,1,6.9356399602897385,0.9555555555555556,0.044444444444444446,0.022222222222222223,1,0,0
1782.93,wallet,DEV_00534,AE,success,1161,27,18,0,2,2,5661.42,fashion,1782.93,0,5,1,0.31492629057727567,0.6666666666666666,0.0,0.07407407407407407,0,0,0
6396.39,upi,DEV_01160,US,success,1704,20,14,0,3,3,3493.57,software,6396.39,0,5,1,1.83090363152878,0.7,0.0,0.15,0,0,0
8631.39,wallet,DEV_00598,IN,success,888,13,13,0,2,3,3740.31,fashion,8631.39,0,0,0,2.3076670115578652,1.0,0.0,0.15384615384615385,0,0,0
7856.97,upi,DEV_02531,AE,success,1713,46,42,0,2,1,2750.78,electronics,7856.97,0,3,0,2.8562698580039116,0.9130434782608695,0.0,0.043478260869565216,0,0,0
2219.85,wallet,DEV_00352,IN,success,939,37,34,1,0,1,3691.06,fashion,2219.85,0,4,0,0.6014126023418747,0.918918918918919,0.02702702702702703,0.0,1,0,1
2163.96,netbanking,DEV_02839,AE,success,850,26,23,0,2,3,474.67,travel,2163.96,0,3,0,4.558872479828091,0.8846153846153846,0.0,0.07692307692307693,0,0,0
1084.62,wallet,DEV_02902,AE,success,575,35,25,2,3,2,7075.03,grocery,1084.62,0,2,0,0.15330253016594983,0.7142857142857143,0.05714285714285714,0.08571428571428572,1,0,0
6270.2,card,DEV_00391,SG,success,1829,47,38,0,2,3,2594.27,electronics,6270.2,0,4,0,2.416941952842225,0.8085106382978723,0.0,0.0425531914893617,0,0,0
2033.7,netbanking,DEV_00962,AE,success,615,23,13,0,1,3,2574.43,fashion,2033.7,0,2,0,0.7899612729808152,0.5652173913043478,0.0,0.043478260869565216,0,0,1
11636.06,card,DEV_01039,SG,failed,579,32,24,2,1,1,5131.84,electronics,11636.06,0,0,0,2.267424549479329,0.75,0.0625,0.03125,1,0,0
4956.13,netbanking,DEV_01617,GB,success,536,34,28,1,1,3,1225.98,grocery,4956.13,0,1,0,4.042586339091992,0.8235294117647058,0.029411764705882353,0.029411764705882353,1,0,0
750.38,upi,DEV_01067,US,failed,1179,13,13,0,2,4,2545.18,fashion,750.38,0,5,1,0.2948239417251432,1.0,0.0,0.15384615384615385,0,0,0
3535.21,netbanking,DEV_01918,US,success,242,37,35,0,2,2,2584.86,electronics,3535.21,0,4,0,1.367660144069698,0.9459459459459459,0.0,0.05405405405405406,0,0,0
2369.86,wallet,DEV_00581,GB,success,1899,38,30,0,2,2,1379.47,electronics,2369.86,0,4,0,1.7179496473283218,0.7894736842105263,0.0,0.05263157894736842,0,0,0
558.13,card,DEV_00524,AE,success,452,10,10,0,2,3,1467.26,beauty,558.13,0,2,0,0.3803892970570996,1.0,0.0,0.2,0,0,0
2124.83,netbanking,DEV_01762,GB,success,1504,27,24,0,0,2,4397.38,electronics,2124.83,0,3,0,0.4832036348916855,0.8888888888888888,0.0,0.0,0,0,0
1174.61,netbanking,DEV_02118,GB,success,1811,50,43,0,0,1,1484.5,grocery,1174.61,0,2,0,0.7912495789828224,0.86,0.0,0.0,0,0,0
11364.65,netbanking,DEV_02013,US,failed,974,41,35,0,0,4,1811.83,travel,11364.65,0,5,1,6.272470375255956,0.8536585365853658,0.0,0.0,0,0,1
4083.57,card,DEV_00774,US,success,1878,21,19,0,1,3,2064.47,grocery,4083.57,0,2,0,1.978023415210684,0.9047619047619048,0.0,0.047619047619047616,0,0,0
4770.72,upi,DEV_00147,AE,success,623,44,38,0,3,1,4853.36,electronics,4770.72,0,6,1,0.9829726210295548,0.8636363636363636,0.0,0.06818181818181818,0,0,0
2946.61,wallet,DEV_01788,IN,success,977,16,7,0,1,4,737.69,software,2946.61,0,3,0,3.9943743306809094,0.4375,0.0,0.0625,0,0,0
2786.99,wallet,DEV_01461,SG,failed,294,39,30,0,1,3,2546.82,fashion,2786.99,0,1,0,1.094301913759119,0.7692307692307693,0.0,0.02564102564102564,0,0,0
4367.7,wallet,DEV_00461,US,success,1486,34,25,0,1,3,5594.98,home,4367.7,0,6,1,0.7806462221491408,0.7352941176470589,0.0,0.029411764705882353,0,0,0
2450.42,card,DEV_00835,GB,success,526,5,2,0,0,4,2076.36,grocery,2450.42,0,0,0,1.1801518041187462,0.4,0.0,0.0,0,0,1
2100.69,netbanking,DEV_02308,SG,success,916,21,11,0,1,4,18242.99,beauty,2100.69,0,1,0,0.115150531793308,0.5238095238095238,0.0,0.047619047619047616,0,0,0
2399.22,upi,DEV_01706,IN,failed,423,15,7,1,2,2,4314.12,software,2399.22,0,3,0,0.5561319573864426,0.4666666666666667,0.06666666666666667,0.13333333333333333,1,0,0
4049.94,card,DEV_01347,IN,success,750,33,24,0,2,3,2707.51,electronics,4049.94,0,5,1,1.4958171899642105,0.7272727272727273,0.0,0.06060606060606061,0,0,0
4975.42,wallet,DEV_01531,SG,success,783,11,5,0,1,1,624.35,software,4975.42,0,2,0,7.968959718106831,0.45454545454545453,0.0,0.09090909090909091,0,0,1
3170.02,upi,DEV_00119,IN,failed,286,41,35,0,3,1,3956.07,software,3170.02,0,1,0,0.8013053358509834,0.8536585365853658,0.0,0.07317073170731707,0,0,0
18182.41,wallet,DEV_02574,GB,success,1062,25,21,0,3,2,4972.61,grocery,18182.41,0,1,0,3.656512374789095,0.84,0.0,0.12,0,0,0
1406.83,netbanking,DEV_00180,SG,success,484,14,9,1,0,1,4246.01,software,1406.83,0,6,1,0.3313298838203395,0.6428571428571429,0.07142857142857142,0.0,1,0,0
4936.06,upi,DEV_00866,IN,success,1784,49,48,0,1,4,8542.38,travel,4936.06,0,5,1,0.5778319391083048,0.9795918367346939,0.0,0.02040816326530612,0,0,0
1205.08,netbanking,DEV_00228,IN,failed,1865,7,5,0,2,4,8328.97,electronics,1205.08,0,3,0,0.1446853572530577,0.7142857142857143,0.0,0.2857142857142857,0,0,0
3135.25,card,DEV_01634,GB,success,367,26,16,1,1,2,2461.56,grocery,3135.25,0,6,1,1.273684167763532,0.6153846153846154,0.038461538461538464,0.038461538461538464,1,0,0
2115.88,wallet,DEV_00366,IN,success,1997,5,2,0,2,4,6564.6,beauty,2115.88,0,4,0,0.3223166681899887,0.4,0.0,0.4,0,0,0
12363.48,upi,DEV_01592,AE,success,81,25,17,0,1,1,3480.9,home,12363.48,0,5,1,3.5518055675256397,0.68,0.0,0.04,0,0,1
4161.44,card,DEV_01223,AE,failed,515,20,12,1,1,2,2113.09,travel,4161.44,0,5,1,1.9693624029265195,0.6,0.05,0.05,1,0,0
2349.41,netbanking,DEV_02806,SG,success,531,36,30,0,2,2,6730.22,grocery,2349.41,0,1,0,0.34908368522871464,0.8333333333333334,0.0,0.05555555555555555,0,0,0
8687.15,card,DEV_01506,SG,failed,1557,36,31,0,1,3,5535.13,home,8687.15,0,5,1,1.5694572665863311,0.8611111111111112,0.0,0.027777777777777776,0,0,0
5056.23,wallet,DEV_01590,AE,failed,993,15,8,0,4,2,1064.45,fashion,5056.23,0,1,0,4.750086899337686,0.5333333333333333,0.0,0.26666666666666666,0,0,0
5084.73,card,DEV_01731,GB,success,319,49,45,1,1,2,7270.39,fashion,5084.73,0,6,1,0.6993751366845519,0.9183673469387755,0.02040816326530612,0.02040816326530612,1,0,0
2437.71,wallet,DEV_02584,AE,success,485,23,16,0,4,3,3099.84,software,2437.71,0,5,1,0.7863986528336946,0.6956521739130435,0.0,0.17391304347826086,0,0,0
1595.78,netbanking,DEV_01899,US,success,1033,26,18,1,3,1,8736.89,software,1595.78,0,0,0,0.18264851680632355,0.6923076923076923,0.038461538461538464,0.11538461538461539,1,0,0
2577.39,wallet,DEV_02160,SG,success,299,12,2,1,3,3,2742.27,home,2577.39,0,3,0,0.9398746294128586,0.16666666666666666,0.08333333333333333,0.25,1,0,0
2332.69,wallet,DEV_01792,IN,failed,973,11,6,0,0,2,2058.46,fashion,2332.69,0,5,1,1.1332209515851657,0.5454545454545454,0.0,0.0,0,0,0
1856.79,netbanking,DEV_00609,US,success,1462,19,9,0,1,4,3291.84,travel,1856.79,0,3,0,0.5640583989501312,0.47368421052631576,0.0,0.05263157894736842,0,0,0
1472.61,upi,DEV_02143,AE,success,841,33,28,0,0,2,1964.59,travel,1472.61,0,1,0,0.7495762474613024,0.8484848484848485,0.0,0.0,0,0,0
454.46,card,DEV_00185,SG,failed,1682,28,22,0,0,1,2148.5,grocery,454.46,0,2,0,0.21152431929252966,0.7857142857142857,0.0,0.0,0,0,0
5024.42,wallet,DEV_00388,AE,success,1159,46,42,0,0,1,3348.48,home,5024.42,0,4,0,1.5005076930428134,0.9130434782608695,0.0,0.0,0,0,0
3338.38,netbanking,DEV_01044,SG,success,841,47,46,1,3,1,2410.43,home,3338.38,0,2,0,1.384972805681974,0.9787234042553191,0.02127659574468085,0.06382978723404255,1,0,0
668.32,card,DEV_02710,AE,success,1383,13,7,0,1,4,9351.21,home,668.32,0,6,1,0.0714688259594213,0.5384615384615384,0.0,0.07692307692307693,0,0,0
4898.4,wallet,DEV_00186,IN,success,823,46,44,0,1,1,4158.99,home,4898.4,0,4,0,1.1777859528395116,0.9565217391304348,0.0,0.021739130434782608,0,0,0
1541.64,netbanking,DEV_02406,AE,failed,985,46,38,0,0,1,5960.83,grocery,1541.64,0,0,0,0.2586284124861806,0.8260869565217391,0.0,0.0,0,0,0
13590.83,netbanking,DEV_01399,US,success,87,21,12,1,2,3,6741.68,grocery,13590.83,0,1,0,2.015941130400731,0.5714285714285714,0.047619047619047616,0.09523809523809523,1,0,1
6328.87,card,DEV_02475,GB,success,778,35,35,1,1,2,2440.96,software,6328.87,0,2,0,2.5927790705296276,1.0,0.02857142857142857,0.02857142857142857,1,0,0
2303.33,wallet,DEV_02189,IN,failed,175,16,13,0,0,3,3108.64,fashion,2303.33,0,4,0,0.740944593133975,0.8125,0.0,0.0,0,0,0
32792.99,card,DEV_00055,US,failed,569,47,47,2,1,1,1297.98,fashion,32792.99,0,2,0,25.26463427787793,1.0,0.0425531914893617,0.02127659574468085,1,0,0
6489.84,wallet,DEV_02834,AE,failed,1011,14,9,0,1,3,3290.78,fashion,6489.84,0,1,0,1.9721281884538011,0.6428571428571429,0.0,0.07142857142857142,0,0,0
24903.09,netbanking,DEV_02534,SG,failed,712,6,4,0,1,2,1664.69,home,24903.09,0,4,0,14.959596080952009,0.6666666666666666,0.0,0.16666666666666666,0,0,0
4353.68,netbanking,DEV_00359,US,success,818,37,30,0,0,3,1923.31,software,4353.68,0,2,0,2.263639246923273,0.8108108108108109,0.0,0.0,0,0,1
6811.68,upi,DEV_00459,IN,success,1160,11,6,0,0,4,5096.64,electronics,6811.68,0,6,1,1.3365040497268788,0.5454545454545454,0.0,0.0,0,0,1
15068.84,card,DEV_00858,AE,success,883,12,4,0,4,3,2206.7,software,15068.84,0,1,0,6.8286763039833245,0.3333333333333333,0.0,0.3333333333333333,0,0,0
7172.39,upi,DEV_01785,SG,success,1848,4,0,0,2,4,5287.69,travel,7172.39,0,2,0,1.3564316364991142,0.0,0.0,0.5,0,0,0
6903.37,netbanking,DEV_01899,US,failed,268,9,0,0,1,1,6753.07,beauty,6903.37,0,5,1,1.0222565440607012,0.0,0.0,0.1111111111111111,0,0,0
14064.73,card,DEV_00478,US,failed,1722,46,45,0,0,1,1947.38,fashion,14064.73,0,0,0,7.22238597500231,0.9782608695652174,0.0,0.0,0,0,0
16687.93,wallet,DEV_01932,IN,failed,1137,29,19,0,1,2,3010.33,travel,16687.93,0,6,1,5.543555025528763,0.6551724137931034,0.0,0.034482758620689655,0,0,0
1741.71,upi,DEV_00825,GB,failed,1618,19,15,0,1,4,2119.61,software,1741.71,0,1,0,0.8217124848439099,0.7894736842105263,0.0,0.05263157894736842,0,0,0
4264.32,card,DEV_01368,IN,failed,516,33,27,0,0,1,2129.3,electronics,4264.32,0,1,0,2.0026863288404635,0.8181818181818182,0.0,0.0,0,0,0
2987.43,wallet,DEV_02031,SG,success,1581,35,35,0,3,2,1463.11,beauty,2987.43,0,1,0,2.0418355420986805,1.0,0.0,0.08571428571428572,0,0,1
5770.16,card,DEV_01997,AE,failed,459,28,22,1,1,3,3171.7,home,5770.16,0,1,0,1.8192641170350285,0.7857142857142857,0.03571428571428571,0.03571428571428571,1,0,0
8537.75,upi,DEV_02926,IN,success,1288,15,8,0,0,2,4205.21,home,8537.75,0,5,1,2.030279106156411,0.5333333333333333,0.0,0.0,0,0,0
5636.48,wallet,DEV_02361,GB,success,652,11,3,0,0,3,8585.31,home,5636.48,0,4,0,0.6565260893316607,0.2727272727272727,0.0,0.0,0,0,1
4658.68,netbanking,DEV_02656,AE,success,1729,49,47,0,2,2,752.61,fashion,4658.68,0,5,1,6.190032021897132,0.9591836734693877,0.0,0.04081632653061224,0,0,0
4223.26,wallet,DEV_02551,GB,failed,1734,12,5,0,2,3,783.41,electronics,4223.26,0,5,1,5.390868127800259,0.4166666666666667,0.0,0.16666666666666666,0,0,0
10393.31,card,DEV_00661,GB,success,171,34,26,0,2,4,15904.29,fashion,10393.31,0,6,1,0.6534909763340583,0.7647058823529411,0.0,0.058823529411764705,0,0,0
5746.37,wallet,DEV_01409,AE,success,1997,5,2,0,2,4,6564.6,beauty,5746.37,0,6,1,0.8753572190232458,0.4,0.0,0.4,0,0,1
5874.44,netbanking,DEV_02467,AE,success,699,48,44,1,1,2,2416.08,electronics,5874.44,0,1,0,2.4313930002317803,0.9166666666666666,0.020833333333333332,0.020833333333333332,1,0,0
667.88,wallet,DEV_01708,GB,failed,1910,24,17,0,4,3,4658.29,grocery,667.88,0,3,0,0.14337450008479508,0.7083333333333334,0.0,0.16666666666666666,0,0,0
2549.79,upi,DEV_02548,US,success,1042,42,42,0,1,1,1587.14,fashion,2549.79,0,5,1,1.6065312448807287,1.0,0.0,0.023809523809523808,0,0,1
3335.67,wallet,DEV_00529,US,success,100,40,39,3,2,2,1789.95,grocery,3335.67,0,5,1,1.8635548479007793,0.975,0.075,0.05,1,0,0
8837.0,wallet,DEV_00414,AE,success,1432,21,11,1,3,2,2265.44,fashion,8837.0,0,3,0,3.900787484991878,0.5238095238095238,0.047619047619047616,0.14285714285714285,1,0,0
2391.26,upi,DEV_00858,SG,success,140,20,18,1,0,1,4031.56,travel,2391.26,0,1,0,0.5931351635595155,0.9,0.05,0.0,1,0,0
869.52,netbanking,DEV_01069,GB,success,1404,41,37,0,1,3,4765.48,fashion,869.52,0,1,0,0.1824622073747031,0.9024390243902439,0.0,0.024390243902439025,0,0,1
2295.69,upi,DEV_02063,IN,success,98,3,3,0,1,3,4342.75,fashion,2295.69,0,6,1,0.528625870704047,1.0,0.0,0.3333333333333333,0,0,0
7398.21,netbanking,DEV_01764,IN,success,779,27,21,0,2,2,1169.58,software,7398.21,0,0,0,6.325527112296722,0.7777777777777778,0.0,0.07407407407407407,0,0,0
1984.4,card,DEV_02302,US,success,1059,34,30,0,3,2,715.32,fashion,1984.4,0,1,0,2.7741430408768104,0.8823529411764706,0.0,0.08823529411764706,0,0,0
5721.31,netbanking,DEV_01456,IN,success,1181,37,27,0,1,4,9618.17,beauty,5721.31,0,4,0,0.5948439256116289,0.7297297297297297,0.0,0.02702702702702703,0,0,0
3683.41,upi,DEV_02827,SG,success,613,40,31,0,3,2,2369.94,travel,3683.41,0,3,0,1.5542207819607246,0.775,0.0,0.075,0,0,0
9921.37,card,DEV_01794,AE,success,324,35,31,2,0,2,2587.71,electronics,9921.37,0,1,0,3.8340347256840994,0.8857142857142857,0.05714285714285714,0.0,1,0,0
2391.15,card,DEV_02501,SG,success,1604,9,6,0,0,3,5722.15,software,2391.15,0,0,0,0.41787614795138195,0.6666666666666666,0.0,0.0,0,0,0
6368.48,card,DEV_02078,IN,success,363,24,19,0,4,2,6017.78,fashion,6368.48,0,3,0,1.0582773049197545,0.7916666666666666,0.0,0.16666666666666666,0,0,0
3740.28,upi,DEV_01482,US,success,1345,17,8,1,2,1,1024.61,grocery,3740.28,0,0,0,3.6504426074311205,0.47058823529411764,0.058823529411764705,0.11764705882352941,1,0,0
2811.93,wallet,DEV_02073,AE,success,709,40,33,0,2,2,476.05,electronics,2811.93,0,1,0,5.9067955046738785,0.825,0.0,0.05,0,0,0
539.35,upi,DEV_02651,GB,success,1142,31,23,0,3,2,1942.57,grocery,539.35,0,4,0,0.27764765233685273,0.7419354838709677,0.0,0.0967741935483871,0,0,0
6311.36,card,DEV_00827,AE,success,611,33,33,1,1,3,5786.78,grocery,6311.36,0,4,0,1.09065145037482,1.0,0.030303030303030304,0.030303030303030304,1,0,0
2428.83,upi,DEV_01941,GB,success,1433,24,16,0,3,1,13361.13,electronics,2428.83,0,6,1,0.1817832773126225,0.6666666666666666,0.0,0.125,0,0,0
2018.91,card,DEV_01090,GB,failed,1741,25,22,0,3,4,17752.95,software,2018.91,0,4,0,0.11372250809020473,0.88,0.0,0.12,0,0,1
1815.97,netbanking,DEV_02579,US,failed,1096,7,7,0,1,4,904.1,travel,1815.97,0,6,1,2.0085941820595066,1.0,0.0,0.14285714285714285,0,0,0
2552.62,upi,DEV_00566,AE,failed,1831,28,24,1,1,1,3520.76,fashion,2552.62,0,3,0,0.7250195980413319,0.8571428571428571,0.03571428571428571,0.03571428571428571,1,0,0
2719.64,wallet,DEV_02115,GB,failed,1400,20,12,0,2,4,3176.56,grocery,2719.64,0,3,0,0.8561588636764298,0.6,0.0,0.1,0,0,0
6269.54,upi,DEV_00041,SG,success,461,27,22,0,2,3,6401.35,travel,6269.54,0,6,1,0.9794090309075428,0.8148148148148148,0.0,0.07407407407407407,0,0,0
10177.39,netbanking,DEV_01290,AE,success,701,40,35,0,1,2,2853.97,home,10177.39,0,4,0,3.5660465947434625,0.875,0.0,0.025,0,0,0
2674.28,wallet,DEV_00252,AE,success,1010,29,24,1,0,2,6320.43,grocery,2674.28,0,1,0,0.4231167816113777,0.8275862068965517,0.034482758620689655,0.0,1,0,0
7681.63,upi,DEV_02354,IN,success,1094,47,47,0,2,4,2451.49,software,7681.63,0,3,0,3.133453532341556,1.0,0.0,0.0425531914893617,0,0,0
12508.05,wallet,DEV_01647,SG,success,1281,11,10,1,0,1,1480.41,electronics,12508.05,0,2,0,8.449044521450137,0.9090909090909091,0.09090909090909091,0.0,1,0,0
7245.93,netbanking,DEV_01410,IN,success,317,28,20,0,0,3,5126.84,travel,7245.93,0,4,0,1.413332579132565,0.7142857142857143,0.0,0.0,0,0,0
11810.62,upi,DEV_02869,AE,success,318,22,13,0,1,2,941.24,travel,11810.62,0,5,1,12.547936764268412,0.5909090909090909,0.0,0.045454545454545456,0,0,0
1986.16,wallet,DEV_02857,GB,failed,1313,5,1,0,2,2,3381.04,fashion,1986.16,0,0,0,0.5874405508364291,0.2,0.0,0.4,0,0,1
1917.21,upi,DEV_01236,IN,success,414,21,11,1,1,2,10632.01,fashion,1917.21,0,5,1,0.18032432249405334,0.5238095238095238,0.047619047619047616,0.047619047619047616,1,0,0
3111.78,wallet,DEV_02971,US,success,73,38,36,1,2,2,6600.47,beauty,3111.78,0,3,0,0.4714482453522249,0.9473684210526315,0.02631578947368421,0.05263157894736842,1,0,0
7396.06,upi,DEV_00381,SG,success,1457,19,17,0,1,2,1632.24,fashion,7396.06,0,4,0,4.531233151987453,0.8947368421052632,0.0,0.05263157894736842,0,0,0
3257.21,netbanking,DEV_02604,US,success,876,4,1,0,3,2,4657.0,fashion,3257.21,0,1,0,0.6994223749194761,0.25,0.0,0.75,0,0,0
3425.56,netbanking,DEV_00989,GB,failed,480,19,18,0,3,2,3200.96,travel,3425.56,0,6,1,1.0701664500649806,0.9473684210526315,0.0,0.15789473684210525,0,0,0
16681.87,card,DEV_02999,IN,success,593,18,15,0,0,2,2385.67,electronics,16681.87,0,1,0,6.992530400264914,0.8333333333333334,0.0,0.0,0,0,0
2393.83,netbanking,DEV_02569,SG,success,1748,2,2,0,0,2,9268.47,home,2393.83,0,2,0,0.25827671665334195,1.0,0.0,0.0,0,0,0
2121.39,card,DEV_02667,IN,success,390,20,16,0,2,1,1959.12,electronics,2121.39,0,5,1,1.0828280044101433,0.8,0.0,0.1,0,0,0
1114.93,card,DEV_01857,GB,success,1606,16,11,2,1,4,4105.68,beauty,1114.93,0,0,0,0.2715579392451433,0.6875,0.125,0.0625,1,0,1
7095.19,netbanking,DEV_01226,GB,success,1321,35,25,0,3,4,950.5,home,7095.19,0,5,1,7.4646922672277745,0.7142857142857143,0.0,0.08571428571428572,0,0,0
1632.4,wallet,DEV_02129,US,success,132,36,29,0,0,1,3359.06,home,1632.4,0,1,0,0.4859692890272874,0.8055555555555556,0.0,0.0,0,0,0
5196.38,upi,DEV_01480,AE,success,732,47,40,0,3,4,6094.0,fashion,5196.38,0,0,0,0.8527042993107975,0.851063829787234,0.0,0.06382978723404255,0,0,0
752.05,wallet,DEV_01688,IN,success,1598,15,6,1,2,3,1301.55,travel,752.05,0,5,1,0.5778110714148516,0.4,0.06666666666666667,0.13333333333333333,1,0,0
2483.77,wallet,DEV_00533,AE,failed,1696,49,47,0,2,1,3577.69,fashion,2483.77,0,1,0,0.6942384611299469,0.9591836734693877,0.0,0.04081632653061224,0,0,0
3118.43,card,DEV_01513,SG,failed,1417,48,40,1,2,3,4464.67,beauty,3118.43,0,1,0,0.6984681958577005,0.8333333333333334,0.020833333333333332,0.041666666666666664,1,0,0
1494.45,netbanking,DEV_02394,AE,failed,1262,46,37,0,0,2,4243.77,electronics,1494.45,0,4,0,0.35215150679702245,0.8043478260869565,0.0,0.0,0,0,0
1842.37,wallet,DEV_02823,AE,failed,1126,44,41,0,1,2,3358.14,grocery,1842.37,0,1,0,0.5486281096082951,0.9318181818181818,0.0,0.022727272727272728,0,0,0
5318.18,upi,DEV_00592,SG,failed,1561,21,11,2,2,1,1940.76,beauty,5318.18,0,0,0,2.740256394402193,0.5238095238095238,0.09523809523809523,0.09523809523809523,1,0,0
7877.4,wallet,DEV_00530,SG,success,973,11,6,0,0,2,2058.46,fashion,7877.4,0,6,1,3.826841425143068,0.5454545454545454,0.0,0.0,0,0,0
3294.72,upi,DEV_01866,AE,success,1618,16,9,1,1,3,2314.81,home,3294.72,0,4,0,1.423322000509761,0.5625,0.0625,0.0625,1,0,0
2404.04,netbanking,DEV_00487,SG,failed,593,18,15,0,0,2,2385.67,grocery,2404.04,0,4,0,1.0077001429367851,0.8333333333333334,0.0,0.0,0,0,0
1674.36,card,DEV_00496,GB,success,102,45,44,0,1,3,605.29,electronics,1674.36,0,2,0,2.766211237588594,0.9777777777777777,0.0,0.022222222222222223,0,0,1
2835.15,card,DEV_02142,US,success,1174,19,17,0,1,4,1476.74,grocery,2835.15,0,5,1,1.9198707964841475,0.8947368421052632,0.0,0.05263157894736842,0,0,0
3099.75,netbanking,DEV_01534,GB,failed,1576,10,3,0,1,4,8747.75,electronics,3099.75,0,1,0,0.3543482609813952,0.3,0.0,0.1,0,0,0
11061.85,card,DEV_00586,US,failed,1096,44,43,2,0,2,1788.81,electronics,11061.85,0,0,0,6.183915563978288,0.9772727272727273,0.045454545454545456,0.0,1,0,0
7698.05,card,DEV_01250,GB,success,1356,6,0,1,2,4,3175.49,beauty,7698.05,0,2,0,2.4242085473423,0.0,0.16666666666666666,0.3333333333333333,1,0,0
1583.43,wallet,DEV_00009,IN,success,1282,33,29,2,2,2,5388.9,travel,1583.43,0,3,0,0.29383176529532934,0.8787878787878788,0.06060606060606061,0.06060606060606061,1,0,0
10209.82,card,DEV_00184,AE,success,1153,29,21,1,3,2,8520.18,home,10209.82,0,0,0,1.1983103643350257,0.7241379310344828,0.034482758620689655,0.10344827586206896,1,0,0
7942.0,wallet,DEV_01384,AE,success,228,4,2,0,1,4,4458.84,electronics,7942.0,0,5,1,1.7811807555328292,0.5,0.0,0.25,0,0,0
3238.41,upi,DEV_02068,AE,failed,1500,23,14,1,0,1,11856.61,home,3238.41,0,1,0,0.27313119011251946,0.6086956521739131,0.043478260869565216,0.0,1,0,1
2032.85,wallet,DEV_00611,GB,failed,259,5,5,0,3,2,6253.5,home,2032.85,0,4,0,0.3250739585831934,1.0,0.0,0.6,0,0,0
1426.95,wallet,DEV_00954,AE,success,105,19,12,1,2,1,8070.12,grocery,1426.95,0,5,1,0.17681893206048982,0.631578947368421,0.05263157894736842,0.10526315789473684,1,0,0
1850.1,wallet,DEV_01137,IN,success,161,17,10,0,0,3,725.18,software,1850.1,0,0,0,2.551228660470504,0.5882352941176471,0.0,0.0,0,0,1
6316.58,card,DEV_02343,GB,success,709,36,35,0,3,4,2384.81,electronics,6316.58,0,6,1,2.648672221267103,0.9722222222222222,0.0,0.08333333333333333,0,0,0
3381.16,card,DEV_00789,SG,success,1643,44,35,0,1,3,1853.28,electronics,3381.16,0,1,0,1.8244194077527411,0.7954545454545454,0.0,0.022727272727272728,0,0,0
2502.45,upi,DEV_01950,SG,success,1649,19,18,2,3,2,2744.87,software,2502.45,0,0,0,0.9116825204836658,0.9473684210526315,0.10526315789473684,0.15789473684210525,1,0,0
6599.48,upi,DEV_00078,GB,success,1454,31,31,0,2,2,1161.99,beauty,6599.48,0,1,0,5.679463678689145,1.0,0.0,0.06451612903225806,0,0,0
5648.13,upi,DEV_02891,SG,success,1696,44,38,0,2,1,2190.3,home,5648.13,0,4,0,2.578701547733187,0.8636363636363636,0.0,0.045454545454545456,0,0,0
5926.86,netbanking,DEV_01646,SG,failed,205,50,49,0,2,3,2547.02,home,5926.86,0,0,0,2.326978194124899,0.98,0.0,0.04,0,0,0
1782.59,card,DEV_01393,AE,failed,301,6,1,0,2,4,1458.53,travel,1782.59,0,0,0,1.2221826085167942,0.16666666666666666,0.0,0.3333333333333333,0,0,0
1538.68,card,DEV_02163,GB,success,1486,34,25,0,1,3,5594.98,electronics,1538.68,0,2,0,0.2750108132647481,0.7352941176470589,0.0,0.029411764705882353,0,0,0
8492.8,card,DEV_00470,IN,success,734,2,1,1,0,1,1893.51,grocery,8492.8,0,1,0,4.485215288010098,0.5,0.5,0.0,1,0,0
11963.14,netbanking,DEV_00590,US,success,1969,44,39,0,2,1,4198.48,home,11963.14,0,5,1,2.849397877327033,0.8863636363636364,0.0,0.045454545454545456,0,0,0
3442.69,upi,DEV_01257,AE,success,207,26,26,0,1,1,5407.02,fashion,3442.69,0,1,0,0.6367074654800611,1.0,0.0,0.038461538461538464,0,0,0
1389.97,card,DEV_02517,GB,success,1853,20,10,0,1,3,476.9,software,1389.97,0,0,0,2.9145942545607046,0.5,0.0,0.05,0,0,0
1098.63,card,DEV_01221,AE,success,1928,29,28,0,1,4,2999.35,fashion,1098.63,0,0,0,0.3662893626952507,0.9655172413793104,0.0,0.034482758620689655,0,0,0
14212.46,upi,DEV_01691,GB,failed,55,27,24,1,1,1,4026.82,travel,14212.46,0,6,1,3.5294500374985716,0.8888888888888888,0.037037037037037035,0.037037037037037035,1,0,0
3637.71,card,DEV_00213,US,success,1131,19,11,0,2,4,2595.57,electronics,3637.71,0,1,0,1.401507183393243,0.5789473684210527,0.0,0.10526315789473684,0,0,0
1768.3,wallet,DEV_02084,SG,success,1655,24,22,0,0,2,3823.53,beauty,1768.3,0,3,0,0.4624783903879399,0.9166666666666666,0.0,0.0,0,0,0
6543.34,netbanking,DEV_00249,GB,failed,1927,25,21,0,0,4,17633.7,grocery,6543.34,0,2,0,0.3710701667829213,0.84,0.0,0.0,0,0,0
2162.42,card,DEV_01984,IN,success,1409,8,6,0,0,3,3833.1,software,2162.42,0,2,0,0.5641439044115729,0.75,0.0,0.0,0,0,0
3852.27,card,DEV_01103,SG,success,1314,20,15,2,2,4,4820.81,home,3852.27,0,6,1,0.7990918538585838,0.75,0.1,0.1,1,0,0
7434.2,upi,DEV_02273,US,failed,259,5,5,0,3,2,6253.5,travel,7434.2,0,3,0,1.1888062684896459,1.0,0.0,0.6,0,0,0
5338.52,wallet,DEV_00344,SG,success,83,48,40,0,2,4,3061.02,home,5338.52,0,6,1,1.7440330347400541,0.8333333333333334,0.0,0.041666666666666664,0,0,0
4408.33,netbanking,DEV_02214,US,success,1561,26,20,0,2,1,1143.91,travel,4408.33,0,0,0,3.853738493412943,0.7692307692307693,0.0,0.07692307692307693,0,0,0
5750.87,wallet,DEV_02274,AE,success,221,49,42,0,2,3,2521.41,software,5750.87,0,6,1,2.280815099487985,0.8571428571428571,0.0,0.04081632653061224,0,0,0
10704.76,wallet,DEV_02543,GB,success,1755,41,34,2,3,1,7158.24,software,10704.76,0,2,0,1.4954458079080892,0.8292682926829268,0.04878048780487805,0.07317073170731707,1,0,0
3220.49,card,DEV_00247,AE,success,149,38,36,1,3,1,2465.8,grocery,3220.49,0,2,0,1.3060629410333358,0.9473684210526315,0.02631578947368421,0.07894736842105263,1,0,0
11688.61,wallet,DEV_01440,US,success,1096,50,50,0,1,3,1297.28,fashion,11688.61,0,5,1,9.010090342871239,1.0,0.0,0.02,0,0,1
5021.97,card,DEV_00662,SG,success,909,14,11,1,1,3,2316.76,home,5021.97,0,0,0,2.16766950396243,0.7857142857142857,0.07142857142857142,0.07142857142857142,1,0,0
4476.29,netbanking,DEV_00368,AE,success,479,27,26,0,1,2,3047.4,grocery,4476.29,0,6,1,1.4688882325917174,0.9629629629629629,0.0,0.037037037037037035,0,0,1
7504.96,upi,DEV_02970,SG,failed,1183,13,10,1,0,3,13117.77,travel,7504.96,0,4,0,0.5721216334788611,0.7692307692307693,0.07692307692307693,0.0,1,0,0
2552.92,upi,DEV_02501,SG,success,54,19,16,1,1,4,660.48,electronics,2552.92,0,5,1,3.865249515503876,0.8421052631578947,0.05263157894736842,0.05263157894736842,1,0,0
7436.12,netbanking,DEV_02602,GB,failed,1107,30,20,1,2,2,5070.78,electronics,7436.12,0,6,1,1.4664647253479741,0.6666666666666666,0.03333333333333333,0.06666666666666667,1,0,1
5925.96,netbanking,DEV_01008,GB,success,1356,10,7,0,0,3,6475.16,fashion,5925.96,0,6,1,0.9151835630316472,0.7,0.0,0.0,0,0,0
2015.38,wallet,DEV_02456,GB,success,1106,37,36,0,1,3,5983.15,home,2015.38,0,0,0,0.3368426330611802,0.972972972972973,0.0,0.02702702702702703,0,0,0
1462.34,card,DEV_02494,AE,success,570,25,25,3,3,4,5767.26,home,1462.34,0,4,0,0.253558882380888,1.0,0.12,0.12,1,0,0
1647.77,upi,DEV_01693,SG,failed,1621,4,3,0,0,4,4671.92,grocery,1647.77,0,6,1,0.3526965358995873,0.75,0.0,0.0,0,0,0
5141.35,wallet,DEV_02205,IN,success,596,35,30,0,2,4,4548.5,beauty,5141.35,0,1,0,1.130339672419479,0.8571428571428571,0.0,0.05714285714285714,0,0,0
5949.92,card,DEV_02751,AE,success,540,3,3,2,0,1,1697.09,home,5949.92,0,0,0,3.505954310024807,1.0,0.6666666666666666,0.0,1,0,0
2467.36,netbanking,DEV_01542,SG,failed,1453,44,44,0,2,1,1225.37,software,2467.36,0,3,0,2.013563250283588,1.0,0.0,0.045454545454545456,0,0,0
3526.79,upi,DEV_02856,IN,failed,352,32,23,0,1,3,3654.97,beauty,3526.79,0,6,1,0.9649299447054286,0.71875,0.0,0.03125,0,0,0
3139.35,netbanking,DEV_00791,AE,success,1285,4,2,1,4,1,2327.88,fashion,3139.35,0,5,1,1.3485875560595906,0.5,0.25,1.0,1,0,0
679.15,card,DEV_01152,GB,success,81,40,38,0,1,3,1707.0,software,679.15,0,3,0,0.39786174575278266,0.95,0.0,0.025,0,0,0
4551.85,netbanking,DEV_02941,US,failed,538,36,35,0,1,3,3762.45,electronics,4551.85,0,6,1,1.2098100971441483,0.9722222222222222,0.0,0.027777777777777776,0,0,0
6941.15,netbanking,DEV_00151,GB,success,328,48,40,1,3,4,3341.4,electronics,6941.15,0,3,0,2.077317890704495,0.8333333333333334,0.020833333333333332,0.0625,1,0,0
1129.04,card,DEV_00804,AE,success,1704,7,1,1,0,4,13842.82,travel,1129.04,0,3,0,0.08156141595426365,0.14285714285714285,0.14285714285714285,0.0,1,0,1
3789.01,wallet,DEV_00699,SG,success,1068,33,31,0,3,4,2638.46,electronics,3789.01,0,3,0,1.4360687673870365,0.9393939393939394,0.0,0.09090909090909091,0,0,1
2991.17,card,DEV_02410,US,success,1246,40,33,0,2,4,6508.1,electronics,2991.17,0,4,0,0.4596072586469169,0.825,0.0,0.05,0,0,0
725.19,upi,DEV_01064,SG,success,1757,49,41,0,2,1,2291.23,software,725.19,0,5,1,0.3165068543969833,0.8367346938775511,0.0,0.04081632653061224,0,0,0
2606.96,netbanking,DEV_00786,IN,success,588,13,4,1,1,3,4105.56,software,2606.96,0,5,1,0.6349828038075195,0.3076923076923077,0.07692307692307693,0.07692307692307693,1,0,0
1281.06,wallet,DEV_00009,AE,success,1042,42,42,0,1,1,1587.14,travel,1281.06,0,6,1,0.8071499678667288,1.0,0.0,0.023809523809523808,0,0,0
2356.29,netbanking,DEV_01772,AE,success,1213,32,25,0,1,3,6094.47,software,2356.29,0,3,0,0.38662754923725934,0.78125,0.0,0.03125,0,0,0
28427.9,wallet,DEV_02030,GB,success,177,26,16,0,2,4,5972.27,software,28427.9,0,2,0,4.759982385257197,0.6153846153846154,0.0,0.07692307692307693,0,0,0
1487.76,upi,DEV_00193,GB,failed,453,35,30,0,3,3,3672.08,software,1487.76,0,5,1,0.4051545717958214,0.8571428571428571,0.0,0.08571428571428572,0,0,0
5651.65,netbanking,DEV_00022,AE,success,380,5,2,0,1,3,8456.74,travel,5651.65,0,3,0,0.6683012602965208,0.4,0.0,0.2,0,0,0
1013.78,card,DEV_02343,IN,success,776,44,37,0,3,4,2139.47,electronics,1013.78,0,2,0,0.47384632642663843,0.8409090909090909,0.0,0.06818181818181818,0,0,0
12006.7,wallet,DEV_00305,US,success,204,34,30,0,3,2,4903.63,beauty,12006.7,0,4,0,2.4485330255341453,0.8823529411764706,0.0,0.08823529411764706,0,0,0
3195.42,netbanking,DEV_01274,IN,success,785,13,7,0,1,3,1795.8,fashion,3195.42,0,2,0,1.7793852322084867,0.5384615384615384,0.0,0.07692307692307693,0,0,0
1848.98,card,DEV_01966,AE,success,980,50,50,2,1,2,4135.58,travel,1848.98,0,6,1,0.447090855454374,1.0,0.04,0.02,1,0,0
3354.23,netbanking,DEV_01026,US,failed,220,3,1,2,3,4,2732.31,electronics,3354.23,0,2,0,1.2276169248730928,0.3333333333333333,0.6666666666666666,1.0,1,0,0
2943.61,upi,DEV_01396,IN,success,647,31,29,1,0,2,1352.87,home,2943.61,0,3,0,2.175826206509125,0.9354838709677419,0.03225806451612903,0.0,1,0,1
12432.36,upi,DEV_00299,SG,failed,395,42,39,1,3,1,2053.2,beauty,12432.36,0,0,0,6.055113968439509,0.9285714285714286,0.023809523809523808,0.07142857142857142,1,0,0
3010.48,card,DEV_02562,AE,success,1404,8,4,0,1,2,2003.89,grocery,3010.48,0,4,0,1.5023179915065197,0.5,0.0,0.125,0,0,0
7561.32,card,DEV_00249,IN,success,627,17,12,1,1,4,5794.51,home,7561.32,0,1,0,1.3049110278522256,0.7058823529411765,0.058823529411764705,0.058823529411764705,1,0,0
4753.28,card,DEV_00523,IN,failed,827,50,49,0,2,1,2493.68,fashion,4753.28,0,5,1,1.9061306984055693,0.98,0.0,0.04,0,0,0
4421.59,card,DEV_01235,SG,failed,818,45,40,1,3,1,2116.04,software,4421.59,0,2,0,2.089558798510425,0.8888888888888888,0.022222222222222223,0.06666666666666667,1,0,0
7047.97,card,DEV_00418,IN,success,1190,25,25,1,2,3,2617.32,travel,7047.97,0,6,1,2.692819372487888,1.0,0.04,0.08,1,0,0
3518.22,netbanking,DEV_01563,AE,failed,842,16,14,0,1,3,7008.4,travel,3518.22,0,6,1,0.5020004565949432,0.875,0.0,0.0625,0,0,0
3150.22,upi,DEV_02456,SG,failed,1976,49,48,0,0,4,10014.79,beauty,3150.22,0,5,1,0.31455677053637665,0.9795918367346939,0.0,0.0,0,0,0
13251.25,wallet,DEV_01902,AE,success,1360,18,11,0,0,1,4600.63,beauty,13251.25,0,4,0,2.8803120442200307,0.6111111111111112,0.0,0.0,0,0,0
5235.62,netbanking,DEV_02667,IN,success,1457,15,9,0,1,1,3335.59,fashion,5235.62,0,0,0,1.5696233649819071,0.6,0.0,0.06666666666666667,0,0,0
4097.39,upi,DEV_00443,IN,success,592,1,0,1,3,4,1408.93,software,4097.39,0,6,1,2.9081572540864347,0.0,1.0,3.0,1,0,0
1396.12,upi,DEV_02348,US,success,1559,28,20,0,2,2,3688.35,travel,1396.12,0,5,1,0.37852156113167135,0.7142857142857143,0.0,0.07142857142857142,0,0,0
1883.23,netbanking,DEV_01725,AE,failed,1386,31,29,0,0,4,4358.54,electronics,1883.23,0,6,1,0.43207817296617673,0.9354838709677419,0.0,0.0,0,0,1
2511.45,upi,DEV_00996,US,success,1697,7,4,1,1,2,6387.07,fashion,2511.45,0,4,0,0.39320846647993524,0.5714285714285714,0.14285714285714285,0.14285714285714285,1,0,0
3456.23,card,DEV_00523,GB,failed,980,50,50,2,1,2,4135.58,beauty,3456.23,0,5,1,0.8357304174988757,1.0,0.04,0.02,1,0,0
4675.98,netbanking,DEV_01275,SG,success,592,1,0,1,3,4,1408.93,home,4675.98,0,5,1,3.3188164067767736,0.0,1.0,3.0,1,0,1
10651.42,upi,DEV_01924,GB,success,1486,34,25,0,1,3,5594.98,grocery,10651.42,0,3,0,1.903745857894041,0.7352941176470589,0.0,0.029411764705882353,0,0,0
2781.79,netbanking,DEV_01511,IN,success,1739,48,42,1,2,2,670.76,travel,2781.79,0,2,0,4.147221062675174,0.875,0.020833333333333332,0.041666666666666664,1,0,0
1305.68,card,DEV_00973,SG,success,132,36,29,0,0,1,3359.06,beauty,1305.68,0,2,0,0.3887039826618161,0.8055555555555556,0.0,0.0,0,0,0
1344.65,wallet,DEV_01409,US,success,1324,33,32,2,2,2,2983.47,grocery,1344.65,0,5,1,0.45070002379779256,0.9696969696969697,0.06060606060606061,0.06060606060606061,1,0,1
7508.99,card,DEV_01399,US,failed,320,48,48,1,0,1,3887.95,home,7508.99,0,5,1,1.9313494257899408,1.0,0.020833333333333332,0.0,1,0,1
2553.93,wallet,DEV_02457,GB,success,270,34,25,0,0,3,2519.43,home,2553.93,0,4,0,1.0136935735463974,0.7352941176470589,0.0,0.0,0,0,0
1622.37,netbanking,DEV_01715,GB,success,131,35,25,0,3,2,2123.92,fashion,1622.37,0,2,0,0.7638564541037326,0.7142857142857143,0.0,0.08571428571428572,0,0,1
2084.95,wallet,DEV_00173,AE,success,1183,13,10,1,0,3,13117.77,grocery,2084.95,0,3,0,0.1589408870562603,0.7692307692307693,0.07692307692307693,0.0,1,0,0
7226.87,upi,DEV_02840,US,success,961,30,22,1,2,4,2727.32,fashion,7226.87,0,3,0,2.649806403355675,0.7333333333333333,0.03333333333333333,0.06666666666666667,1,0,0
1368.51,upi,DEV_01970,GB,failed,1677,8,7,0,1,1,4536.68,beauty,1368.51,0,6,1,0.30165451387358155,0.875,0.0,0.125,0,0,0
7627.69,upi,DEV_01640,US,success,1579,38,31,0,3,1,6366.12,software,7627.69,0,4,0,1.1981693716109656,0.8157894736842105,0.0,0.07894736842105263,0,0,0
15988.07,netbanking,DEV_00041,IN,success,411,13,11,0,2,4,4610.32,travel,15988.07,0,3,0,3.4678872616217533,0.8461538461538461,0.0,0.15384615384615385,0,0,0
1224.79,card,DEV_00584,GB,success,1913,27,26,1,1,4,2848.98,grocery,1224.79,0,3,0,0.4299047378359974,0.9629629629629629,0.037037037037037035,0.037037037037037035,1,0,0
2438.6,netbanking,DEV_00180,IN,success,1380,32,22,0,0,1,12791.5,grocery,2438.6,0,4,0,0.19064222335144432,0.6875,0.0,0.0,0,0,0
2562.14,netbanking,DEV_00714,US,success,778,35,35,1,1,2,2440.96,electronics,2562.14,0,5,1,1.049644402202412,1.0,0.02857142857142857,0.02857142857142857,1,0,0
1560.89,upi,DEV_01392,SG,success,794,45,37,2,1,4,4044.78,home,1560.89,0,2,0,0.38590232348854575,0.8222222222222222,0.044444444444444446,0.022222222222222223,1,0,0
2710.14,upi,DEV_00089,US,success,1645,21,18,0,5,4,2374.57,home,2710.14,0,1,0,1.1413182176141363,0.8571428571428571,0.0,0.23809523809523808,0,0,0
1737.3,card,DEV_00086,US,success,286,47,40,1,1,3,6621.3,travel,1737.3,0,2,0,0.262380499297721,0.851063829787234,0.02127659574468085,0.02127659574468085,1,0,0
1560.52,netbanking,DEV_00862,GB,success,578,5,1,0,0,3,4093.09,grocery,1560.52,0,0,0,0.3812571919991986,0.2,0.0,0.0,0,0,0
8771.94,netbanking,DEV_01526,US,failed,249,9,4,0,1,1,4909.36,electronics,8771.94,0,4,0,1.7867787247217561,0.4444444444444444,0.0,0.1111111111111111,0,0,0
2495.06,card,DEV_00486,US,success,570,30,20,1,1,1,2347.01,home,2495.06,0,4,0,1.0630802595642965,0.6666666666666666,0.03333333333333333,0.03333333333333333,1,0,0
3438.95,upi,DEV_00786,SG,success,631,28,20,0,0,4,1087.86,software,3438.95,0,1,0,3.161206405235968,0.7142857142857143,0.0,0.0,0,0,0
3313.88,netbanking,DEV_02456,AE,success,1614,49,41,2,0,2,3759.49,software,3313.88,0,4,0,0.8814706250049874,0.8367346938775511,0.04081632653061224,0.0,1,0,0
3428.8,card,DEV_02524,SG,success,1699,22,14,1,2,1,1607.88,travel,3428.8,0,2,0,2.132497450058462,0.6363636363636364,0.045454545454545456,0.09090909090909091,1,0,0
2663.01,upi,DEV_01343,US,success,304,30,28,0,0,1,861.11,software,2663.01,0,2,0,3.0925317322990096,0.9333333333333333,0.0,0.0,0,0,0
4965.36,upi,DEV_02082,SG,failed,1471,41,31,2,1,1,2772.7,fashion,4965.36,0,5,1,1.7908031882280808,0.7560975609756098,0.04878048780487805,0.024390243902439025,1,0,0
4256.74,upi,DEV_02980,IN,failed,318,22,13,0,1,2,941.24,grocery,4256.74,0,0,0,4.522480982533679,0.5909090909090909,0.0,0.045454545454545456,0,0,0
4053.48,card,DEV_00686,SG,success,995,39,35,2,2,1,2391.29,fashion,4053.48,0,4,0,1.6951018069744783,0.8974358974358975,0.05128205128205128,0.05128205128205128,1,0,0
5280.8,wallet,DEV_02126,AE,success,1484,8,5,0,2,4,3493.64,electronics,5280.8,0,6,1,1.5115466962823876,0.625,0.0,0.25,0,0,0
5021.39,netbanking,DEV_02153,AE,failed,654,14,9,0,1,2,1829.66,fashion,5021.39,0,4,0,2.744438857492649,0.6428571428571429,0.0,0.07142857142857142,0,0,0
6352.49,wallet,DEV_01100,SG,success,690,16,7,0,1,3,3157.7,home,6352.49,0,0,0,2.0117458909966115,0.4375,0.0,0.0625,0,0,1
4246.34,upi,DEV_00900,US,success,1438,21,18,1,2,2,2801.8,travel,4246.34,0,6,1,1.515575701334856,0.8571428571428571,0.047619047619047616,0.09523809523809523,1,0,1
4675.73,wallet,DEV_00896,GB,failed,36,47,41,0,5,2,6860.32,fashion,4675.73,0,6,1,0.681561501504303,0.8723404255319149,0.0,0.10638297872340426,0,0,1
8781.06,upi,DEV_01533,GB,success,1799,41,36,1,4,2,2648.7,software,8781.06,0,3,0,3.3152338883225734,0.8780487804878049,0.024390243902439025,0.0975609756097561,1,0,0
4351.87,upi,DEV_00345,GB,success,1179,13,13,0,2,4,2545.18,electronics,4351.87,0,4,0,1.7098476335661918,1.0,0.0,0.15384615384615385,0,0,1
6616.89,upi,DEV_02392,IN,success,1841,27,24,1,2,4,944.08,software,6616.89,0,3,0,7.008823404796204,0.8888888888888888,0.037037037037037035,0.07407407407407407,1,0,0
3239.51,wallet,DEV_01848,AE,failed,1382,19,13,1,0,2,5713.5,fashion,3239.51,0,1,0,0.5669922114290715,0.6842105263157895,0.05263157894736842,0.0,1,0,0
2662.37,netbanking,DEV_02038,GB,failed,1046,30,28,3,0,3,3127.68,electronics,2662.37,0,2,0,0.851228386535707,0.9333333333333333,0.1,0.0,1,0,0
4121.03,card,DEV_00736,AE,success,897,45,41,0,1,1,8257.74,fashion,4121.03,0,6,1,0.49905058769106314,0.9111111111111111,0.0,0.022222222222222223,0,0,0
11836.13,card,DEV_01471,IN,success,1598,15,6,1,2,3,1301.55,fashion,11836.13,0,1,0,9.093872690253928,0.4,0.06666666666666667,0.13333333333333333,1,0,0
5310.58,netbanking,DEV_00933,IN,success,712,21,21,1,2,1,2768.96,software,5310.58,0,5,1,1.9178969721483878,1.0,0.047619047619047616,0.09523809523809523,1,0,1
1926.7,netbanking,DEV_00157,SG,success,1279,42,34,0,2,4,6869.97,fashion,1926.7,0,5,1,0.28045246194670426,0.8095238095238095,0.0,0.047619047619047616,0,0,0
3248.66,upi,DEV_02766,GB,success,518,20,11,1,2,2,2246.04,beauty,3248.66,0,4,0,1.4463945432850707,0.55,0.05,0.1,1,0,0
4585.15,netbanking,DEV_00781,SG,success,418,34,34,0,1,4,1620.7,fashion,4585.15,0,3,0,2.8291170481890537,1.0,0.0,0.029411764705882353,0,0,0
1177.05,card,DEV_01227,GB,success,1305,49,43,2,1,1,2254.09,software,1177.05,0,3,0,0.5221841186465491,0.8775510204081632,0.04081632653061224,0.02040816326530612,1,0,0
7287.96,wallet,DEV_01662,SG,success,861,36,26,2,2,3,2586.0,travel,7287.96,0,0,0,2.818236658932715,0.7222222222222222,0.05555555555555555,0.05555555555555555,1,0,0
3611.2,wallet,DEV_02680,SG,success,585,3,0,0,1,3,7336.51,home,3611.2,0,1,0,0.49222314152096835,0.0,0.0,0.3333333333333333,0,0,0
5497.93,wallet,DEV_00933,US,success,712,50,42,0,0,1,903.78,travel,5497.93,0,6,1,6.083261413175773,0.84,0.0,0.0,0,0,0
2619.75,wallet,DEV_00958,SG,failed,909,14,11,1,1,3,2316.76,grocery,2619.75,0,6,1,1.130781781453409,0.7857142857142857,0.07142857142857142,0.07142857142857142,1,0,0
2716.01,wallet,DEV_01396,IN,success,1940,3,3,1,2,3,2507.06,home,2716.01,0,6,1,1.083344634751462,1.0,0.3333333333333333,0.6666666666666666,1,0,1
21787.4,wallet,DEV_02859,AE,failed,889,41,40,0,0,4,945.59,electronics,21787.4,0,0,0,23.041064309055724,0.975609756097561,0.0,0.0,0,0,0
3622.79,wallet,DEV_02288,IN,success,888,13,13,0,2,3,3740.31,travel,3622.79,0,0,0,0.9685801444265315,1.0,0.0,0.15384615384615385,0,0,0
1445.03,upi,DEV_01252,IN,success,1896,41,41,0,1,3,2839.14,grocery,1445.03,0,4,0,0.508967504244243,1.0,0.0,0.024390243902439025,0,0,0
3527.33,netbanking,DEV_00924,AE,failed,734,2,1,1,0,1,1893.51,fashion,3527.33,0,6,1,1.8628525859382838,0.5,0.5,0.0,1,0,0
2171.09,netbanking,DEV_01336,SG,success,1458,34,30,1,0,2,1933.87,beauty,2171.09,0,1,0,1.1226659496243285,0.8823529411764706,0.029411764705882353,0.0,1,0,0
9602.79,upi,DEV_00630,GB,failed,390,16,15,0,1,3,6964.01,grocery,9602.79,0,1,0,1.3789167448065125,0.9375,0.0,0.0625,0,0,0
3587.84,wallet,DEV_00837,AE,failed,615,23,13,0,1,3,2574.43,software,3587.84,0,5,1,1.3936444183761068,0.5652173913043478,0.0,0.043478260869565216,0,0,0
6942.22,upi,DEV_01945,IN,failed,286,21,21,0,2,1,3010.89,electronics,6942.22,0,3,0,2.305703629159485,1.0,0.0,0.09523809523809523,0,0,0
952.4,netbanking,DEV_00382,US,success,220,28,19,0,2,3,5115.38,software,952.4,0,1,0,0.18618362663184357,0.6785714285714286,0.0,0.07142857142857142,0,0,0
3870.25,card,DEV_02823,SG,success,131,35,25,0,3,2,2123.92,software,3870.25,0,2,0,1.822220234283777,0.7142857142857143,0.0,0.08571428571428572,0,0,0
2657.88,upi,DEV_00816,IN,success,1083,42,36,1,1,2,3277.69,electronics,2657.88,0,3,0,0.810900359704548,0.8571428571428571,0.023809523809523808,0.023809523809523808,1,0,0
13211.13,upi,DEV_00955,GB,success,1914,6,5,0,1,4,2221.59,fashion,13211.13,0,3,0,5.946700336245661,0.8333333333333334,0.0,0.16666666666666666,0,0,0
4435.87,wallet,DEV_00236,GB,success,478,41,34,1,1,3,13480.78,fashion,4435.87,0,2,0,0.32905143470926757,0.8292682926829268,0.024390243902439025,0.024390243902439025,1,0,0
11578.17,upi,DEV_01339,AE,success,994,32,32,1,0,3,6937.01,software,11578.17,0,5,1,1.6690432909855974,1.0,0.03125,0.0,1,0,1
1534.6,card,DEV_00529,SG,failed,692,47,44,1,1,3,3137.98,grocery,1534.6,0,5,1,0.48904072046348285,0.9361702127659575,0.02127659574468085,0.02127659574468085,1,0,1
597.13,card,DEV_01594,US,success,1250,2,2,1,3,2,1919.71,travel,597.13,0,1,0,0.3110521901745576,1.0,0.5,1.5,1,0,0
8444.2,netbanking,DEV_01771,AE,success,1341,32,29,1,1,1,956.6,travel,8444.2,0,1,0,8.827305038678654,0.90625,0.03125,0.03125,1,0,1
3781.94,upi,DEV_02059,AE,success,394,29,20,1,1,4,3512.1,software,3781.94,0,3,0,1.0768315252982545,0.6896551724137931,0.034482758620689655,0.034482758620689655,1,0,0
3586.9,card,DEV_00585,AE,failed,875,13,4,0,2,2,1748.87,software,3586.9,0,5,1,2.0509814909055564,0.3076923076923077,0.0,0.15384615384615385,0,0,0
3751.95,upi,DEV_02154,GB,failed,596,24,16,0,2,3,1034.04,home,3751.95,0,1,0,3.628437971451781,0.6666666666666666,0.0,0.08333333333333333,0,0,0
1033.41,wallet,DEV_01896,SG,success,248,6,0,1,0,3,3046.51,grocery,1033.41,0,6,1,0.3392110972883726,0.0,0.16666666666666666,0.0,1,0,1
9695.48,netbanking,DEV_02648,AE,success,1042,42,42,0,1,1,1587.14,electronics,9695.48,0,0,0,6.108774273221013,1.0,0.0,0.023809523809523808,0,0,0
3578.99,wallet,DEV_02511,US,success,1159,7,2,0,3,1,6402.68,travel,3578.99,0,4,0,0.5589831133212967,0.2857142857142857,0.0,0.42857142857142855,0,0,0
6437.71,upi,DEV_02531,AE,failed,917,24,24,0,2,4,3447.42,home,6437.71,0,1,0,1.8673993885282327,1.0,0.0,0.08333333333333333,0,0,0
9802.87,upi,DEV_02862,SG,failed,1755,41,34,2,3,1,7158.24,travel,9802.87,0,6,1,1.3694525469947922,0.8292682926829268,0.04878048780487805,0.07317073170731707,1,0,0
4057.52,card,DEV_00982,US,success,1106,37,36,0,1,3,5983.15,fashion,4057.52,0,3,0,0.6781578265629309,0.972972972972973,0.0,0.02702702702702703,0,0,0
17908.41,card,DEV_02860,US,failed,1535,3,3,0,1,1,2165.74,software,17908.41,0,3,0,8.268956569117254,1.0,0.0,0.3333333333333333,0,0,0
3878.25,card,DEV_01511,IN,success,1077,14,6,0,2,3,2178.18,grocery,3878.25,0,0,0,1.7805002341404292,0.42857142857142855,0.0,0.14285714285714285,0,0,0
4078.3,netbanking,DEV_01680,AE,success,862,32,29,0,3,2,3628.93,grocery,4078.3,0,3,0,1.1238298892511016,0.90625,0.0,0.09375,0,0,0
1436.74,upi,DEV_02073,IN,success,1660,37,27,1,1,3,2010.77,travel,1436.74,0,2,0,0.7145222974283484,0.7297297297297297,0.02702702702702703,0.02702702702702703,1,0,0
6742.03,card,DEV_02617,AE,success,401,38,34,0,1,4,3942.05,travel,6742.03,0,2,0,1.7102852576705012,0.8947368421052632,0.0,0.02631578947368421,0,0,0
3110.92,wallet,DEV_00797,AE,success,538,19,10,0,2,4,3657.51,fashion,3110.92,0,5,1,0.850556799571293,0.5263157894736842,0.0,0.10526315789473684,0,0,0
1591.82,netbanking,DEV_00470,US,failed,1704,20,14,0,3,3,3493.57,home,1591.82,0,2,0,0.4556427951923104,0.7,0.0,0.15,0,0,0
1565.0,wallet,DEV_01890,IN,success,537,15,6,1,3,3,4445.39,grocery,1565.0,0,3,0,0.35205010134093967,0.4,0.06666666666666667,0.2,1,0,0
3646.49,wallet,DEV_00575,AE,success,769,24,22,0,1,3,3274.86,beauty,3646.49,0,3,0,1.1134796601992145,0.9166666666666666,0.0,0.041666666666666664,0,0,0
1510.16,upi,DEV_00699,IN,success,1195,14,5,0,2,3,1279.94,electronics,1510.16,0,4,0,1.1798678063034205,0.35714285714285715,0.0,0.14285714285714285,0,0,1
481.47,upi,DEV_01205,IN,failed,1034,37,35,0,1,3,5198.99,fashion,481.47,0,6,1,0.09260837201071748,0.9459459459459459,0.0,0.02702702702702703,0,0,0
2241.72,upi,DEV_00318,IN,success,1990,1,0,0,2,1,3181.83,software,2241.72,0,1,0,0.7045379545733116,0.0,0.0,2.0,0,0,1
4295.16,upi,DEV_01805,GB,success,1885,50,45,0,0,3,3760.8,electronics,4295.16,0,6,1,1.1420867900446712,0.9,0.0,0.0,0,0,0
2474.64,card,DEV_02765,SG,failed,1094,35,35,1,4,2,4813.84,home,2474.64,0,2,0,0.514067771259535,1.0,0.02857142857142857,0.11428571428571428,1,0,0
896.37,card,DEV_02601,SG,success,897,27,24,0,2,1,1886.86,software,896.37,0,6,1,0.4750590928844748,0.8888888888888888,0.0,0.07407407407407407,0,0,0
4867.41,wallet,DEV_02828,GB,success,1573,35,25,1,1,3,1667.11,electronics,4867.41,0,4,0,2.919669367948126,0.7142857142857143,0.02857142857142857,0.02857142857142857,1,0,0
5453.02,card,DEV_00200,AE,success,749,44,43,1,4,2,13987.14,software,5453.02,0,3,0,0.3898595424082408,0.9772727272727273,0.022727272727272728,0.09090909090909091,1,0,0
5311.47,upi,DEV_01535,US,success,877,3,1,1,4,2,1953.18,beauty,5311.47,0,5,1,2.7193960618068997,0.3333333333333333,0.3333333333333333,1.3333333333333333,1,0,0
1402.96,card,DEV_01728,IN,success,531,48,38,0,0,4,5151.04,fashion,1402.96,0,6,1,0.2723644157296391,0.7916666666666666,0.0,0.0,0,0,0
7136.17,upi,DEV_02786,IN,success,1310,21,17,1,1,4,5935.74,software,7136.17,0,3,0,1.2022376317021972,0.8095238095238095,0.047619047619047616,0.047619047619047616,1,0,0
8668.97,upi,DEV_02966,US,failed,706,42,33,0,1,4,5326.19,fashion,8668.97,0,0,0,1.6276118576318157,0.7857142857142857,0.0,0.023809523809523808,0,0,0
7162.33,card,DEV_01340,GB,success,629,31,23,1,3,1,2130.7,beauty,7162.33,0,6,1,3.361491528605623,0.7419354838709677,0.03225806451612903,0.0967741935483871,1,0,0
20239.6,upi,DEV_02219,AE,success,1231,36,34,0,0,3,7889.99,software,20239.6,0,0,0,2.5652250509823205,0.9444444444444444,0.0,0.0,0,0,0
6700.96,upi,DEV_00876,IN,success,938,11,5,1,3,1,1661.14,beauty,6700.96,0,3,0,4.033952586777755,0.45454545454545453,0.09090909090909091,0.2727272727272727,1,0,0
8678.01,upi,DEV_00062,AE,success,1768,5,0,0,2,2,3924.68,home,8678.01,0,2,0,2.2111382329259968,0.0,0.0,0.4,0,0,1
3540.89,card,DEV_01595,US,success,1532,34,34,0,0,3,4233.24,electronics,3540.89,0,1,0,0.8364491500600013,1.0,0.0,0.0,0,0,0
4468.6,card,DEV_02696,GB,success,1618,34,30,0,2,4,2781.03,beauty,4468.6,0,1,0,1.6068147413008849,0.8823529411764706,0.0,0.058823529411764705,0,0,0
5568.77,card,DEV_00276,US,success,450,34,27,0,2,4,4841.6,travel,5568.77,0,3,0,1.1501920852610708,0.7941176470588235,0.0,0.058823529411764705,0,0,0
3676.59,wallet,DEV_00418,SG,success,1784,18,16,0,3,4,1948.41,software,3676.59,0,2,0,1.8869693750288696,0.8888888888888888,0.0,0.16666666666666666,0,0,0
1556.96,netbanking,DEV_00389,SG,failed,1504,20,18,0,1,3,1025.56,travel,1556.96,0,2,0,1.5181559343188114,0.9,0.0,0.05,0,0,0
1127.78,upi,DEV_01361,US,success,1927,30,24,1,2,4,8240.24,travel,1127.78,0,4,0,0.13686251856742038,0.8,0.03333333333333333,0.06666666666666667,1,0,0
2605.75,wallet,DEV_00277,GB,failed,1033,26,18,1,3,1,8736.89,software,2605.75,0,0,0,0.29824685900818254,0.6923076923076923,0.038461538461538464,0.11538461538461539,1,0,1
1319.15,wallet,DEV_02094,US,success,1454,31,31,0,2,2,1161.99,grocery,1319.15,0,5,1,1.1352507336551951,1.0,0.0,0.06451612903225806,0,0,0
8183.27,upi,DEV_00087,SG,success,1806,39,37,0,1,2,5873.11,software,8183.27,0,1,0,1.3933452634124,0.9487179487179487,0.0,0.02564102564102564,0,0,0
1555.17,netbanking,DEV_00969,AE,success,490,13,5,0,2,1,5303.77,fashion,1555.17,0,0,0,0.293219728608141,0.38461538461538464,0.0,0.15384615384615385,0,0,0
3201.91,card,DEV_00246,US,failed,1604,42,37,2,3,1,2379.29,fashion,3201.91,0,0,0,1.3457417969226113,0.8809523809523809,0.047619047619047616,0.07142857142857142,1,0,0
2803.12,netbanking,DEV_00828,US,success,1155,19,17,0,1,3,608.72,software,2803.12,0,1,0,4.604941516625049,0.8947368421052632,0.0,0.05263157894736842,0,0,0
4154.34,card,DEV_00976,SG,success,646,8,0,0,3,2,5054.35,software,4154.34,0,4,0,0.8219335819640508,0.0,0.0,0.375,0,0,0
9495.01,upi,DEV_01140,GB,success,1561,26,20,0,2,1,1143.91,home,9495.01,0,6,1,8.300486926419037,0.7692307692307693,0.0,0.07692307692307693,0,0,0
2608.81,wallet,DEV_02655,GB,success,735,11,5,0,3,1,4783.16,grocery,2608.81,0,6,1,0.5454155830037046,0.45454545454545453,0.0,0.2727272727272727,0,0,0
6123.89,upi,DEV_01357,GB,success,856,28,25,1,1,4,4975.78,home,6123.89,0,2,0,1.2307397031219227,0.8928571428571429,0.03571428571428571,0.03571428571428571,1,0,0
1629.79,card,DEV_02724,US,success,815,16,13,0,1,3,4526.7,grocery,1629.79,0,5,1,0.360039322243577,0.8125,0.0,0.0625,0,0,0
21692.14,wallet,DEV_02136,GB,failed,1925,41,39,2,2,2,2098.06,electronics,21692.14,0,0,0,10.339141873921623,0.9512195121951219,0.04878048780487805,0.04878048780487805,1,0,1
1716.63,card,DEV_00265,AE,success,1212,44,39,0,1,3,1230.03,home,1716.63,0,6,1,1.395600107314456,0.8863636363636364,0.0,0.022727272727272728,0,0,0
5687.39,card,DEV_02599,US,success,320,48,48,1,0,1,3887.95,grocery,5687.39,0,6,1,1.4628248820072276,1.0,0.020833333333333332,0.0,1,0,0
5885.42,card,DEV_00712,SG,success,1827,35,33,0,2,1,6551.52,beauty,5885.42,0,3,0,0.8983289374068918,0.9428571428571428,0.0,0.05714285714285714,0,0,0
2833.54,upi,DEV_02079,IN,failed,135,17,14,0,1,1,1453.08,fashion,2833.54,0,0,0,1.9500233985740634,0.8235294117647058,0.0,0.058823529411764705,0,0,0
2246.36,netbanking,DEV_00673,US,failed,1605,38,31,1,1,1,2066.26,grocery,2246.36,0,2,0,1.087162312584089,0.8157894736842105,0.02631578947368421,0.02631578947368421,1,0,0
8227.64,upi,DEV_02482,US,success,56,14,14,0,4,4,3161.7,home,8227.64,0,3,0,2.6022835816174843,1.0,0.0,0.2857142857142857,0,0,0
8701.67,wallet,DEV_02604,US,failed,1703,16,7,0,6,4,9553.02,software,8701.67,0,2,0,0.9108815850903693,0.4375,0.0,0.375,0,0,0
4070.24,card,DEV_01473,AE,success,1277,43,37,0,1,1,1370.21,travel,4070.24,0,1,0,2.9705227665832243,0.8604651162790697,0.0,0.023255813953488372,0,0,1
2459.83,wallet,DEV_01808,AE,failed,901,34,30,1,3,4,3256.91,fashion,2459.83,0,6,1,0.7552649597317703,0.8823529411764706,0.029411764705882353,0.08823529411764706,1,0,1
4318.94,upi,DEV_01975,IN,failed,362,10,2,0,0,1,9742.81,travel,4318.94,0,2,0,0.4432951068531563,0.2,0.0,0.0,0,0,0
7264.19,wallet,DEV_00341,GB,success,1891,23,20,1,1,2,2347.45,fashion,7264.19,0,1,0,3.0945025453151294,0.8695652173913043,0.043478260869565216,0.043478260869565216,1,0,0
3246.47,upi,DEV_01054,AE,success,364,30,26,1,0,3,1692.66,fashion,3246.47,0,2,0,1.9179693500171326,0.8666666666666667,0.03333333333333333,0.0,1,0,0
9765.51,wallet,DEV_01161,AE,failed,1285,4,2,1,4,1,2327.88,home,9765.51,0,6,1,4.195022939326769,0.5,0.25,1.0,1,0,0
4182.11,card,DEV_01365,US,failed,1955,44,42,0,0,2,825.84,travel,4182.11,0,4,0,5.064068100358423,0.9545454545454546,0.0,0.0,0,0,0
3555.54,upi,DEV_00634,US,success,165,10,4,1,4,1,3101.04,software,3555.54,0,4,0,1.1465637334571628,0.4,0.1,0.4,1,0,0
1296.68,netbanking,DEV_02013,AE,failed,619,8,8,0,0,4,3224.31,software,1296.68,0,4,0,0.402157360799675,1.0,0.0,0.0,0,0,0
1355.22,netbanking,DEV_01574,AE,success,203,41,38,0,3,2,2918.47,electronics,1355.22,0,4,0,0.4643597501430545,0.926829268292683,0.0,0.07317073170731707,0,0,0
2554.82,wallet,DEV_00160,IN,success,1179,49,49,0,2,1,6127.91,electronics,2554.82,0,3,0,0.41691539203415195,1.0,0.0,0.04081632653061224,0,0,0
37874.28,upi,DEV_01788,GB,success,369,40,32,0,3,2,1123.63,travel,37874.28,0,4,0,33.70707439281614,0.8,0.0,0.075,0,0,0
3299.11,wallet,DEV_02601,GB,success,1236,48,47,1,2,1,10265.65,travel,3299.11,0,6,1,0.32137370746129085,0.9791666666666666,0.020833333333333332,0.041666666666666664,1,0,0
1056.74,wallet,DEV_01737,US,failed,955,12,9,0,1,1,4119.64,electronics,1056.74,0,2,0,0.2565127049936402,0.75,0.0,0.08333333333333333,0,0,0
4933.18,card,DEV_01481,IN,success,181,37,37,0,0,1,2063.04,home,4933.18,0,6,1,2.3912187839305106,1.0,0.0,0.0,0,0,1
2769.41,netbanking,DEV_02480,AE,success,850,38,34,0,1,2,2847.39,home,2769.41,0,2,0,0.9726135162376773,0.8947368421052632,0.0,0.02631578947368421,0,0,1
1190.35,netbanking,DEV_01014,SG,success,1638,32,26,0,1,3,3953.25,travel,1190.35,0,4,0,0.3011066843736166,0.8125,0.0,0.03125,0,0,0
7379.19,card,DEV_00479,IN,failed,1640,33,25,0,2,4,3566.2,software,7379.19,0,6,1,2.069202512478268,0.7575757575757576,0.0,0.06060606060606061,0,0,1
835.24,wallet,DEV_02893,SG,success,957,35,29,0,0,4,5577.47,grocery,835.24,0,2,0,0.14975248634237387,0.8285714285714286,0.0,0.0,0,0,0
6969.34,wallet,DEV_00680,AE,success,1198,27,19,2,2,1,1543.9,fashion,6969.34,0,4,0,4.514113608394326,0.7037037037037037,0.07407407407407407,0.07407407407407407,1,0,0
2952.25,wallet,DEV_02401,GB,failed,1463,26,20,1,2,4,3829.72,grocery,2952.25,0,1,0,0.7708788109835707,0.7692307692307693,0.038461538461538464,0.07692307692307693,1,0,0
6006.58,card,DEV_00448,SG,success,440,22,18,0,0,4,9241.04,fashion,6006.58,0,5,1,0.6499896115588721,0.8181818181818182,0.0,0.0,0,0,0
1759.03,upi,DEV_01102,US,failed,794,45,37,2,1,4,4044.78,home,1759.03,0,5,1,0.4348889185567571,0.8222222222222222,0.044444444444444446,0.022222222222222223,1,0,0
2325.13,netbanking,DEV_00027,US,failed,1279,31,24,0,3,2,7124.36,travel,2325.13,0,1,0,0.3263633505325391,0.7741935483870968,0.0,0.0967741935483871,0,0,0
2004.76,card,DEV_00397,IN,failed,772,36,30,0,1,1,1669.1,travel,2004.76,0,5,1,1.2011023905098557,0.8333333333333334,0.0,0.027777777777777776,0,0,0
3669.29,wallet,DEV_02681,GB,failed,1645,29,19,0,1,3,5969.57,home,3669.29,0,1,0,0.6146657129407981,0.6551724137931034,0.0,0.034482758620689655,0,0,0
2734.62,upi,DEV_00723,GB,success,356,45,36,2,2,4,2056.27,electronics,2734.62,0,1,0,1.329893447844884,0.8,0.044444444444444446,0.044444444444444446,1,0,0
11959.2,upi,DEV_01993,US,success,1728,41,40,0,1,3,4480.48,beauty,11959.2,0,5,1,2.6691783023247515,0.975609756097561,0.0,0.024390243902439025,0,0,0
1371.84,wallet,DEV_02323,US,success,749,28,23,0,4,2,10557.32,home,1371.84,0,1,0,0.1299420686310541,0.8214285714285714,0.0,0.14285714285714285,0,0,0
1909.22,card,DEV_00749,US,failed,1094,1,1,0,2,2,5169.26,fashion,1909.22,0,6,1,0.36934106622611357,1.0,0.0,2.0,0,0,0
3729.14,wallet,DEV_02568,SG,success,115,1,1,0,4,1,966.17,home,3729.14,0,2,0,3.859714128983512,1.0,0.0,4.0,0,0,0
3052.36,card,DEV_01201,IN,success,1415,48,46,0,0,1,3531.13,home,3052.36,0,1,0,0.8644145075372472,0.9583333333333334,0.0,0.0,0,0,0
872.49,netbanking,DEV_00264,GB,success,1600,37,33,1,0,1,5158.36,electronics,872.49,0,3,0,0.1691409672841756,0.8918918918918919,0.02702702702702703,0.0,1,0,0
4081.11,wallet,DEV_01988,IN,success,1372,6,5,1,1,1,4410.71,grocery,4081.11,0,5,1,0.9252728018845039,0.8333333333333334,0.16666666666666666,0.16666666666666666,1,0,0
2316.44,netbanking,DEV_00030,SG,success,160,22,16,1,2,3,2046.01,fashion,2316.44,0,2,0,1.1321743295487314,0.7272727272727273,0.045454545454545456,0.09090909090909091,1,0,0
2894.56,card,DEV_00865,SG,success,1575,40,30,3,3,1,2856.26,electronics,2894.56,0,2,0,1.0134091434253183,0.75,0.075,0.075,1,0,0
2485.28,wallet,DEV_02470,SG,success,1876,32,27,0,2,2,3060.51,fashion,2485.28,0,1,0,0.8120476652584047,0.84375,0.0,0.0625,0,0,0
2990.52,wallet,DEV_01939,GB,failed,557,49,46,0,4,4,10128.96,beauty,2990.52,0,3,0,0.2952445265851578,0.9387755102040817,0.0,0.08163265306122448,0,0,1
3893.83,netbanking,DEV_01519,GB,success,1800,26,16,0,2,2,1927.75,beauty,3893.83,0,6,1,2.0198832836208016,0.6153846153846154,0.0,0.07692307692307693,0,0,1
5010.27,netbanking,DEV_02725,AE,success,802,3,3,1,0,3,2214.03,home,5010.27,0,1,0,2.2629639164780966,1.0,0.3333333333333333,0.0,1,0,0
1206.08,netbanking,DEV_01353,IN,failed,1483,5,4,1,2,3,3021.18,fashion,1206.08,0,3,0,0.39920825637664753,0.8,0.2,0.4,1,0,0
4918.79,wallet,DEV_02971,US,success,1713,34,34,0,4,2,1833.67,fashion,4918.79,0,2,0,2.682483762072783,1.0,0.0,0.11764705882352941,0,0,0
6491.63,netbanking,DEV_02865,US,failed,1576,10,3,0,1,4,8747.75,beauty,6491.63,0,6,1,0.7420913949301249,0.3,0.0,0.1,0,0,0
658.97,wallet,DEV_02110,AE,success,501,25,24,1,1,2,3673.4,software,658.97,0,4,0,0.17938966624925137,0.96,0.04,0.04,1,0,0
1046.17,card,DEV_02614,GB,success,697,13,10,0,2,1,1663.43,fashion,1046.17,0,0,0,0.6289233691829533,0.7692307692307693,0.0,0.15384615384615385,0,0,0
2992.36,card,DEV_01334,AE,failed,1729,42,39,1,0,1,3905.65,beauty,2992.36,0,6,1,0.7661618424590018,0.9285714285714286,0.023809523809523808,0.0,1,0,1
5724.12,wallet,DEV_02510,IN,failed,1928,29,28,0,1,4,2999.35,beauty,5724.12,0,1,0,1.908453498257956,0.9655172413793104,0.0,0.034482758620689655,0,0,0
2621.72,wallet,DEV_02697,IN,failed,1864,26,21,0,0,2,10109.67,electronics,2621.72,0,1,0,0.2593279503683107,0.8076923076923077,0.0,0.0,0,0,1
1105.91,netbanking,DEV_02487,US,success,1481,19,12,0,4,1,9186.96,software,1105.91,0,3,0,0.12037823175457389,0.631578947368421,0.0,0.21052631578947367,0,0,0
2826.79,card,DEV_00524,AE,success,329,4,2,0,1,2,1219.95,home,2826.79,0,3,0,2.317135948194598,0.5,0.0,0.25,0,0,0
10382.18,netbanking,DEV_02757,SG,failed,1140,49,39,0,0,4,1169.45,software,10382.18,0,2,0,8.877831459232972,0.7959183673469388,0.0,0.0,0,0,0
1247.67,upi,DEV_01828,IN,success,1855,25,22,1,0,4,3579.17,grocery,1247.67,0,0,0,0.34859199199814483,0.88,0.04,0.0,1,0,1
7846.98,upi,DEV_00867,US,success,654,14,9,0,1,2,1829.66,electronics,7846.98,0,6,1,4.288764032661805,0.6428571428571429,0.0,0.07142857142857142,0,0,0
1254.76,card,DEV_01782,IN,success,280,3,3,0,1,1,3041.64,travel,1254.76,0,2,0,0.4125274522954722,1.0,0.0,0.3333333333333333,0,0,0
1411.3,wallet,DEV_01149,US,success,367,26,16,1,1,2,2461.56,travel,1411.3,0,5,1,0.5733356083134272,0.6153846153846154,0.038461538461538464,0.038461538461538464,1,0,0
9364.59,wallet,DEV_02747,IN,success,1189,32,27,0,4,1,3086.71,fashion,9364.59,0,5,1,3.0338418575117196,0.84375,0.0,0.125,0,0,0
15143.7,wallet,DEV_00371,GB,success,1119,36,32,0,4,1,2846.42,home,15143.7,0,2,0,5.32026194307235,0.8888888888888888,0.0,0.1111111111111111,0,0,0
3475.64,card,DEV_02638,GB,failed,1878,21,19,0,1,3,2064.47,electronics,3475.64,0,1,0,1.683550741836888,0.9047619047619048,0.0,0.047619047619047616,0,0,0
1897.65,wallet,DEV_00956,US,success,1470,36,31,0,2,1,5341.31,grocery,1897.65,0,6,1,0.3552780123228197,0.8611111111111112,0.0,0.05555555555555555,0,0,1
2306.53,netbanking,DEV_00360,IN,success,1699,35,32,0,0,3,2442.36,home,2306.53,0,4,0,0.9443857580373082,0.9142857142857143,0.0,0.0,0,0,0
1246.22,upi,DEV_00476,SG,success,734,2,1,1,0,1,1893.51,beauty,1246.22,0,6,1,0.6581533765335277,0.5,0.5,0.0,1,0,0
2418.81,netbanking,DEV_01558,SG,success,1991,4,3,0,1,1,2812.49,fashion,2418.81,0,2,0,0.8600243911978355,0.75,0.0,0.25,0,0,0
2399.66,netbanking,DEV_00254,SG,success,1438,32,29,0,0,3,1881.74,beauty,2399.66,0,0,0,1.2752346232742036,0.90625,0.0,0.0,0,0,0
4360.92,wallet,DEV_01736,GB,success,1285,4,2,1,4,1,2327.88,travel,4360.92,0,4,0,1.8733439868034434,0.5,0.25,1.0,1,0,0
3081.67,upi,DEV_02129,SG,success,1470,45,40,1,2,2,1395.56,software,3081.67,0,0,0,2.2081959930063917,0.8888888888888888,0.022222222222222223,0.044444444444444446,1,0,0
5025.88,card,DEV_01620,IN,failed,845,18,11,0,2,1,1101.84,electronics,5025.88,0,0,0,4.561351920424018,0.6111111111111112,0.0,0.1111111111111111,0,0,0
6737.8,netbanking,DEV_00593,GB,success,1747,38,35,0,3,2,3026.94,electronics,6737.8,0,0,0,2.225944353043007,0.9210526315789473,0.0,0.07894736842105263,0,0,0
1953.04,wallet,DEV_02786,AE,success,734,19,16,0,3,1,1202.57,home,1953.04,0,5,1,1.6240551485568409,0.8421052631578947,0.0,0.15789473684210525,0,0,0
6541.1,upi,DEV_02726,IN,success,1764,24,15,0,1,2,2924.47,travel,6541.1,0,2,0,2.236678782822187,0.625,0.0,0.041666666666666664,0,0,0
5298.61,netbanking,DEV_02058,IN,failed,1925,41,39,2,2,2,2098.06,home,5298.61,0,3,0,2.5254806821539897,0.9512195121951219,0.04878048780487805,0.04878048780487805,1,0,0
3595.71,upi,DEV_02028,GB,failed,1093,30,22,0,1,2,4449.02,travel,3595.71,0,1,0,0.8082027053148783,0.7333333333333333,0.0,0.03333333333333333,0,0,0
4810.92,card,DEV_01365,US,success,261,16,16,0,2,4,11017.31,beauty,4810.92,0,4,0,0.4366692050963439,1.0,0.0,0.125,0,0,0
561.94,upi,DEV_02869,IN,success,1635,27,17,0,2,3,1716.85,travel,561.94,0,0,0,0.3273087340186971,0.6296296296296297,0.0,0.07407407407407407,0,0,0
3650.26,wallet,DEV_02980,AE,success,265,26,16,1,0,3,6845.7,fashion,3650.26,0,2,0,0.5332193931957288,0.6153846153846154,0.038461538461538464,0.0,1,0,1
1888.48,card,DEV_02245,AE,failed,1497,43,38,1,3,4,1449.73,travel,1888.48,0,5,1,1.3026425610286054,0.8837209302325582,0.023255813953488372,0.06976744186046512,1,0,0
2815.96,wallet,DEV_01427,AE,success,1569,16,16,2,4,3,2729.71,electronics,2815.96,0,5,1,1.031596763026109,1.0,0.125,0.25,1,0,0
5652.7,netbanking,DEV_01157,US,failed,1958,42,42,0,0,4,1578.05,home,5652.7,0,0,0,3.5820791483159597,1.0,0.0,0.0,0,0,1
11640.45,card,DEV_00537,GB,success,1526,37,33,0,1,1,6161.2,software,11640.45,0,6,1,1.8893153931052393,0.8918918918918919,0.0,0.02702702702702703,0,0,0
7750.36,netbanking,DEV_01875,US,success,423,15,7,1,2,2,4314.12,grocery,7750.36,0,3,0,1.7965100646249987,0.4666666666666667,0.06666666666666667,0.13333333333333333,1,0,0
3924.31,wallet,DEV_02851,AE,success,543,3,3,0,1,4,3682.37,software,3924.31,0,0,0,1.0657022515390904,1.0,0.0,0.3333333333333333,0,0,0
964.91,upi,DEV_00894,US,success,1827,31,28,0,0,4,1174.39,electronics,964.91,0,2,0,0.8216265465475693,0.9032258064516129,0.0,0.0,0,0,0
4558.25,netbanking,DEV_02974,SG,success,1651,39,38,0,2,3,3158.91,beauty,4558.25,0,1,0,1.442981914647774,0.9743589743589743,0.0,0.05128205128205128,0,0,0
2982.75,wallet,DEV_01750,US,success,917,24,24,0,2,4,3447.42,home,2982.75,0,3,0,0.8652122456793776,1.0,0.0,0.08333333333333333,0,0,0
3531.5,netbanking,DEV_01941,US,success,1678,44,40,1,1,3,7951.53,software,3531.5,0,2,0,0.44412836271761535,0.9090909090909091,0.022727272727272728,0.022727272727272728,1,0,0
7165.69,netbanking,DEV_02431,AE,failed,128,45,36,1,2,4,3261.87,electronics,7165.69,0,6,1,2.1968042871113806,0.8,0.022222222222222223,0.044444444444444446,1,0,0
2910.81,upi,DEV_00140,IN,failed,1191,35,30,0,1,3,3349.43,electronics,2910.81,0,1,0,0.8690463750548602,0.8571428571428571,0.0,0.02857142857142857,0,0,0
5977.74,wallet,DEV_01240,SG,failed,240,10,4,1,2,2,2048.42,electronics,5977.74,0,5,1,2.918219896310327,0.4,0.1,0.2,1,0,0
3660.65,card,DEV_01900,AE,failed,1761,11,11,0,3,2,7803.67,fashion,3660.65,0,3,0,0.46909338811097856,1.0,0.0,0.2727272727272727,0,0,0
1045.57,netbanking,DEV_00048,IN,success,1249,42,36,0,1,1,1873.56,fashion,1045.57,0,4,0,0.5580659279660112,0.8571428571428571,0.0,0.023809523809523808,0,0,1
352.54,card,DEV_02004,SG,success,372,50,48,0,2,1,5828.72,electronics,352.54,0,4,0,0.060483262191355906,0.96,0.0,0.04,0,0,0
2183.91,wallet,DEV_01122,IN,success,1636,28,27,0,2,3,1756.01,grocery,2183.91,0,3,0,1.2436774278050808,0.9642857142857143,0.0,0.07142857142857142,0,0,1
6530.9,wallet,DEV_01984,AE,success,1536,16,10,1,2,2,3335.62,software,6530.9,0,2,0,1.9579268621725496,0.625,0.0625,0.125,1,0,0
4276.48,card,DEV_01333,IN,success,1940,3,3,1,2,3,2507.06,home,4276.48,0,3,0,1.7057748917058226,1.0,0.3333333333333333,0.6666666666666666,1,0,0
3712.7,wallet,DEV_02871,IN,failed,204,16,7,0,2,4,639.6,software,3712.7,0,5,1,5.804721701063164,0.4375,0.0,0.125,0,0,0
3337.98,card,DEV_02126,SG,success,415,36,32,1,4,3,3191.36,grocery,3337.98,0,0,0,1.0459427955479794,0.8888888888888888,0.027777777777777776,0.1111111111111111,1,0,0
3455.69,upi,DEV_02698,IN,success,207,32,25,0,2,3,3370.01,travel,3455.69,0,0,0,1.0254242569013148,0.78125,0.0,0.0625,0,0,0
5947.06,card,DEV_02273,AE,success,1183,13,10,1,0,3,13117.77,electronics,5947.06,0,4,0,0.45335906941499965,0.7692307692307693,0.07692307692307693,0.0,1,0,1
12721.82,card,DEV_00161,US,success,1441,39,36,0,1,3,2640.9,travel,12721.82,0,3,0,4.817228974970654,0.9230769230769231,0.0,0.02564102564102564,0,0,0
5537.33,upi,DEV_00360,SG,success,135,17,14,0,1,1,1453.08,travel,5537.33,0,5,1,3.8107537093621824,0.8235294117647058,0.0,0.058823529411764705,0,0,0
6220.0,card,DEV_00511,SG,success,778,23,16,1,0,3,4479.41,home,6220.0,0,2,0,1.3885757276069841,0.6956521739130435,0.043478260869565216,0.0,1,0,0
846.07,upi,DEV_01733,IN,success,1201,25,18,0,1,4,8837.8,travel,846.07,0,3,0,0.09573310099798593,0.72,0.0,0.04,0,0,0
5262.36,card,DEV_02128,GB,failed,752,19,13,0,0,2,3028.31,home,5262.36,0,3,0,1.7377216995618017,0.6842105263157895,0.0,0.0,0,0,0
11820.58,upi,DEV_02364,AE,success,984,7,7,1,2,3,1312.14,travel,11820.58,0,5,1,9.008627128202782,1.0,0.14285714285714285,0.2857142857142857,1,0,0
3968.62,netbanking,DEV_02483,SG,success,220,3,1,2,3,4,2732.31,home,3968.62,0,0,0,1.4524779399116499,0.3333333333333333,0.6666666666666666,1.0,1,0,0
3608.47,card,DEV_02715,IN,success,665,45,41,2,2,2,955.35,software,3608.47,0,0,0,3.777118333595017,0.9111111111111111,0.044444444444444446,0.044444444444444446,1,0,0
2270.38,upi,DEV_00581,GB,success,883,36,34,0,0,2,3667.73,beauty,2270.38,0,5,1,0.6190150310955278,0.9444444444444444,0.0,0.0,0,0,0
874.45,upi,DEV_02467,SG,success,641,44,35,0,1,4,2535.77,grocery,874.45,0,2,0,0.3448459442299578,0.7954545454545454,0.0,0.022727272727272728,0,0,0
2743.39,netbanking,DEV_00527,SG,success,1829,47,38,0,2,3,2594.27,beauty,2743.39,0,6,1,1.0574805243864362,0.8085106382978723,0.0,0.0425531914893617,0,0,0
860.71,netbanking,DEV_01068,AE,success,1877,39,37,0,0,1,3227.22,beauty,860.71,0,1,0,0.26670323064433166,0.9487179487179487,0.0,0.0,0,0,0
2866.37,wallet,DEV_01869,IN,failed,1193,39,30,0,1,3,1064.61,software,2866.37,0,5,1,2.6924131841707295,0.7692307692307693,0.0,0.02564102564102564,0,0,0
6186.46,upi,DEV_02196,US,success,1439,31,26,0,2,2,792.88,grocery,6186.46,0,0,0,7.802517404903642,0.8387096774193549,0.0,0.06451612903225806,0,0,0
2179.15,upi,DEV_02927,GB,success,816,49,41,1,1,1,3703.37,beauty,2179.15,0,0,0,0.5884235169588781,0.8367346938775511,0.02040816326530612,0.02040816326530612,1,0,0
1692.88,wallet,DEV_00629,GB,failed,228,4,2,0,1,4,4458.84,grocery,1692.88,0,1,0,0.3796682545235981,0.5,0.0,0.25,0,0,0
5689.63,wallet,DEV_00107,SG,success,1793,46,45,0,0,4,2849.99,software,5689.63,0,3,0,1.9963684083102047,0.9782608695652174,0.0,0.0,0,0,0
2238.97,netbanking,DEV_00511,SG,failed,309,19,10,0,3,4,3453.89,software,2238.97,0,3,0,0.6482458908650826,0.5263157894736842,0.0,0.15789473684210525,0,0,0
1619.23,card,DEV_01350,IN,success,1215,2,1,0,2,4,18819.85,beauty,1619.23,0,4,0,0.08603841157076172,0.5,0.0,1.0,0,0,0
25091.8,netbanking,DEV_00600,US,success,229,29,26,1,2,3,5651.3,beauty,25091.8,0,3,0,4.4400049546122125,0.896551724137931,0.034482758620689655,0.06896551724137931,1,0,0
4611.81,card,DEV_01545,US,success,655,37,36,1,1,1,8189.72,electronics,4611.81,0,1,0,0.5631218161304661,0.972972972972973,0.02702702702702703,0.02702702702702703,1,0,0
2526.28,card,DEV_00720,SG,success,1101,29,25,0,1,2,2717.9,home,2526.28,0,0,0,0.9294970381544575,0.8620689655172413,0.0,0.034482758620689655,0,0,0
2140.3,wallet,DEV_00392,SG,success,1438,21,17,0,1,3,2014.89,electronics,2140.3,0,1,0,1.0622416112045818,0.8095238095238095,0.0,0.047619047619047616,0,0,0
2915.51,netbanking,DEV_02489,IN,success,958,5,5,0,2,1,12051.78,software,2915.51,0,1,0,0.24191530213794146,1.0,0.0,0.4,0,0,0
3028.58,netbanking,DEV_01596,US,failed,393,31,30,0,3,3,1254.43,fashion,3028.58,0,0,0,2.414307693534115,0.967741935483871,0.0,0.0967741935483871,0,0,0
6899.41,wallet,DEV_02427,US,success,479,27,26,0,1,2,3047.4,grocery,6899.41,0,6,1,2.2640316335236594,0.9629629629629629,0.0,0.037037037037037035,0,0,0
16677.59,upi,DEV_02694,US,failed,578,10,6,2,0,2,2089.98,travel,16677.59,0,4,0,7.979784495545412,0.6,0.2,0.0,1,0,0
1628.58,netbanking,DEV_00217,GB,success,712,6,4,0,1,2,1664.69,travel,1628.58,0,2,0,0.9783082736125044,0.6666666666666666,0.0,0.16666666666666666,0,0,0
1544.86,wallet,DEV_02895,AE,failed,878,10,2,1,0,1,1584.64,travel,1544.86,0,0,0,0.9748965064620354,0.2,0.1,0.0,1,0,0
511.81,netbanking,DEV_01920,SG,success,1262,46,37,0,0,2,4243.77,travel,511.81,0,6,1,0.12060267168107601,0.8043478260869565,0.0,0.0,0,0,0
2420.99,wallet,DEV_02133,US,success,308,6,1,0,0,4,6723.78,beauty,2420.99,0,4,0,0.36006383314147694,0.16666666666666666,0.0,0.0,0,0,0
2746.17,netbanking,DEV_01666,GB,success,242,27,26,0,1,4,3407.18,home,2746.17,0,2,0,0.8059949870567449,0.9629629629629629,0.0,0.037037037037037035,0,0,0
888.45,card,DEV_00315,US,success,1924,7,1,0,2,3,5784.0,fashion,888.45,0,5,1,0.15360477178423237,0.14285714285714285,0.0,0.2857142857142857,0,0,0
6498.28,card,DEV_00347,GB,failed,516,33,27,0,0,1,2129.3,grocery,6498.28,0,4,0,3.051838632414408,0.8181818181818182,0.0,0.0,0,0,0
1226.77,card,DEV_01737,SG,success,423,15,7,1,2,2,4314.12,home,1226.77,0,1,0,0.28436158474961293,0.4666666666666667,0.06666666666666667,0.13333333333333333,1,0,0
11285.97,wallet,DEV_02040,SG,success,1704,20,14,0,3,3,3493.57,grocery,11285.97,0,3,0,3.230497742996419,0.7,0.0,0.15,0,0,1
2322.1,wallet,DEV_00057,SG,success,1621,29,19,1,0,4,8983.21,grocery,2322.1,0,2,0,0.2584933448065892,0.6551724137931034,0.034482758620689655,0.0,1,0,0
12069.8,wallet,DEV_02878,SG,success,1212,13,4,1,0,1,5549.28,home,12069.8,0,5,1,2.175020903612721,0.3076923076923077,0.07692307692307693,0.0,1,0,0
1298.58,upi,DEV_02709,SG,success,1479,41,31,0,1,2,806.67,beauty,1298.58,0,3,0,1.6098032652757632,0.7560975609756098,0.0,0.024390243902439025,0,0,0
3643.3,wallet,DEV_00691,SG,success,1628,19,14,0,3,3,3776.56,home,3643.3,0,4,0,0.9647139195458301,0.7368421052631579,0.0,0.15789473684210525,0,0,0
2996.86,card,DEV_01504,US,success,701,8,0,1,1,4,3603.58,grocery,2996.86,0,1,0,0.8316340972033367,0.0,0.125,0.125,1,0,1
2658.01,card,DEV_01732,AE,success,1483,41,37,1,2,3,1305.93,electronics,2658.01,0,2,0,2.0353388007014157,0.9024390243902439,0.024390243902439025,0.04878048780487805,1,0,0
8725.33,netbanking,DEV_00464,GB,success,1250,2,2,1,3,2,1919.71,beauty,8725.33,0,1,0,4.545129212224763,1.0,0.5,1.5,1,0,0
3809.96,card,DEV_01189,GB,success,402,32,25,0,1,3,770.03,home,3809.96,0,0,0,4.947807228289807,0.78125,0.0,0.03125,0,0,0
1945.67,netbanking,DEV_00873,IN,failed,1349,15,12,0,1,3,2222.52,fashion,1945.67,0,2,0,0.8754341918182964,0.8,0.0,0.06666666666666667,0,0,0
3354.15,upi,DEV_01249,SG,success,231,49,49,0,3,1,1202.96,software,3354.15,0,4,0,2.7882473232692693,1.0,0.0,0.061224489795918366,0,0,0
3171.36,wallet,DEV_02531,AE,success,461,37,32,1,2,1,6686.83,beauty,3171.36,0,3,0,0.4742695716804525,0.8648648648648649,0.02702702702702703,0.05405405405405406,1,0,0
8362.06,card,DEV_02522,AE,success,1571,22,18,0,2,1,2365.91,travel,8362.06,0,3,0,3.534394799464054,0.8181818181818182,0.0,0.09090909090909091,0,0,0
7779.44,netbanking,DEV_00439,IN,success,1640,33,25,0,2,4,3566.2,home,7779.44,0,1,0,2.181436823509618,0.7575757575757576,0.0,0.06060606060606061,0,0,0
3754.04,wallet,DEV_01453,IN,failed,1088,26,25,0,2,1,2112.51,home,3754.04,0,0,0,1.7770519429493823,0.9615384615384616,0.0,0.07692307692307693,0,0,0
1710.3,wallet,DEV_00810,IN,success,999,8,4,0,0,4,6929.67,beauty,1710.3,0,5,1,0.2468082895722307,0.5,0.0,0.0,0,0,0
2499.9,wallet,DEV_00508,AE,success,1094,47,47,0,2,4,2451.49,software,2499.9,0,4,0,1.0197471741675472,1.0,0.0,0.0425531914893617,0,0,0
1554.13,netbanking,DEV_00927,AE,success,102,45,44,0,1,3,605.29,electronics,1554.13,0,6,1,2.5675791769234584,0.9777777777777777,0.0,0.022222222222222223,0,0,0
12419.42,netbanking,DEV_01493,AE,success,1385,22,21,0,3,2,2496.69,beauty,12419.42,0,0,0,4.974354044755255,0.9545454545454546,0.0,0.13636363636363635,0,0,0
2984.5,card,DEV_01797,AE,success,1067,36,31,0,0,1,9150.36,home,2984.5,0,2,0,0.32616203078348827,0.8611111111111112,0.0,0.0,0,0,0
1877.89,netbanking,DEV_01778,IN,success,1029,15,9,0,0,4,4186.92,home,1877.89,0,3,0,0.4485134657457033,0.6,0.0,0.0,0,0,0
2251.37,card,DEV_00777,GB,success,706,42,33,0,1,4,5326.19,fashion,2251.37,0,6,1,0.42269802616879987,0.7857142857142857,0.0,0.023809523809523808,0,0,0
5908.99,wallet,DEV_01725,GB,success,1817,48,38,0,1,2,5193.79,electronics,5908.99,0,4,0,1.1377029105913024,0.7916666666666666,0.0,0.020833333333333332,0,0,0
7099.91,upi,DEV_01964,GB,failed,645,21,20,1,2,2,9576.4,grocery,7099.91,0,5,1,0.7413965582055888,0.9523809523809523,0.047619047619047616,0.09523809523809523,1,0,0
2250.43,wallet,DEV_02254,AE,success,39,46,39,0,0,2,1844.2,home,2250.43,0,4,0,1.2202743737121786,0.8478260869565217,0.0,0.0,0,0,0
6562.26,netbanking,DEV_01638,SG,failed,463,35,28,0,3,3,5428.83,fashion,6562.26,0,6,1,1.2087797923309442,0.8,0.0,0.08571428571428572,0,0,0
852.56,upi,DEV_00450,IN,success,951,48,43,0,3,3,2247.04,home,852.56,0,2,0,0.37941469666761607,0.8958333333333334,0.0,0.0625,0,0,0
1429.31,upi,DEV_00638,GB,success,83,50,46,0,1,1,2891.5,beauty,1429.31,0,5,1,0.4943143697043057,0.92,0.0,0.02,0,0,0
3409.07,upi,DEV_00214,GB,success,1583,28,26,1,2,1,3190.74,grocery,3409.07,0,0,0,1.068426133122724,0.9285714285714286,0.03571428571428571,0.07142857142857142,1,0,0
1785.55,wallet,DEV_01967,GB,failed,741,18,11,0,0,2,2574.67,grocery,1785.55,0,5,1,0.693506352270388,0.6111111111111112,0.0,0.0,0,0,0
5079.76,card,DEV_01757,US,success,1409,8,6,0,0,3,3833.1,grocery,5079.76,0,0,0,1.325235449114294,0.75,0.0,0.0,0,0,0
3118.73,upi,DEV_01022,GB,success,833,15,14,0,2,3,1737.43,electronics,3118.73,0,3,0,1.7950248355329423,0.9333333333333333,0.0,0.13333333333333333,0,0,0
4250.84,netbanking,DEV_02872,US,failed,1407,48,48,1,0,3,1314.12,software,4250.84,0,5,1,3.234742641463489,1.0,0.020833333333333332,0.0,1,0,0
3718.23,upi,DEV_01942,IN,success,690,27,27,1,0,3,3255.96,electronics,3718.23,0,0,0,1.1419765599085985,1.0,0.037037037037037035,0.0,1,0,0
2656.41,upi,DEV_02422,US,success,1940,3,3,1,2,3,2507.06,home,2656.41,0,5,1,1.0595717693234306,1.0,0.3333333333333333,0.6666666666666666,1,0,0
2578.91,upi,DEV_01644,IN,success,1368,42,32,0,1,1,3094.29,travel,2578.91,0,3,0,0.8334415972646391,0.7619047619047619,0.0,0.023809523809523808,0,0,0
5094.64,upi,DEV_01747,IN,success,1690,22,13,0,0,2,6368.6,beauty,5094.64,0,6,1,0.7999623151085011,0.5909090909090909,0.0,0.0,0,0,0
4537.89,card,DEV_00209,AE,success,944,45,37,3,0,1,1473.14,fashion,4537.89,0,2,0,3.080420055120355,0.8222222222222222,0.06666666666666667,0.0,1,0,1
3307.87,upi,DEV_00909,GB,failed,842,16,14,0,1,3,7008.4,grocery,3307.87,0,0,0,0.47198647337480737,0.875,0.0,0.0625,0,0,0
5096.55,card,DEV_02089,AE,success,203,41,38,0,3,2,2918.47,software,5096.55,0,6,1,1.746308853611653,0.926829268292683,0.0,0.07317073170731707,0,0,0
2120.1,netbanking,DEV_00451,GB,success,1851,28,23,1,0,3,13735.72,beauty,2120.1,0,5,1,0.15434938976624452,0.8214285714285714,0.03571428571428571,0.0,1,0,0
14056.85,netbanking,DEV_02915,AE,success,1625,45,35,1,1,3,5988.33,fashion,14056.85,0,3,0,2.3473739757161014,0.7777777777777778,0.022222222222222223,0.022222222222222223,1,0,0
1493.11,card,DEV_00745,IN,success,1202,35,27,0,3,2,8713.75,home,1493.11,0,3,0,0.17135102567780805,0.7714285714285715,0.0,0.08571428571428572,0,0,0
867.81,netbanking,DEV_00869,GB,success,546,14,11,2,1,3,6904.39,travel,867.81,0,4,0,0.12568959748797504,0.7857142857142857,0.14285714285714285,0.07142857142857142,1,0,0
1756.85,card,DEV_01765,US,failed,596,35,30,0,2,4,4548.5,fashion,1756.85,0,4,0,0.3862482136968231,0.8571428571428571,0.0,0.05714285714285714,0,0,0
3246.38,netbanking,DEV_01370,GB,success,146,33,24,0,2,2,2962.62,fashion,3246.38,0,3,0,1.0957800865450176,0.7272727272727273,0.0,0.06060606060606061,0,0,0
2529.21,card,DEV_02798,SG,success,204,34,30,0,3,2,4903.63,software,2529.21,0,4,0,0.5157832055028622,0.8823529411764706,0.0,0.08823529411764706,0,0,0
6259.65,netbanking,DEV_01477,GB,success,531,36,30,0,2,2,6730.22,fashion,6259.65,0,4,0,0.9300810374698003,0.8333333333333334,0.0,0.05555555555555555,0,0,0
5672.79,upi,DEV_02664,GB,failed,1124,22,13,0,4,4,2338.79,beauty,5672.79,0,0,0,2.4255234544358406,0.5909090909090909,0.0,0.18181818181818182,0,0,0
3977.63,card,DEV_00436,US,success,450,47,37,0,1,4,3702.67,software,3977.63,0,3,0,1.0742599259453314,0.7872340425531915,0.0,0.02127659574468085,0,0,0
589.5,card,DEV_02403,US,failed,977,16,7,0,1,4,737.69,fashion,589.5,0,3,0,0.7991161599045669,0.4375,0.0,0.0625,0,0,0
4199.93,card,DEV_00307,SG,success,1253,25,17,0,2,2,1273.95,travel,4199.93,0,0,0,3.29677773852977,0.68,0.0,0.08,0,0,0
5446.05,netbanking,DEV_02972,AE,success,1700,2,1,0,1,3,7840.19,home,5446.05,0,1,0,0.6946324004902943,0.5,0.0,0.5,0,0,0
4660.79,upi,DEV_00180,US,failed,148,16,7,0,1,4,6010.59,travel,4660.79,0,3,0,0.7754296999129869,0.4375,0.0,0.0625,0,0,0
5500.34,netbanking,DEV_02296,GB,failed,215,11,11,1,4,3,801.35,electronics,5500.34,0,5,1,6.863842266175828,1.0,0.09090909090909091,0.36363636363636365,1,0,0
26795.36,card,DEV_01787,IN,failed,1598,50,48,0,2,4,1467.81,beauty,26795.36,0,0,0,18.25533277467792,0.96,0.0,0.04,0,0,0
3629.41,card,DEV_00684,SG,success,410,44,43,0,3,4,1655.19,electronics,3629.41,0,3,0,2.1927452437484516,0.9772727272727273,0.0,0.06818181818181818,0,0,0
1636.3,netbanking,DEV_00187,SG,success,541,10,5,0,2,2,2993.95,fashion,1636.3,0,4,0,0.5465355132851251,0.5,0.0,0.2,0,0,0
1767.31,wallet,DEV_02028,SG,success,1235,43,40,0,1,4,2320.2,software,1767.31,0,1,0,0.761705887423498,0.9302325581395349,0.0,0.023255813953488372,0,0,1
6390.14,upi,DEV_01794,SG,failed,181,29,24,0,4,3,1819.82,grocery,6390.14,0,3,0,3.511413216691761,0.8275862068965517,0.0,0.13793103448275862,0,0,0
1248.66,wallet,DEV_02488,GB,success,970,46,41,0,0,1,4575.15,beauty,1248.66,0,6,1,0.27292219927215505,0.8913043478260869,0.0,0.0,0,0,0
3743.92,card,DEV_00656,SG,success,1615,10,9,0,4,1,5276.49,home,3743.92,0,2,0,0.7095474453661431,0.9,0.0,0.4,0,0,0
2072.42,wallet,DEV_02064,SG,success,1796,49,47,0,1,2,1840.19,home,2072.42,0,6,1,1.126198925110994,0.9591836734693877,0.0,0.02040816326530612,0,0,0
990.5,upi,DEV_01214,GB,success,1703,16,7,0,6,4,9553.02,grocery,990.5,0,4,0,0.1036844893028592,0.4375,0.0,0.375,0,0,0
16682.07,upi,DEV_00918,IN,success,205,50,49,0,2,3,2547.02,fashion,16682.07,0,6,1,6.549642327111683,0.98,0.0,0.04,0,0,0
2773.06,netbanking,DEV_00161,US,success,800,27,24,0,4,3,4598.14,home,2773.06,0,5,1,0.6030829857290121,0.8888888888888888,0.0,0.14814814814814814,0,0,0
1716.7,upi,DEV_01108,IN,success,1696,44,38,0,2,1,2190.3,software,1716.7,0,6,1,0.7837739122494635,0.8636363636363636,0.0,0.045454545454545456,0,0,1
1341.25,upi,DEV_02190,IN,success,470,21,13,0,2,1,3843.66,fashion,1341.25,0,3,0,0.34895125999698207,0.6190476190476191,0.0,0.09523809523809523,0,0,0
6698.33,netbanking,DEV_01330,IN,success,592,1,0,1,3,4,1408.93,software,6698.33,0,1,0,4.754196446949103,0.0,1.0,3.0,1,0,0
2142.87,upi,DEV_01673,SG,success,1252,25,24,1,0,4,13568.95,grocery,2142.87,0,1,0,0.15792452621610367,0.96,0.04,0.0,1,0,0
19708.94,card,DEV_02564,IN,success,1412,31,28,0,1,2,5051.26,electronics,19708.94,0,3,0,3.9017868808970433,0.9032258064516129,0.0,0.03225806451612903,0,0,0
5822.66,upi,DEV_02993,GB,success,949,12,12,1,2,1,4169.93,software,5822.66,0,6,1,1.3963447827661375,1.0,0.08333333333333333,0.16666666666666666,1,0,0
1254.57,card,DEV_02202,SG,failed,1569,16,16,2,4,3,2729.71,software,1254.57,0,2,0,0.4595982723439486,1.0,0.125,0.25,1,0,0
2736.94,netbanking,DEV_02566,SG,success,932,3,0,1,2,3,2523.22,electronics,2736.94,0,4,0,1.084701294377819,0.0,0.3333333333333333,0.6666666666666666,1,0,0
3153.61,wallet,DEV_00904,GB,success,840,2,2,1,0,2,1502.42,beauty,3153.61,0,1,0,2.0990202473343005,1.0,0.5,0.0,1,0,0
10734.94,wallet,DEV_00638,AE,failed,1154,9,4,1,0,4,2380.0,fashion,10734.94,0,6,1,4.510478991596639,0.4444444444444444,0.1111111111111111,0.0,1,0,0
4554.68,netbanking,DEV_00608,AE,failed,1256,21,18,0,2,1,1506.77,beauty,4554.68,0,5,1,3.0228103824737684,0.8571428571428571,0.0,0.09523809523809523,0,0,1
1020.01,upi,DEV_01882,US,success,1696,44,38,0,2,1,2190.3,fashion,1020.01,0,1,0,0.465694197141944,0.8636363636363636,0.0,0.045454545454545456,0,0,0
1953.97,upi,DEV_02334,AE,success,1426,16,16,0,1,1,1379.01,fashion,1953.97,0,0,0,1.4169367879855839,1.0,0.0,0.0625,0,0,0
4871.26,netbanking,DEV_00087,GB,success,1093,30,22,0,1,2,4449.02,home,4871.26,0,2,0,1.0949062939703575,0.7333333333333333,0.0,0.03333333333333333,0,0,0
7400.95,wallet,DEV_02816,SG,success,1721,47,42,0,3,2,1818.71,electronics,7400.95,0,2,0,4.0693403566264,0.8936170212765957,0.0,0.06382978723404255,0,0,0
9289.22,upi,DEV_00296,AE,failed,1580,27,17,0,1,1,7639.01,travel,9289.22,0,2,0,1.216024065945718,0.6296296296296297,0.0,0.037037037037037035,0,0,0
3870.38,wallet,DEV_00411,SG,success,130,24,17,0,0,1,2751.24,travel,3870.38,0,3,0,1.4067765807417747,0.7083333333333334,0.0,0.0,0,0,0
4329.18,card,DEV_01548,AE,success,1409,42,42,2,2,1,7236.1,electronics,4329.18,0,1,0,0.5982753140503863,1.0,0.047619047619047616,0.047619047619047616,1,0,0
5266.36,card,DEV_02640,IN,success,1737,22,22,0,4,4,5108.68,beauty,5266.36,0,1,0,1.030865115842057,1.0,0.0,0.18181818181818182,0,0,0
3233.1,card,DEV_01097,US,success,959,24,24,0,1,4,10702.22,grocery,3233.1,0,2,0,0.30209620060137055,1.0,0.0,0.041666666666666664,0,0,0
2905.12,card,DEV_00436,SG,success,311,7,3,1,2,2,11044.37,software,2905.12,0,2,0,0.2630408072167086,0.42857142857142855,0.14285714285714285,0.2857142857142857,1,0,0
16901.66,card,DEV_00829,US,failed,847,43,43,0,2,3,6249.12,beauty,16901.66,0,6,1,2.7046464142151216,1.0,0.0,0.046511627906976744,0,0,1
2639.57,upi,DEV_01260,GB,success,537,18,18,1,2,1,1997.75,grocery,2639.57,0,6,1,1.3212714303591542,1.0,0.05555555555555555,0.1111111111111111,1,0,0
1407.53,upi,DEV_00229,SG,success,776,3,2,0,2,2,2867.27,software,1407.53,0,5,1,0.49089552082643073,0.6666666666666666,0.0,0.6666666666666666,0,0,0
610.45,card,DEV_00087,IN,success,205,50,49,0,2,3,2547.02,home,610.45,0,1,0,0.2396722444268204,0.98,0.0,0.04,0,0,0
7992.77,card,DEV_02096,AE,success,501,50,41,0,3,3,2015.42,travel,7992.77,0,4,0,3.965808615573925,0.82,0.0,0.06,0,0,0
1223.09,upi,DEV_00099,US,failed,207,26,26,0,1,1,5407.02,beauty,1223.09,0,0,0,0.2262040828404555,1.0,0.0,0.038461538461538464,0,0,0
2113.18,upi,DEV_01448,GB,failed,1684,36,27,0,1,1,1199.75,fashion,2113.18,0,4,0,1.7613502813086057,0.75,0.0,0.027777777777777776,0,0,0
6494.94,card,DEV_02015,US,success,1981,47,44,0,0,2,11361.59,home,6494.94,0,3,0,0.5716576641121532,0.9361702127659575,0.0,0.0,0,0,0
4260.54,card,DEV_01155,GB,success,221,14,7,0,1,1,8316.15,home,4260.54,0,1,0,0.5123212063274473,0.5,0.0,0.07142857142857142,0,0,0
33091.93,card,DEV_01477,IN,success,1688,45,36,0,1,4,985.86,beauty,33091.93,0,0,0,33.566561175014705,0.8,0.0,0.022222222222222223,0,0,0
3798.59,upi,DEV_01756,SG,success,76,37,31,0,2,2,11994.15,home,3798.59,0,4,0,0.31670355965199704,0.8378378378378378,0.0,0.05405405405405406,0,0,0
9523.06,wallet,DEV_00616,GB,success,418,34,34,0,1,4,1620.7,electronics,9523.06,0,1,0,5.875893132597025,1.0,0.0,0.029411764705882353,0,0,0
2646.43,netbanking,DEV_00426,GB,success,596,35,30,0,2,4,4548.5,home,2646.43,0,4,0,0.5818247773991425,0.8571428571428571,0.0,0.05714285714285714,0,0,0
5407.45,netbanking,DEV_02914,IN,success,1044,16,7,0,0,1,2045.54,fashion,5407.45,0,1,0,2.643531781338913,0.4375,0.0,0.0,0,0,0
3745.3,upi,DEV_02687,US,success,982,29,26,0,0,2,4499.99,fashion,3745.3,0,0,0,0.8322907384238633,0.896551724137931,0.0,0.0,0,0,0
14082.75,wallet,DEV_01830,AE,success,1272,31,28,1,2,2,1079.6,software,14082.75,0,1,0,13.04441459799926,0.9032258064516129,0.03225806451612903,0.06451612903225806,1,0,1
3366.86,card,DEV_02367,AE,success,1896,41,41,0,1,3,2839.14,travel,3366.86,0,0,0,1.1858731869509782,1.0,0.0,0.024390243902439025,0,0,0
4707.74,upi,DEV_00371,GB,success,526,5,2,0,0,4,2076.36,software,4707.74,0,0,0,2.267304321023329,0.4,0.0,0.0,0,0,0
4423.34,wallet,DEV_01445,GB,failed,1381,31,29,0,4,2,2707.85,fashion,4423.34,0,3,0,1.6335247521096075,0.9354838709677419,0.0,0.12903225806451613,0,0,0
899.83,wallet,DEV_02841,AE,success,80,12,7,0,1,4,3103.33,electronics,899.83,0,3,0,0.28995627277795144,0.5833333333333334,0.0,0.08333333333333333,0,0,0
23312.17,upi,DEV_02679,US,failed,252,39,35,0,2,3,1867.06,electronics,23312.17,0,3,0,12.486031514787955,0.8974358974358975,0.0,0.05128205128205128,0,0,0
5086.03,wallet,DEV_02207,SG,success,955,18,11,1,0,2,13029.65,beauty,5086.03,0,3,0,0.390342795086591,0.6111111111111112,0.05555555555555555,0.0,1,0,0
14268.51,wallet,DEV_00343,SG,failed,1063,22,22,1,2,2,2906.13,software,14268.51,0,4,0,4.909797565834976,1.0,0.045454545454545456,0.09090909090909091,1,0,0
2367.27,upi,DEV_02880,IN,success,491,10,5,0,1,4,2390.63,beauty,2367.27,0,0,0,0.9902285171691144,0.5,0.0,0.1,0,0,0
1993.98,card,DEV_00833,IN,failed,1573,25,21,1,1,2,2493.96,fashion,1993.98,0,4,0,0.7995236491363134,0.84,0.04,0.04,1,0,0
4180.08,upi,DEV_00452,IN,success,1235,43,40,0,1,4,2320.2,electronics,4180.08,0,1,0,1.8016033100594777,0.9302325581395349,0.0,0.023255813953488372,0,0,0
16722.37,upi,DEV_01208,AE,failed,1537,42,35,0,1,3,2816.88,software,16722.37,0,4,0,5.936486467297151,0.8333333333333334,0.0,0.023809523809523808,0,0,0
8791.62,upi,DEV_00864,US,success,897,27,24,0,2,1,1886.86,software,8791.62,0,3,0,4.659391793773784,0.8888888888888888,0.0,0.07407407407407407,0,0,0
1439.93,card,DEV_02850,US,success,1811,13,9,1,0,2,3152.47,fashion,1439.93,0,1,0,0.45676247513854223,0.6923076923076923,0.07692307692307693,0.0,1,0,0
2691.8,wallet,DEV_01523,IN,success,1209,16,11,0,0,4,4849.55,beauty,2691.8,0,0,0,0.5550618098586467,0.6875,0.0,0.0,0,0,0
5854.5,card,DEV_01954,SG,success,1907,23,17,0,0,4,634.98,fashion,5854.5,0,1,0,9.21997543229708,0.7391304347826086,0.0,0.0,0,0,0
2665.12,card,DEV_00602,GB,success,1372,6,5,1,1,1,4410.71,fashion,2665.12,0,4,0,0.6042383199076792,0.8333333333333334,0.16666666666666666,0.16666666666666666,1,0,0
4736.94,upi,DEV_00316,IN,failed,443,43,41,0,1,3,2300.92,software,4736.94,0,1,0,2.0587156441771115,0.9534883720930233,0.0,0.023255813953488372,0,0,0
1777.05,upi,DEV_00748,AE,success,1338,28,22,0,1,4,2866.83,electronics,1777.05,0,4,0,0.6198658448530259,0.7857142857142857,0.0,0.03571428571428571,0,0,0
1581.82,netbanking,DEV_01926,AE,success,396,3,3,1,2,2,2284.07,beauty,1581.82,0,5,1,0.6925444491631166,1.0,0.3333333333333333,0.6666666666666666,1,0,0
3473.01,wallet,DEV_02642,IN,success,1092,14,12,0,2,3,2946.65,beauty,3473.01,0,6,1,1.178629969626525,0.8571428571428571,0.0,0.14285714285714285,0,0,1
2650.6,upi,DEV_00246,IN,success,410,44,43,0,3,4,1655.19,software,2650.6,0,3,0,1.6013871519281773,0.9772727272727273,0.0,0.06818181818181818,0,0,0
31738.51,upi,DEV_00045,AE,failed,734,2,1,1,0,1,1893.51,grocery,31738.51,0,6,1,16.76173350021917,0.5,0.5,0.0,1,0,0
1633.04,wallet,DEV_02270,GB,success,658,11,7,0,1,3,2044.3,travel,1633.04,0,2,0,0.798826004011153,0.6363636363636364,0.0,0.09090909090909091,0,0,1
2828.41,upi,DEV_01736,US,success,263,44,39,1,1,3,6018.44,electronics,2828.41,0,2,0,0.46995733113564314,0.8863636363636364,0.022727272727272728,0.022727272727272728,1,0,0
4218.34,wallet,DEV_00513,US,success,251,44,37,0,1,4,5454.36,fashion,4218.34,0,0,0,0.773388628546704,0.8409090909090909,0.0,0.022727272727272728,0,0,0
4097.35,upi,DEV_01607,US,success,905,26,16,0,3,4,2169.55,electronics,4097.35,0,3,0,1.8885713627249892,0.6153846153846154,0.0,0.11538461538461539,0,0,0
2342.63,wallet,DEV_01956,GB,failed,586,22,17,0,2,1,2462.9,travel,2342.63,0,2,0,0.9511673230744244,0.7727272727272727,0.0,0.09090909090909091,0,0,0
1848.81,wallet,DEV_00676,IN,success,712,50,42,0,0,1,903.78,software,1848.81,0,5,1,2.0456416384518357,0.84,0.0,0.0,0,0,0
3612.85,wallet,DEV_00798,GB,success,179,46,41,0,0,2,5893.09,travel,3612.85,0,2,0,0.6130654715946982,0.8913043478260869,0.0,0.0,0,0,0
9579.51,card,DEV_01486,SG,success,1061,19,12,0,4,3,9817.16,beauty,9579.51,0,6,1,0.9757923880226054,0.631578947368421,0.0,0.21052631578947367,0,0,1
9308.22,card,DEV_00982,GB,success,1768,48,42,0,2,1,3370.7,grocery,9308.22,0,2,0,2.761509478743288,0.875,0.0,0.041666666666666664,0,0,0
7119.85,card,DEV_00868,SG,success,582,13,8,1,3,2,4570.41,electronics,7119.85,0,5,1,1.5578142879960442,0.6153846153846154,0.07692307692307693,0.23076923076923078,1,0,0
3726.84,upi,DEV_02260,US,success,1305,49,43,2,1,1,2254.09,electronics,3726.84,0,5,1,1.6533678779463108,0.8775510204081632,0.04081632653061224,0.02040816326530612,1,0,0
1112.61,upi,DEV_01103,IN,success,1506,29,19,0,2,4,1808.72,beauty,1112.61,0,1,0,0.6151366712371179,0.6551724137931034,0.0,0.06896551724137931,0,0,0
2275.99,wallet,DEV_00188,IN,success,386,46,44,0,1,3,1810.97,electronics,2275.99,0,6,1,1.2567795159500157,0.9565217391304348,0.0,0.021739130434782608,0,0,0
1536.25,netbanking,DEV_00035,GB,success,1366,9,9,2,2,2,2503.49,grocery,1536.25,0,6,1,0.6136433538779864,1.0,0.2222222222222222,0.2222222222222222,1,0,0
6341.27,wallet,DEV_02049,US,failed,1128,8,7,0,0,3,14795.49,travel,6341.27,0,6,1,0.4285947947651616,0.875,0.0,0.0,0,0,0
1816.13,netbanking,DEV_00531,IN,failed,1827,31,28,0,0,4,1174.39,fashion,1816.13,0,3,0,1.5464453886698626,0.9032258064516129,0.0,0.0,0,0,0
3537.6,card,DEV_02057,US,failed,1841,42,39,2,1,2,3109.33,travel,3537.6,0,2,0,1.137737068757578,0.9285714285714286,0.047619047619047616,0.023809523809523808,1,0,0
6850.12,wallet,DEV_02402,IN,success,566,50,44,0,2,4,2009.04,travel,6850.12,0,0,0,3.4096483892804526,0.88,0.0,0.04,0,0,0
2228.98,upi,DEV_02796,AE,success,1177,41,34,0,1,1,9275.7,software,2228.98,0,2,0,0.2403031577131645,0.8292682926829268,0.0,0.024390243902439025,0,0,0
7241.8,upi,DEV_00884,US,success,278,13,5,0,2,2,1242.29,grocery,7241.8,0,3,0,5.829395712756281,0.38461538461538464,0.0,0.15384615384615385,0,0,0
6037.43,netbanking,DEV_01833,US,success,1310,21,17,1,1,4,5935.74,beauty,6037.43,0,5,1,1.0171318150727626,0.8095238095238095,0.047619047619047616,0.047619047619047616,1,0,0
8451.24,netbanking,DEV_02554,AE,failed,410,44,43,0,3,4,1655.19,home,8451.24,0,6,1,5.10590324977797,0.9772727272727273,0.0,0.06818181818181818,0,0,0
3223.37,upi,DEV_00856,SG,success,1470,45,40,1,2,2,1395.56,beauty,3223.37,0,4,0,2.309732293846198,0.8888888888888888,0.022222222222222223,0.044444444444444446,1,0,0
3436.74,upi,DEV_02323,AE,success,1048,2,0,1,1,4,1450.18,home,3436.74,0,6,1,2.369871326318112,0.0,0.5,0.5,1,0,0
3378.45,upi,DEV_01268,SG,success,1190,25,25,1,2,3,2617.32,fashion,3378.45,0,1,0,1.2908050983448718,1.0,0.04,0.08,1,0,0
879.07,wallet,DEV_00386,AE,success,1273,28,20,0,0,1,612.22,electronics,879.07,0,6,1,1.4358727254908366,0.7142857142857143,0.0,0.0,0,0,0
1439.54,netbanking,DEV_00662,IN,success,1851,38,31,1,1,2,1038.4,travel,1439.54,0,4,0,1.3863058551617873,0.8157894736842105,0.02631578947368421,0.02631578947368421,1,0,0
3578.64,netbanking,DEV_00366,IN,failed,161,17,10,0,0,3,725.18,grocery,3578.64,0,6,1,4.934829973248021,0.5882352941176471,0.0,0.0,0,0,0
1628.6,netbanking,DEV_01939,GB,failed,1680,1,0,1,1,4,1416.93,fashion,1628.6,0,2,0,1.1493863493609422,0.0,1.0,1.0,1,0,1
19863.76,upi,DEV_00508,SG,success,1811,7,7,0,2,1,1019.47,travel,19863.76,0,1,0,19.484398756216464,1.0,0.0,0.2857142857142857,0,0,0
1664.98,netbanking,DEV_01175,AE,success,1851,38,31,1,1,2,1038.4,travel,1664.98,0,2,0,1.6034090909090908,0.8157894736842105,0.02631578947368421,0.02631578947368421,1,0,0
14717.99,wallet,DEV_01503,SG,success,439,8,2,0,4,1,973.9,software,14717.99,0,2,0,15.112424273539379,0.25,0.0,0.5,0,0,0
2472.38,netbanking,DEV_00342,AE,failed,1405,5,2,0,2,1,638.51,software,2472.38,0,6,1,3.8721085026076336,0.4,0.0,0.4,0,0,0
1833.6,netbanking,DEV_02796,IN,success,495,48,39,0,4,4,4229.11,beauty,1833.6,0,0,0,0.43356640049561257,0.8125,0.0,0.08333333333333333,0,0,0
2493.95,upi,DEV_02867,SG,success,184,41,32,0,0,4,1152.0,fashion,2493.95,0,5,1,2.1648871527777778,0.7804878048780488,0.0,0.0,0,0,1
1448.41,card,DEV_01191,AE,failed,950,38,34,0,1,4,702.42,software,1448.41,0,1,0,2.0620284160473794,0.8947368421052632,0.0,0.02631578947368421,0,0,0
7917.87,card,DEV_00914,AE,failed,359,12,5,0,2,3,2103.64,grocery,7917.87,0,2,0,3.76389020935141,0.4166666666666667,0.0,0.16666666666666666,0,0,0
4022.77,card,DEV_01430,AE,failed,1447,43,38,0,1,3,6663.47,travel,4022.77,0,3,0,0.6037049765362491,0.8837209302325582,0.0,0.023255813953488372,0,0,0
4894.29,card,DEV_00352,US,success,1137,29,19,0,1,2,3010.33,fashion,4894.29,0,1,0,1.6258317194460408,0.6551724137931034,0.0,0.034482758620689655,0,0,0
1793.15,wallet,DEV_01775,US,success,1760,24,20,0,1,4,4995.73,travel,1793.15,0,0,0,0.35893653179815566,0.8333333333333334,0.0,0.041666666666666664,0,0,0
4562.53,card,DEV_01300,GB,failed,617,14,10,0,3,3,1966.16,beauty,4562.53,0,3,0,2.3205283395044143,0.7142857142857143,0.0,0.21428571428571427,0,0,0
6145.93,upi,DEV_02877,AE,success,1159,46,42,0,0,1,3348.48,fashion,6145.93,0,4,0,1.8354387662461775,0.9130434782608695,0.0,0.0,0,0,0
3274.28,wallet,DEV_00157,SG,failed,1816,35,25,0,1,1,977.41,fashion,3274.28,0,0,0,3.349955494623546,0.7142857142857143,0.0,0.02857142857142857,0,0,0
2682.93,upi,DEV_02623,US,success,1142,35,31,0,1,1,3474.0,grocery,2682.93,0,0,0,0.7722884283246977,0.8857142857142857,0.0,0.02857142857142857,0,0,0
1395.42,wallet,DEV_00256,GB,failed,552,42,41,2,1,4,5247.16,grocery,1395.42,0,2,0,0.26593814558732726,0.9761904761904762,0.047619047619047616,0.023809523809523808,1,0,0
4676.82,wallet,DEV_00875,IN,success,1739,6,3,0,4,1,13476.03,travel,4676.82,0,1,0,0.3470473128955634,0.5,0.0,0.6666666666666666,0,0,0
950.34,wallet,DEV_01106,GB,success,749,15,9,0,1,3,4689.59,software,950.34,0,4,0,0.20264884563469301,0.6,0.0,0.06666666666666667,0,0,0
9535.0,card,DEV_00581,IN,failed,1471,41,31,2,1,1,2772.7,home,9535.0,0,3,0,3.4388862841273853,0.7560975609756098,0.04878048780487805,0.024390243902439025,1,0,0
9243.11,card,DEV_01222,AE,failed,1266,12,11,0,2,2,2782.67,fashion,9243.11,0,2,0,3.321669475719363,0.9166666666666666,0.0,0.16666666666666666,0,0,0
3939.87,upi,DEV_02743,GB,success,1213,32,25,0,1,3,6094.47,fashion,3939.87,0,1,0,0.6464663867407666,0.78125,0.0,0.03125,0,0,0
3092.02,card,DEV_01756,GB,success,790,50,41,0,2,2,5182.33,electronics,3092.02,0,6,1,0.5966466820908742,0.82,0.0,0.04,0,0,0
1719.69,upi,DEV_00814,GB,failed,1793,46,45,0,0,4,2849.99,electronics,1719.69,0,5,1,0.6034021172004113,0.9782608695652174,0.0,0.0,0,0,0
9904.37,wallet,DEV_02194,US,failed,1191,35,30,0,1,3,3349.43,grocery,9904.37,0,6,1,2.957031494911075,0.8571428571428571,0.0,0.02857142857142857,0,0,0
3102.64,netbanking,DEV_02839,SG,success,1737,35,29,0,1,1,5904.18,beauty,3102.64,0,4,0,0.5254988838416172,0.8285714285714286,0.0,0.02857142857142857,0,0,0
4427.79,upi,DEV_00319,SG,success,230,28,21,0,3,1,1836.27,software,4427.79,0,6,1,2.4112957244849613,0.75,0.0,0.10714285714285714,0,0,0
7240.36,netbanking,DEV_02721,GB,success,1177,41,34,0,1,1,9275.7,beauty,7240.36,0,6,1,0.7805728947680498,0.8292682926829268,0.0,0.024390243902439025,0,0,0
3614.56,wallet,DEV_00605,AE,success,918,44,36,2,1,3,4513.24,home,3614.56,0,0,0,0.8008791910024727,0.8181818181818182,0.045454545454545456,0.022727272727272728,1,0,1
6325.38,card,DEV_02761,AE,success,1696,49,47,0,2,1,3577.69,electronics,6325.38,0,0,0,1.7680067305999123,0.9591836734693877,0.0,0.04081632653061224,0,0,0
22765.66,wallet,DEV_00515,AE,success,1573,25,21,1,1,2,2493.96,software,22765.66,0,5,1,9.128318016327446,0.84,0.04,0.04,1,0,0
22411.77,card,DEV_00896,US,success,1306,12,9,0,1,4,5245.27,software,22411.77,0,5,1,4.272758123032751,0.75,0.0,0.08333333333333333,0,0,0
7952.92,wallet,DEV_00886,GB,success,100,40,39,3,2,2,1789.95,fashion,7952.92,0,0,0,4.443096175870834,0.975,0.075,0.05,1,0,0
17077.71,card,DEV_01517,GB,success,1248,8,4,0,0,3,2555.46,beauty,17077.71,0,0,0,6.6828320537202694,0.5,0.0,0.0,0,0,0
3347.72,netbanking,DEV_02057,IN,failed,402,32,25,0,1,3,770.03,electronics,3347.72,0,0,0,4.34751892783398,0.78125,0.0,0.03125,0,0,0
3051.78,wallet,DEV_01696,AE,success,1628,19,14,0,3,3,3776.56,travel,3051.78,0,2,0,0.8080846060965535,0.7368421052631579,0.0,0.15789473684210525,0,0,0
4331.85,wallet,DEV_02143,GB,success,850,38,34,0,1,2,2847.39,travel,4331.85,0,4,0,1.5213405961248725,0.8947368421052632,0.0,0.02631578947368421,0,0,0
4166.76,wallet,DEV_01755,GB,success,615,35,25,0,0,1,8640.69,electronics,4166.76,0,6,1,0.48222537783440905,0.7142857142857143,0.0,0.0,0,0,0
4339.88,wallet,DEV_01563,GB,failed,300,25,24,1,2,4,935.65,electronics,4339.88,0,2,0,4.638358360498049,0.96,0.04,0.08,1,0,1
2916.13,netbanking,DEV_02876,SG,success,1638,49,40,0,0,2,5827.18,travel,2916.13,0,5,1,0.5004358883713906,0.8163265306122449,0.0,0.0,0,0,0
1332.22,card,DEV_00426,IN,success,402,32,25,0,1,3,770.03,travel,1332.22,0,1,0,1.730088438112801,0.78125,0.0,0.03125,0,0,0
4131.69,wallet,DEV_00425,AE,success,1885,50,45,0,0,3,3760.8,software,4131.69,0,5,1,1.0986199744735161,0.9,0.0,0.0,0,0,1
3185.15,wallet,DEV_02062,SG,success,1649,19,18,2,3,2,2744.87,home,3185.15,0,6,1,1.1604010390291708,0.9473684210526315,0.10526315789473684,0.15789473684210525,1,0,0
3051.78,netbanking,DEV_01723,US,failed,168,3,2,0,2,1,8886.3,software,3051.78,0,4,0,0.3434252726106479,0.6666666666666666,0.0,0.6666666666666666,0,0,0
1988.85,wallet,DEV_00469,US,failed,176,4,1,0,1,3,10492.13,electronics,1988.85,0,5,1,0.18955636272139215,0.25,0.0,0.25,0,0,0
2038.06,card,DEV_01437,AE,failed,54,19,16,1,1,4,660.48,beauty,2038.06,0,3,0,3.0857255329457365,0.8421052631578947,0.05263157894736842,0.05263157894736842,1,0,1
4885.4,card,DEV_01535,US,success,1044,3,1,1,1,3,1326.47,electronics,4885.4,0,6,1,3.683008285147798,0.3333333333333333,0.3333333333333333,0.3333333333333333,1,0,1
3932.61,netbanking,DEV_02698,GB,failed,516,33,27,0,0,1,2129.3,home,3932.61,0,4,0,1.8469027379890104,0.8181818181818182,0.0,0.0,0,0,1
2251.22,upi,DEV_00018,AE,success,1197,44,38,0,2,4,4143.67,travel,2251.22,0,4,0,0.5432913335280077,0.8636363636363636,0.0,0.045454545454545456,0,0,0
5345.49,card,DEV_00629,GB,success,105,48,40,1,2,4,2020.9,fashion,5345.49,0,1,0,2.645103666683161,0.8333333333333334,0.020833333333333332,0.041666666666666664,1,0,0
1425.47,netbanking,DEV_00699,SG,success,1941,20,18,1,4,4,3436.85,software,1425.47,0,1,0,0.41476060927884545,0.9,0.05,0.2,1,0,0
1318.09,wallet,DEV_00790,SG,failed,805,36,32,0,1,1,1631.16,beauty,1318.09,0,6,1,0.8080691041957869,0.8888888888888888,0.0,0.027777777777777776,0,0,0
4757.93,card,DEV_02367,AE,failed,232,3,3,2,1,4,2076.02,grocery,4757.93,0,0,0,2.2918517162647762,1.0,0.6666666666666666,0.3333333333333333,1,0,0
1512.32,upi,DEV_01652,GB,success,1652,20,18,1,1,4,2672.92,grocery,1512.32,0,2,0,0.5657932149110336,0.9,0.05,0.05,1,0,0
2423.66,wallet,DEV_00947,IN,success,1282,2,2,0,1,2,7186.47,grocery,2423.66,0,2,0,0.3372531994150118,1.0,0.0,0.5,0,0,1
21059.92,card,DEV_02587,SG,failed,217,15,12,1,1,3,2731.94,travel,21059.92,0,0,0,7.708778377270364,0.8,0.06666666666666667,0.06666666666666667,1,0,0
2181.75,netbanking,DEV_02265,US,success,1456,47,45,1,2,4,1866.01,grocery,2181.75,0,1,0,1.1692059528083987,0.9574468085106383,0.02127659574468085,0.0425531914893617,1,0,0
2686.59,card,DEV_00383,IN,success,1360,18,11,0,0,1,4600.63,electronics,2686.59,0,2,0,0.5839613270356452,0.6111111111111112,0.0,0.0,0,0,0
14039.96,upi,DEV_00114,SG,success,480,19,18,0,3,2,3200.96,fashion,14039.96,0,2,0,4.386171648505448,0.9473684210526315,0.0,0.15789473684210525,0,0,0
2498.15,wallet,DEV_00104,US,success,1852,33,31,0,1,2,1790.55,software,2498.15,0,0,0,1.3951858367540702,0.9393939393939394,0.0,0.030303030303030304,0,0,1
1438.57,upi,DEV_00982,US,success,48,50,46,1,3,3,3939.91,fashion,1438.57,0,2,0,0.36512762981895525,0.92,0.02,0.06,1,0,0
4414.87,upi,DEV_02975,AE,success,1425,30,29,1,2,1,12948.76,software,4414.87,0,4,0,0.34094924919451747,0.9666666666666667,0.03333333333333333,0.06666666666666667,1,0,0
1976.08,card,DEV_01127,IN,success,180,31,30,1,1,4,3731.82,home,1976.08,0,4,0,0.5295217882963272,0.967741935483871,0.03225806451612903,0.03225806451612903,1,0,0
3214.14,card,DEV_00455,AE,success,1522,27,26,0,0,1,4173.55,software,3214.14,0,1,0,0.7701213595140827,0.9629629629629629,0.0,0.0,0,0,0
3021.29,card,DEV_00581,GB,success,1405,5,2,0,2,1,638.51,home,3021.29,0,0,0,4.731781804513633,0.4,0.0,0.4,0,0,0
2266.3,card,DEV_00317,AE,success,786,19,11,1,3,4,2758.24,fashion,2266.3,0,2,0,0.8216471373049482,0.5789473684210527,0.05263157894736842,0.15789473684210525,1,0,0
3868.85,upi,DEV_01601,IN,success,888,13,13,0,2,3,3740.31,electronics,3868.85,0,2,0,1.0343661354272775,1.0,0.0,0.15384615384615385,0,0,0
5795.42,wallet,DEV_00302,AE,success,1688,45,36,0,1,4,985.86,travel,5795.42,0,2,0,5.878542592254479,0.8,0.0,0.022222222222222223,0,0,0
7149.33,upi,DEV_02816,AE,success,840,20,15,0,2,2,4756.29,software,7149.33,0,1,0,1.503131642519695,0.75,0.0,0.1,0,0,0
6305.01,wallet,DEV_00660,US,success,531,15,7,1,2,1,6047.26,grocery,6305.01,0,2,0,1.0426226092478246,0.4666666666666667,0.06666666666666667,0.13333333333333333,1,0,0
3839.74,upi,DEV_02702,SG,success,1341,22,18,0,4,4,12015.58,fashion,3839.74,0,3,0,0.31956343347553756,0.8181818181818182,0.0,0.18181818181818182,0,0,0
10226.02,card,DEV_01405,GB,success,1936,26,25,2,1,3,3261.82,travel,10226.02,0,0,0,3.1350656995174475,0.9615384615384616,0.07692307692307693,0.038461538461538464,1,0,0
4385.42,upi,DEV_02138,GB,success,458,48,46,0,2,2,1307.1,software,4385.42,0,6,1,3.355076122714406,0.9583333333333334,0.0,0.041666666666666664,0,0,0
5203.54,card,DEV_02196,IN,success,879,27,22,1,1,4,1723.68,software,5203.54,0,2,0,3.0188550078900955,0.8148148148148148,0.037037037037037035,0.037037037037037035,1,0,0
1405.52,upi,DEV_01495,IN,success,1581,35,35,0,3,2,1463.11,grocery,1405.52,0,2,0,0.9606386396101456,1.0,0.0,0.08571428571428572,0,0,1
1190.65,netbanking,DEV_00568,US,success,133,43,41,1,1,2,3915.62,software,1190.65,0,3,0,0.3040770044079865,0.9534883720930233,0.023255813953488372,0.023255813953488372,1,0,0
5572.19,netbanking,DEV_01121,AE,success,1679,29,22,1,1,1,4223.64,grocery,5572.19,0,5,1,1.3192862081048573,0.7586206896551724,0.034482758620689655,0.034482758620689655,1,0,0
3269.78,netbanking,DEV_02901,SG,success,790,50,41,0,2,2,5182.33,travel,3269.78,0,1,0,0.63094785550129,0.82,0.0,0.04,0,0,0
3325.85,wallet,DEV_02031,AE,failed,1331,8,0,1,1,2,1649.77,travel,3325.85,0,1,0,2.015947677555053,0.0,0.125,0.125,1,0,0
5437.9,upi,DEV_01025,US,success,101,9,1,0,0,2,2764.76,home,5437.9,0,4,0,1.9668614997323455,0.1111111111111111,0.0,0.0,0,0,0
988.87,wallet,DEV_00422,SG,success,75,16,6,0,1,2,2556.13,electronics,988.87,0,3,0,0.3868621705468814,0.375,0.0,0.0625,0,0,0
6871.9,upi,DEV_00844,AE,failed,1817,17,7,1,1,4,1626.97,home,6871.9,0,1,0,4.223741064678513,0.4117647058823529,0.058823529411764705,0.058823529411764705,1,0,0
2649.72,wallet,DEV_02443,GB,success,370,28,22,1,1,1,1046.41,fashion,2649.72,0,1,0,2.5322005714777185,0.7857142857142857,0.03571428571428571,0.03571428571428571,1,0,0
4740.28,card,DEV_02488,AE,success,471,17,14,0,1,1,2429.76,travel,4740.28,0,0,0,1.9509251942578687,0.8235294117647058,0.0,0.058823529411764705,0,0,0
5987.32,netbanking,DEV_01532,IN,success,1107,30,20,1,2,2,5070.78,travel,5987.32,0,6,1,1.180749312729008,0.6666666666666666,0.03333333333333333,0.06666666666666667,1,0,0
1676.57,card,DEV_02095,GB,failed,627,17,12,1,1,4,5794.51,beauty,1676.57,0,6,1,0.2893376661702197,0.7058823529411765,0.058823529411764705,0.058823529411764705,1,0,0
3337.29,netbanking,DEV_02474,SG,failed,410,44,43,0,3,4,1655.19,software,3337.29,0,2,0,2.016257952259257,0.9772727272727273,0.0,0.06818181818181818,0,0,0
4960.06,card,DEV_00470,US,success,834,40,34,1,0,3,2932.22,home,4960.06,0,0,0,1.6915715737564032,0.85,0.025,0.0,1,0,0
6135.61,wallet,DEV_00762,GB,success,1605,38,31,1,1,1,2066.26,beauty,6135.61,0,2,0,2.969427855158595,0.8157894736842105,0.02631578947368421,0.02631578947368421,1,0,0
34373.28,upi,DEV_02691,GB,success,1871,6,2,1,1,2,2025.76,fashion,34373.28,0,0,0,16.968090988073612,0.3333333333333333,0.16666666666666666,0.16666666666666666,1,0,0
3536.84,netbanking,DEV_00501,IN,success,260,48,38,1,2,2,2145.58,travel,3536.84,0,0,0,1.6484307273557735,0.7916666666666666,0.020833333333333332,0.041666666666666664,1,0,0
4573.15,netbanking,DEV_00876,AE,success,607,39,32,1,2,3,2146.46,home,4573.15,0,1,0,2.1305544943767876,0.8205128205128205,0.02564102564102564,0.05128205128205128,1,0,0
4934.53,upi,DEV_02301,IN,success,670,46,41,0,3,3,4350.37,beauty,4934.53,0,3,0,1.1342782338054005,0.8913043478260869,0.0,0.06521739130434782,0,0,0
9027.48,upi,DEV_02160,US,success,1465,5,2,0,2,1,2065.24,fashion,9027.48,0,1,0,4.371152989483063,0.4,0.0,0.4,0,0,0
4895.89,card,DEV_02351,AE,failed,425,3,0,0,3,1,3177.46,beauty,4895.89,0,2,0,1.5408187671914046,0.0,0.0,1.0,0,0,0
15824.79,netbanking,DEV_01312,US,success,949,36,34,0,3,4,4651.58,home,15824.79,0,4,0,3.402024688385452,0.9444444444444444,0.0,0.08333333333333333,0,0,0
1428.19,wallet,DEV_02043,IN,failed,364,30,26,1,0,3,1692.66,travel,1428.19,0,3,0,0.8437548001370624,0.8666666666666667,0.03333333333333333,0.0,1,0,0
7394.23,card,DEV_00509,AE,success,1787,37,36,0,3,1,895.54,travel,7394.23,0,4,0,8.256727784353574,0.972972972972973,0.0,0.08108108108108109,0,0,1
3411.73,wallet,DEV_00969,SG,success,530,34,30,0,1,2,9287.06,electronics,3411.73,0,1,0,0.367363837425407,0.8823529411764706,0.0,0.029411764705882353,0,0,0
2069.82,card,DEV_02637,SG,failed,974,41,35,0,0,4,1811.83,home,2069.82,0,4,0,1.1423919462642744,0.8536585365853658,0.0,0.0,0,0,0
7739.06,netbanking,DEV_00537,AE,success,538,19,10,0,2,4,3657.51,travel,7739.06,0,5,1,2.115936798532335,0.5263157894736842,0.0,0.10526315789473684,0,0,0
8253.9,netbanking,DEV_02642,IN,failed,164,20,16,2,2,4,3544.88,fashion,8253.9,0,6,1,2.3284003971925706,0.8,0.1,0.1,1,0,0
10434.16,card,DEV_01701,GB,success,1952,9,4,1,0,1,3841.94,beauty,10434.16,0,3,0,2.7158570930311248,0.4444444444444444,0.1111111111111111,0.0,1,0,0
1521.19,netbanking,DEV_01640,IN,success,32,14,11,0,4,1,3399.14,grocery,1521.19,0,5,1,0.44752202027571686,0.7857142857142857,0.0,0.2857142857142857,0,0,0
1658.9,wallet,DEV_02509,IN,success,1179,49,49,0,2,1,6127.91,beauty,1658.9,0,5,1,0.2707122004076431,1.0,0.0,0.04081632653061224,0,0,0
5667.87,wallet,DEV_02021,IN,success,400,45,44,0,2,2,2682.69,beauty,5667.87,0,1,0,2.112756226026861,0.9777777777777777,0.0,0.044444444444444446,0,0,0
7824.75,card,DEV_00120,US,success,489,47,39,0,2,2,3054.61,travel,7824.75,0,1,0,2.561619977673091,0.8297872340425532,0.0,0.0425531914893617,0,0,0
10276.33,upi,DEV_00431,GB,failed,1614,49,41,2,0,2,3759.49,home,10276.33,0,6,1,2.7334372481373803,0.8367346938775511,0.04081632653061224,0.0,1,0,0
5374.13,upi,DEV_00698,IN,success,1295,29,23,0,0,4,3049.03,home,5374.13,0,2,0,1.7625703912391808,0.7931034482758621,0.0,0.0,0,0,0
7018.16,card,DEV_02820,IN,success,1614,49,41,2,0,2,3759.49,electronics,7018.16,0,6,1,1.8667851224501197,0.8367346938775511,0.04081632653061224,0.0,1,0,0
7431.96,card,DEV_00197,GB,success,1978,22,17,0,2,2,1582.14,home,7431.96,0,1,0,4.697409837308961,0.7727272727272727,0.0,0.09090909090909091,0,0,0
4363.92,netbanking,DEV_02818,SG,failed,1727,36,34,1,3,2,1680.93,grocery,4363.92,0,2,0,2.596134282807731,0.9444444444444444,0.027777777777777776,0.08333333333333333,1,0,0
3389.18,netbanking,DEV_02862,US,failed,323,21,13,0,2,1,3077.57,grocery,3389.18,0,3,0,1.1012519617750367,0.6190476190476191,0.0,0.09523809523809523,0,0,0
3261.11,card,DEV_00518,GB,success,1399,44,40,0,1,2,2064.9,home,3261.11,0,6,1,1.5793065039469223,0.9090909090909091,0.0,0.022727272727272728,0,0,0
3408.67,wallet,DEV_02609,AE,success,63,17,15,0,1,4,2538.47,electronics,3408.67,0,6,1,1.342804917923001,0.8823529411764706,0.0,0.058823529411764705,0,0,0
3431.94,upi,DEV_02368,AE,failed,1907,23,17,0,0,4,634.98,software,3431.94,0,4,0,5.404800151185864,0.7391304347826086,0.0,0.0,0,0,0
3362.3,netbanking,DEV_01319,AE,success,634,10,3,2,2,3,1384.67,home,3362.3,0,4,0,2.4282319975156534,0.3,0.2,0.2,1,0,0
7925.58,netbanking,DEV_01214,IN,success,869,29,20,0,1,1,1843.5,software,7925.58,0,2,0,4.299202603742881,0.6896551724137931,0.0,0.034482758620689655,0,0,0
6411.3,upi,DEV_02847,IN,failed,436,24,14,0,1,2,14828.97,travel,6411.3,0,1,0,0.43234965071748077,0.5833333333333334,0.0,0.041666666666666664,0,0,0
6815.22,card,DEV_00871,IN,success,995,39,35,2,2,1,2391.29,electronics,6815.22,0,6,1,2.850018191018237,0.8974358974358975,0.05128205128205128,0.05128205128205128,1,0,0
5842.96,wallet,DEV_01578,US,success,1996,41,33,2,1,3,2484.39,software,5842.96,0,1,0,2.3518690704760528,0.8048780487804879,0.04878048780487805,0.024390243902439025,1,0,0
4927.99,netbanking,DEV_00855,SG,success,1574,2,0,0,2,2,4386.58,software,4927.99,0,1,0,1.1234241709942598,0.0,0.0,1.0,0,0,0
1750.86,netbanking,DEV_02903,AE,success,856,28,25,1,1,4,4975.78,grocery,1750.86,0,2,0,0.3518764897161852,0.8928571428571429,0.03571428571428571,0.03571428571428571,1,0,0
2292.57,card,DEV_00533,US,failed,1488,42,37,1,3,2,561.47,beauty,2292.57,0,5,1,4.08315671362673,0.8809523809523809,0.023809523809523808,0.07142857142857142,1,0,1
1735.26,wallet,DEV_02542,SG,failed,105,48,40,1,2,4,2020.9,travel,1735.26,0,5,1,0.8586570339947548,0.8333333333333334,0.020833333333333332,0.041666666666666664,1,0,0
3249.34,upi,DEV_00282,GB,success,1094,22,22,1,1,2,2890.53,beauty,3249.34,0,6,1,1.1241329444773103,1.0,0.045454545454545456,0.045454545454545456,1,0,0
2850.11,netbanking,DEV_02365,IN,failed,1611,29,26,1,0,2,7370.8,home,2850.11,0,5,1,0.3866758018125577,0.896551724137931,0.034482758620689655,0.0,1,0,0
5484.47,card,DEV_00452,US,failed,1529,9,1,1,3,3,16737.62,fashion,5484.47,0,0,0,0.3276732295272566,0.1111111111111111,0.1111111111111111,0.3333333333333333,1,0,0
4653.69,upi,DEV_01093,IN,failed,411,13,11,0,2,4,4610.32,fashion,4653.69,0,5,1,1.009407156119315,0.8461538461538461,0.0,0.15384615384615385,0,0,0
8203.63,netbanking,DEV_01088,IN,success,140,42,37,1,2,3,7724.23,travel,8203.63,0,3,0,1.062064438785484,0.8809523809523809,0.023809523809523808,0.047619047619047616,1,0,0
1994.47,netbanking,DEV_01768,US,failed,575,50,46,0,1,1,9005.64,fashion,1994.47,0,6,1,0.22146899054370375,0.92,0.0,0.02,0,0,0
1915.34,wallet,DEV_02081,GB,failed,1553,29,24,0,2,3,4798.99,electronics,1915.34,0,2,0,0.3991131467246233,0.8275862068965517,0.0,0.06896551724137931,0,0,0
2385.38,netbanking,DEV_01515,IN,failed,367,26,16,1,1,2,2461.56,travel,2385.38,0,1,0,0.9690521457937243,0.6153846153846154,0.038461538461538464,0.038461538461538464,1,0,0
4198.94,wallet,DEV_00795,GB,failed,1103,10,3,0,2,2,1029.12,grocery,4198.94,0,2,0,4.080126710199005,0.3,0.0,0.2,0,0,0
3422.97,upi,DEV_02434,GB,failed,1661,10,10,1,1,4,3292.45,fashion,3422.97,0,5,1,1.0396422117268296,1.0,0.1,0.1,1,0,0
7583.56,wallet,DEV_00448,IN,success,299,12,2,1,3,3,2742.27,fashion,7583.56,0,0,0,2.7654315585263305,0.16666666666666666,0.08333333333333333,0.25,1,0,0
4018.05,card,DEV_00900,IN,success,1625,45,35,1,1,3,5988.33,software,4018.05,0,2,0,0.6709800562093272,0.7777777777777778,0.022222222222222223,0.022222222222222223,1,0,0
4672.84,netbanking,DEV_00978,IN,success,1509,33,24,0,1,2,1308.12,grocery,4672.84,0,6,1,3.572179922331285,0.7272727272727273,0.0,0.030303030303030304,0,0,0
6225.14,netbanking,DEV_00928,SG,failed,1518,37,31,0,2,1,9976.48,fashion,6225.14,0,0,0,0.6239816047343352,0.8378378378378378,0.0,0.05405405405405406,0,0,0
8623.58,wallet,DEV_01610,IN,success,877,3,2,1,2,3,442.23,grocery,8623.58,0,3,0,19.500214820342354,0.6666666666666666,0.3333333333333333,0.6666666666666666,1,0,1
2268.65,wallet,DEV_00843,US,success,1871,35,34,0,1,1,1287.04,beauty,2268.65,0,1,0,1.7626880283441075,0.9714285714285714,0.0,0.02857142857142857,0,0,0
1395.53,netbanking,DEV_02609,GB,success,1718,13,8,0,0,1,1646.41,home,1395.53,0,1,0,0.8476199731537102,0.6153846153846154,0.0,0.0,0,0,0
6437.36,card,DEV_00387,US,failed,1678,6,3,0,3,3,4333.72,beauty,6437.36,0,5,1,1.4854120709229022,0.5,0.0,0.5,0,0,0
17345.41,netbanking,DEV_02818,US,success,1449,47,43,0,2,2,4131.98,travel,17345.41,0,4,0,4.19784461686649,0.9148936170212766,0.0,0.0425531914893617,0,0,0
2605.93,card,DEV_00683,US,failed,767,44,39,0,1,4,2853.06,electronics,2605.93,0,4,0,0.9133807210503809,0.8863636363636364,0.0,0.022727272727272728,0,0,0
923.61,upi,DEV_00053,AE,success,256,7,1,0,1,1,5138.88,travel,923.61,0,0,0,0.1797298243975341,0.14285714285714285,0.0,0.14285714285714285,0,0,0
3615.26,card,DEV_00728,GB,success,1697,29,20,0,1,2,6125.03,home,3615.26,0,4,0,0.5902436396229896,0.6896551724137931,0.0,0.034482758620689655,0,0,0
2789.92,upi,DEV_02783,IN,success,1726,25,18,0,0,3,1592.81,software,2789.92,0,1,0,1.7515711227327806,0.72,0.0,0.0,0,0,0
3378.33,wallet,DEV_02389,IN,success,299,12,2,1,3,3,2742.27,home,3378.33,0,2,0,1.2319465260532332,0.16666666666666666,0.08333333333333333,0.25,1,0,1
862.97,wallet,DEV_00449,IN,success,1331,30,24,0,2,4,4471.61,fashion,862.97,0,2,0,0.19298865509290838,0.8,0.0,0.06666666666666667,0,0,0
4017.33,netbanking,DEV_00936,SG,success,1559,38,34,0,2,4,6634.08,fashion,4017.33,0,5,1,0.6055594747123941,0.8947368421052632,0.0,0.05263157894736842,0,0,0
4887.67,upi,DEV_00385,IN,success,1011,21,13,1,1,4,8658.24,beauty,4887.67,0,3,0,0.5645108012713901,0.6190476190476191,0.047619047619047616,0.047619047619047616,1,0,0
6048.02,wallet,DEV_02010,GB,success,646,8,0,0,3,2,5054.35,software,6048.02,0,2,0,1.1965969907109717,0.0,0.0,0.375,0,0,0
4174.7,wallet,DEV_01039,GB,success,709,36,35,0,3,4,2384.81,electronics,4174.7,0,1,0,1.7505377786909648,0.9722222222222222,0.0,0.08333333333333333,0,0,0
2427.14,netbanking,DEV_01234,GB,failed,1773,49,47,0,1,4,5655.89,beauty,2427.14,0,2,0,0.42913493720705315,0.9591836734693877,0.0,0.02040816326530612,0,0,0
2672.38,card,DEV_01106,SG,success,1764,24,15,0,1,2,2924.47,grocery,2672.38,0,0,0,0.9137997654275819,0.625,0.0,0.041666666666666664,0,0,0
2519.83,upi,DEV_01681,US,success,1910,24,17,0,4,3,4658.29,fashion,2519.83,0,3,0,0.5409345489439258,0.7083333333333334,0.0,0.16666666666666666,0,0,0
5159.36,netbanking,DEV_02040,IN,failed,380,5,2,0,1,3,8456.74,home,5159.36,0,2,0,0.6100885211086068,0.4,0.0,0.2,0,0,0
6118.69,netbanking,DEV_00846,IN,failed,165,10,4,1,4,1,3101.04,home,6118.69,0,3,0,1.9731090214895648,0.4,0.1,0.4,1,0,0
5247.86,card,DEV_01122,SG,success,1465,48,43,0,0,3,5048.66,home,5247.86,0,6,1,1.0394560140710605,0.8958333333333334,0.0,0.0,0,0,0
4337.34,netbanking,DEV_02782,GB,failed,301,23,14,1,3,2,5934.0,travel,4337.34,0,3,0,0.7309302325581396,0.6086956521739131,0.043478260869565216,0.13043478260869565,1,0,0
4388.23,wallet,DEV_01132,GB,success,1044,16,7,0,0,1,2045.54,beauty,4388.23,0,2,0,2.145267264389843,0.4375,0.0,0.0,0,0,0
621.95,netbanking,DEV_02509,IN,failed,1811,50,43,0,0,1,1484.5,fashion,621.95,0,1,0,0.41896261367463794,0.86,0.0,0.0,0,0,0
3676.62,netbanking,DEV_01182,IN,failed,1721,45,44,0,0,1,4322.02,fashion,3676.62,0,5,1,0.8506716766697052,0.9777777777777777,0.0,0.0,0,0,0
2742.59,upi,DEV_01911,US,success,726,8,8,1,2,3,11873.66,electronics,2742.59,0,3,0,0.23098101175206298,1.0,0.125,0.25,1,0,0
1506.97,upi,DEV_01244,AE,success,1547,32,30,0,0,3,6665.97,fashion,1506.97,0,6,1,0.22606912422348135,0.9375,0.0,0.0,0,0,0
3429.27,netbanking,DEV_00064,AE,success,463,35,28,0,3,3,5428.83,software,3429.27,0,6,1,0.6316775437801515,0.8,0.0,0.08571428571428572,0,0,0
3141.9,netbanking,DEV_02430,IN,failed,1992,40,38,0,5,1,5030.18,grocery,3141.9,0,2,0,0.6246098549157286,0.95,0.0,0.125,0,0,0
44397.53,netbanking,DEV_00021,AE,success,1287,42,33,1,2,4,9479.85,fashion,44397.53,0,2,0,4.683357859037853,0.7857142857142857,0.023809523809523808,0.047619047619047616,1,0,0
12986.52,card,DEV_01030,US,success,301,23,17,0,4,2,1608.4,home,12986.52,0,1,0,8.07418552598856,0.7391304347826086,0.0,0.17391304347826086,0,0,1
17350.82,upi,DEV_00353,GB,success,80,12,7,0,1,4,3103.33,fashion,17350.82,0,4,0,5.591032858252264,0.5833333333333334,0.0,0.08333333333333333,0,0,0
4563.82,wallet,DEV_02398,IN,success,1083,42,36,1,1,2,3277.69,home,4563.82,0,0,0,1.392389152116277,0.8571428571428571,0.023809523809523808,0.023809523809523808,1,0,0
6483.41,card,DEV_01939,GB,failed,775,24,18,0,2,4,3597.75,software,6483.41,0,3,0,1.8020735181710792,0.75,0.0,0.08333333333333333,0,0,0
14127.59,wallet,DEV_01635,IN,success,572,9,3,0,2,3,16718.47,software,14127.59,0,6,1,0.8450288812313567,0.3333333333333333,0.0,0.2222222222222222,0,0,1
1369.99,netbanking,DEV_00710,SG,success,436,24,14,0,1,2,14828.97,fashion,1369.99,0,2,0,0.0923860524365482,0.5833333333333334,0.0,0.041666666666666664,0,0,0
1037.38,upi,DEV_02799,US,success,1400,20,12,0,2,4,3176.56,software,1037.38,0,4,0,0.3265734001561438,0.6,0.0,0.1,0,0,0
4094.66,wallet,DEV_02271,US,success,242,27,26,0,1,4,3407.18,fashion,4094.66,0,3,0,1.2017739009973056,0.9629629629629629,0.0,0.037037037037037035,0,0,0
5724.46,card,DEV_01218,SG,failed,1962,13,5,1,4,1,1998.27,grocery,5724.46,0,2,0,2.864707972396123,0.38461538461538464,0.07692307692307693,0.3076923076923077,1,0,0
8696.51,upi,DEV_01540,AE,success,1282,2,2,0,1,2,7186.47,software,8696.51,0,6,1,1.2101226332260484,1.0,0.0,0.5,0,0,0
20396.12,wallet,DEV_02844,GB,success,929,8,7,0,2,3,10597.63,beauty,20396.12,0,5,1,1.9245925740000358,0.875,0.0,0.25,0,0,1
786.95,wallet,DEV_01451,AE,failed,443,7,7,0,3,2,4921.84,grocery,786.95,0,3,0,0.15988939095947857,1.0,0.0,0.42857142857142855,0,0,0
2834.37,wallet,DEV_01890,IN,success,192,28,28,0,1,2,6272.92,software,2834.37,0,6,1,0.4518422042685065,1.0,0.0,0.03571428571428571,0,0,0
8045.72,wallet,DEV_00363,US,success,1760,24,20,0,1,4,4995.73,home,8045.72,0,6,1,1.610519383553555,0.8333333333333334,0.0,0.041666666666666664,0,0,0
2220.2,upi,DEV_02378,SG,success,1987,43,38,2,0,1,7798.92,travel,2220.2,0,0,0,0.28468044293312406,0.8837209302325582,0.046511627906976744,0.0,1,0,0
2733.55,netbanking,DEV_00220,AE,failed,910,50,42,0,4,2,8135.7,beauty,2733.55,0,0,0,0.3359944442395861,0.84,0.0,0.08,0,0,0
1826.41,card,DEV_01896,SG,success,887,7,1,1,0,3,2497.55,home,1826.41,0,1,0,0.7312806550419411,0.14285714285714285,0.14285714285714285,0.0,1,0,1
3083.25,card,DEV_00225,GB,success,1513,38,36,1,4,3,4004.52,beauty,3083.25,0,5,1,0.7699424650145336,0.9473684210526315,0.02631578947368421,0.10526315789473684,1,0,0
5315.69,netbanking,DEV_02435,IN,success,897,27,24,0,2,1,1886.86,grocery,5315.69,0,3,0,2.8172148437085953,0.8888888888888888,0.0,0.07407407407407407,0,0,0
834.68,wallet,DEV_02829,GB,success,1273,28,20,0,0,1,612.22,grocery,834.68,0,0,0,1.3633661102218155,0.7142857142857143,0.0,0.0,0,0,0
1399.34,card,DEV_02395,SG,success,48,3,3,0,2,2,4132.88,software,1399.34,0,3,0,0.33858713536323337,1.0,0.0,0.6666666666666666,0,0,0
4706.31,upi,DEV_02115,US,failed,1420,29,24,0,2,3,4224.92,travel,4706.31,0,6,1,1.1139406189939691,0.8275862068965517,0.0,0.06896551724137931,0,0,0
2147.18,upi,DEV_00916,US,success,89,41,40,0,1,2,4960.89,software,2147.18,0,3,0,0.43282153000772033,0.975609756097561,0.0,0.024390243902439025,0,0,0
12376.5,card,DEV_01987,SG,success,1124,22,13,0,4,4,2338.79,electronics,12376.5,0,4,0,5.2918389423590835,0.5909090909090909,0.0,0.18181818181818182,0,0,0
3748.21,card,DEV_00276,IN,success,1852,33,31,0,1,2,1790.55,electronics,3748.21,0,0,0,2.093328865432409,0.9393939393939394,0.0,0.030303030303030304,0,0,0
17253.17,card,DEV_01013,US,failed,585,10,4,1,2,2,3629.54,electronics,17253.17,0,1,0,4.7535417711335315,0.4,0.1,0.2,1,0,0
3165.35,card,DEV_02072,AE,success,493,45,40,0,2,3,1245.01,software,3165.35,0,5,1,2.5424293780772844,0.8888888888888888,0.0,0.044444444444444446,0,0,0
12514.09,card,DEV_01229,AE,success,248,10,6,0,2,3,6314.08,beauty,12514.09,0,0,0,1.9819340268099233,0.6,0.0,0.2,0,0,1
7038.54,upi,DEV_02240,GB,failed,701,40,35,0,1,2,2853.97,grocery,7038.54,0,3,0,2.4662277459118354,0.875,0.0,0.025,0,0,0
1783.33,card,DEV_01771,US,success,736,22,20,0,0,4,3254.86,beauty,1783.33,0,4,0,0.5478976054269615,0.9090909090909091,0.0,0.0,0,0,0
3755.04,upi,DEV_00581,US,success,1682,28,22,0,0,1,2148.5,fashion,3755.04,0,4,0,1.7477495927391202,0.7857142857142857,0.0,0.0,0,0,0
15301.56,wallet,DEV_01968,GB,success,1853,2,2,2,0,3,2809.33,software,15301.56,0,0,0,5.446693695649852,1.0,1.0,0.0,1,0,0
8973.67,wallet,DEV_01505,GB,failed,1592,31,22,1,2,1,2299.83,electronics,8973.67,0,5,1,3.901884052299518,0.7096774193548387,0.03225806451612903,0.06451612903225806,1,0,1
2599.38,card,DEV_01901,AE,failed,1055,48,43,0,1,1,8564.18,travel,2599.38,0,1,0,0.3035176747803059,0.8958333333333334,0.0,0.020833333333333332,0,0,0
3187.58,upi,DEV_00115,GB,success,1870,9,3,0,1,1,1656.93,software,3187.58,0,1,0,1.923786762265153,0.3333333333333333,0.0,0.1111111111111111,0,0,0
5065.96,wallet,DEV_00046,SG,success,205,43,38,1,2,4,1569.8,travel,5065.96,0,3,0,3.2271372149318385,0.8837209302325582,0.023255813953488372,0.046511627906976744,1,0,0
1093.12,wallet,DEV_00175,GB,failed,1532,50,48,0,0,1,1526.99,home,1093.12,0,3,0,0.7158658537384003,0.96,0.0,0.0,0,0,0
3415.78,wallet,DEV_01135,IN,success,980,50,50,2,1,2,4135.58,travel,3415.78,0,1,0,0.8259494436088771,1.0,0.04,0.02,1,0,0
1918.84,upi,DEV_01429,SG,success,140,20,18,1,0,1,4031.56,travel,1918.84,0,4,0,0.47595471728065564,0.9,0.05,0.0,1,0,0
2125.75,upi,DEV_02687,US,success,370,28,22,1,1,1,1046.41,electronics,2125.75,0,2,0,2.0314695004826024,0.7857142857142857,0.03571428571428571,0.03571428571428571,1,0,1
3841.54,wallet,DEV_02930,US,success,1145,42,37,0,0,1,4930.85,grocery,3841.54,0,4,0,0.7790827139337031,0.8809523809523809,0.0,0.0,0,0,1
2064.72,wallet,DEV_00280,AE,failed,1839,4,1,0,2,2,2085.36,home,2064.72,0,1,0,0.9901024283576935,0.25,0.0,0.5,0,0,0
4546.1,upi,DEV_02360,SG,success,1478,10,0,0,2,2,1351.35,travel,4546.1,0,5,1,3.3641173641173645,0.0,0.0,0.2,0,0,0
1242.36,upi,DEV_02859,GB,success,518,17,13,1,2,2,2412.39,grocery,1242.36,0,6,1,0.5149913571188738,0.7647058823529411,0.058823529411764705,0.11764705882352941,1,0,0
16726.71,wallet,DEV_00277,IN,success,1522,27,26,0,0,1,4173.55,software,16726.71,0,3,0,4.007789531693642,0.9629629629629629,0.0,0.0,0,0,1
3063.09,upi,DEV_00396,IN,failed,1090,1,0,0,3,1,3626.94,fashion,3063.09,0,4,0,0.8445383711889362,0.0,0.0,3.0,0,0,1
2007.24,netbanking,DEV_00949,US,success,1446,38,30,1,0,2,976.74,electronics,2007.24,0,1,0,2.0550402358867252,0.7894736842105263,0.02631578947368421,0.0,1,0,1
6196.86,wallet,DEV_01721,IN,success,1458,34,30,1,0,2,1933.87,software,6196.86,0,4,0,3.2043829212925377,0.8823529411764706,0.029411764705882353,0.0,1,0,0
5389.47,card,DEV_00154,IN,success,1573,25,21,1,1,2,2493.96,software,5389.47,0,4,0,2.1610089977385365,0.84,0.04,0.04,1,0,0
8532.57,card,DEV_00713,GB,failed,1761,30,29,0,2,2,1737.99,software,8532.57,0,2,0,4.909447119948906,0.9666666666666667,0.0,0.06666666666666667,0,0,0
5617.9,wallet,DEV_00546,SG,success,1109,43,37,1,0,1,1527.54,electronics,5617.9,0,5,1,3.67774329968446,0.8604651162790697,0.023255813953488372,0.0,1,0,0
1885.37,upi,DEV_01035,AE,success,135,18,14,0,2,1,1949.24,fashion,1885.37,0,3,0,0.9672333832673247,0.7777777777777778,0.0,0.1111111111111111,0,0,0
4083.29,upi,DEV_00825,US,success,1168,32,22,0,1,3,1031.07,home,4083.29,0,2,0,3.9602451821893765,0.6875,0.0,0.03125,0,0,0
5817.1,card,DEV_02385,IN,success,1990,1,0,0,2,1,3181.83,beauty,5817.1,0,3,0,1.8282246380227731,0.0,0.0,2.0,0,0,0
2277.62,upi,DEV_00137,US,success,1454,31,31,0,2,2,1161.99,travel,2277.62,0,4,0,1.9601029268754464,1.0,0.0,0.06451612903225806,0,0,0
928.4,wallet,DEV_02328,SG,success,111,42,37,0,1,1,3894.08,travel,928.4,0,0,0,0.23841318103377435,0.8809523809523809,0.0,0.023809523809523808,0,0,0
2383.31,netbanking,DEV_00760,SG,success,1890,29,23,1,1,4,1241.31,electronics,2383.31,0,4,0,1.9199958108772184,0.7931034482758621,0.034482758620689655,0.034482758620689655,1,0,0
1505.61,upi,DEV_02337,AE,success,635,27,18,1,0,1,12838.87,travel,1505.61,0,5,1,0.11726966625567513,0.6666666666666666,0.037037037037037035,0.0,1,0,0
3604.41,netbanking,DEV_02534,SG,success,1646,41,41,1,1,3,983.49,electronics,3604.41,0,4,0,3.6649177927584415,1.0,0.024390243902439025,0.024390243902439025,1,0,1
2330.68,card,DEV_01798,AE,failed,419,22,19,0,4,3,2889.32,electronics,2330.68,0,2,0,0.8066534686362188,0.8636363636363636,0.0,0.18181818181818182,0,0,0
6471.11,card,DEV_02332,IN,success,707,18,8,0,0,2,1591.94,beauty,6471.11,0,0,0,4.064920788471927,0.4444444444444444,0.0,0.0,0,0,0
3943.21,card,DEV_00484,AE,success,1734,12,5,0,2,3,783.41,electronics,3943.21,0,6,1,5.033392476481025,0.4166666666666667,0.0,0.16666666666666666,0,0,0
7468.7,netbanking,DEV_00093,US,success,689,16,12,3,1,3,2364.48,electronics,7468.7,0,3,0,3.158707199891731,0.75,0.1875,0.0625,1,0,0
6393.53,netbanking,DEV_01600,GB,success,683,39,32,0,1,1,9263.87,home,6393.53,0,6,1,0.6901575691368725,0.8205128205128205,0.0,0.02564102564102564,0,0,0
1025.47,netbanking,DEV_00307,SG,success,49,1,1,0,2,1,3080.52,electronics,1025.47,0,3,0,0.33288860322283254,1.0,0.0,2.0,0,0,0
15081.2,netbanking,DEV_01636,SG,success,1851,9,8,0,0,4,1344.29,software,15081.2,0,3,0,11.218710248532684,0.8888888888888888,0.0,0.0,0,0,0
5456.95,wallet,DEV_01078,IN,success,408,9,7,0,0,3,2671.19,travel,5456.95,0,4,0,2.042890996147784,0.7777777777777778,0.0,0.0,0,0,0
5489.57,wallet,DEV_01069,US,success,1119,25,18,1,1,2,2156.04,software,5489.57,0,4,0,2.5461355076900243,0.72,0.04,0.04,1,0,0
2889.99,upi,DEV_00837,SG,success,260,43,39,0,2,4,3920.0,beauty,2889.99,0,2,0,0.7372423469387754,0.9069767441860465,0.0,0.046511627906976744,0,0,0
3916.53,card,DEV_00966,AE,success,1839,4,1,0,2,2,2085.36,fashion,3916.53,0,0,0,1.8781073771435148,0.25,0.0,0.5,0,0,0
9919.96,netbanking,DEV_00290,AE,success,471,3,0,2,0,4,3733.77,grocery,9919.96,0,2,0,2.6568213896410326,0.0,0.6666666666666666,0.0,1,0,0
3412.33,wallet,DEV_00531,GB,success,745,15,8,1,1,3,2181.08,beauty,3412.33,0,6,1,1.5645139105397325,0.5333333333333333,0.06666666666666667,0.06666666666666667,1,0,0
17493.85,card,DEV_00146,AE,success,481,26,25,0,1,1,4009.89,travel,17493.85,0,6,1,4.362675784123754,0.9615384615384616,0.0,0.038461538461538464,0,0,0
1770.73,netbanking,DEV_01768,AE,success,270,34,25,0,0,3,2519.43,home,1770.73,0,3,0,0.7028296082844135,0.7352941176470589,0.0,0.0,0,0,0
4833.02,card,DEV_00227,IN,success,1811,7,7,0,2,1,1019.47,grocery,4833.02,0,5,1,4.7407182163280925,1.0,0.0,0.2857142857142857,0,0,0
2594.13,wallet,DEV_02794,IN,failed,1057,50,49,0,0,4,5440.96,grocery,2594.13,0,4,0,0.47677799505969537,0.98,0.0,0.0,0,0,1
3148.85,card,DEV_01586,AE,success,1311,14,8,0,0,1,4204.8,electronics,3148.85,0,6,1,0.7488703386605783,0.5714285714285714,0.0,0.0,0,0,0
2516.54,wallet,DEV_02873,AE,success,1463,26,20,1,2,4,3829.72,software,2516.54,0,3,0,0.6571080914531611,0.7692307692307693,0.038461538461538464,0.07692307692307693,1,0,0
5810.63,card,DEV_01794,IN,success,1750,27,19,1,0,3,2939.68,beauty,5810.63,0,6,1,1.9766199042072607,0.7037037037037037,0.037037037037037035,0.0,1,0,0
4559.21,netbanking,DEV_00794,GB,success,1829,47,38,0,2,3,2594.27,home,4559.21,0,2,0,1.7574153808200381,0.8085106382978723,0.0,0.0425531914893617,0,0,0
808.5,upi,DEV_00951,IN,success,537,21,17,0,1,2,11475.14,beauty,808.5,0,6,1,0.07045665673795701,0.8095238095238095,0.0,0.047619047619047616,0,0,0
13504.99,upi,DEV_01692,SG,success,1207,15,9,1,0,4,1622.72,beauty,13504.99,0,1,0,8.322440100571878,0.6,0.06666666666666667,0.0,1,0,1
10661.89,card,DEV_02949,US,success,1755,37,27,0,1,1,6989.48,travel,10661.89,0,1,0,1.5254196306449122,0.7297297297297297,0.0,0.02702702702702703,0,0,0
5084.19,card,DEV_00233,US,success,815,16,13,0,1,3,4526.7,fashion,5084.19,0,3,0,1.1231559414142753,0.8125,0.0,0.0625,0,0,0
4392.38,netbanking,DEV_00180,GB,success,1199,39,35,0,1,2,20051.6,grocery,4392.38,0,1,0,0.21905384108998785,0.8974358974358975,0.0,0.02564102564102564,0,0,0
1271.44,netbanking,DEV_00532,SG,failed,1951,31,27,0,2,3,4729.96,electronics,1271.44,0,6,1,0.2688056558617832,0.8709677419354839,0.0,0.06451612903225806,0,0,1
3395.4,card,DEV_02690,IN,success,1544,25,20,0,2,3,2623.61,travel,3395.4,0,1,0,1.294171008648389,0.8,0.0,0.08,0,0,0
5433.16,upi,DEV_02028,GB,success,834,40,34,1,0,3,2932.22,beauty,5433.16,0,5,1,1.8529169025516503,0.85,0.025,0.0,1,0,0
4537.54,wallet,DEV_02921,GB,success,199,37,27,0,1,2,2075.53,travel,4537.54,0,5,1,2.186207860161019,0.7297297297297297,0.0,0.02702702702702703,0,0,0
9102.49,upi,DEV_02158,GB,success,1913,27,26,1,1,4,2848.98,software,9102.49,0,0,0,3.1949996138969032,0.9629629629629629,0.037037037037037035,0.037037037037037035,1,0,0
10395.94,card,DEV_01420,AE,failed,1193,39,30,0,1,3,1064.61,travel,10395.94,0,1,0,9.765021932914403,0.7692307692307693,0.0,0.02564102564102564,0,0,0
18237.24,netbanking,DEV_00322,US,success,324,35,31,2,0,2,2587.71,electronics,18237.24,0,3,0,7.04763671354209,0.8857142857142857,0.05714285714285714,0.0,1,0,0
14466.49,netbanking,DEV_02265,US,success,297,13,9,0,3,3,696.13,fashion,14466.49,0,6,1,20.781305215979774,0.6923076923076923,0.0,0.23076923076923078,0,0,0
1808.19,upi,DEV_00147,US,failed,443,43,41,0,1,3,2300.92,electronics,1808.19,0,6,1,0.78585522312814,0.9534883720930233,0.0,0.023255813953488372,0,0,0
2785.53,wallet,DEV_00468,IN,success,1189,43,39,1,1,1,1690.57,travel,2785.53,0,4,0,1.64768687484103,0.9069767441860465,0.023255813953488372,0.023255813953488372,1,0,0
1830.43,netbanking,DEV_01139,SG,success,398,37,29,0,3,2,391.64,grocery,1830.43,0,3,0,4.6737565110816055,0.7837837837837838,0.0,0.08108108108108109,0,0,0
927.37,card,DEV_00245,GB,failed,1163,1,0,1,1,3,1722.83,beauty,927.37,0,4,0,0.5382829414393759,0.0,1.0,1.0,1,0,0
2613.78,wallet,DEV_00078,AE,failed,138,30,30,0,0,1,8606.73,grocery,2613.78,0,3,0,0.30369025169838026,1.0,0.0,0.0,0,0,0
3948.34,card,DEV_00920,US,success,1097,31,26,0,1,4,1583.12,grocery,3948.34,0,2,0,2.4940244580322406,0.8387096774193549,0.0,0.03225806451612903,0,0,0
7842.51,wallet,DEV_02182,IN,success,148,16,7,0,1,4,6010.59,grocery,7842.51,0,4,0,1.3047820596646917,0.4375,0.0,0.0625,0,0,0
5618.66,card,DEV_02219,GB,success,1145,45,38,1,1,2,4650.5,electronics,5618.66,0,2,0,1.2081840662294376,0.8444444444444444,0.022222222222222223,0.022222222222222223,1,0,0
5430.72,netbanking,DEV_02421,US,success,518,17,13,1,2,2,2412.39,travel,5430.72,0,0,0,2.251178292067203,0.7647058823529411,0.058823529411764705,0.11764705882352941,1,0,0
10629.54,netbanking,DEV_02973,SG,failed,715,16,14,0,3,1,1304.84,home,10629.54,0,2,0,8.146240152049295,0.875,0.0,0.1875,0,0,0
9216.64,card,DEV_00448,SG,success,1956,48,39,1,2,2,1659.11,software,9216.64,0,4,0,5.555171145975854,0.8125,0.020833333333333332,0.041666666666666664,1,0,0
3258.76,wallet,DEV_01737,SG,success,316,47,45,0,1,4,1422.84,home,3258.76,0,5,1,2.290320766916871,0.9574468085106383,0.0,0.02127659574468085,0,0,0
1066.77,upi,DEV_01562,AE,success,209,5,0,0,3,2,890.72,electronics,1066.77,0,4,0,1.1976490928686905,0.0,0.0,0.6,0,0,0
3733.04,upi,DEV_00063,GB,success,471,3,0,2,0,4,3733.77,software,3733.04,0,4,0,0.9998044871537347,0.0,0.6666666666666666,0.0,1,0,1
1843.15,card,DEV_01024,SG,success,75,16,6,0,1,2,2556.13,home,1843.15,0,1,0,0.7210705245820831,0.375,0.0,0.0625,0,0,0
3935.05,wallet,DEV_00159,SG,success,1093,30,22,0,1,2,4449.02,travel,3935.05,0,3,0,0.8844756822850874,0.7333333333333333,0.0,0.03333333333333333,0,0,0
5186.31,netbanking,DEV_02701,GB,success,1713,34,34,0,4,2,1833.67,home,5186.31,0,0,0,2.8283769707744577,1.0,0.0,0.11764705882352941,0,0,0
4404.64,card,DEV_01258,SG,success,1389,38,33,0,1,4,2312.83,travel,4404.64,0,4,0,1.90443742082211,0.868421052631579,0.0,0.02631578947368421,0,0,0
10682.82,netbanking,DEV_00733,AE,success,1106,40,39,0,2,3,4597.75,home,10682.82,0,2,0,2.3234886629329563,0.975,0.0,0.05,0,0,0
1690.62,wallet,DEV_00037,AE,success,1739,48,42,1,2,2,670.76,software,1690.62,0,5,1,2.5204544099230723,0.875,0.020833333333333332,0.041666666666666664,1,0,0
2419.71,wallet,DEV_02613,SG,failed,604,9,1,0,0,4,5474.8,software,2419.71,0,2,0,0.44197230949075766,0.1111111111111111,0.0,0.0,0,0,1
6671.89,card,DEV_02374,IN,success,496,7,3,0,3,4,2159.83,electronics,6671.89,0,3,0,3.0890810850854007,0.42857142857142855,0.0,0.42857142857142855,0,0,0
10141.93,card,DEV_01805,US,success,1639,32,27,0,2,4,2342.07,travel,10141.93,0,6,1,4.330327445379514,0.84375,0.0,0.0625,0,0,0
8487.31,netbanking,DEV_02028,US,success,930,11,4,0,0,1,506.62,travel,8487.31,0,5,1,16.75281275906991,0.36363636363636365,0.0,0.0,0,0,0
1823.04,upi,DEV_02532,IN,success,1881,13,8,1,3,4,2325.08,home,1823.04,0,6,1,0.7840762468388185,0.6153846153846154,0.07692307692307693,0.23076923076923078,1,0,0
2331.74,card,DEV_00755,SG,failed,1334,17,9,1,3,4,6115.65,grocery,2331.74,0,6,1,0.38127427174544,0.5294117647058824,0.058823529411764705,0.17647058823529413,1,0,0
4117.23,netbanking,DEV_00172,SG,success,652,11,3,0,0,3,8585.31,beauty,4117.23,0,4,0,0.4795668415001904,0.2727272727272727,0.0,0.0,0,0,1
4487.99,card,DEV_02927,GB,success,89,41,40,0,1,2,4960.89,electronics,4487.99,0,5,1,0.9046743628663404,0.975609756097561,0.0,0.024390243902439025,0,0,0
923.07,netbanking,DEV_02214,IN,success,53,42,34,0,1,4,1881.47,travel,923.07,0,2,0,0.4906110647525605,0.8095238095238095,0.0,0.023809523809523808,0,0,0
3867.51,netbanking,DEV_00448,IN,failed,841,33,28,0,0,2,1964.59,electronics,3867.51,0,6,1,1.9686092263525725,0.8484848484848485,0.0,0.0,0,0,0
2359.06,card,DEV_02094,IN,success,982,29,26,0,0,2,4499.99,fashion,2359.06,0,0,0,0.5242367205260456,0.896551724137931,0.0,0.0,0,0,0
2560.37,netbanking,DEV_02337,GB,failed,1334,17,9,1,3,4,6115.65,grocery,2560.37,0,5,1,0.4186586871387342,0.5294117647058824,0.058823529411764705,0.17647058823529413,1,0,0
3180.41,card,DEV_02630,AE,success,762,29,28,0,1,3,4600.03,grocery,3180.41,0,3,0,0.6913889692023748,0.9655172413793104,0.0,0.034482758620689655,0,0,0
4665.36,upi,DEV_00102,GB,success,1387,43,38,0,0,1,2263.42,travel,4665.36,0,4,0,2.061199423880676,0.8837209302325582,0.0,0.0,0,0,0
723.47,netbanking,DEV_01672,GB,success,850,4,4,1,2,2,3147.08,software,723.47,0,4,0,0.22988611665416833,1.0,0.25,0.5,1,0,0
4823.09,card,DEV_00657,GB,success,905,26,16,0,3,4,2169.55,home,4823.09,0,0,0,2.22308312783757,0.6153846153846154,0.0,0.11538461538461539,0,0,0
3131.91,upi,DEV_02422,IN,success,1522,27,26,0,0,1,4173.55,grocery,3131.91,0,2,0,0.7504187082938985,0.9629629629629629,0.0,0.0,0,0,0
5058.27,netbanking,DEV_02093,SG,success,1103,3,0,0,0,1,955.89,electronics,5058.27,0,0,0,5.291686281894361,0.0,0.0,0.0,0,0,0
5043.77,upi,DEV_01552,SG,success,1910,24,17,0,4,3,4658.29,travel,5043.77,0,4,0,1.0827513958984951,0.7083333333333334,0.0,0.16666666666666666,0,0,0
2146.67,wallet,DEV_02660,IN,success,922,47,46,1,3,3,772.18,beauty,2146.67,0,1,0,2.78001243233443,0.9787234042553191,0.02127659574468085,0.06382978723404255,1,0,0
19603.08,wallet,DEV_02208,IN,success,1533,2,2,1,0,2,12061.76,grocery,19603.08,0,2,0,1.6252255060621337,1.0,0.5,0.0,1,0,0
2491.53,wallet,DEV_02701,SG,failed,1193,39,30,0,1,3,1064.61,fashion,2491.53,0,3,0,2.3403218079860233,0.7692307692307693,0.0,0.02564102564102564,0,0,0
832.51,netbanking,DEV_01103,US,success,1441,39,36,0,1,3,2640.9,electronics,832.51,0,0,0,0.31523722973228824,0.9230769230769231,0.0,0.02564102564102564,0,0,0
593.75,upi,DEV_01347,US,success,1951,31,27,0,2,3,4729.96,grocery,593.75,0,4,0,0.12552960278733857,0.8709677419354839,0.0,0.06451612903225806,0,0,0
3542.99,upi,DEV_01868,GB,success,802,3,3,1,0,3,2214.03,software,3542.99,0,5,1,1.6002448024642844,1.0,0.3333333333333333,0.0,1,0,0
7565.91,upi,DEV_01823,AE,success,1896,34,29,0,1,4,3045.81,travel,7565.91,0,4,0,2.4840387286140633,0.8529411764705882,0.0,0.029411764705882353,0,0,0
1328.71,netbanking,DEV_02296,SG,success,1951,12,11,0,1,1,4458.53,grocery,1328.71,0,1,0,0.2980152651210152,0.9166666666666666,0.0,0.08333333333333333,0,0,0
1586.39,wallet,DEV_02479,US,failed,161,17,10,0,0,3,725.18,beauty,1586.39,0,5,1,2.1875810143688468,0.5882352941176471,0.0,0.0,0,0,0
1702.41,upi,DEV_02333,US,success,997,13,11,1,2,1,1852.96,electronics,1702.41,0,0,0,0.9187516190311718,0.8461538461538461,0.07692307692307693,0.15384615384615385,1,0,0
3500.84,wallet,DEV_02762,SG,success,1209,16,11,0,0,4,4849.55,beauty,3500.84,0,5,1,0.7218896598653484,0.6875,0.0,0.0,0,0,0
4689.57,netbanking,DEV_01176,GB,success,1369,2,1,1,3,1,6210.14,home,4689.57,0,6,1,0.7551472269546258,0.5,0.5,1.5,1,0,0
1610.62,card,DEV_01674,AE,success,1338,28,22,0,1,4,2866.83,software,1610.62,0,6,1,0.5618121758178894,0.7857142857142857,0.0,0.03571428571428571,0,0,0
12760.24,wallet,DEV_02592,US,failed,1811,50,43,0,0,1,1484.5,home,12760.24,0,0,0,8.595648366453352,0.86,0.0,0.0,0,0,0
5159.97,card,DEV_00684,IN,success,122,28,23,0,0,1,25421.81,grocery,5159.97,0,5,1,0.20297413913486098,0.8214285714285714,0.0,0.0,0,0,1
10243.48,wallet,DEV_00414,US,success,617,31,23,0,1,4,11730.46,travel,10243.48,0,1,0,0.8732377076431785,0.7419354838709677,0.0,0.03225806451612903,0,0,0
1044.84,wallet,DEV_00099,US,success,1713,46,42,0,2,1,2750.78,grocery,1044.84,0,0,0,0.3798340834236107,0.9130434782608695,0.0,0.043478260869565216,0,0,0
2377.11,wallet,DEV_01730,GB,failed,877,11,3,0,1,1,6636.39,travel,2377.11,0,0,0,0.35819323457482155,0.2727272727272727,0.0,0.09090909090909091,0,0,0
1726.65,upi,DEV_02917,GB,success,1600,24,16,0,1,1,3425.46,travel,1726.65,0,5,1,0.5040636877966755,0.6666666666666666,0.0,0.041666666666666664,0,0,0
4578.23,netbanking,DEV_02423,SG,success,1699,22,14,1,2,1,1607.88,fashion,4578.23,0,6,1,2.847370450531134,0.6363636363636364,0.045454545454545456,0.09090909090909091,1,0,0
3283.5,card,DEV_00303,GB,failed,1606,16,11,2,1,4,4105.68,grocery,3283.5,0,5,1,0.7997457181270824,0.6875,0.125,0.0625,1,0,1
8795.01,wallet,DEV_01785,GB,failed,1235,43,40,0,1,4,2320.2,fashion,8795.01,0,0,0,3.79062580811999,0.9302325581395349,0.0,0.023255813953488372,0,0,0
2416.19,upi,DEV_00752,SG,success,175,16,13,0,0,3,3108.64,electronics,2416.19,0,2,0,0.7772498584590046,0.8125,0.0,0.0,0,0,1
1944.37,upi,DEV_00032,SG,success,1189,43,39,1,1,1,1690.57,travel,1944.37,0,0,0,1.1501268802829814,0.9069767441860465,0.023255813953488372,0.023255813953488372,1,0,0
6546.29,wallet,DEV_01554,GB,success,750,33,24,0,2,3,2707.51,electronics,6546.29,0,3,0,2.417826711628027,0.7272727272727273,0.0,0.06060606060606061,0,0,0
3457.03,netbanking,DEV_00397,US,failed,1369,2,1,1,3,1,6210.14,fashion,3457.03,0,2,0,0.5566750508040076,0.5,0.5,1.5,1,0,0
2388.99,netbanking,DEV_00198,SG,failed,1683,28,26,0,1,1,3168.87,fashion,2388.99,0,2,0,0.7538933436840262,0.9285714285714286,0.0,0.03571428571428571,0,0,0
1610.51,netbanking,DEV_01323,AE,success,1123,39,36,0,1,3,1867.23,home,1610.51,0,0,0,0.8625129202080086,0.9230769230769231,0.0,0.02564102564102564,0,0,0
10758.7,upi,DEV_00172,US,success,1927,49,42,0,2,2,3110.78,beauty,10758.7,0,1,0,3.458521656947775,0.8571428571428571,0.0,0.04081632653061224,0,0,0
6337.81,netbanking,DEV_00408,GB,success,418,37,29,0,2,3,2363.87,grocery,6337.81,0,5,1,2.6811161358281126,0.7837837837837838,0.0,0.05405405405405406,0,0,0
833.61,card,DEV_01180,GB,failed,74,5,1,0,0,4,1918.08,software,833.61,0,1,0,0.4346064814814815,0.2,0.0,0.0,0,0,0
2698.5,upi,DEV_00694,GB,success,1341,32,29,1,1,1,956.6,grocery,2698.5,0,6,1,2.820928287685553,0.90625,0.03125,0.03125,1,0,0
4971.35,upi,DEV_02730,GB,success,653,32,23,0,1,1,1629.4,software,4971.35,0,4,0,3.051031054375844,0.71875,0.0,0.03125,0,0,1
8963.07,upi,DEV_02262,SG,success,1068,33,31,0,3,4,2638.46,fashion,8963.07,0,0,0,3.3970839050051924,0.9393939393939394,0.0,0.09090909090909091,0,0,0
18077.1,card,DEV_02452,IN,success,1119,25,18,1,1,2,2156.04,home,18077.1,0,1,0,8.384399176267602,0.72,0.04,0.04,1,0,0
373.34,card,DEV_02001,IN,success,623,44,38,0,3,1,4853.36,home,373.34,0,6,1,0.07692402788995664,0.8636363636363636,0.0,0.06818181818181818,0,0,0
1125.08,netbanking,DEV_02340,AE,failed,1501,12,2,1,1,3,3313.0,fashion,1125.08,0,1,0,0.3395955327497736,0.16666666666666666,0.08333333333333333,0.08333333333333333,1,0,0
1966.37,upi,DEV_01859,GB,success,1640,33,25,0,2,4,3566.2,electronics,1966.37,0,3,0,0.5513908361841736,0.7575757575757576,0.0,0.06060606060606061,0,0,0
9867.03,wallet,DEV_01771,AE,success,601,36,30,2,1,2,2538.02,beauty,9867.03,0,0,0,3.8876880402833707,0.8333333333333334,0.05555555555555555,0.027777777777777776,1,0,0
4043.11,upi,DEV_01141,IN,success,316,49,40,0,2,4,3177.25,grocery,4043.11,0,2,0,1.27251868754426,0.8163265306122449,0.0,0.04081632653061224,0,0,0
2596.03,upi,DEV_02980,IN,success,1090,25,23,0,2,1,4488.17,beauty,2596.03,0,2,0,0.5784161473384476,0.92,0.0,0.08,0,0,0
5957.16,netbanking,DEV_01131,AE,success,278,13,5,0,2,2,1242.29,software,5957.16,0,3,0,4.795305443978459,0.38461538461538464,0.0,0.15384615384615385,0,0,0
19171.49,netbanking,DEV_00158,AE,success,927,34,31,1,2,1,3090.08,grocery,19171.49,0,0,0,6.204205069124424,0.9117647058823529,0.029411764705882353,0.058823529411764705,1,0,0
1258.5,upi,DEV_02287,IN,success,1409,42,42,2,2,1,7236.1,travel,1258.5,0,4,0,0.17391965285167424,1.0,0.047619047619047616,0.047619047619047616,1,0,0
3974.07,upi,DEV_00561,SG,success,811,28,26,0,0,2,2525.69,travel,3974.07,0,1,0,1.5734591339396364,0.9285714285714286,0.0,0.0,0,0,0
807.1,upi,DEV_01087,AE,failed,651,1,0,0,0,2,7598.15,fashion,807.1,0,6,1,0.10622322539039109,0.0,0.0,0.0,0,0,0
4334.02,upi,DEV_02035,GB,success,350,35,28,0,1,2,2338.59,home,4334.02,0,1,0,1.8532620083041491,0.8,0.0,0.02857142857142857,0,0,0
4198.97,card,DEV_02115,US,failed,1272,31,28,1,2,2,1079.6,travel,4198.97,0,3,0,3.889375694701742,0.9032258064516129,0.03225806451612903,0.06451612903225806,1,0,0
4591.73,card,DEV_02010,SG,success,611,17,17,0,0,2,3303.56,beauty,4591.73,0,5,1,1.389933889501023,1.0,0.0,0.0,0,0,0
4557.05,upi,DEV_00159,AE,success,1080,48,48,0,1,2,4788.04,beauty,4557.05,0,4,0,0.9517568775532369,1.0,0.0,0.020833333333333332,0,0,0
7742.58,wallet,DEV_02585,SG,success,607,39,32,1,2,3,2146.46,electronics,7742.58,0,0,0,3.6071391966307313,0.8205128205128205,0.02564102564102564,0.05128205128205128,1,0,0
1503.01,wallet,DEV_02173,US,success,1401,26,22,0,1,2,25923.96,home,1503.01,0,3,0,0.05797763921869961,0.8461538461538461,0.0,0.038461538461538464,0,0,0
6610.42,upi,DEV_01197,AE,failed,407,21,13,1,4,1,3764.46,fashion,6610.42,0,2,0,1.7560075017399575,0.6190476190476191,0.047619047619047616,0.19047619047619047,1,0,0
26060.16,netbanking,DEV_02226,AE,success,1207,15,9,1,0,4,1622.72,beauty,26060.16,0,1,0,16.059554328534805,0.6,0.06666666666666667,0.0,1,0,1
22651.3,upi,DEV_00461,GB,failed,1205,47,42,2,0,4,1034.42,fashion,22651.3,0,5,1,21.897585120163953,0.8936170212765957,0.0425531914893617,0.0,1,0,0
4328.07,netbanking,DEV_01014,AE,success,408,24,24,0,2,4,1054.51,grocery,4328.07,0,4,0,4.104342301163573,1.0,0.0,0.08333333333333333,0,0,0
7454.03,wallet,DEV_01307,IN,failed,670,46,41,0,3,3,4350.37,electronics,7454.03,0,0,0,1.7134243753979546,0.8913043478260869,0.0,0.06521739130434782,0,0,0
1379.48,upi,DEV_01982,AE,failed,318,22,13,0,1,2,941.24,grocery,1379.48,0,2,0,1.4655985720963836,0.5909090909090909,0.0,0.045454545454545456,0,0,0
7988.0,upi,DEV_00119,GB,success,1598,36,30,0,2,3,1851.74,beauty,7988.0,0,1,0,4.313780552345362,0.8333333333333334,0.0,0.05555555555555555,0,0,0
2543.48,wallet,DEV_00250,SG,success,1524,7,5,3,2,4,1146.16,software,2543.48,0,4,0,2.2191317093599494,0.7142857142857143,0.42857142857142855,0.2857142857142857,1,0,0
1310.56,netbanking,DEV_02765,GB,failed,1721,45,44,0,0,1,4322.02,electronics,1310.56,0,3,0,0.30322858293112936,0.9777777777777777,0.0,0.0,0,0,0
18951.0,wallet,DEV_01742,AE,success,1598,15,6,1,2,3,1301.55,travel,18951.0,0,6,1,14.560331911951137,0.4,0.06666666666666667,0.13333333333333333,1,0,1
7619.05,netbanking,DEV_01989,US,success,373,47,47,0,0,3,1271.26,software,7619.05,0,5,1,5.99330585403458,1.0,0.0,0.0,0,0,1
747.46,netbanking,DEV_01834,AE,success,1062,25,21,0,3,2,4972.61,fashion,747.46,0,3,0,0.15031542791411354,0.84,0.0,0.12,0,0,1
4468.14,upi,DEV_02562,IN,success,1251,5,3,0,1,4,1006.8,travel,4468.14,0,6,1,4.437961859356377,0.6,0.0,0.2,0,0,0
6207.52,upi,DEV_02478,SG,success,1781,43,34,1,0,2,3023.21,travel,6207.52,0,1,0,2.0532877305909945,0.7906976744186046,0.023255813953488372,0.0,1,0,1
2130.98,wallet,DEV_00370,GB,success,301,6,1,0,2,4,1458.53,fashion,2130.98,0,2,0,1.4610463960288784,0.16666666666666666,0.0,0.3333333333333333,0,0,0
7554.09,card,DEV_02125,US,success,1740,37,37,0,1,4,2780.98,travel,7554.09,0,4,0,2.7163410020927876,1.0,0.0,0.02702702702702703,0,0,1
3677.69,upi,DEV_02195,AE,success,1101,29,25,0,1,2,2717.9,software,3677.69,0,6,1,1.3531366128260789,0.8620689655172413,0.0,0.034482758620689655,0,0,0
14997.54,netbanking,DEV_00662,GB,failed,311,11,4,0,3,2,660.31,travel,14997.54,0,3,0,22.712877284911634,0.36363636363636365,0.0,0.2727272727272727,0,0,1
1462.89,upi,DEV_02265,US,success,1677,6,6,1,0,2,4630.51,software,1462.89,0,6,1,0.3159241638610002,1.0,0.16666666666666666,0.0,1,0,0
5236.64,card,DEV_02157,IN,failed,785,13,7,0,1,3,1795.8,home,5236.64,0,5,1,2.9160485577458517,0.5384615384615384,0.0,0.07692307692307693,0,0,0
14705.42,wallet,DEV_00174,US,success,1301,16,14,1,1,2,2165.29,beauty,14705.42,0,5,1,6.791432094546227,0.875,0.0625,0.0625,1,0,1
5485.38,card,DEV_00943,US,success,1800,50,50,0,0,1,7715.67,fashion,5485.38,0,4,0,0.7109402035079261,1.0,0.0,0.0,0,0,0
3732.56,card,DEV_01548,AE,success,944,45,37,3,0,1,1473.14,beauty,3732.56,0,1,0,2.5337442469826357,0.8222222222222222,0.06666666666666667,0.0,1,0,0
1308.43,card,DEV_00314,IN,failed,1439,31,26,0,2,2,792.88,electronics,1308.43,0,6,1,1.6502244980324892,0.8387096774193549,0.0,0.06451612903225806,0,0,0
940.67,card,DEV_00061,SG,success,1970,34,28,0,0,1,2220.45,grocery,940.67,0,3,0,0.4236393523835259,0.8235294117647058,0.0,0.0,0,0,0
4214.54,card,DEV_02410,AE,success,1034,46,43,0,1,1,3778.58,electronics,4214.54,0,3,0,1.115376675894119,0.9347826086956522,0.0,0.021739130434782608,0,0,0
1658.65,netbanking,DEV_01742,SG,success,242,25,25,0,2,3,2572.86,home,1658.65,0,4,0,0.6446716883157265,1.0,0.0,0.08,0,0,0
1278.11,netbanking,DEV_01123,AE,success,1092,42,39,0,1,3,3242.25,grocery,1278.11,0,5,1,0.3942046418382296,0.9285714285714286,0.0,0.023809523809523808,0,0,0
2959.5,netbanking,DEV_02688,SG,failed,726,8,8,1,2,3,11873.66,electronics,2959.5,0,4,0,0.2492491784336085,1.0,0.125,0.25,1,0,0
5127.79,netbanking,DEV_01760,IN,failed,408,9,7,0,0,3,2671.19,beauty,5127.79,0,3,0,1.9196650182128563,0.7777777777777778,0.0,0.0,0,0,1
3805.25,netbanking,DEV_01980,GB,success,1313,5,1,0,2,2,3381.04,travel,3805.25,0,0,0,1.1254673118330454,0.2,0.0,0.4,0,0,0
1653.41,wallet,DEV_00071,AE,failed,1456,24,22,1,1,2,1711.28,electronics,1653.41,0,0,0,0.9661832078911693,0.9166666666666666,0.041666666666666664,0.041666666666666664,1,0,0
3861.3,netbanking,DEV_02239,IN,success,1827,31,28,0,0,4,1174.39,electronics,3861.3,0,6,1,3.2879196859646282,0.9032258064516129,0.0,0.0,0,0,0
6418.37,card,DEV_01628,US,success,957,18,11,1,0,1,1298.25,grocery,6418.37,0,5,1,4.943862892355093,0.6111111111111112,0.05555555555555555,0.0,1,0,0
2369.33,wallet,DEV_02307,IN,success,985,46,38,0,0,1,5960.83,home,2369.33,0,6,1,0.39748323639493155,0.8260869565217391,0.0,0.0,0,0,1
3399.46,netbanking,DEV_00589,IN,success,493,45,40,0,2,3,1245.01,home,3399.46,0,6,1,2.73046802836925,0.8888888888888888,0.0,0.044444444444444446,0,0,1
15534.65,upi,DEV_02007,SG,success,982,29,26,0,0,2,4499.99,travel,15534.65,0,3,0,3.452152115893591,0.896551724137931,0.0,0.0,0,0,0
2245.92,upi,DEV_01652,SG,failed,697,13,10,0,2,1,1663.43,electronics,2245.92,0,0,0,1.3501740379817606,0.7692307692307693,0.0,0.15384615384615385,0,0,0
7328.36,upi,DEV_00242,AE,failed,920,43,35,2,1,2,3108.32,beauty,7328.36,0,4,0,2.357659443043187,0.813953488372093,0.046511627906976744,0.023255813953488372,1,0,0
2213.96,netbanking,DEV_01384,US,success,593,18,15,0,0,2,2385.67,electronics,2213.96,0,5,1,0.9280244124292127,0.8333333333333334,0.0,0.0,0,0,0
5367.92,wallet,DEV_00023,GB,success,676,8,8,0,2,2,6849.12,fashion,5367.92,0,4,0,0.7837386408764921,1.0,0.0,0.25,0,0,0
1128.93,wallet,DEV_02235,AE,success,1972,19,16,1,2,3,1947.21,fashion,1128.93,0,6,1,0.5797679757191058,0.8421052631578947,0.05263157894736842,0.10526315789473684,1,0,0
1964.61,netbanking,DEV_01890,AE,success,683,39,32,0,1,1,9263.87,software,1964.61,0,1,0,0.2120722764891994,0.8205128205128205,0.0,0.02564102564102564,0,0,1
1909.86,card,DEV_01744,IN,success,1621,4,3,0,0,4,4671.92,travel,1909.86,0,1,0,0.40879552732067326,0.75,0.0,0.0,0,0,0
3236.19,card,DEV_00664,SG,success,1774,32,24,1,0,1,1137.25,electronics,3236.19,0,5,1,2.845627610463838,0.75,0.03125,0.0,1,0,0
7740.82,upi,DEV_00809,AE,success,984,7,7,1,2,3,1312.14,grocery,7740.82,0,1,0,5.89938573627814,1.0,0.14285714285714285,0.2857142857142857,1,0,0
6258.73,card,DEV_01738,AE,failed,1925,41,39,2,2,2,2098.06,fashion,6258.73,0,4,0,2.983103438414535,0.9512195121951219,0.04878048780487805,0.04878048780487805,1,0,0
4827.26,upi,DEV_02241,AE,success,1704,7,1,1,0,4,13842.82,beauty,4827.26,0,0,0,0.34871940832864984,0.14285714285714285,0.14285714285714285,0.0,1,0,0
690.15,netbanking,DEV_00482,AE,success,1054,3,0,2,0,1,2564.61,beauty,690.15,0,1,0,0.2691052440721981,0.0,0.6666666666666666,0.0,1,0,0
23884.61,netbanking,DEV_02520,GB,success,901,34,30,1,3,4,3256.91,home,23884.61,0,0,0,7.333518580495009,0.8823529411764706,0.029411764705882353,0.08823529411764706,1,0,0
2608.2,upi,DEV_01189,SG,success,62,32,23,0,2,1,1183.16,travel,2608.2,0,3,0,2.204435579296122,0.71875,0.0,0.0625,0,0,0
4499.46,netbanking,DEV_02128,SG,failed,883,12,4,0,4,3,2206.7,travel,4499.46,0,4,0,2.0389994108850322,0.3333333333333333,0.0,0.3333333333333333,0,0,0
1501.86,wallet,DEV_00863,GB,success,1784,32,29,1,0,3,1207.86,beauty,1501.86,0,5,1,1.2434056927127317,0.90625,0.03125,0.0,1,0,0
4368.53,upi,DEV_02148,AE,success,1353,43,39,0,1,3,3216.32,beauty,4368.53,0,5,1,1.3582386080986966,0.9069767441860465,0.0,0.023255813953488372,0,0,0
4749.9,wallet,DEV_00735,US,success,922,47,46,1,3,3,772.18,home,4749.9,0,4,0,6.151285969592582,0.9787234042553191,0.02127659574468085,0.06382978723404255,1,0,0
1417.06,card,DEV_01278,US,success,1368,23,14,0,1,2,3141.15,software,1417.06,0,5,1,0.4511277716759785,0.6086956521739131,0.0,0.043478260869565216,0,0,0
2430.83,wallet,DEV_01356,IN,failed,38,20,10,1,2,1,2275.95,travel,2430.83,0,4,0,1.068050704101584,0.5,0.05,0.1,1,0,0
1317.91,upi,DEV_00274,GB,success,447,35,33,0,1,3,4294.9,grocery,1317.91,0,4,0,0.30685464155160774,0.9428571428571428,0.0,0.02857142857142857,0,0,0
5579.85,netbanking,DEV_02576,IN,success,551,1,0,0,5,1,1500.9,beauty,5579.85,0,3,0,3.7176693983609836,0.0,0.0,5.0,0,0,0
760.29,netbanking,DEV_01746,SG,success,1507,4,4,0,1,4,2414.96,fashion,760.29,0,0,0,0.31482509027064626,1.0,0.0,0.25,0,0,0
7197.07,netbanking,DEV_02558,AE,success,177,26,16,0,2,4,5972.27,electronics,7197.07,0,5,1,1.205081150048474,0.6153846153846154,0.0,0.07692307692307693,0,0,0
4838.49,card,DEV_02428,US,success,1983,26,17,1,1,4,9621.27,beauty,4838.49,0,1,0,0.5028951479378502,0.6538461538461539,0.038461538461538464,0.038461538461538464,1,0,0
4122.47,netbanking,DEV_00731,GB,success,1650,10,2,1,2,1,2583.45,home,4122.47,0,0,0,1.5957227738102153,0.2,0.1,0.2,1,0,0
2042.26,upi,DEV_02140,SG,failed,299,1,1,0,2,2,7092.54,grocery,2042.26,0,0,0,0.28794479833740805,1.0,0.0,2.0,0,0,0
3373.17,netbanking,DEV_02358,SG,success,876,22,19,0,0,1,3564.46,fashion,3373.17,0,3,0,0.9463340870706923,0.8636363636363636,0.0,0.0,0,0,0
3425.51,wallet,DEV_00858,US,success,1163,34,29,0,5,4,4485.75,home,3425.51,0,3,0,0.7636426461572758,0.8529411764705882,0.0,0.14705882352941177,0,0,0
2727.65,upi,DEV_00375,SG,success,1223,37,37,0,1,4,4567.26,beauty,2727.65,0,5,1,0.5972180256871735,1.0,0.0,0.02702702702702703,0,0,0
3825.08,upi,DEV_01948,IN,success,670,46,41,0,3,3,4350.37,electronics,3825.08,0,1,0,0.879253948514724,0.8913043478260869,0.0,0.06521739130434782,0,0,0
7227.66,card,DEV_00562,SG,failed,629,31,23,1,3,1,2130.7,home,7227.66,0,6,1,3.3921528136293237,0.7419354838709677,0.03225806451612903,0.0967741935483871,1,0,0
3687.6,wallet,DEV_02724,AE,success,44,12,3,0,3,3,2522.17,home,3687.6,0,2,0,1.4620743248869028,0.25,0.0,0.25,0,0,0
13540.73,card,DEV_00987,SG,failed,585,3,0,0,1,3,7336.51,travel,13540.73,0,5,1,1.8456636738721817,0.0,0.0,0.3333333333333333,0,0,0
2768.39,wallet,DEV_02893,AE,success,183,38,37,0,0,1,1650.02,electronics,2768.39,0,2,0,1.6777917843420078,0.9736842105263158,0.0,0.0,0,0,0
1844.43,netbanking,DEV_02174,IN,success,608,50,45,0,2,2,2545.13,home,1844.43,0,5,1,0.7246898979619901,0.9,0.0,0.04,0,0,0
4546.98,upi,DEV_02596,GB,success,1219,7,2,0,2,4,6042.85,travel,4546.98,0,3,0,0.7524562085770786,0.2857142857142857,0.0,0.2857142857142857,0,0,0
2537.73,wallet,DEV_02296,AE,success,1518,37,31,0,2,1,9976.48,software,2537.73,0,2,0,0.2543712812535083,0.8378378378378378,0.0,0.05405405405405406,0,0,0
14678.28,card,DEV_02286,AE,success,1555,36,34,0,0,1,1061.26,home,14678.28,0,1,0,13.830993347530296,0.9444444444444444,0.0,0.0,0,0,0
4181.67,upi,DEV_00104,GB,failed,1864,50,44,0,1,1,2433.23,home,4181.67,0,4,0,1.7185675008116783,0.88,0.0,0.02,0,0,0
7231.95,netbanking,DEV_02984,AE,success,167,20,10,2,2,1,1010.29,grocery,7231.95,0,1,0,7.158291183719526,0.5,0.1,0.1,1,0,0
5443.2,wallet,DEV_01533,US,success,1645,21,18,0,5,4,2374.57,software,5443.2,0,5,1,2.2922887091136497,0.8571428571428571,0.0,0.23809523809523808,0,0,0
1397.36,upi,DEV_01811,GB,success,1679,29,22,1,1,1,4223.64,travel,1397.36,0,4,0,0.3308425907511056,0.7586206896551724,0.034482758620689655,0.034482758620689655,1,0,0
1990.96,card,DEV_02402,GB,success,1802,11,6,0,0,3,7869.35,fashion,1990.96,0,3,0,0.2530018362380629,0.5454545454545454,0.0,0.0,0,0,0
12444.74,netbanking,DEV_01040,SG,success,379,41,35,1,2,1,2704.48,software,12444.74,0,6,1,4.601527835295509,0.8536585365853658,0.024390243902439025,0.04878048780487805,1,0,0
3579.47,card,DEV_02652,GB,failed,251,44,37,0,1,4,5454.36,fashion,3579.47,0,6,1,0.6562584794549682,0.8409090909090909,0.0,0.022727272727272728,0,0,0
2008.95,wallet,DEV_00180,GB,success,1794,18,12,0,2,3,4716.31,home,2008.95,0,3,0,0.4259580053049948,0.6666666666666666,0.0,0.1111111111111111,0,0,0
2912.73,card,DEV_02942,AE,failed,1802,11,6,0,0,3,7869.35,travel,2912.73,0,4,0,0.37013603410701007,0.5454545454545454,0.0,0.0,0,0,0
1759.84,wallet,DEV_00712,AE,success,1604,42,37,2,3,1,2379.29,fashion,1759.84,0,5,1,0.7396492230875598,0.8809523809523809,0.047619047619047616,0.07142857142857142,1,0,0
1837.08,card,DEV_01514,IN,success,1555,36,34,0,0,1,1061.26,grocery,1837.08,0,5,1,1.7310366922337599,0.9444444444444444,0.0,0.0,0,0,0
8104.65,upi,DEV_00540,IN,success,1691,48,48,0,4,4,1890.39,software,8104.65,0,5,1,4.2872899243013345,1.0,0.0,0.08333333333333333,0,0,0
3222.74,card,DEV_01817,IN,success,39,36,29,0,0,2,2302.18,home,3222.74,0,6,1,1.3998644762790051,0.8055555555555556,0.0,0.0,0,0,1
1077.55,netbanking,DEV_00796,SG,success,1848,4,0,0,2,4,5287.69,travel,1077.55,0,2,0,0.20378463941721245,0.0,0.0,0.5,0,0,0
7539.22,netbanking,DEV_02753,GB,success,1163,34,29,0,5,4,4485.75,fashion,7539.22,0,2,0,1.680704452990024,0.8529411764705882,0.0,0.14705882352941177,0,0,0
3583.44,netbanking,DEV_02115,IN,failed,1990,49,44,0,1,1,3914.9,electronics,3583.44,0,5,1,0.9153337249993614,0.8979591836734694,0.0,0.02040816326530612,0,0,1
2655.28,wallet,DEV_02735,IN,success,1710,15,8,1,1,1,1492.85,travel,2655.28,0,5,1,1.7786649696888504,0.5333333333333333,0.06666666666666667,0.06666666666666667,1,0,0
3160.07,upi,DEV_02986,GB,success,1282,2,2,0,1,2,7186.47,travel,3160.07,0,3,0,0.4397249275374419,1.0,0.0,0.5,0,0,0
3678.76,wallet,DEV_00183,GB,success,49,1,1,0,2,1,3080.52,fashion,3678.76,0,4,0,1.1942009790554842,1.0,0.0,2.0,0,0,0
2419.78,wallet,DEV_00709,IN,success,627,17,12,1,1,4,5794.51,home,2419.78,0,5,1,0.4175987270709689,0.7058823529411765,0.058823529411764705,0.058823529411764705,1,0,0
2177.9,netbanking,DEV_00483,GB,success,969,27,19,0,0,3,11492.72,home,2177.9,0,3,0,0.18950257206301035,0.7037037037037037,0.0,0.0,0,0,0
3883.51,wallet,DEV_00362,IN,success,143,32,31,0,1,2,5726.85,travel,3883.51,0,5,1,0.6781232265556109,0.96875,0.0,0.03125,0,0,1
1997.27,card,DEV_00761,GB,success,1838,2,2,0,4,3,5640.45,travel,1997.27,0,0,0,0.3540976340540205,1.0,0.0,2.0,0,0,0
4462.81,upi,DEV_00043,US,success,367,26,16,1,1,2,2461.56,beauty,4462.81,0,5,1,1.8130006987438863,0.6153846153846154,0.038461538461538464,0.038461538461538464,1,0,0
1137.69,wallet,DEV_00333,US,success,1281,11,10,1,0,1,1480.41,beauty,1137.69,0,4,0,0.768496565140738,0.9090909090909091,0.09090909090909091,0.0,1,0,0
2588.49,upi,DEV_01272,IN,success,1179,42,41,1,1,3,3973.43,grocery,2588.49,0,2,0,0.6514497549975713,0.9761904761904762,0.023809523809523808,0.023809523809523808,1,0,1
2647.21,upi,DEV_01143,US,success,565,24,22,1,1,4,7384.29,fashion,2647.21,0,0,0,0.35849215022703607,0.9166666666666666,0.041666666666666664,0.041666666666666664,1,0,0
3129.47,wallet,DEV_00926,US,success,487,43,42,0,3,2,10608.23,travel,3129.47,0,2,0,0.29500397333014083,0.9767441860465116,0.0,0.06976744186046512,0,0,0
6053.26,upi,DEV_01209,GB,failed,1075,48,46,0,3,2,2011.5,grocery,6053.26,0,6,1,3.009326373353219,0.9583333333333334,0.0,0.0625,0,0,1
12617.1,netbanking,DEV_00379,AE,success,1956,48,39,1,2,2,1659.11,grocery,12617.1,0,2,0,7.6047398906642725,0.8125,0.020833333333333332,0.041666666666666664,1,0,0
3200.54,netbanking,DEV_02629,SG,success,1085,48,42,1,2,3,5517.01,fashion,3200.54,0,6,1,0.580122203874925,0.875,0.020833333333333332,0.041666666666666664,1,0,1
9302.08,card,DEV_02398,AE,success,676,45,35,0,2,1,1575.85,home,9302.08,0,0,0,5.902896849319415,0.7777777777777778,0.0,0.044444444444444446,0,0,0
20293.36,wallet,DEV_01421,GB,success,377,9,4,0,2,3,1185.6,grocery,20293.36,0,0,0,17.116531713900137,0.4444444444444444,0.0,0.2222222222222222,0,0,0
7014.03,netbanking,DEV_00372,SG,success,712,30,20,0,2,1,699.27,beauty,7014.03,0,4,0,10.030503239092196,0.6666666666666666,0.0,0.06666666666666667,0,0,1
2184.21,netbanking,DEV_00894,AE,success,1791,14,5,0,3,1,3136.97,software,2184.21,0,6,1,0.6962801684427967,0.35714285714285715,0.0,0.21428571428571427,0,0,0
2798.74,card,DEV_02118,US,success,654,14,9,0,1,2,1829.66,travel,2798.74,0,5,1,1.5296503175453362,0.6428571428571429,0.0,0.07142857142857142,0,0,0
4236.85,wallet,DEV_02404,GB,failed,1233,42,33,0,1,3,6094.46,travel,4236.85,0,0,0,0.6951969493605669,0.7857142857142857,0.0,0.023809523809523808,0,0,0
3994.56,card,DEV_01321,IN,success,1571,22,18,0,2,1,2365.91,travel,3994.56,0,3,0,1.688382060179804,0.8181818181818182,0.0,0.09090909090909091,0,0,0
4850.4,card,DEV_00651,AE,success,1784,18,16,0,3,4,1948.41,software,4850.4,0,5,1,2.489414445624894,0.8888888888888888,0.0,0.16666666666666666,0,0,0
1912.74,netbanking,DEV_02654,IN,success,611,33,33,1,1,3,5786.78,fashion,1912.74,0,1,0,0.3305361530937758,1.0,0.030303030303030304,0.030303030303030304,1,0,1
4712.61,netbanking,DEV_00667,AE,success,349,50,41,0,2,1,3391.46,beauty,4712.61,0,2,0,1.3895519923572737,0.82,0.0,0.04,0,0,0
12245.51,card,DEV_01799,SG,failed,1839,4,1,0,2,2,2085.36,home,12245.51,0,0,0,5.8721323896113855,0.25,0.0,0.5,0,0,0
52050.2,wallet,DEV_01940,US,success,120,1,0,0,3,1,4403.32,beauty,52050.2,0,4,0,11.820671675008857,0.0,0.0,3.0,0,0,0
5375.48,netbanking,DEV_01977,AE,success,588,13,4,1,1,3,4105.56,fashion,5375.48,0,2,0,1.3093171211722636,0.3076923076923077,0.07692307692307693,0.07692307692307693,1,0,0
2038.0,upi,DEV_02077,IN,failed,248,6,0,1,0,3,3046.51,electronics,2038.0,0,5,1,0.6689621895217807,0.0,0.16666666666666666,0.0,1,0,0
8535.13,netbanking,DEV_02366,AE,success,91,5,3,0,3,1,2845.25,home,8535.13,0,0,0,2.999782092961954,0.6,0.0,0.6,0,0,0
2573.69,upi,DEV_02098,US,success,1183,35,28,0,2,4,3847.55,travel,2573.69,0,2,0,0.6689165832802693,0.8,0.0,0.05714285714285714,0,0,0
2222.98,upi,DEV_00533,GB,success,1737,22,22,0,4,4,5108.68,grocery,2222.98,0,1,0,0.4351378438265853,1.0,0.0,0.18181818181818182,0,0,0
4090.48,card,DEV_01267,US,success,586,22,17,0,2,1,2462.9,beauty,4090.48,0,5,1,1.6608388485119168,0.7727272727272727,0.0,0.09090909090909091,0,0,0
2276.99,wallet,DEV_01622,US,success,1024,2,1,0,0,3,1735.64,home,2276.99,0,1,0,1.3119022377912468,0.5,0.0,0.0,0,0,0
7012.75,upi,DEV_00821,US,success,443,7,7,0,3,2,4921.84,travel,7012.75,0,3,0,1.4248228304861597,1.0,0.0,0.42857142857142855,0,0,0
3001.19,card,DEV_00757,US,success,319,49,45,1,1,2,7270.39,travel,3001.19,0,5,1,0.41279628740686536,0.9183673469387755,0.02040816326530612,0.02040816326530612,1,0,0
1819.95,wallet,DEV_00370,US,success,419,22,19,0,4,3,2889.32,travel,1819.95,0,0,0,0.6298886935334266,0.8636363636363636,0.0,0.18181818181818182,0,0,0
6260.08,card,DEV_01956,US,success,1137,29,19,0,1,2,3010.33,travel,6260.08,0,0,0,2.0795328086953924,0.6551724137931034,0.0,0.034482758620689655,0,0,1
1415.76,wallet,DEV_02253,AE,success,402,32,25,0,1,3,770.03,home,1415.76,0,6,1,1.8385777177512566,0.78125,0.0,0.03125,0,0,0
525.52,wallet,DEV_02738,AE,failed,1287,1,0,0,2,4,1075.34,electronics,525.52,0,5,1,0.4887012479773839,0.0,0.0,2.0,0,0,0
4423.66,upi,DEV_00393,AE,success,1501,45,41,0,1,4,3134.1,beauty,4423.66,0,0,0,1.411461025493762,0.9111111111111111,0.0,0.022222222222222223,0,0,0
8400.2,upi,DEV_01638,GB,failed,1119,25,18,1,1,2,2156.04,travel,8400.2,0,5,1,3.896124376171129,0.72,0.04,0.04,1,0,0
14920.84,wallet,DEV_02188,IN,failed,804,20,14,1,0,2,2344.87,home,14920.84,0,0,0,6.363184312989633,0.7,0.05,0.0,1,0,0
2042.32,card,DEV_00909,SG,success,1285,4,2,1,4,1,2327.88,beauty,2042.32,0,6,1,0.8773304465865938,0.5,0.25,1.0,1,0,0
1065.66,netbanking,DEV_01484,GB,success,1451,29,25,0,1,4,1660.27,beauty,1065.66,0,5,1,0.6418594565944093,0.8620689655172413,0.0,0.034482758620689655,0,0,0
10846.55,wallet,DEV_00317,US,failed,701,40,35,0,1,2,2853.97,fashion,10846.55,0,3,0,3.8005129696527993,0.875,0.0,0.025,0,0,0
21175.98,upi,DEV_00182,US,failed,572,9,3,0,2,3,16718.47,home,21175.98,0,3,0,1.2666218858543872,0.3333333333333333,0.0,0.2222222222222222,0,0,0
3287.99,card,DEV_01391,AE,success,961,30,22,1,2,4,2727.32,beauty,3287.99,0,2,0,1.2055754366924305,0.7333333333333333,0.03333333333333333,0.06666666666666667,1,0,0
2868.96,wallet,DEV_00618,GB,failed,1600,24,16,0,1,1,3425.46,fashion,2868.96,0,5,1,0.8375400676113574,0.6666666666666666,0.0,0.041666666666666664,0,0,0
5032.0,wallet,DEV_00143,GB,success,465,42,39,0,2,4,2653.83,beauty,5032.0,0,5,1,1.8961274836745383,0.9285714285714286,0.0,0.047619047619047616,0,0,0
5784.06,upi,DEV_01632,SG,success,333,9,5,0,2,1,8080.75,electronics,5784.06,0,6,1,0.7157825696872196,0.5555555555555556,0.0,0.2222222222222222,0,0,0
4214.02,wallet,DEV_00339,GB,success,1649,24,22,1,2,1,1750.87,grocery,4214.02,0,3,0,2.406814897736554,0.9166666666666666,0.041666666666666664,0.08333333333333333,1,0,0
4601.51,wallet,DEV_00051,US,success,647,31,29,1,0,2,1352.87,home,4601.51,0,0,0,3.401295024651297,0.9354838709677419,0.03225806451612903,0.0,1,0,0
4599.15,wallet,DEV_02812,AE,failed,1586,4,1,1,1,3,3561.45,travel,4599.15,0,5,1,1.2913700880259444,0.25,0.25,0.25,1,0,0
4448.9,wallet,DEV_01731,IN,failed,1432,21,11,1,3,2,2265.44,electronics,4448.9,0,3,0,1.9638127692633658,0.5238095238095238,0.047619047619047616,0.14285714285714285,1,0,0
5565.06,netbanking,DEV_02598,IN,failed,581,31,30,0,1,3,2539.91,grocery,5565.06,0,3,0,2.1910461394301377,0.967741935483871,0.0,0.03225806451612903,0,0,0
1303.92,netbanking,DEV_01940,GB,success,1922,17,17,0,1,2,2883.04,electronics,1303.92,0,2,0,0.45227260114323775,1.0,0.0,0.058823529411764705,0,0,0
622.02,card,DEV_00733,AE,failed,175,16,13,0,0,3,3108.64,electronics,622.02,0,6,1,0.20009393175150547,0.8125,0.0,0.0,0,0,0
8673.67,card,DEV_00616,IN,success,39,3,1,0,2,3,5587.46,travel,8673.67,0,5,1,1.5523457886051981,0.3333333333333333,0.0,0.6666666666666666,0,0,0
6536.71,upi,DEV_02110,SG,failed,1861,37,37,0,3,1,3342.2,grocery,6536.71,0,0,0,1.9558105439530848,1.0,0.0,0.08108108108108109,0,0,0
1356.45,wallet,DEV_00199,AE,success,219,41,37,0,2,3,6262.36,beauty,1356.45,0,5,1,0.21660364463237503,0.9024390243902439,0.0,0.04878048780487805,0,0,0
3892.21,card,DEV_02006,AE,success,1088,26,25,0,2,1,2112.51,beauty,3892.21,0,5,1,1.8424575504968022,0.9615384615384616,0.0,0.07692307692307693,0,0,0
1575.94,netbanking,DEV_01034,AE,success,109,26,21,1,1,2,3073.31,grocery,1575.94,0,5,1,0.5127826350091595,0.8076923076923077,0.038461538461538464,0.038461538461538464,1,0,0
2594.57,card,DEV_02224,GB,success,1519,5,0,0,2,1,2257.18,fashion,2594.57,0,6,1,1.1494741225777299,0.0,0.0,0.4,0,0,0
1686.22,netbanking,DEV_01709,IN,success,1592,31,22,1,2,1,2299.83,software,1686.22,0,5,1,0.7331933229847424,0.7096774193548387,0.03225806451612903,0.06451612903225806,1,0,0
3774.55,netbanking,DEV_02605,IN,success,1529,9,1,1,3,3,16737.62,grocery,3774.55,0,1,0,0.2255129462850752,0.1111111111111111,0.1111111111111111,0.3333333333333333,1,0,0
3885.09,netbanking,DEV_02998,IN,failed,635,17,15,0,1,3,1742.08,fashion,3885.09,0,6,1,2.230144425055107,0.8823529411764706,0.0,0.058823529411764705,0,0,1
1381.63,upi,DEV_00718,IN,success,117,43,36,0,2,3,4730.35,home,1381.63,0,6,1,0.29207775323179047,0.8372093023255814,0.0,0.046511627906976744,0,0,0
2004.72,upi,DEV_02977,US,failed,1179,49,49,0,2,1,6127.91,travel,2004.72,0,4,0,0.3271457968540661,1.0,0.0,0.04081632653061224,0,0,0
9049.42,wallet,DEV_01126,GB,success,44,12,3,0,3,3,2522.17,travel,9049.42,0,1,0,3.5879500588778708,0.25,0.0,0.25,0,0,0
5544.65,wallet,DEV_00167,IN,success,1559,28,20,0,2,2,3688.35,software,5544.65,0,2,0,1.5032873778247726,0.7142857142857143,0.0,0.07142857142857142,0,0,0
8206.09,card,DEV_00602,SG,success,1232,48,40,1,4,4,3048.49,software,8206.09,0,6,1,2.691853999849106,0.8333333333333334,0.020833333333333332,0.08333333333333333,1,0,1
7214.79,wallet,DEV_02100,IN,success,593,18,15,0,0,2,2385.67,electronics,7214.79,0,5,1,3.024219611262245,0.8333333333333334,0.0,0.0,0,0,0
11924.66,wallet,DEV_01642,IN,success,1360,18,11,0,0,1,4600.63,beauty,11924.66,0,1,0,2.59196240514886,0.6111111111111112,0.0,0.0,0,0,0
4122.33,card,DEV_01776,IN,success,1360,6,6,0,2,3,2782.66,grocery,4122.33,0,3,0,1.4814350297916383,1.0,0.0,0.3333333333333333,0,0,1
6455.87,netbanking,DEV_01242,SG,success,436,24,14,0,1,2,14828.97,software,6455.87,0,1,0,0.4353552539387429,0.5833333333333334,0.0,0.041666666666666664,0,0,0
3105.72,card,DEV_01533,SG,success,140,34,30,0,1,4,1235.35,beauty,3105.72,0,5,1,2.5140405553082124,0.8823529411764706,0.0,0.029411764705882353,0,0,1
2859.13,wallet,DEV_01126,US,success,676,45,35,0,2,1,1575.85,software,2859.13,0,3,0,1.8143414665101376,0.7777777777777778,0.0,0.044444444444444446,0,0,0
3615.73,wallet,DEV_00743,GB,success,1454,31,31,0,2,2,1161.99,fashion,3615.73,0,2,0,3.1116704963037547,1.0,0.0,0.06451612903225806,0,0,0
5213.23,wallet,DEV_00849,IN,failed,303,7,6,0,1,2,4287.03,electronics,5213.23,0,0,0,1.2160470069022142,0.8571428571428571,0.0,0.14285714285714285,0,0,0
4962.16,upi,DEV_01126,GB,success,89,41,40,0,1,2,4960.89,travel,4962.16,0,2,0,1.000256002451173,0.975609756097561,0.0,0.024390243902439025,0,0,0
833.28,card,DEV_00907,US,success,1581,35,35,0,3,2,1463.11,travel,833.28,0,0,0,0.5695265564448333,1.0,0.0,0.08571428571428572,0,0,0
1866.92,upi,DEV_00262,SG,failed,1306,21,21,0,1,1,1748.98,grocery,1866.92,0,6,1,1.0674335898638063,1.0,0.0,0.047619047619047616,0,0,0
25662.31,wallet,DEV_02601,SG,failed,1531,43,43,1,1,1,3769.38,travel,25662.31,0,3,0,6.8080984140627905,1.0,0.023255813953488372,0.023255813953488372,1,0,0
2678.02,wallet,DEV_02285,IN,success,1279,42,34,0,2,4,6869.97,software,2678.02,0,6,1,0.38981538492890067,0.8095238095238095,0.0,0.047619047619047616,0,0,1
4676.31,netbanking,DEV_01419,AE,failed,1756,45,43,0,3,3,697.75,grocery,4676.31,0,6,1,6.701984951630241,0.9555555555555556,0.0,0.06666666666666667,0,0,0
4813.25,wallet,DEV_00863,SG,success,1157,11,7,0,1,4,3574.93,home,4813.25,0,6,1,1.3463899992447406,0.6363636363636364,0.0,0.09090909090909091,0,0,0
1563.19,wallet,DEV_01048,AE,success,1839,4,1,0,2,2,2085.36,grocery,1563.19,0,4,0,0.7496019871868645,0.25,0.0,0.5,0,0,0
4045.33,wallet,DEV_02300,GB,success,1618,34,30,0,2,4,2781.03,beauty,4045.33,0,3,0,1.4546157358964122,0.8823529411764706,0.0,0.058823529411764705,0,0,0
2269.48,netbanking,DEV_01246,GB,success,1486,16,11,0,3,4,3146.0,software,2269.48,0,6,1,0.7213858868404323,0.6875,0.0,0.1875,0,0,0
8004.3,wallet,DEV_02763,AE,success,363,29,20,1,2,1,998.12,beauty,8004.3,0,3,0,8.019376427684046,0.6896551724137931,0.034482758620689655,0.06896551724137931,1,0,0
4965.17,upi,DEV_02557,GB,failed,206,36,33,0,1,1,1373.33,software,4965.17,0,0,0,3.6154238238442327,0.9166666666666666,0.0,0.027777777777777776,0,0,0
1269.5,wallet,DEV_00096,GB,failed,726,8,8,1,2,3,11873.66,grocery,1269.5,0,5,1,0.10691732793426795,1.0,0.125,0.25,1,0,1
5592.98,upi,DEV_01538,SG,failed,217,48,46,0,1,2,10594.11,home,5592.98,0,1,0,0.527932974077105,0.9583333333333334,0.0,0.020833333333333332,0,0,0
3295.95,card,DEV_00398,AE,success,135,18,14,0,2,1,1949.24,fashion,3295.95,0,2,0,1.6908897826845333,0.7777777777777778,0.0,0.1111111111111111,0,0,0
3348.73,card,DEV_02338,GB,success,1331,30,24,0,2,4,4471.61,software,3348.73,0,6,1,0.7488868662517528,0.8,0.0,0.06666666666666667,0,0,0
1585.94,wallet,DEV_02254,AE,success,356,12,11,0,2,2,2552.12,grocery,1585.94,0,2,0,0.6214206228547248,0.9166666666666666,0.0,0.16666666666666666,0,0,0
1145.39,wallet,DEV_02455,GB,success,1819,5,1,0,3,2,4106.72,travel,1145.39,0,0,0,0.2789062804379164,0.2,0.0,0.6,0,0,0
1540.86,card,DEV_02721,GB,failed,1235,43,40,0,1,4,2320.2,beauty,1540.86,0,5,1,0.6641065425394362,0.9302325581395349,0.0,0.023255813953488372,0,0,0
13086.93,upi,DEV_01655,AE,failed,1677,13,9,0,1,3,5944.72,travel,13086.93,0,0,0,2.201437578220673,0.6923076923076923,0.0,0.07692307692307693,0,0,0
2050.58,netbanking,DEV_01841,US,success,1085,48,42,1,2,3,5517.01,software,2050.58,0,2,0,0.3716832124647227,0.875,0.020833333333333332,0.041666666666666664,1,0,0
12216.31,wallet,DEV_01182,IN,success,1449,47,43,0,2,2,4131.98,travel,12216.31,0,6,1,2.9565268950962977,0.9148936170212766,0.0,0.0425531914893617,0,0,0
6983.11,wallet,DEV_02688,US,success,1677,6,6,1,0,2,4630.51,electronics,6983.11,0,2,0,1.5080649863621933,1.0,0.16666666666666666,0.0,1,0,0
8077.18,wallet,DEV_02377,AE,failed,1895,47,38,0,2,1,3149.96,software,8077.18,0,5,1,2.5642166884658852,0.8085106382978723,0.0,0.0425531914893617,0,0,0
6187.32,upi,DEV_02607,IN,success,749,15,9,0,1,3,4689.59,grocery,6187.32,0,0,0,1.3193733354088524,0.6,0.0,0.06666666666666667,0,0,0
8635.67,upi,DEV_02498,SG,success,434,47,46,2,2,4,951.07,grocery,8635.67,0,5,1,9.079952054002334,0.9787234042553191,0.0425531914893617,0.0425531914893617,1,0,0
15149.73,wallet,DEV_00094,GB,success,1010,29,24,1,0,2,6320.43,home,15149.73,0,5,1,2.396946093857538,0.8275862068965517,0.034482758620689655,0.0,1,0,0
5106.82,upi,DEV_02332,AE,success,1839,4,1,0,2,2,2085.36,software,5106.82,0,3,0,2.4488913185253383,0.25,0.0,0.5,0,0,0
1561.33,netbanking,DEV_00094,SG,failed,1905,8,6,0,2,3,3836.35,software,1561.33,0,5,1,0.4069832001772518,0.75,0.0,0.25,0,0,0
6304.58,upi,DEV_00662,AE,success,957,18,11,1,0,1,1298.25,beauty,6304.58,0,6,1,4.856214134411708,0.6111111111111112,0.05555555555555555,0.0,1,0,0
5822.62,upi,DEV_01935,US,success,1641,37,30,0,1,1,1434.59,electronics,5822.62,0,1,0,4.058734551335225,0.8108108108108109,0.0,0.02702702702702703,0,0,0
2195.99,netbanking,DEV_00266,IN,failed,1067,19,19,0,0,4,3353.1,grocery,2195.99,0,6,1,0.654913363752945,1.0,0.0,0.0,0,0,0
1405.79,wallet,DEV_01004,SG,success,687,19,19,2,2,1,3269.57,grocery,1405.79,0,4,0,0.42996173808788307,1.0,0.10526315789473684,0.10526315789473684,1,0,0
7654.16,upi,DEV_01890,SG,success,274,33,33,0,2,1,2256.81,travel,7654.16,0,6,1,3.3915836955702963,1.0,0.0,0.06060606060606061,0,0,0
944.48,netbanking,DEV_00653,US,success,876,22,19,0,0,1,3564.46,home,944.48,0,2,0,0.26497141221952275,0.8636363636363636,0.0,0.0,0,0,0
12151.68,card,DEV_00133,AE,failed,1488,42,37,1,3,2,561.47,home,12151.68,0,0,0,21.642616702584288,0.8809523809523809,0.023809523809523808,0.07142857142857142,1,0,0
2120.62,wallet,DEV_00289,AE,success,1625,45,35,1,1,3,5988.33,travel,2120.62,0,6,1,0.3541254406487284,0.7777777777777778,0.022222222222222223,0.022222222222222223,1,0,0
1943.43,card,DEV_01797,AE,success,1161,27,18,0,2,2,5661.42,beauty,1943.43,0,4,0,0.34327606854817344,0.6666666666666666,0.0,0.07407407407407407,0,0,0
3085.45,netbanking,DEV_01632,IN,failed,1564,35,25,0,0,3,4772.28,software,3085.45,0,5,1,0.6465358277385232,0.7142857142857143,0.0,0.0,0,0,0
4947.61,wallet,DEV_01756,IN,success,404,49,47,1,1,3,4625.44,grocery,4947.61,0,1,0,1.0696517520495348,0.9591836734693877,0.02040816326530612,0.02040816326530612,1,0,0
4329.63,netbanking,DEV_02375,IN,success,531,48,38,0,0,4,5151.04,electronics,4329.63,0,5,1,0.8405351152388644,0.7916666666666666,0.0,0.0,0,0,0
4324.37,netbanking,DEV_01692,GB,success,1178,46,39,0,0,2,6622.15,fashion,4324.37,0,4,0,0.6530160144363991,0.8478260869565217,0.0,0.0,0,0,0
8459.24,wallet,DEV_00861,GB,success,160,31,29,0,2,1,2458.77,beauty,8459.24,0,6,1,3.440435664986965,0.9354838709677419,0.0,0.06451612903225806,0,0,0
4236.17,card,DEV_01877,AE,success,668,22,19,1,2,2,3419.64,beauty,4236.17,0,6,1,1.238776596366869,0.8636363636363636,0.045454545454545456,0.09090909090909091,1,0,0
2658.19,netbanking,DEV_01403,GB,failed,1375,9,1,0,1,4,3596.21,electronics,2658.19,0,4,0,0.73916428684643,0.1111111111111111,0.0,0.1111111111111111,0,0,1
3209.75,netbanking,DEV_01845,GB,success,1072,46,40,0,2,4,1439.52,beauty,3209.75,0,1,0,2.229736300989219,0.8695652173913043,0.0,0.043478260869565216,0,0,1
3234.58,card,DEV_00574,US,success,1197,41,33,0,2,4,1855.08,beauty,3234.58,0,3,0,1.743633697738103,0.8048780487804879,0.0,0.04878048780487805,0,0,0
2776.09,card,DEV_00906,GB,success,599,30,30,0,2,3,2834.42,grocery,2776.09,0,0,0,0.9794208338919427,1.0,0.0,0.06666666666666667,0,0,0
3056.79,netbanking,DEV_01257,US,success,1800,26,16,0,2,2,1927.75,travel,3056.79,0,1,0,1.5856776034236804,0.6153846153846154,0.0,0.07692307692307693,0,0,0
4362.97,wallet,DEV_02921,AE,success,123,4,4,1,1,3,1050.92,fashion,4362.97,0,0,0,4.151571956000456,1.0,0.25,0.25,1,0,0
4262.04,upi,DEV_02848,US,success,1914,6,0,0,1,1,3022.09,beauty,4262.04,0,5,1,1.4102955239585848,0.0,0.0,0.16666666666666666,0,0,0
6369.9,wallet,DEV_01054,US,success,1518,37,31,0,2,1,9976.48,fashion,6369.9,0,3,0,0.6384917325549693,0.8378378378378378,0.0,0.05405405405405406,0,0,0
6928.92,netbanking,DEV_00608,SG,success,385,39,31,1,2,1,5248.2,home,6928.92,0,6,1,1.3202469418086202,0.7948717948717948,0.02564102564102564,0.05128205128205128,1,0,0
2382.78,netbanking,DEV_02954,SG,failed,1052,36,36,0,3,3,1534.19,software,2382.78,0,4,0,1.5531192355575256,1.0,0.0,0.08333333333333333,0,0,0
2374.1,wallet,DEV_02534,US,success,1443,46,43,1,4,3,4152.82,grocery,2374.1,0,0,0,0.5716838196695258,0.9347826086956522,0.021739130434782608,0.08695652173913043,1,0,0
7034.06,netbanking,DEV_02144,GB,failed,1547,17,15,0,1,2,2341.12,travel,7034.06,0,1,0,3.004570462001094,0.8823529411764706,0.0,0.058823529411764705,0,0,0
1056.16,upi,DEV_02152,AE,failed,372,28,22,0,4,4,4176.58,home,1056.16,0,5,1,0.25287675562302175,0.7857142857142857,0.0,0.14285714285714285,0,0,0
2748.17,wallet,DEV_00059,IN,success,950,38,34,0,1,4,702.42,beauty,2748.17,0,6,1,3.912431308903505,0.8947368421052632,0.0,0.02631578947368421,0,0,0
2754.04,netbanking,DEV_00846,US,success,1341,32,29,1,1,1,956.6,travel,2754.04,0,6,1,2.8789880827932257,0.90625,0.03125,0.03125,1,0,1
3867.21,card,DEV_02663,US,failed,1571,22,18,0,2,1,2365.91,fashion,3867.21,0,3,0,1.6345549915254596,0.8181818181818182,0.0,0.09090909090909091,0,0,0
5080.09,wallet,DEV_02333,IN,success,882,45,42,0,3,2,1292.16,software,5080.09,0,1,0,3.9314713348192174,0.9333333333333333,0.0,0.06666666666666667,0,0,0
6877.04,upi,DEV_01490,IN,success,1189,32,27,0,4,1,3086.71,travel,6877.04,0,0,0,2.2279514434462584,0.84375,0.0,0.125,0,0,0
1289.5,netbanking,DEV_02079,IN,success,762,29,28,0,1,3,4600.03,fashion,1289.5,0,2,0,0.28032425875483424,0.9655172413793104,0.0,0.034482758620689655,0,0,1
7499.4,card,DEV_01830,SG,success,1927,25,21,0,0,4,17633.7,home,7499.4,0,3,0,0.4252879429728304,0.84,0.0,0.0,0,0,0
1247.9,upi,DEV_01049,US,success,288,3,3,1,3,1,4479.4,grocery,1247.9,0,4,0,0.2785864178238157,1.0,0.3333333333333333,1.0,1,0,0
4037.23,upi,DEV_02825,AE,success,567,43,40,0,0,3,2314.36,travel,4037.23,0,6,1,1.7444261048410792,0.9302325581395349,0.0,0.0,0,0,1
237.82,netbanking,DEV_02261,GB,success,1423,14,13,1,0,4,4378.76,grocery,237.82,0,5,1,0.05431217970384309,0.9285714285714286,0.07142857142857142,0.0,1,0,0
1353.24,card,DEV_00543,SG,success,418,13,11,0,0,2,3714.93,electronics,1353.24,0,3,0,0.3642706592048841,0.8461538461538461,0.0,0.0,0,0,1
1870.13,upi,DEV_00933,US,failed,1367,19,13,0,2,4,1266.23,beauty,1870.13,0,5,1,1.476927572399959,0.6842105263157895,0.0,0.10526315789473684,0,0,0
4979.67,wallet,DEV_00403,SG,success,1425,30,29,1,2,1,12948.76,grocery,4979.67,0,4,0,0.38456732536551763,0.9666666666666667,0.03333333333333333,0.06666666666666667,1,0,0
3551.83,netbanking,DEV_02597,IN,failed,1124,33,29,0,2,1,1810.66,fashion,3551.83,0,4,0,1.9616217290932587,0.8787878787878788,0.0,0.06060606060606061,0,0,1
7890.78,card,DEV_01811,IN,success,1136,47,41,0,0,1,4242.9,fashion,7890.78,0,5,1,1.8597610125150252,0.8723404255319149,0.0,0.0,0,0,0
10402.91,card,DEV_02222,SG,failed,1153,29,21,1,3,2,8520.18,electronics,10402.91,0,2,0,1.2209730310861977,0.7241379310344828,0.034482758620689655,0.10344827586206896,1,0,0
1181.0,netbanking,DEV_02332,IN,failed,1620,37,36,0,1,1,1814.7,home,1181.0,0,4,0,0.650796274866369,0.972972972972973,0.0,0.02702702702702703,0,0,0
1900.02,card,DEV_02950,AE,success,1725,35,29,0,0,3,1968.35,grocery,1900.02,0,6,1,0.9652856453374654,0.8285714285714286,0.0,0.0,0,0,1
1115.11,wallet,DEV_00003,GB,failed,32,14,11,0,4,1,3399.14,grocery,1115.11,0,0,0,0.32805650841095096,0.7857142857142857,0.0,0.2857142857142857,0,0,0
753.03,netbanking,DEV_02018,US,failed,1366,9,9,2,2,2,2503.49,software,753.03,0,3,0,0.30079209423644593,1.0,0.2222222222222222,0.2222222222222222,1,0,0
4323.74,netbanking,DEV_02644,GB,success,1855,20,12,0,1,2,8424.35,software,4323.74,0,0,0,0.5132431582258571,0.6,0.0,0.05,0,0,0
1301.7,netbanking,DEV_01128,SG,success,592,1,0,1,3,4,1408.93,beauty,1301.7,0,5,1,0.9238925993484417,0.0,1.0,3.0,1,0,0
8659.35,wallet,DEV_00457,US,success,1870,9,3,0,1,1,1656.93,electronics,8659.35,0,1,0,5.226141116402021,0.3333333333333333,0.0,0.1111111111111111,0,0,0
2895.3,netbanking,DEV_02088,AE,success,531,15,7,1,2,1,6047.26,software,2895.3,0,3,0,0.4787788188369609,0.4666666666666667,0.06666666666666667,0.13333333333333333,1,0,0
1395.73,upi,DEV_00269,AE,success,782,20,12,0,3,4,2908.8,beauty,1395.73,0,0,0,0.4798301705170517,0.6,0.0,0.15,0,0,0
27261.83,card,DEV_01816,GB,success,1877,39,37,0,0,1,3227.22,fashion,27261.83,0,5,1,8.447465620565069,0.9487179487179487,0.0,0.0,0,0,0
7178.82,upi,DEV_00446,US,success,381,40,37,1,2,3,3256.69,electronics,7178.82,0,1,0,2.2043301634481636,0.925,0.025,0.05,1,0,0
5529.62,netbanking,DEV_01311,SG,success,67,24,18,0,1,2,3333.9,grocery,5529.62,0,4,0,1.6586040373136566,0.75,0.0,0.041666666666666664,0,0,0
4821.81,netbanking,DEV_02497,US,success,1829,47,38,0,2,3,2594.27,grocery,4821.81,0,2,0,1.8586384609157875,0.8085106382978723,0.0,0.0425531914893617,0,0,0
1893.59,netbanking,DEV_00641,US,failed,1168,32,22,0,1,3,1031.07,home,1893.59,0,3,0,1.8365290426450194,0.6875,0.0,0.03125,0,0,1
3529.8,upi,DEV_00647,SG,success,1809,15,7,0,0,3,4386.65,travel,3529.8,0,4,0,0.8046687107473813,0.4666666666666667,0.0,0.0,0,0,0
4840.18,netbanking,DEV_02116,AE,failed,794,45,37,2,1,4,4044.78,grocery,4840.18,0,2,0,1.1966485198206083,0.8222222222222222,0.044444444444444446,0.022222222222222223,1,0,1
11155.25,netbanking,DEV_00937,GB,success,1222,38,32,0,3,1,448.96,beauty,11155.25,0,4,0,24.846868317890237,0.8421052631578947,0.0,0.07894736842105263,0,0,1
9111.61,netbanking,DEV_00594,GB,success,1416,11,4,0,1,2,10482.4,home,9111.61,0,4,0,0.8692293749523011,0.36363636363636365,0.0,0.09090909090909091,0,0,0
1144.69,netbanking,DEV_01843,GB,failed,1836,42,36,0,2,2,3183.98,grocery,1144.69,0,6,1,0.35951544921764583,0.8571428571428571,0.0,0.047619047619047616,0,0,0
20763.88,wallet,DEV_00024,AE,failed,1973,30,21,0,0,2,8526.49,electronics,20763.88,0,3,0,2.435220119885205,0.7,0.0,0.0,0,0,0
2981.02,netbanking,DEV_02646,US,success,1436,23,23,0,2,2,3021.84,software,2981.02,0,0,0,0.9864916739469991,1.0,0.0,0.08695652173913043,0,0,0
3600.46,card,DEV_02885,US,success,1688,45,36,0,1,4,985.86,software,3600.46,0,0,0,3.6521007039539084,0.8,0.0,0.022222222222222223,0,0,1
4694.79,netbanking,DEV_01530,IN,failed,1690,22,13,0,0,2,6368.6,software,4694.79,0,1,0,0.7371777156674936,0.5909090909090909,0.0,0.0,0,0,1
2434.84,wallet,DEV_01335,SG,success,1232,10,6,2,5,1,3434.51,fashion,2434.84,0,6,1,0.7089337343609423,0.6,0.2,0.5,1,0,0
2323.54,upi,DEV_02530,SG,success,146,39,39,0,0,2,6317.32,electronics,2323.54,0,3,0,0.3678047019938835,1.0,0.0,0.0,0,0,0
1822.75,card,DEV_00305,US,success,1914,6,0,0,1,1,3022.09,electronics,1822.75,0,2,0,0.6031421962946173,0.0,0.0,0.16666666666666666,0,0,0
971.18,wallet,DEV_02955,SG,success,920,43,35,2,1,2,3108.32,beauty,971.18,0,4,0,0.3124453080763885,0.813953488372093,0.046511627906976744,0.023255813953488372,1,0,0
1863.48,wallet,DEV_02818,AE,success,1368,23,14,0,1,2,3141.15,home,1863.48,0,3,0,0.5932476959075498,0.6086956521739131,0.0,0.043478260869565216,0,0,0
1847.99,wallet,DEV_00243,IN,success,304,33,32,0,2,4,765.79,grocery,1847.99,0,3,0,2.413181159325664,0.9696969696969697,0.0,0.06060606060606061,0,0,0
1416.18,netbanking,DEV_02204,GB,success,1011,21,13,1,1,4,8658.24,home,1416.18,0,3,0,0.1635644195587094,0.6190476190476191,0.047619047619047616,0.047619047619047616,1,0,0
2375.04,card,DEV_01933,US,success,38,20,10,1,2,1,2275.95,beauty,2375.04,0,4,0,1.0435378633098267,0.5,0.05,0.1,1,0,0
2538.05,netbanking,DEV_01695,US,success,917,24,24,0,2,4,3447.42,fashion,2538.05,0,2,0,0.7362172291162667,1.0,0.0,0.08333333333333333,0,0,0
1494.81,netbanking,DEV_02352,US,success,1595,1,1,0,2,2,5412.82,electronics,1494.81,0,6,1,0.27616103990156704,1.0,0.0,2.0,0,0,0
788.81,wallet,DEV_01005,GB,success,800,15,13,0,0,4,6943.74,home,788.81,0,2,0,0.11360016360059565,0.8666666666666667,0.0,0.0,0,0,1
2496.0,netbanking,DEV_02825,IN,success,1729,42,39,1,0,1,3905.65,home,2496.0,0,3,0,0.6390741617912511,0.9285714285714286,0.023809523809523808,0.0,1,0,0
2982.16,netbanking,DEV_01480,AE,success,1927,49,42,0,2,2,3110.78,fashion,2982.16,0,5,1,0.958653456689319,0.8571428571428571,0.0,0.04081632653061224,0,0,0
854.42,upi,DEV_01316,AE,failed,395,42,39,1,3,1,2053.2,home,854.42,0,5,1,0.4161406584843172,0.9285714285714286,0.023809523809523808,0.07142857142857142,1,0,0
5083.09,netbanking,DEV_01365,US,success,1408,8,8,0,1,1,1064.92,travel,5083.09,0,1,0,4.773213011306013,1.0,0.0,0.125,0,0,0
1962.25,netbanking,DEV_02473,IN,success,491,10,5,0,1,4,2390.63,fashion,1962.25,0,3,0,0.820808740792176,0.5,0.0,0.1,0,0,0
1786.97,wallet,DEV_01751,AE,failed,531,15,7,1,2,1,6047.26,electronics,1786.97,0,6,1,0.295500772250573,0.4666666666666667,0.06666666666666667,0.13333333333333333,1,0,0
1087.69,card,DEV_02165,IN,success,575,50,46,0,1,1,9005.64,travel,1087.69,0,1,0,0.12077875642375224,0.92,0.0,0.02,0,0,1
5678.21,card,DEV_02318,AE,success,1470,45,40,1,2,2,1395.56,home,5678.21,0,4,0,4.068768093095245,0.8888888888888888,0.022222222222222223,0.044444444444444446,1,0,0
1120.53,wallet,DEV_01158,SG,success,889,41,40,0,0,4,945.59,fashion,1120.53,0,4,0,1.1850061866136485,0.975609756097561,0.0,0.0,0,0,0
7839.41,card,DEV_02316,IN,success,1292,23,17,1,3,3,1920.41,home,7839.41,0,5,1,4.0821543316271,0.7391304347826086,0.043478260869565216,0.13043478260869565,1,0,0
454.78,upi,DEV_02104,IN,failed,811,37,32,0,0,3,6968.59,home,454.78,0,2,0,0.06526140869243276,0.8648648648648649,0.0,0.0,0,0,1
3020.46,upi,DEV_00300,AE,success,518,9,7,0,0,1,8949.44,grocery,3020.46,0,2,0,0.33750268173204134,0.7777777777777778,0.0,0.0,0,0,0
5558.78,wallet,DEV_01849,US,success,1603,11,6,0,2,2,5387.16,fashion,5558.78,0,1,0,1.0318572308971703,0.5454545454545454,0.0,0.18181818181818182,0,0,0
3406.34,card,DEV_00745,SG,failed,56,48,42,0,1,2,1973.14,software,3406.34,0,5,1,1.726354946937369,0.875,0.0,0.020833333333333332,0,0,0
12584.27,wallet,DEV_00088,AE,success,767,44,39,0,1,4,2853.06,electronics,12584.27,0,3,0,4.410797529669899,0.8863636363636364,0.0,0.022727272727272728,0,0,1
6936.45,card,DEV_02555,AE,success,527,31,27,1,1,2,3396.56,beauty,6936.45,0,0,0,2.042198577384177,0.8709677419354839,0.03225806451612903,0.03225806451612903,1,0,0
5399.74,upi,DEV_01321,AE,success,1123,39,36,0,1,3,1867.23,electronics,5399.74,0,6,1,2.8918451395918017,0.9230769230769231,0.0,0.02564102564102564,0,0,0
7911.98,upi,DEV_02394,GB,failed,1602,9,6,1,2,1,4819.49,fashion,7911.98,0,6,1,1.6416633295224183,0.6666666666666666,0.1111111111111111,0.2222222222222222,1,0,0
7534.05,upi,DEV_02353,GB,success,1292,29,28,1,2,2,4481.28,home,7534.05,0,4,0,1.6812272386461014,0.9655172413793104,0.034482758620689655,0.06896551724137931,1,0,1
1473.25,upi,DEV_00608,US,success,595,50,46,0,1,3,2359.58,travel,1473.25,0,4,0,0.6243695911984336,0.92,0.0,0.02,0,0,0
4088.02,card,DEV_00108,SG,success,1544,40,33,0,1,4,2599.9,travel,4088.02,0,3,0,1.5723758606100233,0.825,0.0,0.025,0,0,0
1860.05,upi,DEV_02213,GB,success,818,37,30,0,0,3,1923.31,grocery,1860.05,0,6,1,0.9671087864150865,0.8108108108108109,0.0,0.0,0,0,1
3321.52,netbanking,DEV_00943,US,success,1263,12,10,1,1,3,3239.95,software,3321.52,0,5,1,1.0251763144492971,0.8333333333333334,0.08333333333333333,0.08333333333333333,1,0,0
1928.5,upi,DEV_01738,GB,success,1600,24,16,0,1,1,3425.46,grocery,1928.5,0,6,1,0.5629900801644159,0.6666666666666666,0.0,0.041666666666666664,0,0,0
3809.89,netbanking,DEV_00112,US,failed,1603,11,6,0,2,2,5387.16,grocery,3809.89,0,3,0,0.707216789551452,0.5454545454545454,0.0,0.18181818181818182,0,0,0
2042.92,card,DEV_01537,IN,success,1751,30,22,0,1,1,4198.83,software,2042.92,0,4,0,0.4865450613623319,0.7333333333333333,0.0,0.03333333333333333,0,0,0
1894.09,wallet,DEV_00202,AE,failed,373,47,47,0,0,3,1271.26,grocery,1894.09,0,3,0,1.4899312493117065,1.0,0.0,0.0,0,0,0
5660.98,upi,DEV_00843,AE,success,1386,12,9,0,1,2,6226.36,home,5660.98,0,0,0,0.9091957419744441,0.75,0.0,0.08333333333333333,0,0,0
2551.88,card,DEV_00718,SG,success,840,20,15,0,2,2,4756.29,software,2551.88,0,4,0,0.5365274194803092,0.75,0.0,0.1,0,0,0
978.47,upi,DEV_00859,IN,success,565,35,31,0,2,3,6054.5,software,978.47,0,2,0,0.16161037245024362,0.8857142857142857,0.0,0.05714285714285714,0,0,0
4113.81,netbanking,DEV_01701,US,success,1486,16,11,0,3,4,3146.0,grocery,4113.81,0,0,0,1.3076319135410046,0.6875,0.0,0.1875,0,0,1
8084.94,netbanking,DEV_01958,GB,success,883,36,34,0,0,2,3667.73,travel,8084.94,0,0,0,2.204344376494453,0.9444444444444444,0.0,0.0,0,0,0
2350.9,wallet,DEV_00067,IN,failed,567,6,3,0,3,4,1108.25,fashion,2350.9,0,2,0,2.121272276110986,0.5,0.0,0.5,0,0,0
3168.93,wallet,DEV_00410,GB,success,1711,4,4,0,0,2,3668.74,software,3168.93,0,4,0,0.8637652163958198,1.0,0.0,0.0,0,0,1
9223.77,card,DEV_01779,GB,success,867,50,45,2,1,1,843.7,travel,9223.77,0,5,1,10.932523408794594,0.9,0.04,0.02,1,0,0
1406.13,wallet,DEV_01931,IN,success,1159,7,2,0,3,1,6402.68,software,1406.13,0,3,0,0.2196158483634978,0.2857142857142857,0.0,0.42857142857142855,0,0,0
2659.02,card,DEV_00577,US,success,1811,7,7,0,2,1,1019.47,software,2659.02,0,6,1,2.6082376136620007,1.0,0.0,0.2857142857142857,0,0,0
19926.56,upi,DEV_02125,US,failed,1977,22,12,0,1,4,3681.92,grocery,19926.56,0,3,0,5.41200243351295,0.5454545454545454,0.0,0.045454545454545456,0,0,0
3064.54,card,DEV_00251,SG,success,1578,48,47,1,4,1,6532.82,fashion,3064.54,0,5,1,0.4690991026845987,0.9791666666666666,0.020833333333333332,0.08333333333333333,1,0,0
3788.83,netbanking,DEV_01523,SG,success,1983,22,16,1,1,1,4528.11,electronics,3788.83,0,4,0,0.8367354149965438,0.7272727272727273,0.045454545454545456,0.045454545454545456,1,0,1
3633.08,wallet,DEV_00707,US,success,1635,27,17,0,2,3,1716.85,home,3633.08,0,2,0,2.1161312869499374,0.6296296296296297,0.0,0.07407407407407407,0,0,0
2099.25,upi,DEV_01496,IN,success,1344,20,17,0,2,2,3995.32,grocery,2099.25,0,1,0,0.5254272498823623,0.85,0.0,0.1,0,0,0
3189.59,card,DEV_02038,US,failed,741,18,11,0,0,2,2574.67,travel,3189.59,0,4,0,1.2388344914105498,0.6111111111111112,0.0,0.0,0,0,0
2390.1,netbanking,DEV_01087,SG,success,1231,36,34,0,0,3,7889.99,electronics,2390.1,0,1,0,0.30292814059333406,0.9444444444444444,0.0,0.0,0,0,0
5629.39,card,DEV_01359,IN,success,463,35,28,0,3,3,5428.83,beauty,5629.39,0,4,0,1.0369435034804921,0.8,0.0,0.08571428571428572,0,0,1
4861.68,upi,DEV_01670,IN,failed,974,50,50,0,2,2,5979.0,home,4861.68,0,1,0,0.8131259407927748,1.0,0.0,0.04,0,0,0
14380.66,upi,DEV_00648,IN,success,1820,18,9,0,3,3,14951.2,electronics,14380.66,0,6,1,0.9618398523195462,0.5,0.0,0.16666666666666666,0,0,0
2586.33,upi,DEV_00378,AE,success,1610,45,39,0,1,2,4313.43,fashion,2586.33,0,5,1,0.5995993907400838,0.8666666666666667,0.0,0.022222222222222223,0,0,1
2407.68,wallet,DEV_01903,AE,failed,358,3,3,1,1,2,3996.02,software,2407.68,0,5,1,0.6025195069093748,1.0,0.3333333333333333,0.3333333333333333,1,0,0
7590.66,upi,DEV_02471,IN,failed,119,21,18,0,0,4,9408.89,beauty,7590.66,0,5,1,0.8067540379364623,0.8571428571428571,0.0,0.0,0,0,0
2081.91,wallet,DEV_01053,US,success,235,13,7,0,2,2,2651.86,home,2081.91,0,1,0,0.7850753810532983,0.5384615384615384,0.0,0.15384615384615385,0,0,0
3505.24,card,DEV_01958,AE,success,1153,29,21,1,3,2,8520.18,electronics,3505.24,0,5,1,0.41140445389651387,0.7241379310344828,0.034482758620689655,0.10344827586206896,1,0,0
11948.96,upi,DEV_00899,SG,success,1093,30,22,0,1,2,4449.02,software,11948.96,0,1,0,2.685751019325604,0.7333333333333333,0.0,0.03333333333333333,0,0,0
959.22,upi,DEV_02701,IN,success,495,48,39,0,4,4,4229.11,software,959.22,0,4,0,0.22681367947393188,0.8125,0.0,0.08333333333333333,0,0,0
1178.91,wallet,DEV_01157,SG,success,301,23,17,0,4,2,1608.4,software,1178.91,0,1,0,0.7329706540661527,0.7391304347826086,0.0,0.17391304347826086,0,0,0
340.26,upi,DEV_01027,US,success,772,36,30,0,1,1,1669.1,home,340.26,0,0,0,0.20385836678449465,0.8333333333333334,0.0,0.027777777777777776,0,0,0
10202.51,netbanking,DEV_02911,AE,success,219,41,37,0,2,3,6262.36,travel,10202.51,0,6,1,1.6291797341577299,0.9024390243902439,0.0,0.04878048780487805,0,0,0
2489.94,upi,DEV_01344,AE,success,278,1,0,0,1,2,1733.28,home,2489.94,0,0,0,1.436548047632235,0.0,0.0,1.0,0,0,0
5331.37,card,DEV_01578,IN,success,1407,20,10,0,1,4,10656.91,software,5331.37,0,3,0,0.5002735314457943,0.5,0.0,0.05,0,0,0
9817.57,upi,DEV_00059,US,success,1677,6,6,1,0,2,4630.51,home,9817.57,0,4,0,2.120191944299872,1.0,0.16666666666666666,0.0,1,0,0
8340.49,upi,DEV_00664,AE,success,1070,7,6,1,2,1,2962.31,home,8340.49,0,1,0,2.81553584871266,0.8571428571428571,0.14285714285714285,0.2857142857142857,1,0,0
2007.98,wallet,DEV_01982,GB,failed,1416,11,4,0,1,2,10482.4,travel,2007.98,0,2,0,0.19155727695947494,0.36363636363636365,0.0,0.09090909090909091,0,0,0
1093.62,wallet,DEV_00880,AE,success,1781,24,15,0,0,3,6836.24,beauty,1093.62,0,1,0,0.1599739037833663,0.625,0.0,0.0,0,0,1
10724.99,wallet,DEV_00483,GB,success,860,25,21,0,0,4,4569.46,travel,10724.99,0,2,0,2.347102283420798,0.84,0.0,0.0,0,0,0
7496.27,netbanking,DEV_00764,GB,failed,1811,50,43,0,0,1,1484.5,beauty,7496.27,0,6,1,5.049693499494779,0.86,0.0,0.0,0,0,0
1016.55,wallet,DEV_02717,IN,success,393,31,30,0,3,3,1254.43,electronics,1016.55,0,6,1,0.8103680556109149,0.967741935483871,0.0,0.0967741935483871,0,0,0
5139.6,netbanking,DEV_00259,GB,success,1875,36,26,1,0,1,4053.78,travel,5139.6,0,0,0,1.267853706910587,0.7222222222222222,0.027777777777777776,0.0,1,0,0
3840.97,upi,DEV_00388,US,success,1093,30,22,0,1,2,4449.02,software,3840.97,0,1,0,0.8633294523288273,0.7333333333333333,0.0,0.03333333333333333,0,0,0
4739.42,card,DEV_02255,GB,success,461,37,32,1,2,1,6686.83,travel,4739.42,0,0,0,0.7087693271699744,0.8648648648648649,0.02702702702702703,0.05405405405405406,1,0,0
1404.07,netbanking,DEV_01854,AE,success,272,14,14,0,0,4,3297.82,travel,1404.07,0,4,0,0.42575701524037085,1.0,0.0,0.0,0,0,0
6594.31,upi,DEV_01629,SG,success,124,7,7,0,3,1,1665.09,software,6594.31,0,3,0,3.960332474520897,1.0,0.0,0.42857142857142855,0,0,1
3644.95,upi,DEV_00069,US,success,1263,12,10,1,1,3,3239.95,beauty,3644.95,0,1,0,1.125001929042115,0.8333333333333334,0.08333333333333333,0.08333333333333333,1,0,0
600.97,upi,DEV_02306,SG,success,1832,39,33,0,4,1,3349.33,grocery,600.97,0,4,0,0.17942991583391307,0.8461538461538461,0.0,0.10256410256410256,0,0,0
5351.78,netbanking,DEV_02210,US,success,175,16,13,0,0,3,3108.64,home,5351.78,0,5,1,1.7215824283287868,0.8125,0.0,0.0,0,0,0
6666.74,netbanking,DEV_00651,IN,success,1283,18,18,0,2,4,2267.32,software,6666.74,0,2,0,2.9403613076230966,1.0,0.0,0.1111111111111111,0,0,0
20551.86,upi,DEV_02934,US,failed,1824,35,34,0,0,3,4857.65,software,20551.86,0,1,0,4.230823546365012,0.9714285714285714,0.0,0.0,0,0,0
3531.77,upi,DEV_01141,IN,success,488,17,16,0,0,3,7651.45,fashion,3531.77,0,0,0,0.46158179168654306,0.9411764705882353,0.0,0.0,0,0,0
6155.47,wallet,DEV_02138,AE,failed,1483,41,37,1,2,3,1305.93,fashion,6155.47,0,5,1,4.713476220011792,0.9024390243902439,0.024390243902439025,0.04878048780487805,1,0,0
11670.77,netbanking,DEV_00558,GB,success,1740,37,37,0,1,4,2780.98,software,11670.77,0,3,0,4.196639314198592,1.0,0.0,0.02702702702702703,0,0,0
2508.29,netbanking,DEV_02902,SG,success,706,42,33,0,1,4,5326.19,travel,2508.29,0,6,1,0.4709351337447594,0.7857142857142857,0.0,0.023809523809523808,0,0,0
7603.67,upi,DEV_02512,SG,success,144,11,5,0,2,2,5806.44,home,7603.67,0,6,1,1.3095235634915716,0.45454545454545453,0.0,0.18181818181818182,0,0,0
3638.26,wallet,DEV_00575,US,success,1606,16,11,2,1,4,4105.68,software,3638.26,0,0,0,0.8861528419165644,0.6875,0.125,0.0625,1,0,0
1737.55,upi,DEV_01603,US,failed,1062,25,21,0,3,2,4972.61,fashion,1737.55,0,0,0,0.3494241454688785,0.84,0.0,0.12,0,0,0
3302.96,wallet,DEV_02423,US,success,957,35,29,0,0,4,5577.47,fashion,3302.96,0,3,0,0.5921968204221627,0.8285714285714286,0.0,0.0,0,0,0
4926.77,card,DEV_00927,GB,failed,501,25,24,1,1,2,3673.4,grocery,4926.77,0,3,0,1.3412016115859966,0.96,0.04,0.04,1,0,0
4400.43,card,DEV_02974,SG,success,693,45,45,0,2,2,5405.27,home,4400.43,0,0,0,0.8140999432035773,1.0,0.0,0.044444444444444446,0,0,0
1237.49,upi,DEV_01817,US,success,1784,32,29,1,0,3,1207.86,beauty,1237.49,0,0,0,1.0245309886907423,0.90625,0.03125,0.0,1,0,0
1004.69,netbanking,DEV_00045,IN,success,1465,48,43,0,0,3,5048.66,beauty,1004.69,0,3,0,0.19900131916191624,0.8958333333333334,0.0,0.0,0,0,0
10898.03,card,DEV_02575,SG,success,878,10,2,1,0,1,1584.64,beauty,10898.03,0,4,0,6.8772907411147015,0.2,0.1,0.0,1,0,0
6142.32,wallet,DEV_01224,IN,failed,877,3,1,1,4,2,1953.18,fashion,6142.32,0,1,0,3.14477928301539,0.3333333333333333,0.3333333333333333,1.3333333333333333,1,0,0
1370.02,upi,DEV_00289,GB,success,615,23,13,0,1,3,2574.43,electronics,1370.02,0,3,0,0.5321644014403188,0.5652173913043478,0.0,0.043478260869565216,0,0,0
2295.1,card,DEV_01563,GB,failed,363,29,20,1,2,1,998.12,electronics,2295.1,0,3,0,2.299422915080351,0.6896551724137931,0.034482758620689655,0.06896551724137931,1,0,0
2023.9,wallet,DEV_02397,US,failed,1558,7,5,2,4,4,2491.2,electronics,2023.9,0,3,0,0.8124197174052666,0.7142857142857143,0.2857142857142857,0.5714285714285714,1,0,0
2948.36,netbanking,DEV_00921,SG,success,1580,27,17,0,1,1,7639.01,beauty,2948.36,0,1,0,0.38596100803638167,0.6296296296296297,0.0,0.037037037037037035,0,0,0
5784.51,netbanking,DEV_00989,AE,failed,1408,8,8,0,1,1,1064.92,software,5784.51,0,0,0,5.431872816737408,1.0,0.0,0.125,0,0,0
3944.75,wallet,DEV_00233,IN,success,975,29,19,0,3,1,5808.12,fashion,3944.75,0,0,0,0.6791784605001274,0.6551724137931034,0.0,0.10344827586206896,0,0,1
3603.5,netbanking,DEV_01031,SG,failed,1571,22,18,0,2,1,2365.91,grocery,3603.5,0,3,0,1.5230925943928553,0.8181818181818182,0.0,0.09090909090909091,0,0,1
9139.95,netbanking,DEV_01461,IN,success,1125,48,38,1,0,2,2164.38,travel,9139.95,0,6,1,4.222895240207357,0.7916666666666666,0.020833333333333332,0.0,1,0,0
6859.95,wallet,DEV_00995,SG,success,800,15,13,0,0,4,6943.74,grocery,6859.95,0,3,0,0.9879330159251355,0.8666666666666667,0.0,0.0,0,0,0
1520.84,wallet,DEV_02727,GB,failed,1620,37,36,0,1,1,1814.7,electronics,1520.84,0,1,0,0.8380668981098803,0.972972972972973,0.0,0.02702702702702703,0,0,0
11960.76,wallet,DEV_02485,SG,failed,645,21,20,1,2,2,9576.4,travel,11960.76,0,1,0,1.2489829163359927,0.9523809523809523,0.047619047619047616,0.09523809523809523,1,0,0
2122.29,card,DEV_02465,IN,success,764,24,20,1,0,2,7024.85,beauty,2122.29,0,0,0,0.3021117888638191,0.8333333333333334,0.041666666666666664,0.0,1,0,1
7825.4,card,DEV_00482,US,failed,1914,6,0,0,1,1,3022.09,fashion,7825.4,0,4,0,2.5894000509581114,0.0,0.0,0.16666666666666666,0,0,0
5263.53,wallet,DEV_02943,IN,failed,985,46,38,0,0,1,5960.83,fashion,5263.53,0,0,0,0.8830196465928403,0.8260869565217391,0.0,0.0,0,0,0
1868.95,wallet,DEV_02349,SG,failed,1603,11,6,0,2,2,5387.16,fashion,1868.95,0,5,1,0.3469267666080087,0.5454545454545454,0.0,0.18181818181818182,0,0,0
1816.17,wallet,DEV_02741,IN,success,238,45,39,0,3,1,4892.34,fashion,1816.17,0,2,0,0.3712272654803223,0.8666666666666667,0.0,0.06666666666666667,0,0,0
1372.07,card,DEV_02583,GB,success,1344,41,40,0,3,1,8257.96,beauty,1372.07,0,0,0,0.16615120441368086,0.975609756097561,0.0,0.07317073170731707,0,0,0
5907.5,wallet,DEV_00117,AE,success,1504,27,24,0,0,2,4397.38,beauty,5907.5,0,3,0,1.3434135780851324,0.8888888888888888,0.0,0.0,0,0,0
1605.94,netbanking,DEV_02798,GB,success,39,36,29,0,0,2,2302.18,grocery,1605.94,0,2,0,0.697573604149111,0.8055555555555556,0.0,0.0,0,0,0
2527.99,netbanking,DEV_01827,IN,failed,1605,38,31,1,1,1,2066.26,software,2527.99,0,2,0,1.2234617134339336,0.8157894736842105,0.02631578947368421,0.02631578947368421,1,0,0
9325.37,netbanking,DEV_00658,US,success,318,22,13,0,1,2,941.24,grocery,9325.37,0,5,1,9.907536866261529,0.5909090909090909,0.0,0.045454545454545456,0,0,0
2008.3,wallet,DEV_01428,US,failed,1646,41,40,1,1,2,8506.69,fashion,2008.3,0,2,0,0.23608477562953392,0.975609756097561,0.024390243902439025,0.024390243902439025,1,0,0
2919.85,card,DEV_01368,GB,success,286,47,40,1,1,3,6621.3,fashion,2919.85,0,6,1,0.44097835772431393,0.851063829787234,0.02127659574468085,0.02127659574468085,1,0,0
1469.04,netbanking,DEV_01253,IN,success,1820,18,9,0,3,3,14951.2,home,1469.04,0,5,1,0.09825565840868959,0.5,0.0,0.16666666666666666,0,0,0
10317.77,wallet,DEV_01282,SG,success,1720,40,40,0,2,1,2033.11,fashion,10317.77,0,4,0,5.074870518565154,1.0,0.0,0.05,0,0,0
11889.34,wallet,DEV_00829,GB,failed,392,50,50,0,0,4,796.61,grocery,11889.34,0,5,1,14.92491934572752,1.0,0.0,0.0,0,0,0
2047.77,netbanking,DEV_01381,AE,success,996,24,20,0,1,2,2713.78,home,2047.77,0,4,0,0.7545821695200052,0.8333333333333334,0.0,0.041666666666666664,0,0,0
1218.65,upi,DEV_01323,IN,success,1643,47,37,2,0,4,6874.06,home,1218.65,0,3,0,0.17728242116012954,0.7872340425531915,0.0425531914893617,0.0,1,0,0
5295.26,netbanking,DEV_02074,SG,success,949,35,27,1,1,2,1400.14,fashion,5295.26,0,1,0,3.7819503763909323,0.7714285714285715,0.02857142857142857,0.02857142857142857,1,0,0
8649.15,wallet,DEV_02534,IN,success,130,48,45,1,1,3,1749.35,travel,8649.15,0,4,0,4.944207848629491,0.9375,0.020833333333333332,0.020833333333333332,1,0,0
6127.0,card,DEV_02915,SG,failed,1704,20,14,0,3,3,3493.57,beauty,6127.0,0,3,0,1.7537933975847055,0.7,0.0,0.15,0,0,0
20262.78,netbanking,DEV_00598,GB,success,527,45,45,0,3,2,1495.08,beauty,20262.78,0,6,1,13.552973753912834,1.0,0.0,0.06666666666666667,0,0,0
10399.85,wallet,DEV_00545,AE,success,875,42,40,0,2,2,1736.77,software,10399.85,0,1,0,5.988041018672594,0.9523809523809523,0.0,0.047619047619047616,0,0,0
1904.27,card,DEV_01327,US,success,1755,37,27,0,1,1,6989.48,electronics,1904.27,0,4,0,0.2724480218843176,0.7297297297297297,0.0,0.02702702702702703,0,0,0
1543.82,upi,DEV_02245,US,success,792,32,31,0,2,4,4391.26,travel,1543.82,0,5,1,0.3515665207708038,0.96875,0.0,0.0625,0,0,0
3872.89,card,DEV_02026,US,success,1017,25,16,0,2,3,3779.31,beauty,3872.89,0,6,1,1.024761133646089,0.64,0.0,0.08,0,0,0
6097.92,upi,DEV_00926,AE,success,1044,3,1,1,1,3,1326.47,fashion,6097.92,0,0,0,4.597103590733299,0.3333333333333333,0.3333333333333333,0.3333333333333333,1,0,0
6449.24,upi,DEV_00051,GB,success,1681,48,43,0,1,1,2110.75,travel,6449.24,0,2,0,3.0554257965178255,0.8958333333333334,0.0,0.020833333333333332,0,0,0
2502.99,wallet,DEV_01798,AE,success,1793,46,45,0,0,4,2849.99,home,2502.99,0,5,1,0.8782451868252169,0.9782608695652174,0.0,0.0,0,0,0
3250.0,wallet,DEV_00763,SG,failed,138,30,30,0,0,1,8606.73,fashion,3250.0,0,4,0,0.3776114738117729,1.0,0.0,0.0,0,0,0
2046.38,wallet,DEV_01072,GB,success,1558,7,5,2,4,4,2491.2,beauty,2046.38,0,5,1,0.8214434810533078,0.7142857142857143,0.2857142857142857,0.5714285714285714,1,0,0
2581.93,wallet,DEV_01517,GB,success,1387,16,15,0,2,2,3834.04,electronics,2581.93,0,0,0,0.6734228124902192,0.9375,0.0,0.125,0,0,0
1727.78,netbanking,DEV_00316,US,success,364,30,26,1,0,3,1692.66,electronics,1727.78,0,1,0,1.0207484078314604,0.8666666666666667,0.03333333333333333,0.0,1,0,0
683.52,upi,DEV_00396,SG,failed,1001,45,37,1,1,2,2242.13,home,683.52,0,2,0,0.3048529746268057,0.8222222222222222,0.022222222222222223,0.022222222222222223,1,0,0
1365.8,netbanking,DEV_00430,SG,success,611,17,17,0,0,2,3303.56,grocery,1365.8,0,5,1,0.4134327816052985,1.0,0.0,0.0,0,0,0
1727.39,upi,DEV_01906,GB,success,706,42,33,0,1,4,5326.19,travel,1727.39,0,3,0,0.32432001111488706,0.7857142857142857,0.0,0.023809523809523808,0,0,0
3286.89,wallet,DEV_02535,AE,failed,1483,11,5,0,0,1,3091.35,fashion,3286.89,0,4,0,1.0632539181910816,0.45454545454545453,0.0,0.0,0,0,0
1258.59,card,DEV_00702,IN,failed,1537,42,35,0,1,3,2816.88,grocery,1258.59,0,6,1,0.44680284570162726,0.8333333333333334,0.0,0.023809523809523808,0,0,0
10860.59,card,DEV_01424,AE,success,749,35,31,0,1,1,17293.36,fashion,10860.59,0,1,0,0.6280208126124709,0.8857142857142857,0.0,0.02857142857142857,0,0,0
6982.3,card,DEV_02794,GB,success,463,35,28,0,3,3,5428.83,home,6982.3,0,5,1,1.286151896449143,0.8,0.0,0.08571428571428572,0,0,0
2739.08,netbanking,DEV_02981,IN,failed,75,16,6,0,1,2,2556.13,fashion,2739.08,0,3,0,1.071573042059676,0.375,0.0,0.0625,0,0,0
3107.98,wallet,DEV_02885,US,success,205,43,38,1,2,4,1569.8,travel,3107.98,0,6,1,1.9798573066632692,0.8837209302325582,0.023255813953488372,0.046511627906976744,1,0,0
1659.42,wallet,DEV_01270,SG,success,1069,7,4,0,2,2,3659.75,software,1659.42,0,6,1,0.4534244142359451,0.5714285714285714,0.0,0.2857142857142857,0,0,0
3618.96,netbanking,DEV_00953,SG,failed,332,44,37,1,0,1,4802.72,beauty,3618.96,0,4,0,0.7535230036312756,0.8409090909090909,0.022727272727272728,0.0,1,0,0
3177.61,upi,DEV_02211,SG,success,130,12,4,0,2,1,3569.43,beauty,3177.61,0,6,1,0.8902289721328056,0.3333333333333333,0.0,0.16666666666666666,0,0,0
3279.72,card,DEV_02917,GB,success,1382,21,21,2,1,2,5251.37,grocery,3279.72,0,6,1,0.6245455947686032,1.0,0.09523809523809523,0.047619047619047616,1,0,1
2123.75,card,DEV_02515,IN,failed,1699,22,14,1,2,1,1607.88,software,2123.75,0,5,1,1.3208386197974973,0.6363636363636364,0.045454545454545456,0.09090909090909091,1,0,0
4403.32,upi,DEV_00798,US,success,1300,50,47,0,1,2,2489.07,grocery,4403.32,0,2,0,1.7690623405528971,0.94,0.0,0.02,0,0,0
5502.17,upi,DEV_00121,AE,success,1438,21,17,0,1,3,2014.89,electronics,5502.17,0,0,0,2.7307545325054963,0.8095238095238095,0.0,0.047619047619047616,0,0,0
6500.6,netbanking,DEV_00365,IN,failed,996,24,20,0,1,2,2713.78,grocery,6500.6,0,1,0,2.3954041963607957,0.8333333333333334,0.0,0.041666666666666664,0,0,0
2574.96,wallet,DEV_01562,AE,success,177,26,16,0,2,4,5972.27,beauty,2574.96,0,3,0,0.4311526438021054,0.6153846153846154,0.0,0.07692307692307693,0,0,1
2217.16,upi,DEV_00393,GB,success,1682,28,22,0,0,1,2148.5,fashion,2217.16,0,2,0,1.0319571794275075,0.7857142857142857,0.0,0.0,0,0,0
2008.58,wallet,DEV_01033,AE,success,1535,3,3,0,1,1,2165.74,software,2008.58,0,5,1,0.9274335792846787,1.0,0.0,0.3333333333333333,0,0,0
2511.58,netbanking,DEV_01645,US,success,1610,38,33,0,2,2,1535.72,beauty,2511.58,0,5,1,1.635441356497278,0.868421052631579,0.0,0.05263157894736842,0,0,1
5091.24,card,DEV_01392,AE,success,1264,46,42,0,3,2,4918.54,beauty,5091.24,0,6,1,1.0351120454443798,0.9130434782608695,0.0,0.06521739130434782,0,0,0
1381.55,netbanking,DEV_00084,SG,success,1791,14,5,0,3,1,3136.97,electronics,1381.55,0,4,0,0.4404090571475022,0.35714285714285715,0.0,0.21428571428571427,0,0,0
2741.8,netbanking,DEV_00392,US,success,548,31,31,1,1,3,6098.26,beauty,2741.8,0,3,0,0.4496036574367115,1.0,0.03225806451612903,0.03225806451612903,1,0,0
3279.33,card,DEV_01339,AE,success,1610,45,39,0,1,2,4313.43,beauty,3279.33,0,4,0,0.7602603960189455,0.8666666666666667,0.0,0.022222222222222223,0,0,0
1063.95,netbanking,DEV_00285,US,failed,1366,9,9,2,2,2,2503.49,travel,1063.95,0,2,0,0.4249867185409169,1.0,0.2222222222222222,0.2222222222222222,1,0,0
9061.99,upi,DEV_02193,US,success,144,11,5,0,2,2,5806.44,fashion,9061.99,0,0,0,1.5606791769139094,0.45454545454545453,0.0,0.18181818181818182,0,0,0
5723.62,upi,DEV_02457,GB,success,1345,17,8,1,2,1,1024.61,electronics,5723.62,0,2,0,5.586144972233338,0.47058823529411764,0.058823529411764705,0.11764705882352941,1,0,0
2185.44,wallet,DEV_02894,US,success,1486,16,11,0,3,4,3146.0,fashion,2185.44,0,6,1,0.6946726001271456,0.6875,0.0,0.1875,0,0,0
2624.65,wallet,DEV_00125,SG,success,1331,8,0,1,1,2,1649.77,beauty,2624.65,0,5,1,1.5909187341265754,0.0,0.125,0.125,1,0,0
51376.64,netbanking,DEV_01194,IN,success,1106,40,39,0,2,3,4597.75,travel,51376.64,0,1,0,11.174300473057473,0.975,0.0,0.05,0,0,0
3885.51,upi,DEV_00409,AE,success,1941,20,18,1,4,4,3436.85,electronics,3885.51,0,3,0,1.1305439574028544,0.9,0.05,0.2,1,0,0
11981.29,netbanking,DEV_01863,SG,failed,784,38,35,1,1,2,4150.74,electronics,11981.29,0,5,1,2.8865431224311813,0.9210526315789473,0.02631578947368421,0.02631578947368421,1,0,0
1686.45,wallet,DEV_00477,SG,success,1201,34,26,0,2,4,1833.13,electronics,1686.45,0,5,1,0.9199838527545782,0.7647058823529411,0.0,0.058823529411764705,0,0,0
33568.53,upi,DEV_01498,US,failed,1298,6,3,1,2,3,1081.76,home,33568.53,0,1,0,31.031402529211654,0.5,0.16666666666666666,0.3333333333333333,1,0,0
11721.28,upi,DEV_01656,IN,success,371,26,17,1,4,1,17060.63,home,11721.28,0,3,0,0.6870367624173316,0.6538461538461539,0.038461538461538464,0.15384615384615385,1,0,0
12786.18,wallet,DEV_02702,SG,success,1885,50,45,0,0,3,3760.8,electronics,12786.18,0,0,0,3.399856413529036,0.9,0.0,0.0,0,0,0
986.06,netbanking,DEV_02160,SG,failed,1910,24,17,0,4,3,4658.29,travel,986.06,0,3,0,0.2116785343978155,0.7083333333333334,0.0,0.16666666666666666,0,0,0
5135.57,upi,DEV_01158,GB,failed,1864,17,13,0,0,1,1164.23,home,5135.57,0,2,0,4.41113010315831,0.7647058823529411,0.0,0.0,0,0,0
1120.84,upi,DEV_01200,AE,failed,1774,32,24,1,0,1,1137.25,grocery,1120.84,0,1,0,0.9855704550450648,0.75,0.03125,0.0,1,0,0
11267.95,wallet,DEV_00338,AE,failed,706,42,33,0,1,4,5326.19,fashion,11267.95,0,2,0,2.115574172156833,0.7857142857142857,0.0,0.023809523809523808,0,0,0
1040.62,card,DEV_01317,SG,failed,144,11,5,0,2,2,5806.44,electronics,1040.62,0,0,0,0.17921824732538352,0.45454545454545453,0.0,0.18181818181818182,0,0,0
14618.02,netbanking,DEV_02039,GB,success,1199,39,35,0,1,2,20051.6,grocery,14618.02,0,4,0,0.7290201280695806,0.8974358974358975,0.0,0.02564102564102564,0,0,0
8828.34,card,DEV_00771,IN,success,223,7,6,0,4,3,2137.81,home,8828.34,0,4,0,4.129618628409447,0.8571428571428571,0.0,0.5714285714285714,0,0,0
456.42,netbanking,DEV_00197,SG,success,1778,3,2,1,1,3,1399.77,fashion,456.42,0,3,0,0.3260678540045865,0.6666666666666666,0.3333333333333333,0.3333333333333333,1,0,0
1044.43,netbanking,DEV_01577,US,success,1277,13,7,0,2,2,2369.85,software,1044.43,0,2,0,0.44071565710909977,0.5384615384615384,0.0,0.15384615384615385,0,0,0
13773.22,wallet,DEV_02083,SG,success,538,36,35,0,1,3,3762.45,home,13773.22,0,3,0,3.6607051256495104,0.9722222222222222,0.0,0.027777777777777776,0,0,0
4630.51,netbanking,DEV_02790,IN,success,418,34,34,0,1,4,1620.7,software,4630.51,0,1,0,2.8571049546492255,1.0,0.0,0.029411764705882353,0,0,0
4371.53,wallet,DEV_00761,US,success,1090,1,0,0,3,1,3626.94,grocery,4371.53,0,3,0,1.2052942701009666,0.0,0.0,3.0,0,0,0
2016.68,card,DEV_02925,US,success,1206,1,1,1,0,4,7734.49,beauty,2016.68,0,3,0,0.260738587806048,1.0,1.0,0.0,1,0,0
2739.35,card,DEV_00186,AE,success,653,32,23,0,1,1,1629.4,travel,2739.35,0,6,1,1.6812016693261322,0.71875,0.0,0.03125,0,0,0
8649.34,netbanking,DEV_00020,US,success,970,46,41,0,0,1,4575.15,grocery,8649.34,0,3,0,1.8905041364764,0.8913043478260869,0.0,0.0,0,0,0
8338.3,upi,DEV_01598,US,failed,1170,38,30,0,2,4,3666.3,software,8338.3,0,0,0,2.2743092491067287,0.7894736842105263,0.0,0.05263157894736842,0,0,0
1643.11,card,DEV_00639,US,success,1407,48,48,1,0,3,1314.12,software,1643.11,0,2,0,1.2503500441359998,1.0,0.020833333333333332,0.0,1,0,0
3773.91,netbanking,DEV_01732,SG,success,950,33,25,0,5,4,1040.98,beauty,3773.91,0,2,0,3.625343426386674,0.7575757575757576,0.0,0.15151515151515152,0,0,0
4093.29,upi,DEV_02677,GB,success,1255,35,31,0,4,3,1775.18,electronics,4093.29,0,2,0,2.305845041066258,0.8857142857142857,0.0,0.11428571428571428,0,0,0
6371.65,wallet,DEV_01695,AE,success,701,40,35,0,1,2,2853.97,fashion,6371.65,0,4,0,2.232556754275623,0.875,0.0,0.025,0,0,0
5910.29,wallet,DEV_01039,SG,failed,1643,47,37,2,0,4,6874.06,travel,5910.29,0,5,1,0.8597961030308143,0.7872340425531915,0.0425531914893617,0.0,1,0,0
3134.27,card,DEV_02851,AE,success,1295,29,23,0,0,4,3049.03,travel,3134.27,0,0,0,1.0279564320456014,0.7931034482758621,0.0,0.0,0,0,0
8386.2,card,DEV_02612,IN,success,1470,45,40,1,2,2,1395.56,software,8386.2,0,4,0,6.009200607641378,0.8888888888888888,0.022222222222222223,0.044444444444444446,1,0,0
4668.52,wallet,DEV_00273,US,success,175,16,13,0,0,3,3108.64,travel,4668.52,0,0,0,1.5017885634875703,0.8125,0.0,0.0,0,0,0
4717.8,upi,DEV_01051,AE,success,882,45,42,0,3,2,1292.16,home,4717.8,0,5,1,3.651095839524517,0.9333333333333333,0.0,0.06666666666666667,0,0,0
2340.54,netbanking,DEV_02336,GB,success,1202,35,27,0,3,2,8713.75,software,2340.54,0,2,0,0.2686030698608521,0.7714285714285715,0.0,0.08571428571428572,0,0,0
2923.97,wallet,DEV_00828,IN,failed,130,24,17,0,0,1,2751.24,beauty,2923.97,0,5,1,1.0627825998458877,0.7083333333333334,0.0,0.0,0,0,0
3444.85,upi,DEV_00521,SG,failed,1458,34,30,1,0,2,1933.87,travel,3444.85,0,5,1,1.781324494407587,0.8823529411764706,0.029411764705882353,0.0,1,0,0
2496.72,wallet,DEV_00448,IN,success,930,5,3,1,0,4,5899.59,software,2496.72,0,5,1,0.4232022903286499,0.6,0.2,0.0,1,0,0
4059.66,wallet,DEV_00756,IN,success,1817,1,1,1,2,4,8993.14,travel,4059.66,0,2,0,0.45141741371756694,1.0,1.0,2.0,1,0,0
19295.33,upi,DEV_01786,SG,failed,1189,43,39,1,1,1,1690.57,home,19295.33,0,6,1,11.413505504060762,0.9069767441860465,0.023255813953488372,0.023255813953488372,1,0,0
8584.41,upi,DEV_01811,SG,success,709,40,33,0,2,2,476.05,beauty,8584.41,0,3,0,18.032580611280327,0.825,0.0,0.05,0,0,1
1479.54,upi,DEV_00862,GB,success,680,32,29,0,2,3,1383.88,software,1479.54,0,0,0,1.0691244905627655,0.90625,0.0,0.0625,0,0,0
11393.09,upi,DEV_01399,GB,success,1085,48,42,1,2,3,5517.01,grocery,11393.09,0,5,1,2.065084166967252,0.875,0.020833333333333332,0.041666666666666664,1,0,0
1082.61,wallet,DEV_00822,IN,failed,415,36,32,1,4,3,3191.36,beauty,1082.61,0,5,1,0.33923155018550083,0.8888888888888888,0.027777777777777776,0.1111111111111111,1,0,0
3167.11,upi,DEV_01196,SG,success,879,22,13,0,1,4,4621.97,travel,3167.11,0,5,1,0.6852294584343905,0.5909090909090909,0.0,0.045454545454545456,0,0,0
5642.14,upi,DEV_02570,US,failed,1150,6,2,0,2,4,6328.01,beauty,5642.14,0,4,0,0.8916136352502604,0.3333333333333333,0.0,0.3333333333333333,0,0,0
9418.28,card,DEV_01805,IN,success,799,6,5,2,1,2,3648.45,grocery,9418.28,0,1,0,2.581446915813565,0.8333333333333334,0.3333333333333333,0.16666666666666666,1,0,0
3685.81,netbanking,DEV_02281,US,success,73,38,36,1,2,2,6600.47,software,3685.81,0,4,0,0.5584162945972029,0.9473684210526315,0.02631578947368421,0.05263157894736842,1,0,0
5209.84,card,DEV_00457,IN,success,160,22,16,1,2,3,2046.01,travel,5209.84,0,2,0,2.546341415731106,0.7272727272727273,0.045454545454545456,0.09090909090909091,1,0,0
4015.74,upi,DEV_02966,GB,success,146,39,39,0,0,2,6317.32,electronics,4015.74,0,6,1,0.6356714556172555,1.0,0.0,0.0,0,0,0
1863.27,upi,DEV_00426,US,failed,1764,24,15,0,1,2,2924.47,beauty,1863.27,0,4,0,0.637130830543654,0.625,0.0,0.041666666666666664,0,0,0
3220.41,card,DEV_02305,IN,failed,1174,5,4,0,0,3,1788.43,home,3220.41,0,1,0,1.8006911089614912,0.8,0.0,0.0,0,0,0
2714.7,card,DEV_00920,IN,success,1576,10,3,0,1,4,8747.75,fashion,2714.7,0,0,0,0.31033122803006485,0.3,0.0,0.1,0,0,0
5465.76,card,DEV_02658,AE,failed,219,41,37,0,2,3,6262.36,travel,5465.76,0,2,0,0.8727955595015299,0.9024390243902439,0.0,0.04878048780487805,0,0,0
9950.34,netbanking,DEV_02809,SG,failed,938,11,5,1,3,1,1661.14,beauty,9950.34,0,4,0,5.990067062378848,0.45454545454545453,0.09090909090909091,0.2727272727272727,1,0,0
3212.1,upi,DEV_02798,AE,success,1829,47,47,0,0,3,7552.54,grocery,3212.1,0,5,1,0.4253006273386172,1.0,0.0,0.0,0,0,0
4026.79,netbanking,DEV_02608,AE,success,1798,25,15,0,1,3,2293.02,grocery,4026.79,0,6,1,1.7561076658729535,0.6,0.0,0.04,0,0,0
6618.66,wallet,DEV_02198,GB,success,565,35,31,0,2,3,6054.5,software,6618.66,0,4,0,1.0931802791312246,0.8857142857142857,0.0,0.05714285714285714,0,0,0
4639.15,netbanking,DEV_02610,US,success,1737,22,22,0,4,4,5108.68,grocery,4639.15,0,4,0,0.9080917184086691,1.0,0.0,0.18181818181818182,0,0,0
3532.51,upi,DEV_01508,IN,success,1123,39,36,0,1,3,1867.23,fashion,3532.51,0,1,0,1.891845139591802,0.9230769230769231,0.0,0.02564102564102564,0,0,0
1610.81,upi,DEV_00175,AE,success,1465,24,21,1,2,1,2001.56,electronics,1610.81,0,3,0,0.8047772737264933,0.875,0.041666666666666664,0.08333333333333333,1,0,0
3276.27,wallet,DEV_00513,GB,failed,842,16,14,0,1,3,7008.4,electronics,3276.27,0,0,0,0.4674775983105987,0.875,0.0,0.0625,0,0,0
6435.88,wallet,DEV_01712,AE,failed,1293,49,46,0,0,1,2111.97,travel,6435.88,0,1,0,3.0473349526745177,0.9387755102040817,0.0,0.0,0,0,0
1846.56,wallet,DEV_01592,AE,success,219,41,37,0,2,3,6262.36,software,1846.56,0,5,1,0.29486647206484456,0.9024390243902439,0.0,0.04878048780487805,0,0,0
3615.63,netbanking,DEV_02726,AE,success,1851,6,3,1,1,3,4076.06,fashion,3615.63,0,2,0,0.8870404262940192,0.5,0.16666666666666666,0.16666666666666666,1,0,0
7878.63,upi,DEV_00889,US,success,709,40,33,0,2,2,476.05,grocery,7878.63,0,1,0,16.550005251549205,0.825,0.0,0.05,0,0,0
8987.57,netbanking,DEV_01898,SG,failed,593,18,15,0,0,2,2385.67,travel,8987.57,0,6,1,3.7673148423713254,0.8333333333333334,0.0,0.0,0,0,0
4117.34,netbanking,DEV_02638,GB,failed,543,13,13,0,2,3,4046.94,software,4117.34,0,1,0,1.017395859587738,1.0,0.0,0.15384615384615385,0,0,1
2174.77,upi,DEV_01927,IN,failed,1568,32,27,0,2,2,1079.89,electronics,2174.77,0,1,0,2.0138810434396093,0.84375,0.0,0.0625,0,0,0
1795.83,netbanking,DEV_02555,AE,success,1128,8,7,0,0,3,14795.49,electronics,1795.83,0,2,0,0.12137685200017032,0.875,0.0,0.0,0,0,0
13224.29,upi,DEV_01384,SG,failed,1927,49,42,0,2,2,3110.78,travel,13224.29,0,1,0,4.251117083175281,0.8571428571428571,0.0,0.04081632653061224,0,0,0
6977.99,wallet,DEV_00739,AE,success,1232,10,6,2,5,1,3434.51,software,6977.99,0,2,0,2.031727961193882,0.6,0.2,0.5,1,0,0
910.89,wallet,DEV_02325,US,success,1360,18,11,0,0,1,4600.63,electronics,910.89,0,2,0,0.1979924488602648,0.6111111111111112,0.0,0.0,0,0,0
8482.92,wallet,DEV_02356,US,failed,1211,37,37,0,0,2,1966.39,beauty,8482.92,0,6,1,4.3139560311026806,1.0,0.0,0.0,0,0,0
3722.01,netbanking,DEV_01920,US,success,205,50,49,0,2,3,2547.02,travel,3722.01,0,1,0,1.4613195027914976,0.98,0.0,0.04,0,0,0
4927.16,wallet,DEV_01296,SG,success,699,48,44,1,1,2,2416.08,beauty,4927.16,0,2,0,2.0393198900698652,0.9166666666666666,0.020833333333333332,0.020833333333333332,1,0,0
6070.55,card,DEV_00268,IN,success,263,7,7,0,4,2,6342.15,beauty,6070.55,0,1,0,0.9571754058166395,1.0,0.0,0.5714285714285714,0,0,0
18520.46,card,DEV_01358,IN,success,367,26,16,1,1,2,2461.56,electronics,18520.46,0,6,1,7.52387104112839,0.6153846153846154,0.038461538461538464,0.038461538461538464,1,0,0
5514.2,upi,DEV_00617,US,success,1753,18,10,0,2,2,1060.48,grocery,5514.2,0,4,0,5.199720881110441,0.5555555555555556,0.0,0.1111111111111111,0,0,0
4059.97,netbanking,DEV_02553,GB,failed,1233,42,33,0,1,3,6094.46,electronics,4059.97,0,5,1,0.6661738693830134,0.7857142857142857,0.0,0.023809523809523808,0,0,0
1998.18,wallet,DEV_01387,US,success,1443,8,4,0,0,3,2361.74,grocery,1998.18,0,0,0,0.8460626487250926,0.5,0.0,0.0,0,0,0
5200.17,card,DEV_02302,US,success,39,36,29,0,0,2,2302.18,software,5200.17,0,4,0,2.2588025263011584,0.8055555555555556,0.0,0.0,0,0,0
3362.84,upi,DEV_01701,IN,failed,629,31,23,1,3,1,2130.7,beauty,3362.84,0,6,1,1.5782794386821235,0.7419354838709677,0.03225806451612903,0.0967741935483871,1,0,1
8311.29,upi,DEV_02301,SG,failed,1952,9,4,1,0,1,3841.94,electronics,8311.29,0,2,0,2.1633055175250004,0.4444444444444444,0.1111111111111111,0.0,1,0,0
4431.05,netbanking,DEV_02827,US,success,1731,36,33,1,0,2,4506.12,fashion,4431.05,0,4,0,0.9833404347864683,0.9166666666666666,0.027777777777777776,0.0,1,0,0
4508.06,wallet,DEV_00398,IN,failed,1463,26,20,1,2,4,3829.72,home,4508.06,0,2,0,1.1771252206427625,0.7692307692307693,0.038461538461538464,0.07692307692307693,1,0,0
6766.43,wallet,DEV_01554,AE,success,1033,26,18,1,3,1,8736.89,fashion,6766.43,0,4,0,0.7744666580442241,0.6923076923076923,0.038461538461538464,0.11538461538461539,1,0,0
1812.41,netbanking,DEV_01807,SG,success,974,50,50,0,2,2,5979.0,beauty,1812.41,0,2,0,0.3031292858337515,1.0,0.0,0.04,0,0,0
1547.01,wallet,DEV_00082,AE,success,1487,39,29,1,3,2,2340.3,electronics,1547.01,0,6,1,0.661030637097808,0.7435897435897436,0.02564102564102564,0.07692307692307693,1,0,0
1930.42,netbanking,DEV_00349,GB,success,2000,48,39,0,2,4,1005.07,software,1930.42,0,6,1,1.92068214154238,0.8125,0.0,0.041666666666666664,0,0,1
1950.72,upi,DEV_02557,GB,failed,1368,23,14,0,1,2,3141.15,grocery,1950.72,0,1,0,0.6210209636598061,0.6086956521739131,0.0,0.043478260869565216,0,0,0
3519.71,upi,DEV_00455,US,success,1699,35,32,0,0,3,2442.36,home,3519.71,0,4,0,1.4411102376390048,0.9142857142857143,0.0,0.0,0,0,0
955.48,netbanking,DEV_02914,IN,failed,216,31,26,1,1,4,4689.29,travel,955.48,0,2,0,0.2037579249737167,0.8387096774193549,0.03225806451612903,0.03225806451612903,1,0,0
2846.65,card,DEV_02548,SG,success,1179,40,38,0,1,2,4384.95,electronics,2846.65,0,4,0,0.6491864217379902,0.95,0.0,0.025,0,0,0
4936.23,netbanking,DEV_01036,US,success,1791,30,29,0,1,4,5154.68,electronics,4936.23,0,1,0,0.9576210356413976,0.9666666666666667,0.0,0.03333333333333333,0,0,0
1094.37,card,DEV_02006,GB,success,1704,7,1,1,0,4,13842.82,grocery,1094.37,0,3,0,0.07905686847044172,0.14285714285714285,0.14285714285714285,0.0,1,0,0
3183.82,upi,DEV_02870,GB,failed,1181,37,27,0,1,4,9618.17,fashion,3183.82,0,0,0,0.33102138972382483,0.7297297297297297,0.0,0.02702702702702703,0,0,0
1812.8,wallet,DEV_01383,IN,failed,1994,26,23,0,0,2,4082.45,software,1812.8,0,2,0,0.44404707957231565,0.8846153846153846,0.0,0.0,0,0,0
2452.6,card,DEV_01364,SG,success,1103,3,0,0,0,1,955.89,home,2452.6,0,4,0,2.565776396865748,0.0,0.0,0.0,0,0,0
3233.5,card,DEV_02350,IN,failed,364,30,26,1,0,3,1692.66,home,3233.5,0,3,0,1.9103068543003319,0.8666666666666667,0.03333333333333333,0.0,1,0,1
1159.49,upi,DEV_01926,AE,success,1858,49,40,1,2,4,5063.9,travel,1159.49,0,4,0,0.22897174114812696,0.8163265306122449,0.02040816326530612,0.04081632653061224,1,0,1
9041.04,netbanking,DEV_02855,AE,success,1739,48,42,1,2,2,670.76,home,9041.04,0,4,0,13.478800166974777,0.875,0.020833333333333332,0.041666666666666664,1,0,0
5391.04,wallet,DEV_01668,GB,success,1277,43,37,0,1,1,1370.21,grocery,5391.04,0,1,0,3.934462600623262,0.8604651162790697,0.0,0.023255813953488372,0,0,0
10567.36,netbanking,DEV_02263,US,success,541,45,36,0,3,3,5393.03,home,10567.36,0,2,0,1.9594476574393247,0.8,0.0,0.06666666666666667,0,0,0
5410.22,netbanking,DEV_00342,AE,success,1504,27,24,0,0,2,4397.38,beauty,5410.22,0,6,1,1.2303280589805747,0.8888888888888888,0.0,0.0,0,0,0
1371.47,netbanking,DEV_02085,IN,success,1996,41,33,2,1,3,2484.39,fashion,1371.47,0,1,0,0.5520349059527692,0.8048780487804879,0.04878048780487805,0.024390243902439025,1,0,0
1463.65,card,DEV_00996,IN,success,572,9,3,0,2,3,16718.47,beauty,1463.65,0,6,1,0.0875468867665522,0.3333333333333333,0.0,0.2222222222222222,0,0,0
1189.64,card,DEV_00631,SG,success,1101,29,25,0,1,2,2717.9,grocery,1189.64,0,5,1,0.4377055815151404,0.8620689655172413,0.0,0.034482758620689655,0,0,0
3644.89,card,DEV_00309,IN,success,2000,48,39,0,2,4,1005.07,grocery,3644.89,0,6,1,3.6265036266130712,0.8125,0.0,0.041666666666666664,0,0,1
1907.25,netbanking,DEV_02530,IN,failed,189,37,28,0,3,1,4632.37,software,1907.25,0,0,0,0.4117222933401261,0.7567567567567568,0.0,0.08108108108108109,0,0,0
1578.51,netbanking,DEV_02724,IN,success,1253,25,17,0,2,2,1273.95,beauty,1578.51,0,5,1,1.2390674673260331,0.68,0.0,0.08,0,0,0
4153.97,card,DEV_02885,US,success,1520,15,5,0,0,1,1767.63,travel,4153.97,0,5,1,2.350022346305505,0.3333333333333333,0.0,0.0,0,0,0
5038.68,upi,DEV_00376,IN,failed,389,32,22,0,1,1,1325.04,grocery,5038.68,0,3,0,3.8026625611302305,0.6875,0.0,0.03125,0,0,0
8569.42,upi,DEV_00862,IN,success,1519,5,0,0,2,1,2257.18,beauty,8569.42,0,4,0,3.7965160066986243,0.0,0.0,0.4,0,0,1
9420.25,wallet,DEV_01313,SG,failed,1729,42,39,1,0,1,3905.65,software,9420.25,0,3,0,2.4119544762075456,0.9285714285714286,0.023809523809523808,0.0,1,0,0
14020.91,upi,DEV_02901,AE,success,138,30,30,0,0,1,8606.73,software,14020.91,0,3,0,1.6290635351637615,1.0,0.0,0.0,0,0,0
1013.65,wallet,DEV_01180,SG,success,81,12,9,0,3,2,5006.69,travel,1013.65,0,0,0,0.20245910971120643,0.75,0.0,0.25,0,0,0
1974.71,wallet,DEV_00758,SG,success,1402,8,6,0,2,3,5597.77,beauty,1974.71,0,4,0,0.35276726267781633,0.75,0.0,0.25,0,0,1
2614.82,upi,DEV_00810,GB,success,1989,1,0,0,3,2,670.89,grocery,2614.82,0,4,0,3.897539089865701,0.0,0.0,3.0,0,0,0
3635.11,card,DEV_02879,IN,success,712,30,20,0,2,1,699.27,beauty,3635.11,0,2,0,5.198435511318947,0.6666666666666666,0.0,0.06666666666666667,0,0,0
15198.11,netbanking,DEV_00933,US,success,668,22,19,1,2,2,3419.64,fashion,15198.11,0,6,1,4.444359640196044,0.8636363636363636,0.045454545454545456,0.09090909090909091,1,0,0
4302.27,wallet,DEV_02076,GB,failed,950,38,34,0,1,4,702.42,travel,4302.27,0,2,0,6.124925258392416,0.8947368421052632,0.0,0.02631578947368421,0,0,0
1536.56,netbanking,DEV_01413,US,success,733,15,10,0,3,3,5750.87,software,1536.56,0,5,1,0.2671873994717321,0.6666666666666666,0.0,0.2,0,0,0
1118.54,netbanking,DEV_01153,US,success,948,40,30,1,0,1,2517.47,grocery,1118.54,0,5,1,0.44431115365823626,0.75,0.025,0.0,1,0,0
1896.75,card,DEV_02024,GB,success,1151,34,29,0,2,1,1288.74,software,1896.75,0,1,0,1.471786396014712,0.8529411764705882,0.0,0.058823529411764705,0,0,0
705.56,wallet,DEV_00328,AE,success,1704,13,13,3,1,1,7335.4,home,705.56,0,6,1,0.09618562041606456,1.0,0.23076923076923078,0.07692307692307693,1,0,0
8773.95,netbanking,DEV_02410,GB,success,207,32,25,0,2,3,3370.01,home,8773.95,0,6,1,2.603538268432438,0.78125,0.0,0.0625,0,0,0
1644.47,netbanking,DEV_02979,GB,success,1817,17,7,1,1,4,1626.97,beauty,1644.47,0,6,1,1.0107561909561946,0.4117647058823529,0.058823529411764705,0.058823529411764705,1,0,0
16395.65,wallet,DEV_01518,AE,failed,1147,3,2,0,2,2,870.34,travel,16395.65,0,2,0,18.8382126525266,0.6666666666666666,0.0,0.6666666666666666,0,0,0
11083.98,netbanking,DEV_02237,US,success,998,25,25,0,1,3,1860.03,software,11083.98,0,5,1,5.9590329188238895,1.0,0.0,0.04,0,0,0
6051.19,card,DEV_02830,GB,failed,1542,8,1,1,1,1,3529.35,grocery,6051.19,0,2,0,1.7145338376754926,0.125,0.125,0.125,1,0,0
5699.3,wallet,DEV_01329,AE,failed,1488,42,37,1,3,2,561.47,grocery,5699.3,0,2,0,10.150675904322581,0.8809523809523809,0.023809523809523808,0.07142857142857142,1,0,0
2496.41,wallet,DEV_00626,US,failed,1371,21,11,0,0,2,5976.84,grocery,2496.41,0,2,0,0.4176805803735753,0.5238095238095238,0.0,0.0,0,0,0
3489.1,wallet,DEV_00101,US,success,531,48,38,0,0,4,5151.04,grocery,3489.1,0,1,0,0.677358358700379,0.7916666666666666,0.0,0.0,0,0,0
6066.77,wallet,DEV_02590,US,success,209,5,0,0,3,2,890.72,beauty,6066.77,0,0,0,6.811085414047064,0.0,0.0,0.6,0,0,0
16749.12,card,DEV_01780,US,success,434,47,46,2,2,4,951.07,beauty,16749.12,0,6,1,17.610817289999684,0.9787234042553191,0.0425531914893617,0.0425531914893617,1,0,0
8664.09,upi,DEV_00389,IN,failed,352,32,23,0,1,3,3654.97,home,8664.09,0,5,1,2.370495517063068,0.71875,0.0,0.03125,0,0,1
4954.39,upi,DEV_01110,GB,success,379,41,35,1,2,1,2704.48,electronics,4954.39,0,4,0,1.8319196296515412,0.8536585365853658,0.024390243902439025,0.04878048780487805,1,0,0
2387.02,wallet,DEV_01607,US,success,889,20,14,0,1,4,8792.61,home,2387.02,0,3,0,0.27148025444094526,0.7,0.0,0.05,0,0,1
1922.14,upi,DEV_00779,AE,failed,688,14,4,0,1,2,1689.12,electronics,1922.14,0,4,0,1.1379534905749742,0.2857142857142857,0.0,0.07142857142857142,0,0,0
500.26,wallet,DEV_01783,US,success,101,9,1,0,0,2,2764.76,fashion,500.26,0,1,0,0.18094156454809818,0.1111111111111111,0.0,0.0,0,0,0
848.84,netbanking,DEV_00435,IN,failed,1595,1,1,0,2,2,5412.82,travel,848.84,0,1,0,0.1568202896087437,1.0,0.0,2.0,0,0,0
2972.91,netbanking,DEV_00580,US,failed,724,12,9,0,2,4,1296.48,fashion,2972.91,0,2,0,2.2930627545353572,0.75,0.0,0.16666666666666666,0,0,0
6090.86,upi,DEV_01706,AE,success,1298,6,3,1,2,3,1081.76,grocery,6090.86,0,6,1,5.630509540008874,0.5,0.16666666666666666,0.3333333333333333,1,0,0
1789.87,upi,DEV_01387,GB,failed,242,17,16,0,1,2,2229.89,beauty,1789.87,0,3,0,0.8026718806757284,0.9411764705882353,0.0,0.058823529411764705,0,0,1
3513.79,card,DEV_02454,US,success,1673,37,37,0,0,4,2906.1,travel,3513.79,0,5,1,1.209108427101614,1.0,0.0,0.0,0,0,0
989.65,netbanking,DEV_02969,GB,success,1895,47,38,0,2,1,3149.96,beauty,989.65,0,6,1,0.3141785927440348,0.8085106382978723,0.0,0.0425531914893617,0,0,0
4584.35,netbanking,DEV_02316,AE,success,691,24,20,0,2,1,19280.19,beauty,4584.35,0,5,1,0.23777514640675226,0.8333333333333334,0.0,0.08333333333333333,0,0,0
1144.78,wallet,DEV_01516,AE,success,1292,29,28,1,2,2,4481.28,grocery,1144.78,0,3,0,0.25545826192516424,0.9655172413793104,0.034482758620689655,0.06896551724137931,1,0,1
2879.35,netbanking,DEV_02820,US,success,1277,41,33,0,2,2,6184.15,home,2879.35,0,2,0,0.46560157822821246,0.8048780487804879,0.0,0.04878048780487805,0,0,0
1786.11,wallet,DEV_01150,SG,success,718,2,1,0,1,3,5195.56,electronics,1786.11,0,6,1,0.343776224314607,0.5,0.0,0.5,0,0,1
2182.51,upi,DEV_00521,GB,success,968,42,32,1,1,1,4692.85,beauty,2182.51,0,0,0,0.4650713319198355,0.7619047619047619,0.023809523809523808,0.023809523809523808,1,0,0
4344.46,upi,DEV_01021,AE,failed,349,50,41,0,2,1,3391.46,fashion,4344.46,0,0,0,1.2809999233368519,0.82,0.0,0.04,0,0,0
15540.4,card,DEV_01284,SG,success,1380,32,22,0,0,1,12791.5,travel,15540.4,0,4,0,1.2149005198764804,0.6875,0.0,0.0,0,0,0
22197.06,wallet,DEV_00608,SG,success,1851,28,23,1,0,3,13735.72,fashion,22197.06,0,1,0,1.6160099361373121,0.8214285714285714,0.03571428571428571,0.0,1,0,0
1725.3,wallet,DEV_01896,SG,success,878,10,2,1,0,1,1584.64,travel,1725.3,0,0,0,1.088764640549273,0.2,0.1,0.0,1,0,0
11711.33,card,DEV_01842,AE,success,833,15,14,0,2,3,1737.43,grocery,11711.33,0,6,1,6.740605376907271,0.9333333333333333,0.0,0.13333333333333333,0,0,0
4709.3,netbanking,DEV_02916,US,success,1010,29,24,1,0,2,6320.43,software,4709.3,0,5,1,0.745091710532353,0.8275862068965517,0.034482758620689655,0.0,1,0,0
6241.26,wallet,DEV_01011,US,success,927,19,10,0,2,4,3392.41,grocery,6241.26,0,4,0,1.8397717257053248,0.5263157894736842,0.0,0.10526315789473684,0,0,0
6539.8,netbanking,DEV_01459,SG,success,543,3,3,0,1,4,3682.37,fashion,6539.8,0,0,0,1.7759757981951843,1.0,0.0,0.3333333333333333,0,0,0
2235.8,netbanking,DEV_01311,AE,success,1148,23,23,0,1,3,23490.85,fashion,2235.8,0,6,1,0.09517748399908903,1.0,0.0,0.043478260869565216,0,0,0
1125.96,upi,DEV_02448,SG,success,1417,48,40,1,2,3,4464.67,grocery,1125.96,0,5,1,0.2521933311980505,0.8333333333333334,0.020833333333333332,0.041666666666666664,1,0,0
5530.77,card,DEV_00799,SG,success,1737,35,29,0,1,1,5904.18,travel,5530.77,0,4,0,0.9367549769824091,0.8285714285714286,0.0,0.02857142857142857,0,0,0
7390.19,upi,DEV_01541,AE,success,771,15,7,0,2,4,5046.01,electronics,7390.19,0,0,0,1.4645611086779453,0.4666666666666667,0.0,0.13333333333333333,0,0,0
13379.79,netbanking,DEV_01070,US,success,542,6,2,0,4,2,1058.27,software,13379.79,0,4,0,12.643077853477847,0.3333333333333333,0.0,0.6666666666666666,0,0,0
2589.43,card,DEV_00119,AE,success,984,21,17,0,2,1,4343.09,grocery,2589.43,0,2,0,0.5962183606602671,0.8095238095238095,0.0,0.09523809523809523,0,0,0
13252.31,wallet,DEV_00605,AE,failed,1279,31,24,0,3,2,7124.36,grocery,13252.31,0,2,0,1.8601404196306757,0.7741935483870968,0.0,0.0967741935483871,0,0,0
2414.4,upi,DEV_02433,AE,success,1292,43,37,0,4,2,2842.64,software,2414.4,0,1,0,0.8493513072355277,0.8604651162790697,0.0,0.09302325581395349,0,0,0
14974.16,card,DEV_01121,AE,success,1615,10,9,0,4,1,5276.49,beauty,14974.16,0,3,0,2.8379017111754217,0.9,0.0,0.4,0,0,1
5819.38,wallet,DEV_01167,US,success,596,24,16,0,2,3,1034.04,electronics,5819.38,0,6,1,5.6278093690766315,0.6666666666666666,0.0,0.08333333333333333,0,0,0
2817.86,netbanking,DEV_00070,IN,success,316,47,45,0,1,4,1422.84,software,2817.86,0,2,0,1.9804475555930394,0.9574468085106383,0.0,0.02127659574468085,0,0,0
4623.64,wallet,DEV_01511,US,failed,1407,48,48,1,0,3,1314.12,home,4623.64,0,6,1,3.518430584725901,1.0,0.020833333333333332,0.0,1,0,0
7478.63,card,DEV_02576,AE,success,1504,27,24,0,0,2,4397.38,grocery,7478.63,0,0,0,1.7007013266990798,0.8888888888888888,0.0,0.0,0,0,0
723.2,wallet,DEV_00730,GB,success,599,30,30,0,2,3,2834.42,beauty,723.2,0,5,1,0.2551492016003274,1.0,0.0,0.06666666666666667,0,0,0
2488.84,netbanking,DEV_01328,SG,success,1483,5,4,1,2,3,3021.18,software,2488.84,0,0,0,0.8237973242243098,0.8,0.2,0.4,1,0,0
13849.45,card,DEV_02961,US,success,606,49,46,0,1,4,3623.37,grocery,13849.45,0,4,0,3.82225662849778,0.9387755102040817,0.0,0.02040816326530612,0,0,0
3675.73,card,DEV_00574,US,success,599,49,45,0,2,3,652.68,fashion,3675.73,0,1,0,5.63174909603481,0.9183673469387755,0.0,0.04081632653061224,0,0,0
4613.8,upi,DEV_00377,GB,success,183,38,37,0,0,1,1650.02,beauty,4613.8,0,3,0,2.7962085308056874,0.9736842105263158,0.0,0.0,0,0,0
2622.87,card,DEV_01691,GB,success,518,9,7,0,0,1,8949.44,software,2622.87,0,6,1,0.2930764383022848,0.7777777777777778,0.0,0.0,0,0,0
1122.15,wallet,DEV_01641,SG,failed,597,10,2,1,4,3,3745.81,beauty,1122.15,0,4,0,0.29957472482587216,0.2,0.1,0.4,1,0,0
3644.25,wallet,DEV_02846,US,success,764,24,20,1,0,2,7024.85,travel,3644.25,0,3,0,0.5187655252425318,0.8333333333333334,0.041666666666666664,0.0,1,0,0
6901.39,upi,DEV_01838,US,success,1450,32,26,1,3,4,4212.54,software,6901.39,0,4,0,1.6382966096464366,0.8125,0.03125,0.09375,1,0,0
2502.87,upi,DEV_00981,IN,success,1224,23,13,0,2,1,1364.35,travel,2502.87,0,0,0,1.8344779565360796,0.5652173913043478,0.0,0.08695652173913043,0,0,0
7296.42,card,DEV_02634,US,success,1774,32,24,1,0,1,1137.25,fashion,7296.42,0,6,1,6.415845240712245,0.75,0.03125,0.0,1,0,0
1711.22,card,DEV_00898,US,success,471,17,14,0,1,1,2429.76,home,1711.22,0,0,0,0.7042753193731067,0.8235294117647058,0.0,0.058823529411764705,0,0,0
7147.65,netbanking,DEV_01323,AE,failed,1189,43,39,1,1,1,1690.57,travel,7147.65,0,0,0,4.227952702342996,0.9069767441860465,0.023255813953488372,0.023255813953488372,1,0,0
2016.97,card,DEV_02090,GB,success,830,38,38,2,3,1,3546.77,travel,2016.97,0,3,0,0.5686779802468162,1.0,0.05263157894736842,0.07894736842105263,1,0,1
5161.49,wallet,DEV_02253,IN,success,184,41,32,0,0,4,1152.0,grocery,5161.49,0,6,1,4.480460069444444,0.7804878048780488,0.0,0.0,0,0,0
1512.22,card,DEV_00856,US,failed,861,36,26,2,2,3,2586.0,home,1512.22,0,5,1,0.5847718484145399,0.7222222222222222,0.05555555555555555,0.05555555555555555,1,0,0
5933.83,card,DEV_01432,IN,success,1887,26,25,0,3,1,1398.64,grocery,5933.83,0,4,0,4.242571355030601,0.9615384615384616,0.0,0.11538461538461539,0,0,0
892.32,upi,DEV_01627,US,success,1618,34,30,0,2,4,2781.03,grocery,892.32,0,6,1,0.3208595376533155,0.8823529411764706,0.0,0.058823529411764705,0,0,0
1245.73,netbanking,DEV_01089,SG,failed,396,3,3,1,2,2,2284.07,beauty,1245.73,0,0,0,0.5453992215650133,1.0,0.3333333333333333,0.6666666666666666,1,0,0
1779.48,upi,DEV_00826,SG,success,438,30,25,0,1,3,5409.88,software,1779.48,0,5,1,0.32893151049561176,0.8333333333333334,0.0,0.03333333333333333,0,0,0
2247.05,upi,DEV_01340,GB,success,1806,39,37,0,1,2,5873.11,fashion,2247.05,0,5,1,0.382599678875417,0.9487179487179487,0.0,0.02564102564102564,0,0,0
4045.13,netbanking,DEV_01850,IN,failed,510,35,27,0,4,4,1950.94,electronics,4045.13,0,5,1,2.073426143295027,0.7714285714285715,0.0,0.11428571428571428,0,0,0
3349.05,upi,DEV_00758,IN,failed,1831,28,24,1,1,1,3520.76,grocery,3349.05,0,6,1,0.9512292800418092,0.8571428571428571,0.03571428571428571,0.03571428571428571,1,0,0
5365.62,card,DEV_00843,US,success,1341,22,18,0,4,4,12015.58,electronics,5365.62,0,1,0,0.44655522246949375,0.8181818181818182,0.0,0.18181818181818182,0,0,0
4199.45,upi,DEV_02430,GB,failed,54,19,16,1,1,4,660.48,travel,4199.45,0,4,0,6.358178900193798,0.8421052631578947,0.05263157894736842,0.05263157894736842,1,0,0
7777.02,card,DEV_02654,US,success,1694,38,37,0,2,4,2061.99,home,7777.02,0,1,0,3.771608979674975,0.9736842105263158,0.0,0.05263157894736842,0,0,0
2890.31,upi,DEV_02094,IN,success,1451,10,3,1,1,1,4279.83,home,2890.31,0,5,1,0.675332898736632,0.3,0.1,0.1,1,0,0
5369.0,upi,DEV_00742,GB,failed,968,40,39,0,2,1,5113.32,software,5369.0,0,6,1,1.0500027379471655,0.975,0.0,0.05,0,0,0
1466.53,wallet,DEV_02949,GB,failed,393,47,37,1,0,4,2132.11,software,1466.53,0,1,0,0.6878303652250587,0.7872340425531915,0.02127659574468085,0.0,1,0,0
5975.9,upi,DEV_02014,AE,success,242,17,16,0,1,2,2229.89,grocery,5975.9,0,6,1,2.679907977523555,0.9411764705882353,0.0,0.058823529411764705,0,0,0
1136.72,upi,DEV_00319,SG,success,1800,11,3,0,0,4,1711.27,grocery,1136.72,0,2,0,0.6642552022766718,0.2727272727272727,0.0,0.0,0,0,0
10965.97,card,DEV_02537,IN,success,1676,22,19,1,3,3,1735.65,grocery,10965.97,0,5,1,6.318076801198398,0.8636363636363636,0.045454545454545456,0.13636363636363635,1,0,1
1393.99,netbanking,DEV_00001,GB,failed,240,10,4,1,2,2,2048.42,beauty,1393.99,0,4,0,0.6805196199998047,0.4,0.1,0.2,1,0,0
5932.17,upi,DEV_00399,IN,success,251,44,37,0,1,4,5454.36,home,5932.17,0,6,1,1.0876014784502674,0.8409090909090909,0.0,0.022727272727272728,0,0,0
15757.92,upi,DEV_01734,GB,success,1919,49,46,0,1,2,2613.19,beauty,15757.92,0,1,0,6.030147061637309,0.9387755102040817,0.0,0.02040816326530612,0,0,0
4792.41,wallet,DEV_02678,IN,success,359,25,25,0,4,1,877.85,beauty,4792.41,0,2,0,5.45925841544683,1.0,0.0,0.16,0,0,0
2401.67,card,DEV_01238,US,failed,1471,41,31,2,1,1,2772.7,software,2401.67,0,0,0,0.8661845854221518,0.7560975609756098,0.04878048780487805,0.024390243902439025,1,0,0
2038.78,upi,DEV_00493,IN,failed,39,36,29,0,0,2,2302.18,software,2038.78,0,4,0,0.8855867047754737,0.8055555555555556,0.0,0.0,0,0,1
3889.7,upi,DEV_00059,IN,success,65,33,33,0,2,4,1105.99,software,3889.7,0,4,0,3.516939574498865,1.0,0.0,0.06060606060606061,0,0,0
7236.33,wallet,DEV_02375,SG,success,794,17,7,0,1,3,5379.55,beauty,7236.33,0,2,0,1.3451552639161268,0.4117647058823529,0.0,0.058823529411764705,0,0,0
2855.73,card,DEV_02879,SG,success,762,29,28,0,1,3,4600.03,software,2855.73,0,6,1,0.6208068208250817,0.9655172413793104,0.0,0.034482758620689655,0,0,0
14981.58,upi,DEV_00883,IN,failed,596,35,30,0,2,4,4548.5,beauty,14981.58,0,6,1,3.2937407936682424,0.8571428571428571,0.0,0.05714285714285714,0,0,0
1920.24,card,DEV_00153,AE,failed,352,18,9,2,2,1,4654.87,home,1920.24,0,1,0,0.41252279870329356,0.5,0.1111111111111111,0.1111111111111111,1,0,0
1222.97,wallet,DEV_00717,IN,success,1928,29,28,0,1,4,2999.35,travel,1222.97,0,3,0,0.4077450114191408,0.9655172413793104,0.0,0.034482758620689655,0,0,0
1038.16,card,DEV_01151,GB,failed,1011,14,9,0,1,3,3290.78,electronics,1038.16,0,5,1,0.315475358425662,0.6428571428571429,0.0,0.07142857142857142,0,0,1
13987.6,upi,DEV_01095,IN,success,1048,2,0,1,1,4,1450.18,electronics,13987.6,0,6,1,9.645423326759436,0.0,0.5,0.5,1,0,0
490.35,upi,DEV_00962,AE,success,223,30,21,1,0,2,11457.64,fashion,490.35,0,0,0,0.0427967714119138,0.7,0.03333333333333333,0.0,1,0,1
2331.65,card,DEV_02307,AE,failed,1547,38,31,0,0,1,2664.06,grocery,2331.65,0,6,1,0.8752242817353963,0.8157894736842105,0.0,0.0,0,0,0
2141.9,upi,DEV_02931,IN,success,613,42,40,0,1,3,3904.28,beauty,2141.9,0,6,1,0.5486030715010194,0.9523809523809523,0.0,0.023809523809523808,0,0,0
2266.44,card,DEV_02450,GB,failed,1887,26,25,0,3,1,1398.64,software,2266.44,0,0,0,1.6204598753074415,0.9615384615384616,0.0,0.11538461538461539,0,0,0
3421.85,upi,DEV_01529,GB,success,877,3,2,1,2,3,442.23,travel,3421.85,0,6,1,7.73771566831739,0.6666666666666666,0.3333333333333333,0.6666666666666666,1,0,1
2287.55,netbanking,DEV_02619,GB,success,301,38,31,0,3,4,746.39,home,2287.55,0,2,0,3.0648186604858054,0.8157894736842105,0.0,0.07894736842105263,0,0,0
1735.67,wallet,DEV_01525,AE,success,1851,6,3,1,1,3,4076.06,beauty,1735.67,0,0,0,0.4258205227597239,0.5,0.16666666666666666,0.16666666666666666,1,0,0
8655.09,upi,DEV_02756,AE,failed,541,10,5,0,2,2,2993.95,fashion,8655.09,0,0,0,2.890859900799947,0.5,0.0,0.2,0,0,0
2501.33,netbanking,DEV_01769,IN,success,1379,29,24,1,2,2,7205.46,software,2501.33,0,3,0,0.3471436938099719,0.8275862068965517,0.034482758620689655,0.06896551724137931,1,0,0
5596.19,upi,DEV_01364,GB,failed,930,5,3,1,0,4,5899.59,home,5596.19,0,0,0,0.9485726974247362,0.6,0.2,0.0,1,0,0
1541.9,wallet,DEV_02209,US,success,1387,16,15,0,2,2,3834.04,electronics,1541.9,0,6,1,0.40216064516802125,0.9375,0.0,0.125,0,0,0
16395.6,upi,DEV_02453,GB,success,1117,33,27,1,1,2,4319.02,electronics,16395.6,0,1,0,3.796138938925959,0.8181818181818182,0.030303030303030304,0.030303030303030304,1,0,0
5467.73,upi,DEV_00844,AE,failed,784,38,35,1,1,2,4150.74,electronics,5467.73,0,2,0,1.317290410866496,0.9210526315789473,0.02631578947368421,0.02631578947368421,1,0,0
863.81,card,DEV_02054,SG,success,1300,50,47,0,1,2,2489.07,software,863.81,0,6,1,0.3470412644079917,0.94,0.0,0.02,0,0,0
10392.58,card,DEV_01044,SG,success,1051,48,41,1,0,2,3597.58,travel,10392.58,0,5,1,2.888769672946814,0.8541666666666666,0.020833333333333332,0.0,1,0,0
9339.29,upi,DEV_02802,GB,success,350,35,28,0,1,2,2338.59,electronics,9339.29,0,2,0,3.9935559461042764,0.8,0.0,0.02857142857142857,0,0,0
2771.28,netbanking,DEV_02998,GB,failed,1853,2,2,2,0,3,2809.33,electronics,2771.28,0,3,0,0.9864558453439077,1.0,1.0,0.0,1,0,0
2270.42,wallet,DEV_00898,SG,failed,1161,27,18,0,2,2,5661.42,beauty,2270.42,0,1,0,0.40103366293262116,0.6666666666666666,0.0,0.07407407407407407,0,0,0
5360.93,card,DEV_00925,AE,success,749,15,9,0,1,3,4689.59,fashion,5360.93,0,0,0,1.143155371791564,0.6,0.0,0.06666666666666667,0,0,0
5143.64,card,DEV_02067,IN,success,272,2,1,0,4,1,7688.01,home,5143.64,0,3,0,0.6690469965569764,0.5,0.0,2.0,0,0,0
1596.85,card,DEV_02847,GB,failed,646,8,0,0,3,2,5054.35,travel,1596.85,0,1,0,0.3159357780921384,0.0,0.0,0.375,0,0,0
4599.24,netbanking,DEV_00858,SG,success,167,6,6,0,0,1,2060.2,home,4599.24,0,5,1,2.232424036501311,1.0,0.0,0.0,0,0,0
819.67,upi,DEV_00097,IN,success,1864,26,21,0,0,2,10109.67,beauty,819.67,0,3,0,0.08107781955296266,0.8076923076923077,0.0,0.0,0,0,0
1373.99,card,DEV_00849,US,success,495,48,39,0,4,4,4229.11,software,1373.99,0,4,0,0.3248886881637035,0.8125,0.0,0.08333333333333333,0,0,0
10713.09,card,DEV_01039,AE,failed,592,41,31,0,1,1,1773.02,beauty,10713.09,0,5,1,6.042283786984918,0.7560975609756098,0.0,0.024390243902439025,0,0,0
2666.57,netbanking,DEV_02710,AE,success,1622,13,4,1,2,4,7137.87,electronics,2666.57,0,5,1,0.3735806339986579,0.3076923076923077,0.07692307692307693,0.15384615384615385,1,0,0
2556.56,netbanking,DEV_01589,GB,success,994,32,32,1,0,3,6937.01,electronics,2556.56,0,0,0,0.3685391833080823,1.0,0.03125,0.0,1,0,0
2870.86,wallet,DEV_02537,SG,success,219,25,16,0,0,3,4998.67,travel,2870.86,0,6,1,0.5743247703889235,0.64,0.0,0.0,0,0,0
3670.12,wallet,DEV_00130,AE,success,1531,43,43,1,1,1,3769.38,grocery,3670.12,0,0,0,0.9736667568671771,1.0,0.023255813953488372,0.023255813953488372,1,0,0
1835.11,card,DEV_01048,AE,failed,297,13,9,0,3,3,696.13,beauty,1835.11,0,6,1,2.6361599126599917,0.6923076923076923,0.0,0.23076923076923078,0,0,0
6998.75,card,DEV_01732,SG,success,1334,17,9,1,3,4,6115.65,fashion,6998.75,0,0,0,1.1444000228920883,0.5294117647058824,0.058823529411764705,0.17647058823529413,1,0,0
912.1,wallet,DEV_00112,AE,failed,1142,35,31,0,1,1,3474.0,travel,912.1,0,5,1,0.2625503742084053,0.8857142857142857,0.0,0.02857142857142857,0,0,0
2772.39,card,DEV_01946,GB,success,585,29,24,0,0,4,1044.34,home,2772.39,0,2,0,2.6546814255893674,0.8275862068965517,0.0,0.0,0,0,0
7917.57,card,DEV_01006,IN,failed,850,4,4,1,2,2,3147.08,electronics,7917.57,0,0,0,2.515846435425855,1.0,0.25,0.5,1,0,0
5361.5,netbanking,DEV_00989,SG,success,1310,21,17,1,1,4,5935.74,travel,5361.5,0,4,0,0.9032572181396086,0.8095238095238095,0.047619047619047616,0.047619047619047616,1,0,0
3686.79,netbanking,DEV_01269,SG,failed,1665,12,3,1,0,1,3044.88,travel,3686.79,0,5,1,1.2108161898005831,0.25,0.08333333333333333,0.0,1,0,0
4033.6,upi,DEV_02514,AE,success,1851,26,23,1,2,4,12999.48,home,4033.6,0,6,1,0.3102893346503091,0.8846153846153846,0.038461538461538464,0.07692307692307693,1,0,0
4983.32,upi,DEV_02431,IN,failed,578,10,6,2,0,2,2089.98,electronics,4983.32,0,6,1,2.384386453458885,0.6,0.2,0.0,1,0,0
4717.54,card,DEV_02057,US,success,726,18,10,0,0,2,2538.64,beauty,4717.54,0,2,0,1.8582942047710587,0.5555555555555556,0.0,0.0,0,0,0
5093.92,wallet,DEV_02195,IN,success,1007,42,35,0,3,3,7123.46,beauty,5093.92,0,4,0,0.7150907003057503,0.8333333333333334,0.0,0.07142857142857142,0,0,0
4389.22,wallet,DEV_00713,AE,success,317,12,7,0,2,4,1948.57,grocery,4389.22,0,1,0,2.2525339094823384,0.5833333333333334,0.0,0.16666666666666666,0,0,0
3600.0,card,DEV_01190,SG,failed,718,2,1,0,1,3,5195.56,travel,3600.0,0,3,0,0.6928993217285528,0.5,0.0,0.5,0,0,0
1690.93,card,DEV_02814,US,success,1799,41,36,1,4,2,2648.7,grocery,1690.93,0,0,0,0.638399969796504,0.8780487804878049,0.024390243902439025,0.0975609756097561,1,0,0
8133.87,upi,DEV_01975,AE,success,469,40,34,0,1,4,2812.63,home,8133.87,0,3,0,2.8919089962063973,0.85,0.0,0.025,0,0,0
3240.74,wallet,DEV_02679,US,failed,363,37,30,0,2,2,1156.6,fashion,3240.74,0,4,0,2.8019540031125714,0.8108108108108109,0.0,0.05405405405405406,0,0,0
1760.63,card,DEV_01239,US,success,1993,3,2,0,0,4,2091.89,beauty,1760.63,0,4,0,0.8416455932195288,0.6666666666666666,0.0,0.0,0,0,0
7892.21,wallet,DEV_00937,AE,success,276,49,46,0,1,2,1163.43,electronics,7892.21,0,6,1,6.78357099266823,0.9387755102040817,0.0,0.02040816326530612,0,0,0
5779.24,card,DEV_00674,US,success,641,30,30,0,1,4,905.47,grocery,5779.24,0,1,0,6.382585839398323,1.0,0.0,0.03333333333333333,0,0,0
4770.24,wallet,DEV_02033,GB,failed,1507,4,4,0,1,4,2414.96,home,4770.24,0,3,0,1.9752873753602542,1.0,0.0,0.25,0,0,1
3271.9,card,DEV_02902,SG,success,1142,35,31,0,1,1,3474.0,grocery,3271.9,0,5,1,0.941824985607369,0.8857142857142857,0.0,0.02857142857142857,0,0,0
2588.96,card,DEV_01715,AE,success,1400,20,12,0,2,4,3176.56,travel,2588.96,0,4,0,0.8150200216586496,0.6,0.0,0.1,0,0,0
794.54,wallet,DEV_02283,AE,success,171,33,33,0,4,3,4603.03,home,794.54,0,6,1,0.1726123879270828,1.0,0.0,0.12121212121212122,0,0,0
4468.56,card,DEV_01077,GB,failed,565,35,31,0,2,3,6054.5,software,4468.56,0,5,1,0.738055991411347,0.8857142857142857,0.0,0.05714285714285714,0,0,0
12253.24,upi,DEV_00564,IN,success,1212,44,39,0,1,3,1230.03,beauty,12253.24,0,2,0,9.961740770550312,0.8863636363636364,0.0,0.022727272727272728,0,0,0
2851.03,card,DEV_02337,US,success,916,43,36,0,1,4,3431.35,electronics,2851.03,0,5,1,0.8308770600492519,0.8372093023255814,0.0,0.023255813953488372,0,0,0
32425.51,wallet,DEV_02703,SG,success,1931,6,3,0,2,1,2695.77,home,32425.51,0,0,0,12.02829247302255,0.5,0.0,0.3333333333333333,0,0,0
759.91,wallet,DEV_00274,US,failed,693,45,45,0,2,2,5405.27,beauty,759.91,0,5,1,0.1405868717011361,1.0,0.0,0.044444444444444446,0,0,0
5470.0,card,DEV_02293,IN,success,1829,47,47,0,0,3,7552.54,home,5470.0,0,6,1,0.7242596530438766,1.0,0.0,0.0,0,0,1
3165.69,upi,DEV_01231,US,failed,268,9,0,0,1,1,6753.07,home,3165.69,0,5,1,0.4687779039755252,0.0,0.0,0.1111111111111111,0,0,0
1346.26,card,DEV_01524,IN,success,1241,31,28,1,2,3,838.49,grocery,1346.26,0,0,0,1.60557669143341,0.9032258064516129,0.03225806451612903,0.06451612903225806,1,0,0
1650.68,card,DEV_02149,GB,success,248,6,0,1,0,3,3046.51,grocery,1650.68,0,5,1,0.5418265490676216,0.0,0.16666666666666666,0.0,1,0,1
2556.31,netbanking,DEV_00562,GB,failed,1800,50,50,0,0,1,7715.67,home,2556.31,0,2,0,0.3313140660499995,1.0,0.0,0.0,0,0,0
11239.67,upi,DEV_00773,AE,failed,897,27,24,0,2,1,1886.86,electronics,11239.67,0,6,1,5.956811846135909,0.8888888888888888,0.0,0.07407407407407407,0,0,0
5172.65,upi,DEV_00406,US,success,276,49,46,0,1,2,1163.43,fashion,5172.65,0,4,0,4.446034570193307,0.9387755102040817,0.0,0.02040816326530612,0,0,0
1684.23,upi,DEV_02733,US,success,390,20,16,0,2,1,1959.12,travel,1684.23,0,5,1,0.8596870023275757,0.8,0.0,0.1,0,0,1
9383.25,card,DEV_01957,SG,success,1148,14,10,2,0,1,2796.21,fashion,9383.25,0,0,0,3.3557028978510197,0.7142857142857143,0.14285714285714285,0.0,1,0,0
1327.96,upi,DEV_02568,AE,success,806,1,1,1,0,3,5804.61,travel,1327.96,0,0,0,0.2287767825917676,1.0,1.0,0.0,1,0,0
2922.97,upi,DEV_01076,AE,failed,1988,28,27,1,0,3,4755.57,grocery,2922.97,0,4,0,0.6146413573977462,0.9642857142857143,0.03571428571428571,0.0,1,0,0
2723.84,card,DEV_01313,AE,success,1471,34,34,0,2,3,4599.87,home,2723.84,0,3,0,0.5921558652744534,1.0,0.0,0.058823529411764705,0,0,1
8516.82,netbanking,DEV_01601,AE,success,414,21,11,1,1,2,10632.01,travel,8516.82,0,4,0,0.8010545513030931,0.5238095238095238,0.047619047619047616,0.047619047619047616,1,0,0
1949.06,upi,DEV_01964,SG,failed,1029,15,9,0,0,4,4186.92,travel,1949.06,0,2,0,0.46551164101535253,0.6,0.0,0.0,0,0,0
3645.18,upi,DEV_00989,SG,success,1330,43,38,0,0,1,17293.56,travel,3645.18,0,3,0,0.2107825109462713,0.8837209302325582,0.0,0.0,0,0,0
820.19,wallet,DEV_00308,AE,success,1553,31,28,0,2,3,1491.11,fashion,820.19,0,2,0,0.5500533159860775,0.9032258064516129,0.0,0.06451612903225806,0,0,1
5708.3,wallet,DEV_00272,SG,success,1696,42,34,0,1,4,1446.63,travel,5708.3,0,3,0,3.9459295051257057,0.8095238095238095,0.0,0.023809523809523808,0,0,0
840.87,card,DEV_01514,GB,success,1590,16,16,0,2,1,2512.78,beauty,840.87,0,5,1,0.3346373339488534,1.0,0.0,0.125,0,0,0
14411.27,wallet,DEV_02664,GB,success,949,35,27,1,1,2,1400.14,home,14411.27,0,3,0,10.292735012213065,0.7714285714285715,0.02857142857142857,0.02857142857142857,1,0,1
2625.33,netbanking,DEV_01925,SG,failed,1649,19,18,2,3,2,2744.87,electronics,2625.33,0,1,0,0.9564496679259856,0.9473684210526315,0.10526315789473684,0.15789473684210525,1,0,0
1700.19,upi,DEV_01923,GB,failed,219,25,16,0,0,3,4998.67,electronics,1700.19,0,5,1,0.34012847417413034,0.64,0.0,0.0,0,0,1
3133.45,netbanking,DEV_02183,SG,success,726,8,8,1,2,3,11873.66,fashion,3133.45,0,6,1,0.2638992526314548,1.0,0.125,0.25,1,0,1
3341.21,netbanking,DEV_02577,GB,success,860,25,21,0,0,4,4569.46,grocery,3341.21,0,2,0,0.7312045624647113,0.84,0.0,0.0,0,0,0
8505.57,upi,DEV_01283,GB,success,741,18,11,0,0,2,2574.67,software,8505.57,0,1,0,3.3035573490971655,0.6111111111111112,0.0,0.0,0,0,0
2489.61,netbanking,DEV_01255,US,success,1321,35,25,0,3,4,950.5,electronics,2489.61,0,4,0,2.6192635455023674,0.7142857142857143,0.0,0.08571428571428572,0,0,1
3784.53,wallet,DEV_01141,GB,failed,438,30,25,0,1,3,5409.88,travel,3784.53,0,2,0,0.6995589550969707,0.8333333333333334,0.0,0.03333333333333333,0,0,0
7060.51,upi,DEV_02512,US,success,957,9,2,0,2,4,1617.03,electronics,7060.51,0,5,1,4.366344471036406,0.2222222222222222,0.0,0.2222222222222222,0,0,0
2575.15,upi,DEV_02815,GB,success,1765,7,5,0,1,3,2951.85,electronics,2575.15,0,3,0,0.8723851144197707,0.7142857142857143,0.0,0.14285714285714285,0,0,0
1421.02,upi,DEV_01896,SG,success,544,15,6,0,1,2,2946.89,home,1421.02,0,3,0,0.4822100587398919,0.4,0.0,0.06666666666666667,0,0,0
3027.33,card,DEV_02968,GB,success,1248,8,4,0,0,3,2555.46,fashion,3027.33,0,5,1,1.1846516869761217,0.5,0.0,0.0,0,0,0
1643.63,upi,DEV_02450,GB,failed,1511,47,38,1,1,3,8095.91,travel,1643.63,0,0,0,0.20301979641572104,0.8085106382978723,0.02127659574468085,0.02127659574468085,1,0,1
1374.45,netbanking,DEV_01007,AE,success,340,45,40,0,2,4,3764.09,travel,1374.45,0,0,0,0.3651480171834361,0.8888888888888888,0.0,0.044444444444444446,0,0,0
1685.1,wallet,DEV_02202,GB,success,1033,26,18,1,3,1,8736.89,grocery,1685.1,0,5,1,0.1928718342568122,0.6923076923076923,0.038461538461538464,0.11538461538461539,1,0,0
2895.9,card,DEV_01035,IN,failed,973,23,15,0,1,3,2166.17,electronics,2895.9,0,1,0,1.3368756838105966,0.6521739130434783,0.0,0.043478260869565216,0,0,0
2716.42,card,DEV_00273,US,success,784,30,28,0,1,4,4084.4,software,2716.42,0,0,0,0.6650719811967486,0.9333333333333333,0.0,0.03333333333333333,0,0,0
9456.13,wallet,DEV_01863,SG,success,1209,25,20,2,2,2,1447.56,fashion,9456.13,0,5,1,6.532461521456796,0.8,0.08,0.08,1,0,0
3392.85,wallet,DEV_00816,GB,failed,1106,27,23,1,2,1,3311.92,software,3392.85,0,2,0,1.0244359767144133,0.8518518518518519,0.037037037037037035,0.07407407407407407,1,0,0
2321.79,wallet,DEV_02439,IN,failed,1737,22,22,0,4,4,5108.68,beauty,2321.79,0,5,1,0.4544794350008221,1.0,0.0,0.18181818181818182,0,0,1
2273.27,wallet,DEV_01283,IN,success,324,47,44,0,1,4,1313.37,fashion,2273.27,0,3,0,1.7308679199311696,0.9361702127659575,0.0,0.02127659574468085,0,0,0
4994.96,card,DEV_01481,IN,success,1417,48,40,1,2,3,4464.67,software,4994.96,0,6,1,1.1187747358707363,0.8333333333333334,0.020833333333333332,0.041666666666666664,1,0,0
5775.94,netbanking,DEV_00441,SG,success,627,17,12,1,1,4,5794.51,beauty,5775.94,0,0,0,0.9967952423932307,0.7058823529411765,0.058823529411764705,0.058823529411764705,1,0,0
2639.53,upi,DEV_00393,AE,success,1486,16,11,0,3,4,3146.0,beauty,2639.53,0,6,1,0.8390114431023522,0.6875,0.0,0.1875,0,0,0
3446.06,card,DEV_00041,IN,success,641,44,35,0,1,4,2535.77,fashion,3446.06,0,5,1,1.3589797181921073,0.7954545454545454,0.0,0.022727272727272728,0,0,0
5513.93,netbanking,DEV_01761,US,success,120,1,1,0,0,2,8768.84,beauty,5513.93,0,6,1,0.6288095118624585,1.0,0.0,0.0,0,0,0
13131.09,netbanking,DEV_02264,GB,success,1684,36,27,0,1,1,1199.75,travel,13131.09,0,1,0,10.944855178162117,0.75,0.0,0.027777777777777776,0,0,1
9546.56,upi,DEV_00095,SG,success,541,10,5,0,2,2,2993.95,electronics,9546.56,0,5,1,3.1886170443728186,0.5,0.0,0.2,0,0,0
5486.32,upi,DEV_00704,AE,success,1222,38,32,0,3,1,448.96,grocery,5486.32,0,6,1,12.220064148253742,0.8421052631578947,0.0,0.07894736842105263,0,0,0
783.24,upi,DEV_00374,SG,success,1024,2,1,0,0,3,1735.64,travel,783.24,0,3,0,0.45126869627342076,0.5,0.0,0.0,0,0,0
3477.15,wallet,DEV_00511,IN,failed,124,7,7,0,3,1,1665.09,home,3477.15,0,3,0,2.0882654991622074,1.0,0.0,0.42857142857142855,0,0,0
2835.89,upi,DEV_00992,AE,success,1677,13,9,0,1,3,5944.72,home,2835.89,0,5,1,0.47704349405859314,0.6923076923076923,0.0,0.07692307692307693,0,0,1
2407.6,upi,DEV_00903,GB,success,1904,40,33,0,2,1,2949.18,software,2407.6,0,2,0,0.816362514326016,0.825,0.0,0.05,0,0,0
18106.58,upi,DEV_02750,GB,failed,1756,45,43,0,3,3,697.75,home,18106.58,0,2,0,25.94995342171265,0.9555555555555556,0.0,0.06666666666666667,0,0,0
2280.08,wallet,DEV_00875,US,success,804,20,14,1,0,2,2344.87,fashion,2280.08,0,0,0,0.9723694703757565,0.7,0.05,0.0,1,0,0
70217.43,wallet,DEV_02919,AE,success,1384,15,9,0,0,1,3758.91,travel,70217.43,0,4,0,18.680263693464326,0.6,0.0,0.0,0,0,0
3887.02,wallet,DEV_02520,AE,success,1817,17,7,1,1,4,1626.97,grocery,3887.02,0,1,0,2.3891159640312973,0.4117647058823529,0.058823529411764705,0.058823529411764705,1,0,1
5050.58,upi,DEV_02758,AE,success,905,26,16,0,3,4,2169.55,grocery,5050.58,0,2,0,2.327938973519854,0.6153846153846154,0.0,0.11538461538461539,0,0,1
11007.35,netbanking,DEV_00085,AE,failed,1904,40,33,0,2,1,2949.18,beauty,11007.35,0,6,1,3.732342549454425,0.825,0.0,0.05,0,0,0
1230.49,wallet,DEV_02485,US,success,356,45,36,2,2,4,2056.27,beauty,1230.49,0,0,0,0.5984087692764083,0.8,0.044444444444444446,0.044444444444444446,1,0,0
1980.62,card,DEV_02462,AE,failed,1953,2,0,1,1,3,5638.62,grocery,1980.62,0,4,0,0.3512597053889072,0.0,0.5,0.5,1,0,0
3502.92,upi,DEV_00893,GB,failed,268,9,0,0,1,1,6753.07,electronics,3502.92,0,2,0,0.5187151917572305,0.0,0.0,0.1111111111111111,0,0,0
4696.78,netbanking,DEV_01019,GB,failed,515,20,12,1,1,2,2113.09,grocery,4696.78,0,6,1,2.222707030935738,0.6,0.05,0.05,1,0,1
1424.56,wallet,DEV_00100,SG,success,1291,35,32,1,1,4,3979.05,beauty,1424.56,0,2,0,0.3580151041077644,0.9142857142857143,0.02857142857142857,0.02857142857142857,1,0,1
4413.13,wallet,DEV_02921,IN,success,301,38,31,0,3,4,746.39,software,4413.13,0,4,0,5.91263280590576,0.8157894736842105,0.0,0.07894736842105263,0,0,1
3121.67,netbanking,DEV_01561,IN,failed,1223,37,37,0,1,4,4567.26,electronics,3121.67,0,2,0,0.6834885686385272,1.0,0.0,0.02702702702702703,0,0,1
2769.67,wallet,DEV_01738,IN,success,253,37,37,0,3,1,6733.44,fashion,2769.67,0,2,0,0.41133061258435516,1.0,0.0,0.08108108108108109,0,0,0
3281.27,netbanking,DEV_00937,GB,success,469,33,29,1,1,3,3082.44,fashion,3281.27,0,5,1,1.0645040941591726,0.8787878787878788,0.030303030303030304,0.030303030303030304,1,0,0
15093.58,wallet,DEV_00648,US,success,1090,1,0,0,3,1,3626.94,grocery,15093.58,0,3,0,4.1615190766872345,0.0,0.0,3.0,0,0,0
1288.44,card,DEV_01563,GB,success,1761,30,29,0,2,2,1737.99,beauty,1288.44,0,1,0,0.7413391331365543,0.9666666666666667,0.0,0.06666666666666667,0,0,0
2261.24,card,DEV_02897,US,success,1802,11,6,0,0,3,7869.35,fashion,2261.24,0,5,1,0.28734774790802287,0.5454545454545454,0.0,0.0,0,0,0
1112.21,netbanking,DEV_00325,SG,failed,1157,42,38,2,3,4,3686.4,travel,1112.21,0,5,1,0.3017062717013889,0.9047619047619048,0.047619047619047616,0.07142857142857142,1,0,0
1749.03,upi,DEV_01201,US,failed,1851,6,3,1,1,3,4076.06,home,1749.03,0,5,1,0.4290981977694146,0.5,0.16666666666666666,0.16666666666666666,1,0,1
1101.05,netbanking,DEV_00762,US,success,782,34,28,1,2,1,9413.23,grocery,1101.05,0,2,0,0.1169683519896996,0.8235294117647058,0.029411764705882353,0.058823529411764705,1,0,0
10199.51,upi,DEV_02133,IN,success,359,25,25,0,4,1,877.85,grocery,10199.51,0,6,1,11.618738964515577,1.0,0.0,0.16,0,0,0
7827.59,card,DEV_02346,US,failed,1881,13,8,1,3,4,2325.08,beauty,7827.59,0,6,1,3.3665895367041134,0.6153846153846154,0.07692307692307693,0.23076923076923078,1,0,0
1835.86,wallet,DEV_00688,US,success,1682,28,22,0,0,1,2148.5,grocery,1835.86,0,0,0,0.8544845240865719,0.7857142857142857,0.0,0.0,0,0,0
6798.35,card,DEV_00276,IN,success,1389,38,33,0,1,4,2312.83,grocery,6798.35,0,1,0,2.939407565623068,0.868421052631579,0.0,0.02631578947368421,0,0,0
1440.91,card,DEV_01895,SG,success,478,41,34,1,1,3,13480.78,fashion,1440.91,0,1,0,0.10688624842182723,0.8292682926829268,0.024390243902439025,0.024390243902439025,1,0,0
6895.82,upi,DEV_00626,SG,success,1163,1,0,1,1,3,1722.83,beauty,6895.82,0,1,0,4.002611981449127,0.0,1.0,1.0,1,0,0
1446.8,card,DEV_01334,US,success,396,24,22,0,1,4,4845.21,software,1446.8,0,3,0,0.29860418846654735,0.9166666666666666,0.0,0.041666666666666664,0,0,0
4693.25,card,DEV_02052,SG,failed,1928,29,28,0,1,4,2999.35,home,4693.25,0,3,0,1.5647556970676981,0.9655172413793104,0.0,0.034482758620689655,0,0,0
6453.98,upi,DEV_00685,IN,success,434,47,46,2,2,4,951.07,travel,6453.98,0,4,0,6.7860199564700805,0.9787234042553191,0.0425531914893617,0.0425531914893617,1,0,1
2111.55,upi,DEV_00991,SG,success,1148,23,23,0,1,3,23490.85,home,2111.55,0,6,1,0.08988819050821917,1.0,0.0,0.043478260869565216,0,0,0
688.07,netbanking,DEV_01895,US,success,708,24,18,2,0,2,1567.78,fashion,688.07,0,0,0,0.4388817308550945,0.75,0.08333333333333333,0.0,1,0,0
843.58,card,DEV_02923,US,success,1293,49,46,0,0,1,2111.97,beauty,843.58,0,2,0,0.3994280221783454,0.9387755102040817,0.0,0.0,0,0,0
1124.57,card,DEV_01546,US,success,373,30,26,0,0,4,1019.55,travel,1124.57,0,3,0,1.103006228237948,0.8666666666666667,0.0,0.0,0,0,1
2202.36,wallet,DEV_02167,AE,failed,1443,34,26,0,1,4,2955.41,home,2202.36,0,1,0,0.7451960980033228,0.7647058823529411,0.0,0.029411764705882353,0,0,1
4221.67,wallet,DEV_02151,AE,success,188,19,10,2,1,1,4196.83,travel,4221.67,0,0,0,1.0059187529635463,0.5263157894736842,0.10526315789473684,0.05263157894736842,1,0,0
1894.81,wallet,DEV_01030,SG,success,1820,24,22,0,2,1,3656.65,beauty,1894.81,0,2,0,0.5181819424883432,0.9166666666666666,0.0,0.08333333333333333,0,0,0
6589.58,wallet,DEV_00518,IN,success,1094,47,47,0,2,4,2451.49,home,6589.58,0,6,1,2.687989753170521,1.0,0.0,0.0425531914893617,0,0,0
3934.87,netbanking,DEV_01223,IN,failed,261,16,16,0,2,4,11017.31,software,3934.87,0,3,0,0.35715342492858965,1.0,0.0,0.125,0,0,0
6547.74,wallet,DEV_01540,GB,success,124,7,7,0,3,1,1665.09,fashion,6547.74,0,0,0,3.932364016359476,1.0,0.0,0.42857142857142855,0,0,0
17043.04,netbanking,DEV_01996,US,success,820,6,2,0,4,2,7801.78,software,17043.04,0,6,1,2.1845066125935366,0.3333333333333333,0.0,0.6666666666666666,0,0,0
3865.27,upi,DEV_01784,US,success,1119,25,18,1,1,2,2156.04,fashion,3865.27,0,6,1,1.7927635850911856,0.72,0.04,0.04,1,0,0
1387.0,netbanking,DEV_01624,US,success,1051,1,0,0,3,4,2020.68,fashion,1387.0,0,4,0,0.6864025971455153,0.0,0.0,3.0,0,0,0
8566.61,upi,DEV_01799,GB,failed,1547,32,30,0,0,3,6665.97,beauty,8566.61,0,1,0,1.285125795645645,0.9375,0.0,0.0,0,0,0
2582.98,wallet,DEV_02920,AE,success,404,49,47,1,1,3,4625.44,fashion,2582.98,0,0,0,0.5584290359403646,0.9591836734693877,0.02040816326530612,0.02040816326530612,1,0,0
765.76,wallet,DEV_00535,AE,success,382,18,14,1,0,2,2165.77,fashion,765.76,0,2,0,0.3535740175549574,0.7777777777777778,0.05555555555555555,0.0,1,0,0
2583.14,upi,DEV_02622,IN,success,994,32,32,1,0,3,6937.01,home,2583.14,0,1,0,0.3723708052893105,1.0,0.03125,0.0,1,0,0
4749.52,card,DEV_01436,AE,failed,1989,12,10,2,1,1,1333.82,beauty,4749.52,0,3,0,3.5608402932929484,0.8333333333333334,0.16666666666666666,0.08333333333333333,1,0,1
1496.41,card,DEV_02451,GB,failed,1799,40,36,0,2,2,3535.27,fashion,1496.41,0,2,0,0.423280258650683,0.9,0.0,0.05,0,0,0
1549.78,card,DEV_01964,IN,success,1791,28,20,0,1,4,3218.23,home,1549.78,0,2,0,0.4815628466579455,0.7142857142857143,0.0,0.03571428571428571,0,0,0
4482.99,upi,DEV_01272,SG,success,939,25,16,0,2,3,2527.18,electronics,4482.99,0,3,0,1.7739100499370841,0.64,0.0,0.08,0,0,0
1414.65,card,DEV_00598,SG,success,977,16,7,0,1,4,737.69,software,1414.65,0,2,0,1.9176754463256924,0.4375,0.0,0.0625,0,0,0
3629.21,card,DEV_02087,US,success,1404,42,35,0,1,1,2526.85,travel,3629.21,0,3,0,1.436258582820508,0.8333333333333334,0.0,0.023809523809523808,0,0,0
6563.78,card,DEV_01837,AE,failed,1371,1,0,0,2,1,3459.83,fashion,6563.78,0,4,0,1.8971394548287055,0.0,0.0,2.0,0,0,0
3396.46,netbanking,DEV_02547,GB,success,181,37,37,0,0,1,2063.04,grocery,3396.46,0,5,1,1.6463374437722973,1.0,0.0,0.0,0,0,0
6093.08,card,DEV_02118,SG,failed,1559,44,36,0,1,1,2044.68,grocery,6093.08,0,6,1,2.9799675254807596,0.8181818181818182,0.0,0.022727272727272728,0,0,0
7535.38,wallet,DEV_01776,SG,success,542,6,2,0,4,2,1058.27,fashion,7535.38,0,5,1,7.120470201366381,0.3333333333333333,0.0,0.6666666666666666,0,0,0
1648.7,upi,DEV_01548,GB,failed,397,15,13,0,1,1,6824.86,travel,1648.7,0,4,0,0.2415727209056303,0.8666666666666667,0.0,0.06666666666666667,0,0,0
1450.14,netbanking,DEV_00590,US,success,80,12,7,0,1,4,3103.33,grocery,1450.14,0,2,0,0.4672851420893041,0.5833333333333334,0.0,0.08333333333333333,0,0,0
5863.09,card,DEV_02527,AE,failed,207,26,26,0,1,1,5407.02,electronics,5863.09,0,3,0,1.084347755325484,1.0,0.0,0.038461538461538464,0,0,0
8308.3,upi,DEV_00172,IN,success,1153,29,21,1,3,2,8520.18,home,8308.3,0,3,0,0.9751319807797487,0.7241379310344828,0.034482758620689655,0.10344827586206896,1,0,0
2943.35,upi,DEV_00797,AE,success,990,30,28,0,0,4,5318.04,software,2943.35,0,1,0,0.5534651864220652,0.9333333333333333,0.0,0.0,0,0,0
5629.04,wallet,DEV_00622,AE,success,552,43,33,0,0,4,1928.94,home,5629.04,0,3,0,2.9182037803145766,0.7674418604651163,0.0,0.0,0,0,0
4899.89,upi,DEV_00003,IN,success,380,43,42,0,1,3,497.27,grocery,4899.89,0,2,0,9.853580549801919,0.9767441860465116,0.0,0.023255813953488372,0,0,0
10758.16,netbanking,DEV_02979,AE,success,982,34,25,0,1,1,5788.91,home,10758.16,0,1,0,1.8584085777806185,0.7352941176470589,0.0,0.029411764705882353,0,0,0
5613.31,upi,DEV_01919,US,failed,352,32,23,0,1,3,3654.97,fashion,5613.31,0,0,0,1.5358019354468027,0.71875,0.0,0.03125,0,0,0
9253.72,card,DEV_00328,AE,success,1407,20,10,0,1,4,10656.91,electronics,9253.72,0,0,0,0.8683305010551838,0.5,0.0,0.05,0,0,0
865.66,netbanking,DEV_01921,GB,success,1123,16,10,0,1,4,843.33,home,865.66,0,3,0,1.0264783655271363,0.625,0.0,0.0625,0,0,0
7988.64,netbanking,DEV_02158,US,success,1046,2,1,1,1,4,1987.46,software,7988.64,0,5,1,4.019522405482374,0.5,0.5,0.5,1,0,0
2810.82,upi,DEV_00927,IN,failed,260,16,13,0,0,1,3464.69,software,2810.82,0,2,0,0.8112760448986779,0.8125,0.0,0.0,0,0,0
2225.47,netbanking,DEV_01345,SG,failed,123,4,4,1,1,3,1050.92,home,2225.47,0,2,0,2.1176397822859965,1.0,0.25,0.25,1,0,0
2222.08,wallet,DEV_00211,SG,success,1721,45,44,0,0,1,4322.02,electronics,2222.08,0,2,0,0.5141299670061683,0.9777777777777777,0.0,0.0,0,0,0
2360.94,card,DEV_00607,SG,success,599,49,45,0,2,3,652.68,software,2360.94,0,4,0,3.617300974443832,0.9183673469387755,0.0,0.04081632653061224,0,0,0
1539.02,upi,DEV_01902,US,success,642,11,10,1,2,2,9342.23,fashion,1539.02,0,0,0,0.16473796941415486,0.9090909090909091,0.09090909090909091,0.18181818181818182,1,0,0
3600.54,wallet,DEV_01638,AE,success,1550,42,40,0,4,4,4235.17,beauty,3600.54,0,1,0,0.8501524141888047,0.9523809523809523,0.0,0.09523809523809523,0,0,0
1451.79,netbanking,DEV_00333,US,failed,1586,4,1,1,1,3,3561.45,travel,1451.79,0,2,0,0.40764014656951525,0.25,0.25,0.25,1,0,0
7253.31,card,DEV_01286,IN,failed,170,39,30,0,0,2,4581.07,software,7253.31,0,2,0,1.583322236944644,0.7692307692307693,0.0,0.0,0,0,0
3411.88,wallet,DEV_00631,AE,success,566,50,44,0,2,4,2009.04,travel,3411.88,0,5,1,1.6982638474097083,0.88,0.0,0.04,0,0,0
5614.36,netbanking,DEV_01518,IN,success,1065,5,2,1,0,3,10384.13,software,5614.36,0,4,0,0.5406673452662861,0.4,0.2,0.0,1,0,0
9135.53,wallet,DEV_02015,AE,success,641,30,30,0,1,4,905.47,beauty,9135.53,0,6,1,10.089268556661182,1.0,0.0,0.03333333333333333,0,0,0
10495.62,wallet,DEV_01762,US,success,900,8,8,0,3,2,3449.1,grocery,10495.62,0,6,1,3.0430025223971473,1.0,0.0,0.375,0,0,0
1471.54,upi,DEV_01377,US,success,1145,42,37,0,0,1,4930.85,electronics,1471.54,0,2,0,0.2984353610432278,0.8809523809523809,0.0,0.0,0,0,0
3899.76,wallet,DEV_00340,IN,success,1103,10,3,0,2,2,1029.12,fashion,3899.76,0,3,0,3.7894123134328366,0.3,0.0,0.2,0,0,0
3910.87,card,DEV_00615,SG,failed,1019,32,23,0,1,4,2390.74,beauty,3910.87,0,0,0,1.635840785698152,0.71875,0.0,0.03125,0,0,0
2651.69,card,DEV_02857,US,success,762,29,28,0,1,3,4600.03,travel,2651.69,0,2,0,0.576450588365728,0.9655172413793104,0.0,0.034482758620689655,0,0,0
6816.33,wallet,DEV_00728,IN,success,1619,47,40,1,0,3,3192.24,fashion,6816.33,0,2,0,2.1352811818660253,0.851063829787234,0.02127659574468085,0.0,1,0,0
11669.18,netbanking,DEV_02781,GB,success,538,36,35,0,1,3,3762.45,fashion,11669.18,0,5,1,3.1014844051083736,0.9722222222222222,0.0,0.027777777777777776,0,0,0
3611.77,card,DEV_00677,GB,success,1753,8,7,0,2,1,3799.19,beauty,3611.77,0,3,0,0.9506684319552325,0.875,0.0,0.25,0,0,0
2334.64,card,DEV_02388,IN,success,1138,4,0,0,2,4,882.41,software,2334.64,0,6,1,2.645754241225734,0.0,0.0,0.5,0,0,0
2745.7,upi,DEV_00697,AE,failed,811,37,32,0,0,3,6968.59,fashion,2745.7,0,3,0,0.39401084006951187,0.8648648648648649,0.0,0.0,0,0,0
3072.69,card,DEV_01095,SG,success,1075,41,32,1,2,2,605.53,fashion,3072.69,0,0,0,5.0743811206711475,0.7804878048780488,0.024390243902439025,0.04878048780487805,1,0,0
2532.0,netbanking,DEV_00568,IN,success,824,29,29,0,2,4,7357.91,electronics,2532.0,0,2,0,0.34411945783517334,1.0,0.0,0.06896551724137931,0,0,0
3279.08,upi,DEV_02636,SG,failed,980,49,48,0,1,4,2422.64,software,3279.08,0,6,1,1.353515173529703,0.9795918367346939,0.0,0.02040816326530612,0,0,0
2388.47,upi,DEV_02823,GB,failed,221,49,42,0,2,3,2521.41,fashion,2388.47,0,4,0,0.9472755323410313,0.8571428571428571,0.0,0.04081632653061224,0,0,1
1765.12,netbanking,DEV_02724,US,failed,823,24,16,0,0,4,1704.49,fashion,1765.12,0,5,1,1.035570757235302,0.6666666666666666,0.0,0.0,0,0,0
2253.59,wallet,DEV_01470,SG,success,1458,34,30,1,0,2,1933.87,electronics,2253.59,0,4,0,1.1653265214311201,0.8823529411764706,0.029411764705882353,0.0,1,0,0
2798.65,wallet,DEV_01713,US,success,635,27,18,1,0,1,12838.87,grocery,2798.65,0,3,0,0.217982579463769,0.6666666666666666,0.037037037037037035,0.0,1,0,0
2470.41,netbanking,DEV_00863,US,success,130,12,4,0,2,1,3569.43,home,2470.41,0,2,0,0.6921021003353477,0.3333333333333333,0.0,0.16666666666666666,0,0,0
4840.1,upi,DEV_00151,IN,success,81,25,17,0,1,1,3480.9,beauty,4840.1,0,4,0,1.3904737280588355,0.68,0.0,0.04,0,0,0
7061.92,upi,DEV_00442,AE,success,726,18,10,0,0,2,2538.64,beauty,7061.92,0,0,0,2.78177291778275,0.5555555555555556,0.0,0.0,0,0,0
6906.54,card,DEV_01158,GB,success,1439,31,26,0,2,2,792.88,fashion,6906.54,0,4,0,8.710700232065381,0.8387096774193549,0.0,0.06451612903225806,0,0,0
5652.78,upi,DEV_02944,AE,failed,1262,46,37,0,0,2,4243.77,software,5652.78,0,2,0,1.3320184647141573,0.8043478260869565,0.0,0.0,0,0,0
5361.65,card,DEV_02640,SG,success,1824,35,34,0,0,3,4857.65,travel,5361.65,0,0,0,1.1037538727574032,0.9714285714285714,0.0,0.0,0,0,0
2817.95,upi,DEV_01939,IN,success,1187,47,47,0,3,3,4407.69,travel,2817.95,0,5,1,0.6393258146557494,1.0,0.0,0.06382978723404255,0,0,0
29515.91,wallet,DEV_00785,GB,success,351,16,8,0,2,1,1774.75,grocery,29515.91,0,5,1,16.631024087899704,0.5,0.0,0.125,0,0,0
1714.19,card,DEV_01033,AE,failed,735,11,5,0,3,1,4783.16,grocery,1714.19,0,1,0,0.35838023398757307,0.45454545454545453,0.0,0.2727272727272727,0,0,1
6162.62,wallet,DEV_02697,AE,success,1199,39,35,0,1,2,20051.6,fashion,6162.62,0,0,0,0.3073380677851144,0.8974358974358975,0.0,0.02564102564102564,0,0,0
6642.75,wallet,DEV_00545,GB,failed,89,41,40,0,1,2,4960.89,grocery,6642.75,0,4,0,1.339023844511771,0.975609756097561,0.0,0.024390243902439025,0,0,0
5503.76,netbanking,DEV_02321,US,success,1931,13,12,0,0,4,1737.51,software,5503.76,0,4,0,3.1676134238076328,0.9230769230769231,0.0,0.0,0,0,0
1606.31,netbanking,DEV_01704,IN,success,1999,29,26,0,2,4,7419.1,grocery,1606.31,0,1,0,0.21651008882479006,0.896551724137931,0.0,0.06896551724137931,0,0,0
1743.79,upi,DEV_00173,US,failed,1625,45,35,1,1,3,5988.33,electronics,1743.79,0,1,0,0.2911980468678246,0.7777777777777778,0.022222222222222223,0.022222222222222223,1,0,0
4280.7,netbanking,DEV_00829,US,success,589,14,12,1,2,1,3430.48,home,4280.7,0,4,0,1.2478428674704414,0.8571428571428571,0.07142857142857142,0.14285714285714285,1,0,0
6408.53,card,DEV_02587,GB,success,1263,45,43,0,0,3,5848.12,travel,6408.53,0,3,0,1.0958273770032079,0.9555555555555556,0.0,0.0,0,0,0
6669.46,netbanking,DEV_01382,IN,failed,1762,36,31,0,1,1,2235.79,software,6669.46,0,1,0,2.9830440247071506,0.8611111111111112,0.0,0.027777777777777776,0,0,0
3189.42,upi,DEV_00865,US,success,836,44,36,0,0,4,1829.13,fashion,3189.42,0,4,0,1.743681422315527,0.8181818181818182,0.0,0.0,0,0,1
11107.92,wallet,DEV_02166,SG,success,228,4,2,0,1,4,4458.84,software,11107.92,0,5,1,2.4912129612186127,0.5,0.0,0.25,0,0,0
4985.38,wallet,DEV_02996,IN,success,136,26,26,1,1,3,1674.46,beauty,4985.38,0,0,0,2.977306116598784,1.0,0.038461538461538464,0.038461538461538464,1,0,0
3851.11,wallet,DEV_00183,GB,success,499,13,6,0,0,3,7734.86,fashion,3851.11,0,4,0,0.49789007170136246,0.46153846153846156,0.0,0.0,0,0,0
2684.26,wallet,DEV_02414,IN,failed,1747,38,35,0,3,2,3026.94,grocery,2684.26,0,5,1,0.8867899594970499,0.9210526315789473,0.0,0.07894736842105263,0,0,1
3388.77,wallet,DEV_02494,SG,success,1784,18,16,0,3,4,1948.41,grocery,3388.77,0,6,1,1.7392489260473925,0.8888888888888888,0.0,0.16666666666666666,0,0,0
4508.98,upi,DEV_01841,GB,success,1687,43,39,0,1,1,2916.07,travel,4508.98,0,2,0,1.5462523190458388,0.9069767441860465,0.0,0.023255813953488372,0,0,0
21729.61,upi,DEV_02738,SG,failed,1096,44,43,2,0,2,1788.81,fashion,21729.61,0,5,1,12.147522654725767,0.9772727272727273,0.045454545454545456,0.0,1,0,0
2726.56,netbanking,DEV_00018,SG,success,1673,37,37,0,0,4,2906.1,beauty,2726.56,0,5,1,0.9382196070334813,1.0,0.0,0.0,0,0,0
22572.32,upi,DEV_01841,US,success,400,45,44,0,2,2,2682.69,travel,22572.32,0,6,1,8.414062004927889,0.9777777777777777,0.0,0.044444444444444446,0,0,0
789.04,wallet,DEV_00196,IN,success,1580,27,17,0,1,1,7639.01,grocery,789.04,0,5,1,0.10329087146109246,0.6296296296296297,0.0,0.037037037037037035,0,0,0
6579.99,wallet,DEV_00067,SG,success,1097,31,26,0,1,4,1583.12,beauty,6579.99,0,1,0,4.1563431704482285,0.8387096774193549,0.0,0.03225806451612903,0,0,0
15183.87,card,DEV_02035,SG,success,814,37,27,0,0,2,1936.32,beauty,15183.87,0,1,0,7.841611923648984,0.7297297297297297,0.0,0.0,0,0,0
1335.86,card,DEV_00962,AE,success,402,39,34,1,3,2,560.68,electronics,1335.86,0,6,1,2.3825711635870728,0.8717948717948718,0.02564102564102564,0.07692307692307693,1,0,0
2469.94,upi,DEV_02233,US,failed,823,24,16,0,0,4,1704.49,travel,2469.94,0,6,1,1.4490786100241129,0.6666666666666666,0.0,0.0,0,0,0
1385.59,card,DEV_01347,US,success,223,30,21,1,0,2,11457.64,beauty,1385.59,0,6,1,0.12093153563910194,0.7,0.03333333333333333,0.0,1,0,0
2820.81,card,DEV_00532,GB,success,1931,6,3,0,2,1,2695.77,travel,2820.81,0,4,0,1.046383779031594,0.5,0.0,0.3333333333333333,0,0,0
8115.14,netbanking,DEV_01703,US,success,1444,31,31,0,0,4,1927.52,electronics,8115.14,0,0,0,4.210145679422263,1.0,0.0,0.0,0,0,0
4379.65,upi,DEV_01481,IN,success,1014,36,29,2,0,4,1699.86,grocery,4379.65,0,2,0,2.5764768863318155,0.8055555555555556,0.05555555555555555,0.0,1,0,0
6575.52,netbanking,DEV_02222,SG,success,223,3,3,0,1,3,1743.71,home,6575.52,0,5,1,3.77099402997058,1.0,0.0,0.3333333333333333,0,0,0
7277.93,card,DEV_00638,IN,success,1255,35,31,0,4,3,1775.18,software,7277.93,0,4,0,4.099826496467964,0.8857142857142857,0.0,0.11428571428571428,0,0,0
9916.99,upi,DEV_00271,GB,success,1803,19,13,0,1,3,7385.28,fashion,9916.99,0,6,1,1.3428048767277612,0.6842105263157895,0.0,0.05263157894736842,0,0,0
1650.1,wallet,DEV_01383,IN,failed,968,40,39,0,2,1,5113.32,software,1650.1,0,5,1,0.32270618697832326,0.975,0.0,0.05,0,0,1
5913.48,card,DEV_01972,SG,success,518,17,13,1,2,2,2412.39,grocery,5913.48,0,4,0,2.45129518858891,0.7647058823529411,0.058823529411764705,0.11764705882352941,1,0,0
36689.43,netbanking,DEV_00377,GB,failed,774,4,1,1,0,4,7166.65,fashion,36689.43,0,6,1,5.119467254575011,0.25,0.25,0.0,1,0,0
9735.63,upi,DEV_02234,GB,success,517,43,40,1,2,2,7488.48,beauty,9735.63,0,6,1,1.3000809242997244,0.9302325581395349,0.023255813953488372,0.046511627906976744,1,0,0
5037.25,card,DEV_00260,US,success,418,13,11,0,0,2,3714.93,grocery,5037.25,0,5,1,1.3559474875704254,0.8461538461538461,0.0,0.0,0,0,0
15957.75,upi,DEV_02139,SG,failed,1084,30,27,1,4,3,5254.82,software,15957.75,0,3,0,3.0367833722182684,0.9,0.03333333333333333,0.13333333333333333,1,0,0
14880.72,netbanking,DEV_00123,GB,failed,1530,35,28,0,1,2,2567.2,software,14880.72,0,4,0,5.7964786537862265,0.8,0.0,0.02857142857142857,0,0,0
3976.99,wallet,DEV_00425,SG,failed,1824,35,34,0,0,3,4857.65,home,3976.99,0,5,1,0.8187065762251294,0.9714285714285714,0.0,0.0,0,0,0
5818.62,upi,DEV_00687,US,failed,400,45,44,0,2,2,2682.69,grocery,5818.62,0,0,0,2.1689498227525355,0.9777777777777777,0.0,0.044444444444444446,0,0,0
2536.11,card,DEV_00929,AE,failed,1331,30,24,0,2,4,4471.61,electronics,2536.11,0,5,1,0.5671581376730083,0.8,0.0,0.06666666666666667,0,0,0
1350.58,wallet,DEV_01320,GB,success,259,5,5,0,3,2,6253.5,beauty,1350.58,0,4,0,0.21597185576077396,1.0,0.0,0.6,0,0,0
1755.06,card,DEV_01856,US,success,404,49,47,1,1,3,4625.44,home,1755.06,0,3,0,0.37943633470545507,0.9591836734693877,0.02040816326530612,0.02040816326530612,1,0,0
3023.42,card,DEV_02723,GB,success,531,48,38,0,0,4,5151.04,travel,3023.42,0,1,0,0.5869533142821644,0.7916666666666666,0.0,0.0,0,0,0
4872.41,wallet,DEV_00031,GB,failed,1453,45,45,0,2,1,3439.53,software,4872.41,0,6,1,1.416591801786872,1.0,0.0,0.044444444444444446,0,0,0
5184.03,card,DEV_00550,IN,success,964,9,7,0,2,3,5350.24,grocery,5184.03,0,1,0,0.9689341038906666,0.7777777777777778,0.0,0.2222222222222222,0,0,0
3617.79,upi,DEV_01940,AE,success,1299,44,37,0,3,4,9389.82,travel,3617.79,0,4,0,0.38528853588247697,0.8409090909090909,0.0,0.06818181818181818,0,0,0
4443.61,card,DEV_02560,IN,success,36,25,22,0,1,1,3869.4,beauty,4443.61,0,1,0,1.1483976843955135,0.88,0.0,0.04,0,0,0
2282.9,upi,DEV_01279,SG,failed,240,10,4,1,2,2,2048.42,home,2282.9,0,3,0,1.1144687124710753,0.4,0.1,0.2,1,0,0
4972.85,netbanking,DEV_00160,IN,success,1952,9,4,1,0,1,3841.94,grocery,4972.85,0,3,0,1.2943590998297736,0.4444444444444444,0.1111111111111111,0.0,1,0,0
726.88,upi,DEV_02851,GB,failed,1940,3,3,1,2,3,2507.06,software,726.88,0,1,0,0.2899332285625394,1.0,0.3333333333333333,0.6666666666666666,1,0,0
2361.63,upi,DEV_01150,GB,failed,59,12,12,1,1,1,2860.69,beauty,2361.63,0,3,0,0.8255455851560288,1.0,0.08333333333333333,0.08333333333333333,1,0,0
7417.01,card,DEV_02175,GB,failed,363,24,19,0,4,2,6017.78,software,7417.01,0,1,0,1.2325159776528887,0.7916666666666666,0.0,0.16666666666666666,0,0,0
3915.54,netbanking,DEV_01229,AE,success,1740,37,37,0,1,4,2780.98,beauty,3915.54,0,1,0,1.4079712906960855,1.0,0.0,0.02702702702702703,0,0,0
3915.98,netbanking,DEV_01343,US,success,1183,42,42,2,1,4,2415.55,home,3915.98,0,3,0,1.6211546024714867,1.0,0.047619047619047616,0.023809523809523808,1,0,0
3980.34,upi,DEV_02151,SG,success,301,40,34,0,1,3,2507.05,software,3980.34,0,2,0,1.5876588021778584,0.85,0.0,0.025,0,0,0
757.78,netbanking,DEV_00465,IN,success,1409,48,43,0,0,1,4773.16,fashion,757.78,0,0,0,0.15875855827166907,0.8958333333333334,0.0,0.0,0,0,0
5518.0,netbanking,DEV_00507,US,success,749,35,31,0,1,1,17293.36,electronics,5518.0,0,3,0,0.31908200604162523,0.8857142857142857,0.0,0.02857142857142857,0,0,0
449.76,card,DEV_00949,IN,success,1494,28,24,0,1,1,5117.1,electronics,449.76,0,3,0,0.08789353344667877,0.8571428571428571,0.0,0.03571428571428571,0,0,0
3303.05,card,DEV_02920,SG,success,709,36,35,0,3,4,2384.81,grocery,3303.05,0,3,0,1.3850369631123653,0.9722222222222222,0.0,0.08333333333333333,0,0,0
1153.49,netbanking,DEV_00412,AE,success,398,37,29,0,3,2,391.64,fashion,1153.49,0,6,1,2.9452813808599734,0.7837837837837838,0.0,0.08108108108108109,0,0,0
3557.01,netbanking,DEV_01722,IN,success,352,32,23,0,1,3,3654.97,grocery,3557.01,0,3,0,0.9731981384252129,0.71875,0.0,0.03125,0,0,1
3918.54,netbanking,DEV_00214,US,success,1575,40,30,3,3,1,2856.26,electronics,3918.54,0,6,1,1.3719129210926175,0.75,0.075,0.075,1,0,0
2485.65,card,DEV_00438,AE,failed,1185,14,11,1,1,3,2336.46,fashion,2485.65,0,6,1,1.063853008397319,0.7857142857142857,0.07142857142857142,0.07142857142857142,1,0,0
1442.06,netbanking,DEV_01663,SG,success,1447,43,38,0,1,3,6663.47,home,1442.06,0,2,0,0.21641276992317815,0.8837209302325582,0.0,0.023255813953488372,0,0,0
4981.81,upi,DEV_02421,SG,success,215,11,11,1,4,3,801.35,fashion,4981.81,0,3,0,6.216771697760031,1.0,0.09090909090909091,0.36363636363636365,1,0,0
2801.3,card,DEV_01369,US,success,585,10,4,1,2,2,3629.54,electronics,2801.3,0,1,0,0.7718057935716373,0.4,0.1,0.2,1,0,0
2118.36,card,DEV_01927,US,success,876,20,14,0,1,1,3795.08,home,2118.36,0,0,0,0.5581858616946151,0.7,0.0,0.05,0,0,0
10542.75,upi,DEV_02796,SG,failed,911,42,41,1,0,2,5330.15,software,10542.75,0,1,0,1.977946211645076,0.9761904761904762,0.023809523809523808,0.0,1,0,0
3730.09,card,DEV_02792,SG,success,1386,31,29,0,0,4,4358.54,home,3730.09,0,3,0,0.8558118085413924,0.9354838709677419,0.0,0.0,0,0,0
5144.82,upi,DEV_02018,SG,success,1084,30,27,1,4,3,5254.82,travel,5144.82,0,0,0,0.9790668376842594,0.9,0.03333333333333333,0.13333333333333333,1,0,0
13584.48,wallet,DEV_00865,SG,failed,351,16,8,0,2,1,1774.75,beauty,13584.48,0,5,1,7.654306240315537,0.5,0.0,0.125,0,0,0
4656.6,upi,DEV_02162,GB,success,778,23,16,1,0,3,4479.41,travel,4656.6,0,0,0,1.0395565487419103,0.6956521739130435,0.043478260869565216,0.0,1,0,0
22149.76,wallet,DEV_02420,AE,success,209,5,0,0,3,2,890.72,grocery,22149.76,0,4,0,24.86725345787677,0.0,0.0,0.6,0,0,0
12908.01,netbanking,DEV_01021,SG,success,1169,17,9,1,2,2,6251.74,beauty,12908.01,0,5,1,2.0647067856308805,0.5294117647058824,0.058823529411764705,0.11764705882352941,1,0,0
2482.22,wallet,DEV_01045,SG,success,784,30,28,0,1,4,4084.4,software,2482.22,0,4,0,0.6077318578004113,0.9333333333333333,0.0,0.03333333333333333,0,0,0
9841.21,card,DEV_01662,SG,success,1451,10,3,1,1,1,4279.83,fashion,9841.21,0,2,0,2.299439463717017,0.3,0.1,0.1,1,0,0
2354.71,upi,DEV_02362,US,success,161,17,10,0,0,3,725.18,electronics,2354.71,0,1,0,3.2470696930417278,0.5882352941176471,0.0,0.0,0,0,0
1837.08,upi,DEV_00543,IN,success,329,4,2,0,1,2,1219.95,electronics,1837.08,0,6,1,1.5058649944669862,0.5,0.0,0.25,0,0,0
2068.52,card,DEV_02996,IN,failed,567,6,3,0,3,4,1108.25,software,2068.52,0,3,0,1.8664741709903,0.5,0.0,0.5,0,0,0
6971.85,upi,DEV_00894,GB,success,1454,31,31,0,2,2,1161.99,fashion,6971.85,0,3,0,5.999922546665634,1.0,0.0,0.06451612903225806,0,0,0
2545.93,upi,DEV_02938,IN,success,301,23,14,1,3,2,5934.0,electronics,2545.93,0,5,1,0.429041118975396,0.6086956521739131,0.043478260869565216,0.13043478260869565,1,0,0
6582.35,wallet,DEV_00439,GB,failed,627,17,12,1,1,4,5794.51,fashion,6582.35,0,6,1,1.1359631789400657,0.7058823529411765,0.058823529411764705,0.058823529411764705,1,0,0
3529.49,upi,DEV_00603,IN,success,1622,11,5,0,2,1,1533.67,fashion,3529.49,0,1,0,2.3013360110062786,0.45454545454545453,0.0,0.18181818181818182,0,0,0
3615.43,netbanking,DEV_01684,AE,success,1341,35,33,0,0,2,5246.01,home,3615.43,0,3,0,0.6891771079353641,0.9428571428571428,0.0,0.0,0,0,0
1418.22,wallet,DEV_02717,US,success,503,25,23,0,1,1,2392.06,fashion,1418.22,0,5,1,0.5928864660585437,0.92,0.0,0.04,0,0,0
5899.12,upi,DEV_01595,GB,success,609,47,41,2,3,4,3752.34,home,5899.12,0,2,0,1.5721176652435547,0.8723404255319149,0.0425531914893617,0.06382978723404255,1,0,0
6156.66,wallet,DEV_02003,GB,success,1355,19,16,0,1,4,13412.44,fashion,6156.66,0,2,0,0.459026098159619,0.8421052631578947,0.0,0.05263157894736842,0,0,0
16233.32,netbanking,DEV_00013,AE,success,824,36,32,0,0,3,6233.82,home,16233.32,0,2,0,2.6040726232069584,0.8888888888888888,0.0,0.0,0,0,0
10599.27,card,DEV_00245,AE,success,537,18,18,1,2,1,1997.75,home,10599.27,0,4,0,5.305603804279815,1.0,0.05555555555555555,0.1111111111111111,1,0,0
6798.48,upi,DEV_01694,IN,success,1800,11,3,0,0,4,1711.27,travel,6798.48,0,4,0,3.9727687623811554,0.2727272727272727,0.0,0.0,0,0,0
5450.76,upi,DEV_01161,GB,failed,619,39,33,1,1,3,2779.13,home,5450.76,0,6,1,1.961318829993559,0.8461538461538461,0.02564102564102564,0.02564102564102564,1,0,0
4574.24,card,DEV_01939,SG,failed,1696,44,38,0,2,1,2190.3,grocery,4574.24,0,5,1,2.088407980641921,0.8636363636363636,0.0,0.045454545454545456,0,0,0
5905.4,netbanking,DEV_01242,US,success,693,45,45,0,2,2,5405.27,home,5905.4,0,6,1,1.0925263677855128,1.0,0.0,0.044444444444444446,0,0,0
10353.79,netbanking,DEV_01954,AE,success,1213,36,29,0,0,1,2288.91,fashion,10353.79,0,2,0,4.523458764215282,0.8055555555555556,0.0,0.0,0,0,0
3060.51,wallet,DEV_00904,AE,success,488,17,16,0,0,3,7651.45,beauty,3060.51,0,2,0,0.39999085140724966,0.9411764705882353,0.0,0.0,0,0,1
2415.86,upi,DEV_02643,AE,success,1183,35,28,0,2,4,3847.55,fashion,2415.86,0,3,0,0.627895673870385,0.8,0.0,0.05714285714285714,0,0,0
1759.97,upi,DEV_00450,GB,success,304,33,32,0,2,4,765.79,grocery,1759.97,0,5,1,2.298241032136748,0.9696969696969697,0.0,0.06060606060606061,0,0,1
5677.41,netbanking,DEV_02826,IN,success,1065,5,2,1,0,3,10384.13,grocery,5677.41,0,2,0,0.5467391105465744,0.4,0.2,0.0,1,0,0
2917.71,wallet,DEV_00084,IN,success,526,5,2,0,0,4,2076.36,electronics,2917.71,0,1,0,1.405204299832399,0.4,0.0,0.0,0,0,0
3577.38,upi,DEV_01159,GB,success,1687,9,1,1,0,3,8980.16,electronics,3577.38,0,0,0,0.3983648398246802,0.1111111111111111,0.1111111111111111,0.0,1,0,1
4337.64,upi,DEV_02571,AE,success,1839,4,1,0,2,2,2085.36,fashion,4337.64,0,5,1,2.080043733456094,0.25,0.0,0.5,0,0,0
14348.17,upi,DEV_00081,GB,failed,1029,15,10,0,0,3,1951.91,home,14348.17,0,3,0,7.3508358479643015,0.6666666666666666,0.0,0.0,0,0,0
1896.17,netbanking,DEV_00006,AE,success,1600,37,33,1,0,1,5158.36,beauty,1896.17,0,3,0,0.3675916376522771,0.8918918918918919,0.02702702702702703,0.0,1,0,0
2430.13,card,DEV_01255,AE,success,1145,45,38,1,1,2,4650.5,home,2430.13,0,4,0,0.522552413718955,0.8444444444444444,0.022222222222222223,0.022222222222222223,1,0,1
1472.46,upi,DEV_02576,AE,success,910,50,42,0,4,2,8135.7,electronics,1472.46,0,6,1,0.18098749953906856,0.84,0.0,0.08,0,0,1
5071.28,card,DEV_01557,AE,success,1987,43,38,2,0,1,7798.92,travel,5071.28,0,1,0,0.6502541377524067,0.8837209302325582,0.046511627906976744,0.0,1,0,0
7392.31,upi,DEV_01331,IN,success,1463,26,20,1,2,4,3829.72,grocery,7392.31,0,5,1,1.9302481643566634,0.7692307692307693,0.038461538461538464,0.07692307692307693,1,0,1
3417.36,netbanking,DEV_01931,US,success,1338,28,22,0,1,4,2866.83,fashion,3417.36,0,6,1,1.1920344073419074,0.7857142857142857,0.0,0.03571428571428571,0,0,0
4566.82,wallet,DEV_00933,AE,success,1614,21,11,1,1,3,6307.08,home,4566.82,0,6,1,0.7240783373605535,0.5238095238095238,0.047619047619047616,0.047619047619047616,1,0,0
41884.92,card,DEV_00423,SG,success,1389,38,33,0,1,4,2312.83,beauty,41884.92,0,3,0,18.109813518503305,0.868421052631579,0.0,0.02631578947368421,0,0,0
5873.0,wallet,DEV_00180,US,failed,697,13,10,0,2,1,1663.43,fashion,5873.0,0,3,0,3.5306565349909524,0.7692307692307693,0.0,0.15384615384615385,0,0,0
1334.19,card,DEV_00421,SG,success,631,7,7,0,2,2,2390.91,electronics,1334.19,0,3,0,0.5580260235642497,1.0,0.0,0.2857142857142857,0,0,1
1729.81,upi,DEV_00879,US,success,359,25,25,0,4,1,877.85,grocery,1729.81,0,6,1,1.9705074898900723,1.0,0.0,0.16,0,0,0
1219.39,card,DEV_01051,IN,failed,143,32,31,0,1,2,5726.85,beauty,1219.39,0,6,1,0.21292508097819918,0.96875,0.0,0.03125,0,0,0
4148.24,card,DEV_01149,SG,success,1087,35,25,0,2,3,4850.15,electronics,4148.24,0,6,1,0.8552807645124377,0.7142857142857143,0.0,0.05714285714285714,0,0,0
1502.17,card,DEV_01396,US,success,380,5,2,0,1,3,8456.74,electronics,1502.17,0,5,1,0.17762991412766624,0.4,0.0,0.2,0,0,0
7712.28,card,DEV_01026,SG,success,600,5,2,0,1,3,1101.49,software,7712.28,0,0,0,7.001679543164259,0.4,0.0,0.2,0,0,0
17007.65,card,DEV_01950,GB,success,176,4,1,0,1,3,10492.13,travel,17007.65,0,1,0,1.6209911619470978,0.25,0.0,0.25,0,0,0
11728.75,card,DEV_02006,US,failed,1504,20,18,0,1,3,1025.56,software,11728.75,0,3,0,11.43643472834354,0.9,0.0,0.05,0,0,0
2495.43,netbanking,DEV_00410,IN,success,270,34,25,0,0,3,2519.43,travel,2495.43,0,5,1,0.9904740357938105,0.7352941176470589,0.0,0.0,0,0,0
880.39,netbanking,DEV_00001,AE,success,1687,1,0,1,0,4,2430.41,beauty,880.39,0,6,1,0.3622392929588012,0.0,1.0,0.0,1,0,0
2898.08,netbanking,DEV_01853,SG,success,462,45,44,0,1,4,6701.87,fashion,2898.08,0,6,1,0.43242856098372545,0.9777777777777777,0.0,0.022222222222222223,0,0,1
4162.84,card,DEV_00400,SG,success,538,36,35,0,1,3,3762.45,electronics,4162.84,0,1,0,1.1064173610280537,0.9722222222222222,0.0,0.027777777777777776,0,0,1
3827.26,upi,DEV_00705,US,success,1161,27,18,0,2,2,5661.42,fashion,3827.26,0,6,1,0.6760247429090228,0.6666666666666666,0.0,0.07407407407407407,0,0,0
874.93,upi,DEV_00803,US,success,1148,23,23,0,1,3,23490.85,electronics,874.93,0,4,0,0.03724556582669422,1.0,0.0,0.043478260869565216,0,0,1
1063.59,netbanking,DEV_01888,IN,failed,1721,45,44,0,0,1,4322.02,travel,1063.59,0,4,0,0.24608632074816864,0.9777777777777777,0.0,0.0,0,0,0
5482.19,upi,DEV_02534,US,success,1865,8,2,0,1,3,3474.25,home,5482.19,0,4,0,1.5779491976685613,0.25,0.0,0.125,0,0,1
4108.07,upi,DEV_01502,GB,failed,897,45,41,0,1,1,8257.74,travel,4108.07,0,6,1,0.4974811510171063,0.9111111111111111,0.0,0.022222222222222223,0,0,0
2954.6,upi,DEV_02818,IN,success,2000,48,39,0,2,4,1005.07,home,2954.6,0,6,1,2.9396957425850934,0.8125,0.0,0.041666666666666664,0,0,0
4907.42,wallet,DEV_01549,IN,success,1387,43,38,0,0,1,2263.42,beauty,4907.42,0,4,0,2.168143782417757,0.8837209302325582,0.0,0.0,0,0,0
3833.22,card,DEV_02184,US,failed,414,29,22,0,0,4,8498.94,grocery,3833.22,0,3,0,0.4510233040826267,0.7586206896551724,0.0,0.0,0,0,0
1851.01,card,DEV_00348,US,success,1930,40,37,0,2,2,1784.64,travel,1851.01,0,1,0,1.0371895732472656,0.925,0.0,0.05,0,0,0
1288.61,upi,DEV_01701,IN,success,968,40,39,0,2,1,5113.32,beauty,1288.61,0,2,0,0.2520104354900534,0.975,0.0,0.05,0,0,0
4542.32,upi,DEV_01091,SG,success,838,16,8,1,1,4,1803.27,fashion,4542.32,0,3,0,2.5189350457779476,0.5,0.0625,0.0625,1,0,0
6546.81,wallet,DEV_00645,SG,success,1725,35,29,0,0,3,1968.35,home,6546.81,0,6,1,3.3260395762948667,0.8285714285714286,0.0,0.0,0,0,0
4158.69,wallet,DEV_01741,US,failed,696,24,23,0,4,3,7900.8,software,4158.69,0,5,1,0.5263631530984203,0.9583333333333334,0.0,0.16666666666666666,0,0,0
18613.33,netbanking,DEV_01294,GB,success,395,42,39,1,3,1,2053.2,software,18613.33,0,4,0,9.065522111825445,0.9285714285714286,0.023809523809523808,0.07142857142857142,1,0,0
4240.66,card,DEV_00804,AE,failed,910,29,22,0,0,4,8385.6,beauty,4240.66,0,1,0,0.5057074031673344,0.7586206896551724,0.0,0.0,0,0,0
905.75,wallet,DEV_00373,SG,success,1536,16,10,1,2,2,3335.62,home,905.75,0,4,0,0.27153872443503757,0.625,0.0625,0.125,1,0,0
6454.41,card,DEV_00942,SG,success,489,42,33,2,0,1,952.69,beauty,6454.41,0,5,1,6.774932034554786,0.7857142857142857,0.047619047619047616,0.0,1,0,0
2871.33,wallet,DEV_01617,SG,success,1727,36,34,1,3,2,1680.93,software,2871.33,0,3,0,1.7081794006889042,0.9444444444444444,0.027777777777777776,0.08333333333333333,1,0,0
6759.27,card,DEV_02122,US,success,531,48,38,0,0,4,5151.04,electronics,6759.27,0,0,0,1.3122146207367833,0.7916666666666666,0.0,0.0,0,0,1
3900.36,upi,DEV_00986,IN,success,577,29,22,1,3,2,5559.53,software,3900.36,0,0,0,0.7015629018999808,0.7586206896551724,0.034482758620689655,0.10344827586206896,1,0,0
3778.98,upi,DEV_02208,SG,success,1239,28,18,0,1,1,781.1,travel,3778.98,0,3,0,4.838023300473691,0.6428571428571429,0.0,0.03571428571428571,0,0,0
17383.64,card,DEV_01064,GB,success,1902,16,15,0,1,2,2413.79,grocery,17383.64,0,4,0,7.20180297374668,0.9375,0.0,0.0625,0,0,0
2054.24,upi,DEV_00181,AE,success,1371,7,7,0,3,4,1759.19,software,2054.24,0,2,0,1.1677192344203864,1.0,0.0,0.42857142857142855,0,0,0
19905.12,upi,DEV_00904,IN,success,1777,31,22,0,3,2,2404.88,fashion,19905.12,0,2,0,8.276970160673297,0.7096774193548387,0.0,0.0967741935483871,0,0,0
6973.79,wallet,DEV_00293,AE,success,537,21,17,0,1,2,11475.14,fashion,6973.79,0,5,1,0.6077302760576342,0.8095238095238095,0.0,0.047619047619047616,0,0,0
3297.42,netbanking,DEV_01888,US,success,1982,10,10,0,1,4,8780.34,software,3297.42,0,2,0,0.37554582168799844,1.0,0.0,0.1,0,0,0
5765.53,netbanking,DEV_00123,IN,success,334,42,42,0,1,1,2882.87,travel,5765.53,0,2,0,1.999927155924478,1.0,0.0,0.023809523809523808,0,0,1
1176.02,card,DEV_02724,IN,success,1171,36,26,1,4,1,2458.3,travel,1176.02,0,6,1,0.47838750355937026,0.7222222222222222,0.027777777777777776,0.1111111111111111,1,0,0
6921.27,card,DEV_01321,US,success,1366,9,9,2,2,2,2503.49,electronics,6921.27,0,0,0,2.7646485506233303,1.0,0.2222222222222222,0.2222222222222222,1,0,0
1322.59,card,DEV_02818,US,success,844,15,14,0,0,2,6359.14,home,1322.59,0,0,0,0.20798252593904204,0.9333333333333333,0.0,0.0,0,0,0
4405.24,wallet,DEV_02208,GB,success,1481,37,31,0,1,4,10144.72,travel,4405.24,0,3,0,0.4342396833032356,0.8378378378378378,0.0,0.02702702702702703,0,0,0
728.93,upi,DEV_01448,GB,success,539,13,6,0,0,4,4067.05,electronics,728.93,0,2,0,0.1792281875069153,0.46153846153846156,0.0,0.0,0,0,0
1102.41,netbanking,DEV_01197,GB,success,1622,11,5,0,2,1,1533.67,grocery,1102.41,0,1,0,0.7188052188541212,0.45454545454545453,0.0,0.18181818181818182,0,0,0
13714.4,upi,DEV_02460,SG,failed,228,4,2,0,1,4,4458.84,fashion,13714.4,0,1,0,3.075777556494514,0.5,0.0,0.25,0,0,0
6962.69,netbanking,DEV_02012,SG,success,1955,44,42,0,0,2,825.84,beauty,6962.69,0,3,0,8.431039910878619,0.9545454545454546,0.0,0.0,0,0,0
6191.84,upi,DEV_00720,GB,success,1130,26,24,0,0,2,2580.91,grocery,6191.84,0,5,1,2.3990917932047227,0.9230769230769231,0.0,0.0,0,0,0
2867.83,netbanking,DEV_01555,AE,failed,1283,18,18,0,2,4,2267.32,grocery,2867.83,0,6,1,1.2648545419261505,1.0,0.0,0.1111111111111111,0,0,0
2791.55,wallet,DEV_00108,IN,success,792,32,31,0,2,4,4391.26,software,2791.55,0,2,0,0.6357059249509253,0.96875,0.0,0.0625,0,0,0
25114.8,card,DEV_02712,GB,success,951,31,21,0,2,3,2563.04,fashion,25114.8,0,5,1,9.798832636244459,0.6774193548387096,0.0,0.06451612903225806,0,0,0
2735.26,wallet,DEV_01415,GB,success,820,29,25,0,2,2,2350.85,grocery,2735.26,0,4,0,1.1635195780249699,0.8620689655172413,0.0,0.06896551724137931,0,0,0
1696.89,netbanking,DEV_02172,US,failed,1443,34,26,0,1,4,2955.41,beauty,1696.89,0,1,0,0.5741639907830048,0.7647058823529411,0.0,0.029411764705882353,0,0,0
10200.99,card,DEV_00966,AE,success,241,2,0,1,1,3,2030.17,fashion,10200.99,0,6,1,5.024697439130713,0.0,0.5,0.5,1,0,0
4152.62,upi,DEV_01318,GB,success,406,35,35,1,1,1,5147.36,fashion,4152.62,0,4,0,0.806747536601287,1.0,0.02857142857142857,0.02857142857142857,1,0,1
10736.56,netbanking,DEV_01271,US,failed,1575,40,30,3,3,1,2856.26,electronics,10736.56,0,0,0,3.7589575178730223,0.75,0.075,0.075,1,0,0
6462.49,card,DEV_02264,IN,failed,1423,14,13,1,0,4,4378.76,electronics,6462.49,0,2,0,1.4758721647224327,0.9285714285714286,0.07142857142857142,0.0,1,0,0
5196.06,card,DEV_01666,US,failed,958,9,8,1,1,4,2988.68,software,5196.06,0,1,0,1.7385802427827672,0.8888888888888888,0.1111111111111111,0.1111111111111111,1,0,0
1265.95,wallet,DEV_02532,GB,success,1533,2,2,1,0,2,12061.76,grocery,1265.95,0,1,0,0.1049556615286658,1.0,0.5,0.0,1,0,0
6522.3,upi,DEV_00516,IN,success,324,35,31,2,0,2,2587.71,home,6522.3,0,4,0,2.520491090578156,0.8857142857142857,0.05714285714285714,0.0,1,0,0
16472.31,card,DEV_00502,AE,success,588,13,4,1,1,3,4105.56,grocery,16472.31,0,4,0,4.012195656621752,0.3076923076923077,0.07692307692307693,0.07692307692307693,1,0,0
2805.29,card,DEV_01072,GB,success,1877,39,37,0,0,1,3227.22,home,2805.29,0,5,1,0.8692589907102708,0.9487179487179487,0.0,0.0,0,0,0
17182.37,wallet,DEV_02042,US,success,1356,10,7,0,0,3,6475.16,grocery,17182.37,0,2,0,2.653582305302108,0.7,0.0,0.0,0,0,0
1383.42,wallet,DEV_02942,US,success,428,3,1,1,0,2,2382.56,grocery,1383.42,0,5,1,0.5806443489355987,0.3333333333333333,0.3333333333333333,0.0,1,0,0
2222.5,wallet,DEV_01097,US,success,1331,8,0,1,1,2,1649.77,travel,2222.5,0,0,0,1.3471574825581747,0.0,0.125,0.125,1,0,0
908.37,upi,DEV_02854,AE,success,62,32,23,0,2,1,1183.16,home,908.37,0,0,0,0.767749078738294,0.71875,0.0,0.0625,0,0,0
1395.02,upi,DEV_02137,SG,success,1106,27,23,1,2,1,3311.92,home,1395.02,0,0,0,0.4212118650208942,0.8518518518518519,0.037037037037037035,0.07407407407407407,1,0,0
6137.43,wallet,DEV_01219,US,success,586,22,17,0,2,1,2462.9,electronics,6137.43,0,1,0,2.491952576231272,0.7727272727272727,0.0,0.09090909090909091,0,0,0
4239.66,wallet,DEV_02937,US,failed,617,31,23,0,1,4,11730.46,grocery,4239.66,0,6,1,0.3614231666959352,0.7419354838709677,0.0,0.03225806451612903,0,0,0
1625.97,upi,DEV_00427,GB,success,1956,48,39,1,2,2,1659.11,beauty,1625.97,0,6,1,0.980025435323758,0.8125,0.020833333333333332,0.041666666666666664,1,0,0
2695.52,card,DEV_01893,IN,failed,615,35,25,0,0,1,8640.69,software,2695.52,0,3,0,0.31195656828331997,0.7142857142857143,0.0,0.0,0,0,0
903.16,netbanking,DEV_02588,AE,success,1677,6,6,1,0,2,4630.51,electronics,903.16,0,1,0,0.1950454701533956,1.0,0.16666666666666666,0.0,1,0,0
2353.7,netbanking,DEV_01191,IN,failed,1227,25,25,1,1,3,844.39,home,2353.7,0,1,0,2.7874560333495184,1.0,0.04,0.04,1,0,0
7265.62,upi,DEV_02954,GB,success,1890,29,23,1,1,4,1241.31,software,7265.62,0,6,1,5.853187358516406,0.7931034482758621,0.034482758620689655,0.034482758620689655,1,0,0
2609.94,netbanking,DEV_00786,IN,success,807,44,40,0,1,4,2319.52,grocery,2609.94,0,6,1,1.1252069393667656,0.9090909090909091,0.0,0.022727272727272728,0,0,0
2332.87,wallet,DEV_01546,GB,success,1375,9,1,0,1,4,3596.21,beauty,2332.87,0,3,0,0.6487023838986044,0.1111111111111111,0.0,0.1111111111111111,0,0,0
1938.94,netbanking,DEV_02102,SG,success,293,7,6,0,2,3,2464.74,home,1938.94,0,1,0,0.7866712107565099,0.8571428571428571,0.0,0.2857142857142857,0,0,0
1319.93,upi,DEV_02994,IN,success,439,8,2,0,4,1,973.9,travel,1319.93,0,6,1,1.3553034192422222,0.25,0.0,0.5,0,0,0
3583.57,upi,DEV_01129,GB,success,763,46,42,1,1,3,1039.29,beauty,3583.57,0,6,1,3.448094372119428,0.9130434782608695,0.021739130434782608,0.021739130434782608,1,0,0
1307.56,wallet,DEV_02499,IN,success,683,39,32,0,1,1,9263.87,grocery,1307.56,0,0,0,0.14114619484081706,0.8205128205128205,0.0,0.02564102564102564,0,0,0
5930.99,card,DEV_01187,IN,success,1727,36,34,1,3,2,1680.93,electronics,5930.99,0,4,0,3.528397970171274,0.9444444444444444,0.027777777777777776,0.08333333333333333,1,0,0
9200.29,upi,DEV_00839,US,success,1487,48,46,0,3,2,2935.33,travel,9200.29,0,0,0,3.1343290192244146,0.9583333333333334,0.0,0.0625,0,0,0
1474.66,upi,DEV_02156,GB,success,1016,10,10,0,2,4,4821.64,beauty,1474.66,0,6,1,0.30584199566952325,1.0,0.0,0.2,0,0,1
3745.91,card,DEV_01617,US,success,371,24,16,0,0,3,1420.9,fashion,3745.91,0,6,1,2.6362938982335136,0.6666666666666666,0.0,0.0,0,0,1
2665.53,card,DEV_00369,IN,failed,1871,6,2,1,1,2,2025.76,beauty,2665.53,0,3,0,1.3158172735170999,0.3333333333333333,0.16666666666666666,0.16666666666666666,1,0,1
3903.07,wallet,DEV_02955,IN,success,462,45,44,0,1,4,6701.87,beauty,3903.07,0,2,0,0.5823852148728639,0.9777777777777777,0.0,0.022222222222222223,0,0,0
1976.3,upi,DEV_00988,SG,success,1930,40,37,0,2,2,1784.64,travel,1976.3,0,5,1,1.1073942083557466,0.925,0.0,0.05,0,0,0
4521.22,wallet,DEV_00888,US,success,80,12,7,0,1,4,3103.33,beauty,4521.22,0,1,0,1.4568930793695805,0.5833333333333334,0.0,0.08333333333333333,0,0,0
762.21,upi,DEV_00161,AE,success,585,3,0,0,1,3,7336.51,electronics,762.21,0,4,0,0.10389272283415411,0.0,0.0,0.3333333333333333,0,0,0
26894.23,card,DEV_00344,SG,failed,220,45,42,0,1,1,2328.83,grocery,26894.23,0,1,0,11.548386958258009,0.9333333333333333,0.0,0.022222222222222223,0,0,1
1935.08,netbanking,DEV_01595,IN,failed,233,45,36,0,2,2,3171.26,electronics,1935.08,0,2,0,0.6101927940313944,0.8,0.0,0.044444444444444446,0,0,0
2929.91,card,DEV_00044,US,success,1070,7,6,1,2,1,2962.31,fashion,2929.91,0,0,0,0.989062589668198,0.8571428571428571,0.14285714285714285,0.2857142857142857,1,0,0
3824.37,card,DEV_02401,IN,failed,1291,35,32,1,1,4,3979.05,software,3824.37,0,4,0,0.9611263995174727,0.9142857142857143,0.02857142857142857,0.02857142857142857,1,0,0
1498.59,card,DEV_02252,US,success,1645,29,19,0,1,3,5969.57,beauty,1498.59,0,0,0,0.2510381819796066,0.6551724137931034,0.0,0.034482758620689655,0,0,0
1352.41,upi,DEV_02820,AE,failed,488,17,16,0,0,3,7651.45,grocery,1352.41,0,4,0,0.1767521188794281,0.9411764705882353,0.0,0.0,0,0,0
2663.39,wallet,DEV_01081,GB,success,492,12,8,1,4,1,1416.09,software,2663.39,0,3,0,1.8808055985142187,0.6666666666666666,0.08333333333333333,0.3333333333333333,1,0,0
3947.47,wallet,DEV_00013,SG,success,867,44,41,0,1,4,3300.62,software,3947.47,0,2,0,1.1959783313438082,0.9318181818181818,0.0,0.022727272727272728,0,0,0
6324.12,wallet,DEV_01507,SG,success,832,12,12,1,3,3,10655.59,electronics,6324.12,0,2,0,0.5935025653201746,1.0,0.08333333333333333,0.25,1,0,0
2287.46,upi,DEV_00238,IN,success,1153,47,46,0,0,4,4269.11,beauty,2287.46,0,5,1,0.5358165987758573,0.9787234042553191,0.0,0.0,0,0,0
404.35,card,DEV_02155,SG,success,105,48,40,1,2,4,2020.9,travel,404.35,0,6,1,0.20008412093621655,0.8333333333333334,0.020833333333333332,0.041666666666666664,1,0,0
2814.81,netbanking,DEV_00926,US,failed,1644,5,2,1,1,2,4409.93,electronics,2814.81,0,6,1,0.6382890431367391,0.4,0.2,0.2,1,0,1
7031.37,netbanking,DEV_00109,SG,failed,1576,38,36,0,1,2,3310.05,electronics,7031.37,0,3,0,2.1242488784157336,0.9473684210526315,0.0,0.02631578947368421,0,0,0
1062.55,upi,DEV_00699,US,success,1614,21,11,1,1,3,6307.08,grocery,1062.55,0,2,0,0.1684694026395733,0.5238095238095238,0.047619047619047616,0.047619047619047616,1,0,0
1744.58,card,DEV_00984,AE,success,1877,39,37,0,0,1,3227.22,travel,1744.58,0,3,0,0.5405829165659608,0.9487179487179487,0.0,0.0,0,0,0
2622.05,netbanking,DEV_01714,IN,success,1816,3,3,0,2,2,1992.07,fashion,2622.05,0,5,1,1.3162439070916183,1.0,0.0,0.6666666666666666,0,0,0
11012.47,card,DEV_02849,GB,failed,1532,34,34,0,0,3,4233.24,travel,11012.47,0,1,0,2.6014282204647032,1.0,0.0,0.0,0,0,0
905.47,card,DEV_01503,IN,success,701,34,31,0,0,1,6521.9,software,905.47,0,6,1,0.13883530872905137,0.9117647058823529,0.0,0.0,0,0,0
3534.85,upi,DEV_02017,AE,failed,364,30,26,1,0,3,1692.66,home,3534.85,0,0,0,2.088340245530703,0.8666666666666667,0.03333333333333333,0.0,1,0,0
3783.02,card,DEV_02128,IN,success,1574,2,0,0,2,2,4386.58,grocery,3783.02,0,4,0,0.8624076159559384,0.0,0.0,1.0,0,0,0
1582.52,wallet,DEV_00074,IN,success,237,22,15,1,3,2,1585.2,home,1582.52,0,3,0,0.9983093615947514,0.6818181818181818,0.045454545454545456,0.13636363636363635,1,0,0
1015.95,upi,DEV_01480,AE,success,1784,32,29,1,0,3,1207.86,electronics,1015.95,0,6,1,0.8411156922159854,0.90625,0.03125,0.0,1,0,0
1377.8,card,DEV_01583,US,failed,1465,24,21,1,2,1,2001.56,fashion,1377.8,0,3,0,0.6883630768000959,0.875,0.041666666666666664,0.08333333333333333,1,0,1
5045.11,card,DEV_01313,US,success,1740,37,37,0,1,4,2780.98,home,5045.11,0,0,0,1.814148249897518,1.0,0.0,0.02702702702702703,0,0,0
4352.53,upi,DEV_01041,GB,success,1210,49,41,0,3,4,1255.9,electronics,4352.53,0,3,0,3.4656660562146664,0.8367346938775511,0.0,0.061224489795918366,0,0,0
8462.28,wallet,DEV_02086,SG,failed,165,10,4,1,4,1,3101.04,grocery,8462.28,0,0,0,2.7288522560173365,0.4,0.1,0.4,1,0,0
3121.52,card,DEV_01989,AE,success,957,35,29,0,0,4,5577.47,software,3121.52,0,6,1,0.5596659417262665,0.8285714285714286,0.0,0.0,0,0,1
4155.11,upi,DEV_02149,GB,success,841,47,46,1,3,1,2410.43,fashion,4155.11,0,0,0,1.7238044664230034,0.9787234042553191,0.02127659574468085,0.06382978723404255,1,0,1
5779.8,card,DEV_00992,GB,success,395,42,39,1,3,1,2053.2,software,5779.8,0,4,0,2.8150204558737584,0.9285714285714286,0.023809523809523808,0.07142857142857142,1,0,0
4877.81,wallet,DEV_00795,GB,success,1661,10,10,1,1,4,3292.45,travel,4877.81,0,2,0,1.481513766344212,1.0,0.1,0.1,1,0,0
10653.85,wallet,DEV_02733,SG,success,1001,45,37,1,1,2,2242.13,software,10653.85,0,2,0,4.751664711680411,0.8222222222222222,0.022222222222222223,0.022222222222222223,1,0,0
3284.92,wallet,DEV_00189,US,success,820,29,25,0,2,2,2350.85,home,3284.92,0,6,1,1.3973328795967417,0.8620689655172413,0.0,0.06896551724137931,0,0,0
1960.73,card,DEV_00219,IN,success,1484,29,26,1,1,2,1939.36,beauty,1960.73,0,5,1,1.011019099084234,0.896551724137931,0.034482758620689655,0.034482758620689655,1,0,0
3750.85,wallet,DEV_02831,IN,success,1571,22,18,0,2,1,2365.91,fashion,3750.85,0,4,0,1.5853730699815294,0.8181818181818182,0.0,0.09090909090909091,0,0,0
5454.48,netbanking,DEV_02313,SG,success,33,40,35,0,1,2,1739.93,travel,5454.48,0,2,0,3.1348847367422823,0.875,0.0,0.025,0,0,0
10321.77,netbanking,DEV_01171,SG,success,808,35,28,1,1,3,2103.05,travel,10321.77,0,0,0,4.908000285299921,0.8,0.02857142857142857,0.02857142857142857,1,0,0
8525.41,wallet,DEV_01046,SG,success,1598,36,28,0,1,3,1852.18,travel,8525.41,0,6,1,4.602905765098424,0.7777777777777778,0.0,0.027777777777777776,0,0,1
9675.56,wallet,DEV_02449,SG,failed,1419,21,19,0,1,1,2917.4,travel,9675.56,0,1,0,3.316500994035785,0.9047619047619048,0.0,0.047619047619047616,0,0,0
1665.16,wallet,DEV_02691,GB,failed,1251,12,9,0,3,1,7176.55,beauty,1665.16,0,5,1,0.23202792428116575,0.75,0.0,0.25,0,0,0
8495.63,card,DEV_02139,GB,success,1772,50,49,0,2,1,3833.88,grocery,8495.63,0,5,1,2.2159352927060834,0.98,0.0,0.04,0,0,0
7260.8,wallet,DEV_02609,SG,success,961,6,2,1,1,3,5116.31,home,7260.8,0,3,0,1.4191477842429407,0.3333333333333333,0.16666666666666666,0.16666666666666666,1,0,0
2849.34,netbanking,DEV_02316,IN,success,483,26,19,0,1,3,2290.24,beauty,2849.34,0,1,0,1.2441228866843652,0.7307692307692307,0.0,0.038461538461538464,0,0,0
2316.17,netbanking,DEV_02333,SG,success,1682,3,3,0,1,1,5123.49,software,2316.17,0,2,0,0.4520688046624469,1.0,0.0,0.3333333333333333,0,0,1
1757.18,upi,DEV_00780,IN,success,949,36,34,0,3,4,4651.58,home,1757.18,0,1,0,0.3777598149445995,0.9444444444444444,0.0,0.08333333333333333,0,0,0
10564.31,netbanking,DEV_00579,AE,success,307,50,48,0,3,1,4738.31,travel,10564.31,0,1,0,2.2295523087345486,0.96,0.0,0.06,0,0,0
6049.98,wallet,DEV_02549,IN,failed,949,39,36,0,5,4,1608.81,fashion,6049.98,0,5,1,3.760531075764074,0.9230769230769231,0.0,0.1282051282051282,0,0,0
4394.44,upi,DEV_01631,IN,failed,1697,7,4,1,1,2,6387.07,software,4394.44,0,1,0,0.6880212679679415,0.5714285714285714,0.14285714285714285,0.14285714285714285,1,0,0
2891.15,card,DEV_02630,AE,success,1542,8,1,1,1,1,3529.35,travel,2891.15,0,5,1,0.8191735022029553,0.125,0.125,0.125,1,0,0
3593.71,netbanking,DEV_02301,US,success,589,14,12,1,2,1,3430.48,software,3593.71,0,3,0,1.0475822625405191,0.8571428571428571,0.07142857142857142,0.14285714285714285,1,0,0
6044.13,netbanking,DEV_02745,SG,success,1537,47,44,0,2,3,9830.2,grocery,6044.13,0,4,0,0.6148532074627169,0.9361702127659575,0.0,0.0425531914893617,0,0,0
3017.1,upi,DEV_02693,SG,success,1341,13,7,0,0,3,9357.17,electronics,3017.1,0,0,0,0.3224372326248214,0.5384615384615384,0.0,0.0,0,0,0
1567.04,netbanking,DEV_00013,GB,success,146,33,24,0,2,2,2962.62,software,1567.04,0,2,0,0.528937224483734,0.7272727272727273,0.0,0.06060606060606061,0,0,0
5728.57,upi,DEV_02848,SG,failed,116,47,42,0,2,4,5922.99,beauty,5728.57,0,5,1,0.9671753624436307,0.8936170212765957,0.0,0.0425531914893617,0,0,0
7589.62,netbanking,DEV_00123,SG,success,1019,32,23,0,1,4,2390.74,travel,7589.62,0,5,1,3.1745902942185267,0.71875,0.0,0.03125,0,0,0
6408.77,wallet,DEV_02419,GB,success,1290,37,34,2,2,2,2354.76,electronics,6408.77,0,2,0,2.7216234350846795,0.918918918918919,0.05405405405405406,0.05405405405405406,1,0,0
2969.4,wallet,DEV_02708,GB,failed,377,9,4,0,2,3,1185.6,beauty,2969.4,0,5,1,2.5045546558704457,0.4444444444444444,0.0,0.2222222222222222,0,0,0
2620.14,wallet,DEV_01412,AE,success,1161,27,18,0,2,2,5661.42,beauty,2620.14,0,3,0,0.46280615110696605,0.6666666666666666,0.0,0.07407407407407407,0,0,0
11661.66,upi,DEV_00062,SG,failed,1832,39,33,0,4,1,3349.33,travel,11661.66,0,0,0,3.481788895092451,0.8461538461538461,0.0,0.10256410256410256,0,0,0
7594.81,card,DEV_02753,US,success,1635,27,17,0,2,3,1716.85,electronics,7594.81,0,3,0,4.423688732271311,0.6296296296296297,0.0,0.07407407407407407,0,0,0
1207.92,netbanking,DEV_02341,GB,success,105,22,12,0,1,3,3139.14,electronics,1207.92,0,6,1,0.3847932873334735,0.5454545454545454,0.0,0.045454545454545456,0,0,0
50881.8,netbanking,DEV_00787,GB,success,1124,33,29,0,2,1,1810.66,electronics,50881.8,0,0,0,28.10124484994422,0.8787878787878788,0.0,0.06060606060606061,0,0,0
8064.03,upi,DEV_02407,GB,success,998,25,25,0,1,3,1860.03,electronics,8064.03,0,3,0,4.335430073708489,1.0,0.0,0.04,0,0,0
682.02,card,DEV_00121,US,success,1983,26,17,1,1,4,9621.27,electronics,682.02,0,6,1,0.07088669167376031,0.6538461538461539,0.038461538461538464,0.038461538461538464,1,0,0
1413.71,card,DEV_00027,SG,failed,1488,42,37,1,3,2,561.47,software,1413.71,0,2,0,2.517872726948902,0.8809523809523809,0.023809523809523808,0.07142857142857142,1,0,0
302.01,wallet,DEV_00257,IN,failed,611,33,33,1,1,3,5786.78,software,302.01,0,4,0,0.05218964605531919,1.0,0.030303030303030304,0.030303030303030304,1,0,1
5330.38,upi,DEV_00308,IN,success,96,15,9,0,1,3,1841.41,fashion,5330.38,0,6,1,2.8947274099738785,0.6,0.0,0.06666666666666667,0,0,0
2065.02,netbanking,DEV_00105,IN,failed,1692,9,8,0,2,1,2605.87,software,2065.02,0,5,1,0.7924493547260608,0.8888888888888888,0.0,0.2222222222222222,0,0,0
5364.52,card,DEV_02508,GB,success,1816,35,25,0,1,1,977.41,fashion,5364.52,0,2,0,5.488505335529615,0.7142857142857143,0.0,0.02857142857142857,0,0,0
3097.91,card,DEV_01317,IN,failed,1370,43,40,0,1,3,3526.79,home,3097.91,0,0,0,0.8783936667621264,0.9302325581395349,0.0,0.023255813953488372,0,0,0
4001.84,upi,DEV_02579,SG,failed,879,22,13,0,1,4,4621.97,travel,4001.84,0,4,0,0.8658299383163456,0.5909090909090909,0.0,0.045454545454545456,0,0,0
6972.88,wallet,DEV_02569,US,success,699,33,26,0,0,2,1563.75,home,6972.88,0,1,0,4.459075939248601,0.7878787878787878,0.0,0.0,0,0,0
2456.77,upi,DEV_02612,GB,success,1564,35,25,0,0,3,4772.28,grocery,2456.77,0,2,0,0.5148000536431224,0.7142857142857143,0.0,0.0,0,0,0
745.07,wallet,DEV_01805,AE,success,39,36,29,0,0,2,2302.18,electronics,745.07,0,2,0,0.3236367269283897,0.8055555555555556,0.0,0.0,0,0,0
6558.86,wallet,DEV_00665,IN,failed,1463,26,20,1,2,4,3829.72,travel,6558.86,0,3,0,1.7126212882403935,0.7692307692307693,0.038461538461538464,0.07692307692307693,1,0,0
3676.66,upi,DEV_02974,AE,failed,798,41,35,0,2,1,5828.34,home,3676.66,0,2,0,0.630824557249577,0.8536585365853658,0.0,0.04878048780487805,0,0,0
8608.07,upi,DEV_02443,US,success,712,30,20,0,2,1,699.27,fashion,8608.07,0,0,0,12.3100805125345,0.6666666666666666,0.0,0.06666666666666667,0,0,0
5560.68,card,DEV_02016,AE,success,1292,29,28,1,2,2,4481.28,software,5560.68,0,3,0,1.2408686803770352,0.9655172413793104,0.034482758620689655,0.06896551724137931,1,0,0
4411.22,upi,DEV_02316,SG,success,1236,48,47,1,2,1,10265.65,fashion,4411.22,0,6,1,0.42970683785244973,0.9791666666666666,0.020833333333333332,0.041666666666666664,1,0,0
9240.08,card,DEV_01628,SG,success,1160,29,25,0,2,3,3051.08,grocery,9240.08,0,0,0,3.02846205278131,0.8620689655172413,0.0,0.06896551724137931,0,0,0
3472.34,card,DEV_00800,US,failed,1761,11,11,0,3,2,7803.67,home,3472.34,0,5,1,0.4449624343417905,1.0,0.0,0.2727272727272727,0,0,0
1323.73,upi,DEV_00366,US,success,846,9,5,1,2,1,4096.66,electronics,1323.73,0,6,1,0.323124203619534,0.5555555555555556,0.1111111111111111,0.2222222222222222,1,0,0
456.45,upi,DEV_00830,GB,success,1999,29,26,0,2,4,7419.1,electronics,456.45,0,0,0,0.061523634942243666,0.896551724137931,0.0,0.06896551724137931,0,0,0
20445.59,wallet,DEV_02232,IN,success,1721,47,42,0,3,2,1818.71,grocery,20445.59,0,2,0,11.241808754556802,0.8936170212765957,0.0,0.06382978723404255,0,0,1
3614.15,upi,DEV_00673,IN,success,217,48,46,0,1,2,10594.11,home,3614.15,0,2,0,0.3411471091011892,0.9583333333333334,0.0,0.020833333333333332,0,0,0
9590.52,card,DEV_01556,IN,failed,617,14,10,0,3,3,1966.16,grocery,9590.52,0,3,0,4.877792244781706,0.7142857142857143,0.0,0.21428571428571427,0,0,0
11546.95,upi,DEV_02103,GB,failed,1887,26,25,0,3,1,1398.64,home,11546.95,0,1,0,8.25584138877767,0.9615384615384616,0.0,0.11538461538461539,0,0,0
2161.98,wallet,DEV_02237,SG,failed,1178,46,39,0,0,2,6622.15,beauty,2161.98,0,0,0,0.32647705050474546,0.8478260869565217,0.0,0.0,0,0,0
1165.35,card,DEV_00780,US,success,1430,41,39,1,5,3,11418.89,grocery,1165.35,0,5,1,0.102054577984375,0.9512195121951219,0.024390243902439025,0.12195121951219512,1,0,0
7487.01,netbanking,DEV_01258,GB,success,470,21,13,0,2,1,3843.66,software,7487.01,0,0,0,1.9478856090288945,0.6190476190476191,0.0,0.09523809523809523,0,0,0
7007.52,upi,DEV_02371,GB,success,1181,37,27,0,1,4,9618.17,beauty,7007.52,0,1,0,0.7285710275447409,0.7297297297297297,0.0,0.02702702702702703,0,0,0
3317.13,wallet,DEV_01205,SG,success,1576,38,36,0,1,2,3310.05,fashion,3317.13,0,0,0,1.0021389404993881,0.9473684210526315,0.0,0.02631578947368421,0,0,0
3269.96,wallet,DEV_01129,GB,success,1918,25,16,0,1,3,2045.3,grocery,3269.96,0,2,0,1.598767906908522,0.64,0.0,0.04,0,0,0
5672.95,wallet,DEV_00840,GB,success,1841,20,14,0,2,4,1057.01,beauty,5672.95,0,5,1,5.366978552710003,0.7,0.0,0.1,0,0,1
3238.93,wallet,DEV_01927,SG,success,958,5,5,0,2,1,12051.78,home,3238.93,0,2,0,0.26875117202604093,1.0,0.0,0.4,0,0,0
5473.57,wallet,DEV_02047,SG,success,724,25,25,0,1,2,2848.16,software,5473.57,0,4,0,1.9217916128307397,1.0,0.0,0.04,0,0,0
3739.14,card,DEV_00058,US,success,1702,13,12,0,1,2,1232.72,software,3739.14,0,5,1,3.03324355895905,0.9230769230769231,0.0,0.07692307692307693,0,0,1
2000.49,wallet,DEV_02413,SG,success,565,24,22,1,1,4,7384.29,travel,2000.49,0,4,0,0.27091162454345646,0.9166666666666666,0.041666666666666664,0.041666666666666664,1,0,0
1560.72,card,DEV_02574,US,failed,1709,12,2,0,2,4,705.86,electronics,1560.72,0,6,1,2.2110900178505655,0.16666666666666666,0.0,0.16666666666666666,0,0,1
4846.6,upi,DEV_02346,SG,failed,1501,45,41,0,1,4,3134.1,fashion,4846.6,0,6,1,1.5464088574072303,0.9111111111111111,0.0,0.022222222222222223,0,0,0
10494.94,wallet,DEV_00958,AE,success,1653,31,23,0,0,4,5252.08,home,10494.94,0,0,0,1.9982445050341962,0.7419354838709677,0.0,0.0,0,0,0
2554.42,upi,DEV_00471,SG,success,215,14,6,0,0,1,8051.54,grocery,2554.42,0,6,1,0.31725856171614375,0.42857142857142855,0.0,0.0,0,0,0
3256.13,wallet,DEV_00120,GB,failed,152,23,23,0,0,2,1756.07,beauty,3256.13,0,5,1,1.8542142397512629,1.0,0.0,0.0,0,0,0
5723.19,card,DEV_02019,SG,failed,1263,12,10,1,1,3,3239.95,travel,5723.19,0,2,0,1.7664439266038057,0.8333333333333334,0.08333333333333333,0.08333333333333333,1,0,0
8499.88,wallet,DEV_02789,IN,failed,525,17,17,0,1,2,2641.33,home,8499.88,0,0,0,3.2180303104875194,1.0,0.0,0.058823529411764705,0,0,0
2248.92,card,DEV_01650,AE,failed,56,14,14,0,4,4,3161.7,software,2248.92,0,0,0,0.7113008824366639,1.0,0.0,0.2857142857142857,0,0,0
1514.22,upi,DEV_00064,GB,success,1802,11,6,0,0,3,7869.35,travel,1514.22,0,2,0,0.1924199584463774,0.5454545454545454,0.0,0.0,0,0,0
2476.39,wallet,DEV_02215,US,success,1065,32,26,2,1,1,3080.62,beauty,2476.39,0,3,0,0.803860911115295,0.8125,0.0625,0.03125,1,0,0
5243.4,upi,DEV_00918,GB,success,1910,24,17,0,4,3,4658.29,software,5243.4,0,2,0,1.1256061773741006,0.7083333333333334,0.0,0.16666666666666666,0,0,0
7003.64,card,DEV_01612,GB,success,232,3,3,2,1,4,2076.02,travel,7003.64,0,6,1,3.373589849808769,1.0,0.6666666666666666,0.3333333333333333,1,0,0
23728.4,wallet,DEV_00430,GB,success,193,39,29,0,3,4,4377.29,electronics,23728.4,0,1,0,5.420796885744377,0.7435897435897436,0.0,0.07692307692307693,0,0,0
2197.93,card,DEV_02142,US,success,31,28,21,0,2,2,1051.11,fashion,2197.93,0,0,0,2.091056121623807,0.75,0.0,0.07142857142857142,0,0,0
6516.66,netbanking,DEV_02326,AE,success,1984,21,21,0,1,4,2547.22,beauty,6516.66,0,0,0,2.558342035631002,1.0,0.0,0.047619047619047616,0,0,0
8868.63,netbanking,DEV_00964,AE,success,317,28,20,0,0,3,5126.84,grocery,8868.63,0,1,0,1.7298433342955892,0.7142857142857143,0.0,0.0,0,0,0
1226.05,card,DEV_00649,US,success,631,28,20,0,0,4,1087.86,home,1226.05,0,5,1,1.1270292133178903,0.7142857142857143,0.0,0.0,0,0,0
4339.9,card,DEV_02479,US,failed,538,36,35,0,1,3,3762.45,software,4339.9,0,4,0,1.1534771226195697,0.9722222222222222,0.0,0.027777777777777776,0,0,1
13129.28,netbanking,DEV_02079,GB,success,564,12,8,0,2,1,1856.72,travel,13129.28,0,0,0,7.071222370632083,0.6666666666666666,0.0,0.16666666666666666,0,0,0
3144.41,netbanking,DEV_02481,GB,success,1301,48,40,0,0,2,2056.62,grocery,3144.41,0,2,0,1.5289212397039804,0.8333333333333334,0.0,0.0,0,0,0
3791.28,card,DEV_01162,GB,failed,363,37,30,0,2,2,1156.6,home,3791.28,0,6,1,3.2779526197475364,0.8108108108108109,0.0,0.05405405405405406,0,0,0
2352.46,card,DEV_02848,AE,success,1504,20,18,0,1,3,1025.56,grocery,2352.46,0,5,1,2.2938297125472915,0.9,0.0,0.05,0,0,0
3058.47,upi,DEV_00964,SG,failed,1544,40,33,0,1,4,2599.9,grocery,3058.47,0,0,0,1.1763798607638754,0.825,0.0,0.025,0,0,0
8690.04,wallet,DEV_01957,US,success,395,38,32,0,2,1,2271.85,home,8690.04,0,1,0,3.825094086317319,0.8421052631578947,0.0,0.05263157894736842,0,0,0
2500.24,card,DEV_02522,AE,failed,1404,42,35,0,1,1,2526.85,home,2500.24,0,3,0,0.9894691018461721,0.8333333333333334,0.0,0.023809523809523808,0,0,0
5811.71,card,DEV_02516,IN,failed,231,49,49,0,3,1,1202.96,software,5811.71,0,5,1,4.831174768903372,1.0,0.0,0.061224489795918366,0,0,0
2802.03,wallet,DEV_02501,SG,failed,1603,11,6,0,2,2,5387.16,grocery,2802.03,0,3,0,0.5201312008553672,0.5454545454545454,0.0,0.18181818181818182,0,0,0
4708.09,upi,DEV_02555,SG,failed,1299,34,28,1,3,3,410.55,fashion,4708.09,0,2,0,11.467762757276823,0.8235294117647058,0.029411764705882353,0.08823529411764706,1,0,0
7467.71,upi,DEV_00531,GB,success,1153,29,21,1,3,2,8520.18,fashion,7467.71,0,2,0,0.8764732669967066,0.7241379310344828,0.034482758620689655,0.10344827586206896,1,0,1
11937.24,wallet,DEV_00157,SG,success,904,39,34,0,0,3,1862.72,electronics,11937.24,0,0,0,6.408499398728741,0.8717948717948718,0.0,0.0,0,0,0
23159.01,wallet,DEV_02636,US,success,123,11,8,0,4,2,5546.69,beauty,23159.01,0,2,0,4.175284719355147,0.7272727272727273,0.0,0.36363636363636365,0,0,0
7767.24,netbanking,DEV_00213,GB,success,778,30,29,0,3,1,2641.9,electronics,7767.24,0,5,1,2.940020439834967,0.9666666666666667,0.0,0.1,0,0,0
5915.91,netbanking,DEV_01599,AE,success,39,36,29,0,0,2,2302.18,travel,5915.91,0,0,0,2.5696991547142276,0.8055555555555556,0.0,0.0,0,0,0
6183.15,wallet,DEV_02332,IN,success,1644,5,2,1,1,2,4409.93,beauty,6183.15,0,3,0,1.4020970854412653,0.4,0.2,0.2,1,0,0
1832.39,upi,DEV_01146,SG,success,525,17,17,0,1,2,2641.33,home,1832.39,0,6,1,0.6937376246057858,1.0,0.0,0.058823529411764705,0,0,0
1778.02,netbanking,DEV_01100,GB,failed,778,35,35,1,1,2,2440.96,electronics,1778.02,0,0,0,0.7284101337178814,1.0,0.02857142857142857,0.02857142857142857,1,0,0
4622.38,wallet,DEV_02432,AE,success,779,12,9,1,1,4,3060.33,fashion,4622.38,0,4,0,1.5104188110432535,0.75,0.08333333333333333,0.08333333333333333,1,0,0
5500.55,netbanking,DEV_02505,GB,success,301,40,34,0,1,3,2507.05,home,5500.55,0,1,0,2.194032827426657,0.85,0.0,0.025,0,0,0
2270.39,upi,DEV_02800,SG,success,1800,26,16,0,2,2,1927.75,travel,2270.39,0,3,0,1.1777408896381791,0.6153846153846154,0.0,0.07692307692307693,0,0,1
3536.67,wallet,DEV_00911,US,success,1938,37,30,0,2,2,7149.04,fashion,3536.67,0,2,0,0.4947055828474872,0.8108108108108109,0.0,0.05405405405405406,0,0,0
4218.27,netbanking,DEV_01659,US,success,414,29,22,0,0,4,8498.94,grocery,4218.27,0,6,1,0.49632895396367077,0.7586206896551724,0.0,0.0,0,0,0
5597.96,netbanking,DEV_00765,SG,success,248,10,6,0,2,3,6314.08,electronics,5597.96,0,1,0,0.8865836353039557,0.6,0.0,0.2,0,0,0
1884.13,wallet,DEV_00729,GB,success,1756,32,32,1,3,1,2012.05,travel,1884.13,0,4,0,0.9364230511170201,1.0,0.03125,0.09375,1,0,0
4138.33,upi,DEV_01654,SG,success,1125,48,38,1,0,2,2164.38,travel,4138.33,0,3,0,1.91201637420416,0.7916666666666666,0.020833333333333332,0.0,1,0,0
2244.14,netbanking,DEV_02170,SG,success,1802,11,6,0,0,3,7869.35,travel,2244.14,0,0,0,0.28517476030421823,0.5454545454545454,0.0,0.0,0,0,0
3227.14,card,DEV_00916,SG,failed,105,48,40,1,2,4,2020.9,fashion,3227.14,0,2,0,1.5968825770696222,0.8333333333333334,0.020833333333333332,0.041666666666666664,1,0,0
4545.14,netbanking,DEV_01499,IN,failed,1753,18,10,0,2,2,1060.48,fashion,4545.14,0,0,0,4.285927127338564,0.5555555555555556,0.0,0.1111111111111111,0,0,0
1234.61,netbanking,DEV_01583,SG,success,1590,16,16,0,2,1,2512.78,grocery,1234.61,0,2,0,0.4913323092351896,1.0,0.0,0.125,0,0,0
5349.64,netbanking,DEV_01998,GB,success,116,47,42,0,2,4,5922.99,home,5349.64,0,4,0,0.9031992287679028,0.8936170212765957,0.0,0.0425531914893617,0,0,0
1563.47,upi,DEV_00032,US,success,1049,41,39,2,2,3,2499.69,software,1563.47,0,4,0,0.6254655577291585,0.9512195121951219,0.04878048780487805,0.04878048780487805,1,0,0
4679.57,card,DEV_00464,AE,failed,1170,38,30,0,2,4,3666.3,beauty,4679.57,0,2,0,1.276374001036467,0.7894736842105263,0.0,0.05263157894736842,0,0,0
5734.97,upi,DEV_00193,US,success,1410,48,46,2,3,3,1003.49,electronics,5734.97,0,3,0,5.715024564270696,0.9583333333333334,0.041666666666666664,0.0625,1,0,0
2458.36,upi,DEV_01103,IN,success,1038,12,11,0,1,2,2973.65,home,2458.36,0,4,0,0.8267146436197939,0.9166666666666666,0.0,0.08333333333333333,0,0,0
6414.01,upi,DEV_01616,GB,success,1203,4,2,0,1,1,3333.87,grocery,6414.01,0,4,0,1.9238932531862372,0.5,0.0,0.25,0,0,0
819.22,netbanking,DEV_01859,IN,success,38,20,10,1,2,1,2275.95,grocery,819.22,0,2,0,0.3599463960104572,0.5,0.05,0.1,1,0,1
8580.08,upi,DEV_00440,US,success,782,20,12,0,3,4,2908.8,fashion,8580.08,0,0,0,2.9496974697469747,0.6,0.0,0.15,0,0,0
6658.44,netbanking,DEV_02537,US,failed,717,5,0,0,2,3,1302.48,electronics,6658.44,0,2,0,5.112124562373318,0.0,0.0,0.4,0,0,0
3637.95,wallet,DEV_02982,SG,success,736,2,1,0,4,1,3746.72,electronics,3637.95,0,6,1,0.9709692744587266,0.5,0.0,2.0,0,0,0
1545.15,wallet,DEV_01833,GB,success,1034,37,35,0,1,3,5198.99,travel,1545.15,0,0,0,0.2972019565338653,0.9459459459459459,0.0,0.02702702702702703,0,0,0
2799.77,netbanking,DEV_00614,IN,success,830,38,38,2,3,1,3546.77,fashion,2799.77,0,5,1,0.7893858355630616,1.0,0.05263157894736842,0.07894736842105263,1,0,0
3428.92,card,DEV_01450,US,failed,1509,33,24,0,1,2,1308.12,software,3428.92,0,0,0,2.6212579885637406,0.7272727272727273,0.0,0.030303030303030304,0,0,0
5332.99,card,DEV_02852,SG,failed,607,39,32,1,2,3,2146.46,beauty,5332.99,0,4,0,2.4845513077345953,0.8205128205128205,0.02564102564102564,0.05128205128205128,1,0,1
3789.72,card,DEV_02479,US,failed,825,16,10,0,1,2,3876.36,electronics,3789.72,0,0,0,0.9776491347552858,0.625,0.0,0.0625,0,0,1
2311.82,card,DEV_01113,GB,success,1659,35,31,0,1,2,3117.91,home,2311.82,0,1,0,0.741464634963806,0.8857142857142857,0.0,0.02857142857142857,0,0,0
3499.73,netbanking,DEV_01648,US,success,1236,48,47,1,2,1,10265.65,grocery,3499.73,0,3,0,0.3409165518013959,0.9791666666666666,0.020833333333333332,0.041666666666666664,1,0,0
1131.25,wallet,DEV_01705,IN,failed,1825,3,0,0,0,3,1238.91,software,1131.25,0,2,0,0.9131010323590898,0.0,0.0,0.0,0,0,0
4094.72,wallet,DEV_02208,AE,success,1405,5,2,0,2,1,638.51,beauty,4094.72,0,4,0,6.412930102895804,0.4,0.0,0.4,0,0,0
3603.73,upi,DEV_00567,AE,success,105,19,12,1,2,1,8070.12,fashion,3603.73,0,1,0,0.4465522197935099,0.631578947368421,0.05263157894736842,0.10526315789473684,1,0,0
2639.42,netbanking,DEV_02742,GB,success,237,22,15,1,3,2,1585.2,software,2639.42,0,1,0,1.665039111784002,0.6818181818181818,0.045454545454545456,0.13636363636363635,1,0,0
1098.85,wallet,DEV_01490,GB,success,1179,13,13,0,2,4,2545.18,travel,1098.85,0,1,0,0.4317376374166071,1.0,0.0,0.15384615384615385,0,0,0
1818.78,upi,DEV_02057,US,success,538,19,10,0,2,4,3657.51,grocery,1818.78,0,3,0,0.497272734729365,0.5263157894736842,0.0,0.10526315789473684,0,0,1
3849.76,card,DEV_02840,AE,success,439,8,2,0,4,1,973.9,fashion,3849.76,0,4,0,3.952931512475614,0.25,0.0,0.5,0,0,0
3832.22,upi,DEV_00026,IN,success,1673,37,37,0,0,4,2906.1,software,3832.22,0,6,1,1.3186813943085234,1.0,0.0,0.0,0,0,1
3638.25,netbanking,DEV_01526,US,success,380,5,2,0,1,3,8456.74,beauty,3638.25,0,6,1,0.4302189732686591,0.4,0.0,0.2,0,0,0
1648.44,card,DEV_00969,US,success,1456,24,22,1,1,2,1711.28,electronics,1648.44,0,6,1,0.9632789490907392,0.9166666666666666,0.041666666666666664,0.041666666666666664,1,0,0
5134.24,netbanking,DEV_01300,IN,success,1877,39,37,0,0,1,3227.22,beauty,5134.24,0,0,0,1.5909172600566432,0.9487179487179487,0.0,0.0,0,0,0
3670.32,netbanking,DEV_01393,AE,success,596,4,1,3,2,1,1580.74,fashion,3670.32,0,4,0,2.3218998696812885,0.25,0.75,0.5,1,0,0
6276.33,wallet,DEV_02276,US,success,969,27,19,0,0,3,11492.72,travel,6276.33,0,2,0,0.5461135397016547,0.7037037037037037,0.0,0.0,0,0,0
4805.76,netbanking,DEV_01243,GB,failed,1137,29,19,0,1,2,3010.33,beauty,4805.76,0,3,0,1.5964229835267232,0.6551724137931034,0.0,0.034482758620689655,0,0,1
6293.72,wallet,DEV_02403,SG,failed,816,49,41,1,1,1,3703.37,beauty,6293.72,0,4,0,1.6994575211226532,0.8367346938775511,0.02040816326530612,0.02040816326530612,1,0,1
2868.07,upi,DEV_02047,US,failed,249,9,4,0,1,1,4909.36,electronics,2868.07,0,6,1,0.5842044584222792,0.4444444444444444,0.0,0.1111111111111111,0,0,0
2577.8,wallet,DEV_02947,GB,failed,1927,25,21,0,0,4,17633.7,beauty,2577.8,0,6,1,0.14618599613240557,0.84,0.0,0.0,0,0,0
1707.05,upi,DEV_00027,US,success,1057,50,49,0,0,4,5440.96,grocery,1707.05,0,5,1,0.3137405898959007,0.98,0.0,0.0,0,0,0
4656.72,netbanking,DEV_01180,US,success,1289,39,37,0,3,4,554.5,home,4656.72,0,6,1,8.398052299368802,0.9487179487179487,0.0,0.07692307692307693,0,0,0
556.93,upi,DEV_02899,SG,success,1661,47,47,0,1,1,4436.23,fashion,556.93,0,6,1,0.1255412816738537,1.0,0.0,0.02127659574468085,0,0,0
2800.5,upi,DEV_00780,IN,success,816,49,41,1,1,1,3703.37,electronics,2800.5,0,0,0,0.7562031339023646,0.8367346938775511,0.02040816326530612,0.02040816326530612,1,0,0
3632.16,upi,DEV_02643,IN,success,1483,3,2,0,1,4,2726.61,software,3632.16,0,2,0,1.3321157041161,0.6666666666666666,0.0,0.3333333333333333,0,0,0
1000.54,card,DEV_00242,AE,success,499,13,6,0,0,3,7734.86,beauty,1000.54,0,3,0,0.12935463602444,0.46153846153846156,0.0,0.0,0,0,0
10705.24,card,DEV_02129,US,success,133,22,15,1,1,2,10503.78,fashion,10705.24,0,4,0,1.0191797619523637,0.6818181818181818,0.045454545454545456,0.045454545454545456,1,0,1
7875.78,wallet,DEV_00656,US,failed,397,15,13,0,1,1,6824.86,travel,7875.78,0,4,0,1.1539841110293838,0.8666666666666667,0.0,0.06666666666666667,0,0,0
2603.12,netbanking,DEV_00100,SG,failed,1820,24,22,0,2,1,3656.65,beauty,2603.12,0,3,0,0.7118865628375699,0.9166666666666666,0.0,0.08333333333333333,0,0,0
3090.82,wallet,DEV_02125,IN,failed,1713,3,2,2,1,4,1070.13,electronics,3090.82,0,5,1,2.8882659116182143,0.6666666666666666,0.6666666666666666,0.3333333333333333,1,0,0
8421.44,upi,DEV_00741,GB,failed,164,20,18,0,2,4,1006.21,software,8421.44,0,6,1,8.369465618509059,0.9,0.0,0.1,0,0,0
4227.53,netbanking,DEV_01067,GB,success,613,42,40,0,1,3,3904.28,software,4227.53,0,6,1,1.0827937545462927,0.9523809523809523,0.0,0.023809523809523808,0,0,0
5174.25,wallet,DEV_00556,AE,success,1851,9,8,0,0,4,1344.29,fashion,5174.25,0,0,0,3.8490578669781077,0.8888888888888888,0.0,0.0,0,0,0
7281.66,netbanking,DEV_00584,SG,failed,1463,26,20,1,2,4,3829.72,home,7281.66,0,5,1,1.9013557126891785,0.7692307692307693,0.038461538461538464,0.07692307692307693,1,0,0
1978.68,wallet,DEV_02694,SG,success,1576,14,10,0,2,4,3531.55,electronics,1978.68,0,1,0,0.5602865597258994,0.7142857142857143,0.0,0.14285714285714285,0,0,1
2026.49,wallet,DEV_00218,SG,success,180,31,30,1,1,4,3731.82,home,2026.49,0,1,0,0.5430299424945468,0.967741935483871,0.03225806451612903,0.03225806451612903,1,0,0
1761.69,wallet,DEV_00496,AE,success,263,46,43,0,3,3,1721.11,software,1761.69,0,5,1,1.02357780734526,0.9347826086956522,0.0,0.06521739130434782,0,0,0
1654.75,wallet,DEV_02816,US,failed,738,43,43,0,2,4,2217.42,home,1654.75,0,4,0,0.7462501465667307,1.0,0.0,0.046511627906976744,0,0,0
12000.71,upi,DEV_02313,SG,success,1227,7,0,0,3,3,770.24,electronics,12000.71,0,1,0,15.580481408392188,0.0,0.0,0.42857142857142855,0,0,1
1142.62,netbanking,DEV_00745,US,success,1713,34,34,0,4,2,1833.67,software,1142.62,0,0,0,0.6231328428779441,1.0,0.0,0.11764705882352941,0,0,0
3005.53,wallet,DEV_00702,IN,failed,905,6,2,0,2,4,6711.43,electronics,3005.53,0,1,0,0.4478225951846328,0.3333333333333333,0.0,0.3333333333333333,0,0,0
2622.39,netbanking,DEV_02693,SG,success,1494,28,24,0,1,1,5117.1,beauty,2622.39,0,1,0,0.5124758163803717,0.8571428571428571,0.0,0.03571428571428571,0,0,0
6286.16,upi,DEV_02266,SG,success,811,37,32,0,0,3,6968.59,home,6286.16,0,4,0,0.90207057668768,0.8648648648648649,0.0,0.0,0,0,0
10295.34,upi,DEV_01332,GB,success,215,14,6,0,0,1,8051.54,fashion,10295.34,0,0,0,1.2786796066342587,0.42857142857142855,0.0,0.0,0,0,0
3891.99,upi,DEV_01312,SG,success,179,46,41,0,0,2,5893.09,beauty,3891.99,0,4,0,0.6604328119882777,0.8913043478260869,0.0,0.0,0,0,0
5186.13,wallet,DEV_00501,AE,failed,1167,28,24,0,0,2,3451.7,home,5186.13,0,6,1,1.5024857316684532,0.8571428571428571,0.0,0.0,0,0,0
4164.33,wallet,DEV_00897,US,failed,1600,37,33,1,0,1,5158.36,beauty,4164.33,0,6,1,0.8072972805310216,0.8918918918918919,0.02702702702702703,0.0,1,0,0
5850.59,netbanking,DEV_01013,IN,success,1381,31,29,0,4,2,2707.85,home,5850.59,0,2,0,2.160603430766106,0.9354838709677419,0.0,0.12903225806451613,0,0,0
7504.34,netbanking,DEV_01040,SG,failed,1226,31,29,0,4,2,1827.3,home,7504.34,0,0,0,4.106791440923767,0.9354838709677419,0.0,0.12903225806451613,0,0,0
10556.07,card,DEV_00740,AE,failed,1720,40,40,0,2,1,2033.11,home,10556.07,0,3,0,5.192080113717409,1.0,0.0,0.05,0,0,0
1939.79,card,DEV_00766,SG,failed,1940,3,3,1,2,3,2507.06,electronics,1939.79,0,5,1,0.7737309837020255,1.0,0.3333333333333333,0.6666666666666666,1,0,1
6587.99,card,DEV_00664,IN,success,56,14,14,0,4,4,3161.7,electronics,6587.99,0,3,0,2.083685991713319,1.0,0.0,0.2857142857142857,0,0,0
3864.38,wallet,DEV_02159,AE,success,708,24,18,2,0,2,1567.78,software,3864.38,0,5,1,2.4648738981234612,0.75,0.08333333333333333,0.0,1,0,1
28656.19,upi,DEV_02009,GB,success,1699,35,32,0,0,3,2442.36,software,28656.19,0,3,0,11.73299186033181,0.9142857142857143,0.0,0.0,0,0,0
2987.88,upi,DEV_00612,IN,success,955,12,9,0,1,1,4119.64,home,2987.88,0,0,0,0.7252769659484809,0.75,0.0,0.08333333333333333,0,0,0
3835.36,upi,DEV_01493,AE,success,1816,3,3,0,2,2,1992.07,grocery,3835.36,0,0,0,1.925313869492538,1.0,0.0,0.6666666666666666,0,0,0
6068.2,upi,DEV_00710,IN,success,1418,49,49,0,4,2,1350.17,travel,6068.2,0,5,1,4.494397001859025,1.0,0.0,0.08163265306122448,0,0,0
4504.19,netbanking,DEV_02271,AE,failed,635,27,18,1,0,1,12838.87,fashion,4504.19,0,4,0,0.3508244884479708,0.6666666666666666,0.037037037037037035,0.0,1,0,0
5738.54,wallet,DEV_01431,US,success,877,11,3,0,1,1,6636.39,electronics,5738.54,0,5,1,0.8647080717076603,0.2727272727272727,0.0,0.09090909090909091,0,0,0
3928.74,netbanking,DEV_00757,US,failed,1614,21,11,1,1,3,6307.08,electronics,3928.74,0,5,1,0.6229094921897296,0.5238095238095238,0.047619047619047616,0.047619047619047616,1,0,0
2550.02,card,DEV_00166,US,success,975,29,19,0,3,1,5808.12,travel,2550.02,0,0,0,0.43904395914684957,0.6551724137931034,0.0,0.10344827586206896,0,0,0
908.89,netbanking,DEV_00968,AE,success,252,39,35,0,2,3,1867.06,beauty,908.89,0,0,0,0.4868027808426082,0.8974358974358975,0.0,0.05128205128205128,0,0,0
6130.43,netbanking,DEV_00449,AE,success,736,22,20,0,0,4,3254.86,electronics,6130.43,0,6,1,1.8834696423194854,0.9090909090909091,0.0,0.0,0,0,0
5875.77,upi,DEV_00861,SG,success,313,10,3,0,1,4,1462.59,beauty,5875.77,0,1,0,4.01737328984883,0.3,0.0,0.1,0,0,0
18705.42,card,DEV_00612,SG,success,813,41,34,0,0,2,3286.73,home,18705.42,0,3,0,5.6911945915849484,0.8292682926829268,0.0,0.0,0,0,0
1329.76,card,DEV_00379,GB,failed,1881,21,18,0,2,1,975.65,grocery,1329.76,0,4,0,1.3629477784041408,0.8571428571428571,0.0,0.09523809523809523,0,0,0
1490.26,netbanking,DEV_02678,SG,success,1350,36,27,1,1,3,2459.32,fashion,1490.26,0,3,0,0.6059642502805653,0.75,0.027777777777777776,0.027777777777777776,1,0,0
1179.72,upi,DEV_00021,SG,failed,553,11,1,2,3,3,3111.06,electronics,1179.72,0,4,0,0.3792019440319377,0.09090909090909091,0.18181818181818182,0.2727272727272727,1,0,0
11019.35,card,DEV_00862,SG,success,1619,47,40,1,0,3,3192.24,grocery,11019.35,0,4,0,3.4519177756058443,0.851063829787234,0.02127659574468085,0.0,1,0,0
5165.49,card,DEV_00595,AE,success,1488,42,37,1,3,2,561.47,fashion,5165.49,0,1,0,9.19993944467202,0.8809523809523809,0.023809523809523808,0.07142857142857142,1,0,0
6155.55,upi,DEV_00474,US,success,381,40,37,1,2,3,3256.69,grocery,6155.55,0,1,0,1.8901246357497952,0.925,0.025,0.05,1,0,0
13741.58,wallet,DEV_01680,AE,success,1360,6,6,0,2,3,2782.66,software,13741.58,0,6,1,4.938289262791717,1.0,0.0,0.3333333333333333,0,0,1
2574.14,card,DEV_00472,SG,success,876,4,1,0,3,2,4657.0,electronics,2574.14,0,4,0,0.5527464032639038,0.25,0.0,0.75,0,0,0
9235.17,card,DEV_00462,AE,success,1400,20,12,0,2,4,3176.56,fashion,9235.17,0,1,0,2.9072864986022617,0.6,0.0,0.1,0,0,0
5282.94,upi,DEV_00741,IN,success,335,6,6,0,1,1,3879.87,beauty,5282.94,0,5,1,1.3616280957867144,1.0,0.0,0.16666666666666666,0,0,0
8920.21,wallet,DEV_00558,GB,failed,631,7,7,0,2,2,2390.91,grocery,8920.21,0,4,0,3.73088489319966,1.0,0.0,0.2857142857142857,0,0,0
9599.08,upi,DEV_00811,SG,success,400,34,24,0,1,3,1780.69,home,9599.08,0,5,1,5.3906519382935825,0.7058823529411765,0.0,0.029411764705882353,0,0,0
4438.08,card,DEV_01203,SG,failed,1227,25,25,1,1,3,844.39,fashion,4438.08,0,3,0,5.2559599237319246,1.0,0.04,0.04,1,0,0
2367.92,wallet,DEV_01382,US,success,1977,22,12,0,1,4,3681.92,home,2367.92,0,0,0,0.6431209803580741,0.5454545454545454,0.0,0.045454545454545456,0,0,0
1805.88,upi,DEV_01866,GB,success,240,26,22,0,3,1,2305.1,travel,1805.88,0,5,1,0.7834280508437813,0.8461538461538461,0.0,0.11538461538461539,0,0,0
3696.45,upi,DEV_01156,US,success,76,37,31,0,2,2,11994.15,travel,3696.45,0,0,0,0.3081877415239929,0.8378378378378378,0.0,0.05405405405405406,0,0,0
4706.04,netbanking,DEV_00094,SG,failed,1253,25,17,0,2,2,1273.95,electronics,4706.04,0,2,0,3.6940539267632166,0.68,0.0,0.08,0,0,0
9650.91,upi,DEV_01381,IN,success,847,43,43,0,2,3,6249.12,beauty,9650.91,0,3,0,1.5443630463169213,1.0,0.0,0.046511627906976744,0,0,0
7286.4,upi,DEV_00615,SG,failed,1292,43,37,0,4,2,2842.64,grocery,7286.4,0,6,1,2.5632510623927054,0.8604651162790697,0.0,0.09302325581395349,0,0,0
1274.81,upi,DEV_00071,SG,success,1918,25,16,0,1,3,2045.3,beauty,1274.81,0,3,0,0.6232875372805945,0.64,0.0,0.04,0,0,0
3028.91,netbanking,DEV_02956,AE,success,1713,3,2,2,1,4,1070.13,software,3028.91,0,0,0,2.830413127377047,0.6666666666666666,0.6666666666666666,0.3333333333333333,1,0,0
8507.04,card,DEV_00880,SG,success,1253,25,17,0,2,2,1273.95,software,8507.04,0,1,0,6.677687507359002,0.68,0.0,0.08,0,0,0
7063.24,upi,DEV_02845,SG,success,1443,46,43,1,4,3,4152.82,fashion,7063.24,0,4,0,1.700829797583329,0.9347826086956522,0.021739130434782608,0.08695652173913043,1,0,0
2489.11,card,DEV_00938,AE,success,1744,18,17,0,3,1,1595.62,electronics,2489.11,0,5,1,1.5599641518657326,0.9444444444444444,0.0,0.16666666666666666,0,0,0
3416.3,netbanking,DEV_00782,AE,success,1177,41,34,0,1,1,9275.7,beauty,3416.3,0,3,0,0.36830643509384736,0.8292682926829268,0.0,0.024390243902439025,0,0,0
7483.62,netbanking,DEV_01587,GB,success,567,43,40,0,0,3,2314.36,travel,7483.62,0,2,0,3.2335591697056634,0.9302325581395349,0.0,0.0,0,0,1
3026.81,upi,DEV_00111,GB,success,885,12,2,1,2,4,1949.46,beauty,3026.81,0,1,0,1.5526402183168673,0.16666666666666666,0.08333333333333333,0.16666666666666666,1,0,1
5186.42,card,DEV_00577,AE,failed,1277,13,7,0,2,2,2369.85,travel,5186.42,0,2,0,2.188501381944005,0.5384615384615384,0.0,0.15384615384615385,0,0,0
1919.18,card,DEV_01483,SG,failed,878,10,2,1,0,1,1584.64,home,1919.18,0,2,0,1.2111141962843295,0.2,0.1,0.0,1,0,0
2570.15,upi,DEV_02284,AE,success,1470,36,31,0,2,1,5341.31,beauty,2570.15,0,4,0,0.4811834549951229,0.8611111111111112,0.0,0.05555555555555555,0,0,0
1539.54,upi,DEV_02454,SG,failed,217,15,12,1,1,3,2731.94,electronics,1539.54,0,4,0,0.5635336061553328,0.8,0.06666666666666667,0.06666666666666667,1,0,0
450.33,card,DEV_01767,AE,success,447,35,33,0,1,3,4294.9,travel,450.33,0,6,1,0.10485226664183102,0.9428571428571428,0.0,0.02857142857142857,0,0,0
4957.15,wallet,DEV_00935,US,success,1201,34,26,0,2,4,1833.13,beauty,4957.15,0,0,0,2.7041999203548026,0.7647058823529411,0.0,0.058823529411764705,0,0,0
8937.34,card,DEV_01403,GB,success,745,15,8,1,1,3,2181.08,fashion,8937.34,0,6,1,4.097667210739634,0.5333333333333333,0.06666666666666667,0.06666666666666667,1,0,0
2708.52,card,DEV_00909,GB,success,628,3,2,0,0,2,2031.0,home,2708.52,0,4,0,1.333589364844904,0.6666666666666666,0.0,0.0,0,0,0
2237.83,card,DEV_00511,IN,success,1356,6,0,1,2,4,3175.49,travel,2237.83,0,6,1,0.7047195865834879,0.0,0.16666666666666666,0.3333333333333333,1,0,0
6026.87,wallet,DEV_02034,SG,failed,68,17,10,0,2,2,5809.14,home,6026.87,0,3,0,1.0374805909308433,0.5882352941176471,0.0,0.11764705882352941,0,0,0
1804.71,netbanking,DEV_01734,GB,success,1761,30,29,0,2,2,1737.99,travel,1804.71,0,1,0,1.0383891737006543,0.9666666666666667,0.0,0.06666666666666667,0,0,0
17638.21,netbanking,DEV_01814,SG,success,961,21,16,0,1,4,7134.42,grocery,17638.21,0,1,0,2.472269644904561,0.7619047619047619,0.0,0.047619047619047616,0,0,0
2664.31,netbanking,DEV_01168,AE,success,484,28,22,0,1,4,1266.16,electronics,2664.31,0,1,0,2.1042443293106716,0.7857142857142857,0.0,0.03571428571428571,0,0,0
2944.11,upi,DEV_01030,AE,success,1506,5,5,1,3,4,2390.94,grocery,2944.11,0,1,0,1.2313608873497452,1.0,0.2,0.6,1,0,0
1426.79,upi,DEV_01029,AE,success,492,12,8,1,4,1,1416.09,travel,1426.79,0,2,0,1.0075560169198285,0.6666666666666666,0.08333333333333333,0.3333333333333333,1,0,0
3759.05,card,DEV_00181,SG,success,784,30,28,0,1,4,4084.4,travel,3759.05,0,4,0,0.9203432572715698,0.9333333333333333,0.0,0.03333333333333333,0,0,0
1799.81,card,DEV_00159,US,failed,154,26,21,0,0,1,1816.44,software,1799.81,0,2,0,0.9908447292506221,0.8076923076923077,0.0,0.0,0,0,1
1821.73,upi,DEV_00412,AE,success,727,39,38,1,1,4,9458.19,grocery,1821.73,0,0,0,0.1926087338063625,0.9743589743589743,0.02564102564102564,0.02564102564102564,1,0,0
1261.67,card,DEV_02003,US,success,680,5,4,0,1,1,3638.51,grocery,1261.67,0,6,1,0.34675457811027044,0.8,0.0,0.2,0,0,0
14243.43,card,DEV_02118,IN,success,696,24,23,0,4,3,7900.8,beauty,14243.43,0,0,0,1.802783262454435,0.9583333333333334,0.0,0.16666666666666666,0,0,0
9770.15,wallet,DEV_00440,US,success,38,20,10,1,2,1,2275.95,home,9770.15,0,0,0,4.29277883960544,0.5,0.05,0.1,1,0,0
13292.77,card,DEV_01404,IN,success,1667,35,27,2,1,3,3375.93,software,13292.77,0,2,0,3.9375135147944422,0.7714285714285715,0.05714285714285714,0.02857142857142857,1,0,1
1875.75,upi,DEV_02083,IN,failed,1383,13,7,0,1,4,9351.21,travel,1875.75,0,2,0,0.20058901468366128,0.5384615384615384,0.0,0.07692307692307693,0,0,0
6621.51,card,DEV_01010,IN,success,166,25,25,0,1,3,3973.78,fashion,6621.51,0,2,0,1.6663000971367312,1.0,0.0,0.04,0,0,0
4212.67,netbanking,DEV_00327,IN,success,259,5,5,0,3,2,6253.5,fashion,4212.67,0,1,0,0.6736499560246262,1.0,0.0,0.6,0,0,0
556.01,netbanking,DEV_02174,GB,success,1871,35,34,0,1,1,1287.04,fashion,556.01,0,2,0,0.4320067752362009,0.9714285714285714,0.0,0.02857142857142857,0,0,0
3231.31,upi,DEV_01641,US,success,1606,20,12,2,3,3,3245.76,electronics,3231.31,0,4,0,0.9955480380558019,0.6,0.1,0.15,1,0,0
3830.88,card,DEV_00072,SG,success,164,20,18,0,2,4,1006.21,home,3830.88,0,2,0,3.8072370578706236,0.9,0.0,0.1,0,0,1
1737.9,netbanking,DEV_02178,SG,success,1199,39,35,0,1,2,20051.6,travel,1737.9,0,1,0,0.08667138781942589,0.8974358974358975,0.0,0.02564102564102564,0,0,0
1693.32,wallet,DEV_01745,AE,success,1305,49,46,0,0,4,687.73,grocery,1693.32,0,1,0,2.4621871955563956,0.9387755102040817,0.0,0.0,0,0,0
3053.23,wallet,DEV_00122,US,success,450,47,37,0,1,4,3702.67,home,3053.23,0,5,1,0.8246022464869945,0.7872340425531915,0.0,0.02127659574468085,0,0,0
11019.24,netbanking,DEV_00815,US,failed,1851,6,3,1,1,3,4076.06,travel,11019.24,0,4,0,2.703404758516803,0.5,0.16666666666666666,0.16666666666666666,1,0,0
1739.99,upi,DEV_01801,GB,failed,1270,37,36,0,1,2,5674.99,software,1739.99,0,0,0,0.3066067076770179,0.972972972972973,0.0,0.02702702702702703,0,0,0
1844.66,wallet,DEV_01790,US,success,1355,19,16,0,1,4,13412.44,beauty,1844.66,0,2,0,0.13753351366343483,0.8421052631578947,0.0,0.05263157894736842,0,0,0
3090.64,card,DEV_02149,US,success,1106,40,39,0,2,3,4597.75,grocery,3090.64,0,5,1,0.6722070578000109,0.975,0.0,0.05,0,0,0
1774.99,wallet,DEV_00078,IN,success,1739,48,42,1,2,2,670.76,electronics,1774.99,0,3,0,2.646237104180333,0.875,0.020833333333333332,0.041666666666666664,1,0,0
11758.38,wallet,DEV_01700,AE,success,1248,40,33,0,1,1,3625.78,software,11758.38,0,0,0,3.2429932318011567,0.825,0.0,0.025,0,0,0
6458.21,netbanking,DEV_02568,SG,success,120,1,1,0,0,2,8768.84,software,6458.21,0,2,0,0.7364953631267077,1.0,0.0,0.0,0,0,1
2443.67,card,DEV_00208,AE,failed,1489,46,46,0,3,3,1232.93,fashion,2443.67,0,6,1,1.9820022223483895,1.0,0.0,0.06521739130434782,0,0,0
907.27,wallet,DEV_00510,GB,success,1851,38,31,1,1,2,1038.4,grocery,907.27,0,5,1,0.8737191833590138,0.8157894736842105,0.02631578947368421,0.02631578947368421,1,0,0
1718.31,netbanking,DEV_02399,US,success,572,34,33,1,4,4,2180.78,travel,1718.31,0,2,0,0.7879336751070717,0.9705882352941176,0.029411764705882353,0.11764705882352941,1,0,1
6331.6,netbanking,DEV_02352,IN,success,1713,3,2,2,1,4,1070.13,beauty,6331.6,0,6,1,5.916664330501901,0.6666666666666666,0.6666666666666666,0.3333333333333333,1,0,0
6763.84,card,DEV_01298,US,success,1753,18,10,0,2,2,1060.48,fashion,6763.84,0,6,1,6.37809293904647,0.5555555555555556,0.0,0.1111111111111111,0,0,0
596.54,card,DEV_02416,GB,failed,170,39,30,0,0,2,4581.07,travel,596.54,0,0,0,0.1302184860742141,0.7692307692307693,0.0,0.0,0,0,0
4253.45,wallet,DEV_02483,SG,success,658,11,7,0,1,3,2044.3,travel,4253.45,0,3,0,2.0806388494839307,0.6363636363636364,0.0,0.09090909090909091,0,0,0
10374.78,card,DEV_00814,AE,failed,1300,50,47,0,1,2,2489.07,fashion,10374.78,0,0,0,4.1681350865986095,0.94,0.0,0.02,0,0,0
2965.96,card,DEV_01699,AE,success,545,16,16,0,1,4,4553.52,grocery,2965.96,0,3,0,0.6513554349162844,1.0,0.0,0.0625,0,0,0
7732.76,card,DEV_01683,AE,success,1145,32,27,0,1,3,5252.09,travel,7732.76,0,0,0,1.4723205428696005,0.84375,0.0,0.03125,0,0,0
8826.65,upi,DEV_01987,GB,failed,868,45,43,2,1,3,1359.85,beauty,8826.65,0,1,0,6.490899731588043,0.9555555555555556,0.044444444444444446,0.022222222222222223,1,0,0
11392.7,wallet,DEV_02339,GB,success,1678,6,3,0,3,3,4333.72,travel,11392.7,0,3,0,2.628850041073258,0.5,0.0,0.5,0,0,0
4150.81,upi,DEV_01321,AE,success,1610,45,39,0,1,2,4313.43,home,4150.81,0,0,0,0.9622991447641437,0.8666666666666667,0.0,0.022222222222222223,0,0,1
8147.43,netbanking,DEV_02388,SG,failed,1075,41,32,1,2,2,605.53,beauty,8147.43,0,4,0,13.455039386983305,0.7804878048780488,0.024390243902439025,0.04878048780487805,1,0,0
1806.91,card,DEV_00275,GB,failed,717,5,0,0,2,3,1302.48,grocery,1806.91,0,3,0,1.387284257723727,0.0,0.0,0.4,0,0,0
5799.12,upi,DEV_00108,US,success,364,30,26,1,0,3,1692.66,home,5799.12,0,3,0,3.426039488142923,0.8666666666666667,0.03333333333333333,0.0,1,0,0
1837.2,wallet,DEV_02215,US,success,1668,21,17,0,1,3,3886.19,electronics,1837.2,0,2,0,0.4727509462995891,0.8095238095238095,0.0,0.047619047619047616,0,0,0
3723.19,wallet,DEV_00225,US,success,1709,12,2,0,2,4,705.86,software,3723.19,0,4,0,5.2746861983962825,0.16666666666666666,0.0,0.16666666666666666,0,0,0
11170.24,netbanking,DEV_00390,SG,success,1011,21,13,1,1,4,8658.24,travel,11170.24,0,4,0,1.2901282477732194,0.6190476190476191,0.047619047619047616,0.047619047619047616,1,0,0
10590.62,upi,DEV_01513,SG,failed,1913,27,26,1,1,4,2848.98,fashion,10590.62,0,2,0,3.7173374330462132,0.9629629629629629,0.037037037037037035,0.037037037037037035,1,0,0
5108.72,upi,DEV_00459,IN,success,1222,38,32,0,3,1,448.96,home,5108.72,0,4,0,11.379009265858874,0.8421052631578947,0.0,0.07894736842105263,0,0,0
30123.35,netbanking,DEV_02710,SG,success,824,36,32,0,0,3,6233.82,home,30123.35,0,3,0,4.832245717714018,0.8888888888888888,0.0,0.0,0,0,1
845.28,wallet,DEV_01066,GB,success,985,46,38,0,0,1,5960.83,fashion,845.28,0,6,1,0.14180575523878386,0.8260869565217391,0.0,0.0,0,0,0
762.59,upi,DEV_00493,AE,success,396,3,3,1,2,2,2284.07,travel,762.59,0,4,0,0.3338733051088627,1.0,0.3333333333333333,0.6666666666666666,1,0,0
3126.08,upi,DEV_02340,AE,success,783,11,5,0,1,1,624.35,beauty,3126.08,0,6,1,5.0069352126211255,0.45454545454545453,0.0,0.09090909090909091,0,0,0
2683.26,wallet,DEV_00048,SG,success,220,45,42,0,1,1,2328.83,home,2683.26,0,5,1,1.1521923025725365,0.9333333333333333,0.0,0.022222222222222223,0,0,0
7372.74,card,DEV_01063,SG,failed,1127,23,16,0,1,4,4022.79,fashion,7372.74,0,0,0,1.8327429470591305,0.6956521739130435,0.0,0.043478260869565216,0,0,0
11280.03,wallet,DEV_01312,AE,success,1606,16,11,2,1,4,4105.68,electronics,11280.03,0,5,1,2.747420646518969,0.6875,0.125,0.0625,1,0,0
2701.1,upi,DEV_00774,AE,success,1603,11,6,0,2,2,5387.16,fashion,2701.1,0,0,0,0.5013959117605565,0.5454545454545454,0.0,0.18181818181818182,0,0,1
3727.44,netbanking,DEV_02440,AE,success,1977,14,9,0,4,4,1451.9,software,3727.44,0,5,1,2.567284248226462,0.6428571428571429,0.0,0.2857142857142857,0,0,1
14020.86,upi,DEV_02093,AE,success,706,42,33,0,1,4,5326.19,beauty,14020.86,0,0,0,2.632437070401169,0.7857142857142857,0.0,0.023809523809523808,0,0,0
1124.28,upi,DEV_02458,AE,success,1262,46,37,0,0,2,4243.77,electronics,1124.28,0,6,1,0.2649248192055648,0.8043478260869565,0.0,0.0,0,0,0
12454.27,wallet,DEV_02975,AE,failed,811,37,32,0,0,3,6968.59,grocery,12454.27,0,4,0,1.787200854118265,0.8648648648648649,0.0,0.0,0,0,0
2053.54,card,DEV_01095,IN,success,294,39,30,0,1,3,2546.82,electronics,2053.54,0,6,1,0.8063153265641073,0.7692307692307693,0.0,0.02564102564102564,0,0,0
1013.92,upi,DEV_02923,IN,success,1918,30,29,0,1,1,2963.1,travel,1013.92,0,6,1,0.34218217407444906,0.9666666666666667,0.0,0.03333333333333333,0,0,0
2942.28,wallet,DEV_00461,GB,success,1697,7,4,1,1,2,6387.07,beauty,2942.28,0,0,0,0.46066193105758985,0.5714285714285714,0.14285714285714285,0.14285714285714285,1,0,0
4154.88,wallet,DEV_02261,US,failed,1851,26,23,1,2,4,12999.48,grocery,4154.88,0,6,1,0.319618938603698,0.8846153846153846,0.038461538461538464,0.07692307692307693,1,0,0
2002.89,netbanking,DEV_02762,SG,success,1735,19,12,0,0,3,1599.07,beauty,2002.89,0,5,1,1.252534285553478,0.631578947368421,0.0,0.0,0,0,0
6481.26,netbanking,DEV_02961,AE,success,1288,28,28,1,1,4,5720.94,fashion,6481.26,0,2,0,1.1329012365100841,1.0,0.03571428571428571,0.03571428571428571,1,0,0
3146.25,wallet,DEV_02380,AE,success,168,3,2,0,2,1,8886.3,travel,3146.25,0,0,0,0.35405624388103035,0.6666666666666666,0.0,0.6666666666666666,0,0,0
6448.51,card,DEV_02478,AE,success,1699,22,14,1,2,1,1607.88,beauty,6448.51,0,0,0,4.01056670895838,0.6363636363636364,0.045454545454545456,0.09090909090909091,1,0,0
7584.92,wallet,DEV_01572,SG,success,1587,35,27,0,1,2,3069.86,software,7584.92,0,3,0,2.4707706540363406,0.7714285714285715,0.0,0.02857142857142857,0,0,0
1703.07,wallet,DEV_00105,GB,success,261,38,35,0,0,1,1304.17,fashion,1703.07,0,6,1,1.305865032932823,0.9210526315789473,0.0,0.0,0,0,0
2924.83,upi,DEV_00266,AE,success,1817,43,35,0,0,2,2506.1,beauty,2924.83,0,5,1,1.1670843142731735,0.813953488372093,0.0,0.0,0,0,0
10825.35,netbanking,DEV_00419,AE,success,850,4,4,1,2,2,3147.08,beauty,10825.35,0,4,0,3.439807694751961,1.0,0.25,0.5,1,0,1
13659.61,netbanking,DEV_02376,US,failed,220,28,19,0,2,3,5115.38,electronics,13659.61,0,4,0,2.6703021085432557,0.6785714285714286,0.0,0.07142857142857142,0,0,0
3298.45,netbanking,DEV_02223,SG,success,1643,32,24,0,3,3,3456.11,electronics,3298.45,0,0,0,0.9543822389912358,0.75,0.0,0.09375,0,0,0
8607.81,upi,DEV_01090,SG,success,1227,25,25,1,1,3,844.39,beauty,8607.81,0,0,0,10.194116462771941,1.0,0.04,0.04,1,0,0
1599.61,card,DEV_01786,US,failed,300,25,24,1,2,4,935.65,travel,1599.61,0,6,1,1.7096243253353283,0.96,0.04,0.08,1,0,0
8716.48,wallet,DEV_00620,SG,success,1157,11,7,0,1,4,3574.93,grocery,8716.48,0,4,0,2.438223965224494,0.6363636363636364,0.0,0.09090909090909091,0,0,0
3322.67,wallet,DEV_00091,SG,success,154,26,21,0,0,1,1816.44,fashion,3322.67,0,6,1,1.829220893616084,0.8076923076923077,0.0,0.0,0,0,0
2027.16,card,DEV_01229,IN,success,230,34,25,0,1,4,5347.48,grocery,2027.16,0,1,0,0.37908697180728124,0.7352941176470589,0.0,0.029411764705882353,0,0,0
2472.86,upi,DEV_01466,SG,success,301,40,34,0,1,3,2507.05,home,2472.86,0,5,1,0.9863624578688099,0.85,0.0,0.025,0,0,0
1315.71,upi,DEV_02928,AE,success,124,7,7,0,3,1,1665.09,software,1315.71,0,2,0,0.7901735041349117,1.0,0.0,0.42857142857142855,0,0,0
2041.39,upi,DEV_01947,AE,success,1559,38,34,0,2,4,6634.08,grocery,2041.39,0,3,0,0.3077125991848154,0.8947368421052632,0.0,0.05263157894736842,0,0,0
617.79,upi,DEV_01019,IN,success,957,18,11,1,0,1,1298.25,grocery,617.79,0,5,1,0.47586366262276136,0.6111111111111112,0.05555555555555555,0.0,1,0,0
5971.41,card,DEV_01641,GB,success,1292,23,17,1,3,3,1920.41,electronics,5971.41,0,6,1,3.1094453788513907,0.7391304347826086,0.043478260869565216,0.13043478260869565,1,0,0
9463.84,upi,DEV_01476,GB,success,1902,14,9,3,1,3,6652.95,fashion,9463.84,0,6,1,1.422502799509992,0.6428571428571429,0.21428571428571427,0.07142857142857142,1,0,0
2035.66,wallet,DEV_00593,GB,success,878,10,2,1,0,1,1584.64,grocery,2035.66,0,6,1,1.284619850565428,0.2,0.1,0.0,1,0,0
5114.45,wallet,DEV_01303,IN,success,926,6,4,0,3,1,3947.91,grocery,5114.45,0,2,0,1.2954829264091634,0.6666666666666666,0.0,0.5,0,0,0
4062.17,netbanking,DEV_01121,IN,failed,1574,50,40,1,3,2,586.77,travel,4062.17,0,1,0,6.922934028665406,0.8,0.02,0.06,1,0,1
1922.63,wallet,DEV_00259,AE,failed,1659,35,31,0,1,2,3117.91,fashion,1922.63,0,0,0,0.6166406342710342,0.8857142857142857,0.0,0.02857142857142857,0,0,0
3027.96,card,DEV_02113,US,success,680,5,4,0,1,1,3638.51,beauty,3027.96,0,0,0,0.8321977952513528,0.8,0.0,0.2,0,0,0
6109.03,card,DEV_02240,SG,success,1519,42,34,0,3,2,3406.19,electronics,6109.03,0,0,0,1.7935082893203256,0.8095238095238095,0.0,0.07142857142857142,0,0,0
3540.26,wallet,DEV_01892,SG,success,1650,10,2,1,2,1,2583.45,fashion,3540.26,0,5,1,1.370361338520196,0.2,0.1,0.2,1,0,1
7991.58,netbanking,DEV_00327,AE,failed,1997,5,2,0,2,4,6564.6,beauty,7991.58,0,2,0,1.2173750114249153,0.4,0.0,0.4,0,0,0
2178.71,card,DEV_00928,GB,success,1640,33,25,0,2,4,3566.2,home,2178.71,0,1,0,0.6109332062138972,0.7575757575757576,0.0,0.06060606060606061,0,0,0
3749.1,wallet,DEV_02567,AE,failed,371,24,16,0,0,3,1420.9,travel,3749.1,0,0,0,2.638538954183968,0.6666666666666666,0.0,0.0,0,0,0
5031.34,upi,DEV_02863,SG,failed,483,26,19,0,1,3,2290.24,software,5031.34,0,6,1,2.1968614643006847,0.7307692307692307,0.0,0.038461538461538464,0,0,0
1810.64,netbanking,DEV_02076,AE,success,130,24,17,0,0,1,2751.24,electronics,1810.64,0,1,0,0.6581177941582705,0.7083333333333334,0.0,0.0,0,0,0
1693.6,card,DEV_01341,GB,success,1433,24,16,0,3,1,13361.13,electronics,1693.6,0,6,1,0.12675574595861278,0.6666666666666666,0.0,0.125,0,0,0
1817.56,netbanking,DEV_02703,IN,success,1641,37,30,0,1,1,1434.59,software,1817.56,0,3,0,1.2669543214437575,0.8108108108108109,0.0,0.02702702702702703,0,0,1
322.04,upi,DEV_02959,SG,success,1694,38,37,0,2,4,2061.99,home,322.04,0,1,0,0.15617922492349626,0.9736842105263158,0.0,0.05263157894736842,0,0,0
5356.5,card,DEV_02816,AE,success,489,42,33,2,0,1,952.69,beauty,5356.5,0,4,0,5.622500498588208,0.7857142857142857,0.047619047619047616,0.0,1,0,0
11974.33,wallet,DEV_02846,IN,success,1732,8,8,1,4,2,2726.34,home,11974.33,0,1,0,4.392089761365053,1.0,0.125,0.5,1,0,0
3114.09,card,DEV_01944,IN,success,1481,37,31,0,1,4,10144.72,beauty,3114.09,0,6,1,0.3069665796591725,0.8378378378378378,0.0,0.02702702702702703,0,0,0
5112.13,upi,DEV_02442,SG,failed,996,24,20,0,1,2,2713.78,travel,5112.13,0,6,1,1.8837672913795516,0.8333333333333334,0.0,0.041666666666666664,0,0,0
6145.9,upi,DEV_01726,GB,failed,1344,41,40,0,3,1,8257.96,fashion,6145.9,0,3,0,0.744239497406139,0.975609756097561,0.0,0.07317073170731707,0,0,0
2493.42,upi,DEV_00410,SG,success,910,29,22,0,0,4,8385.6,travel,2493.42,0,4,0,0.2973454493417287,0.7586206896551724,0.0,0.0,0,0,0
6263.38,netbanking,DEV_01526,SG,failed,294,7,6,0,2,3,1046.06,software,6263.38,0,3,0,5.987591533946428,0.8571428571428571,0.0,0.2857142857142857,0,0,0
6331.0,wallet,DEV_00032,IN,success,1120,18,17,1,3,2,1590.42,beauty,6331.0,0,2,0,3.9807094981199933,0.9444444444444444,0.05555555555555555,0.16666666666666666,1,0,0
3131.86,upi,DEV_01224,SG,success,380,5,2,0,1,3,8456.74,travel,3131.86,0,4,0,0.37033892492851855,0.4,0.0,0.2,0,0,0
6289.77,upi,DEV_00193,GB,failed,556,31,25,0,0,3,1278.21,software,6289.77,0,1,0,4.920764193677096,0.8064516129032258,0.0,0.0,0,0,1
6546.5,netbanking,DEV_02281,SG,failed,961,21,16,0,1,4,7134.42,travel,6546.5,0,2,0,0.9175938618696404,0.7619047619047619,0.0,0.047619047619047616,0,0,1
5012.64,wallet,DEV_01682,IN,failed,1209,28,27,1,1,4,719.98,fashion,5012.64,0,2,0,6.962193394260952,0.9642857142857143,0.03571428571428571,0.03571428571428571,1,0,0
19405.83,netbanking,DEV_00663,IN,success,201,49,41,0,0,3,18978.09,electronics,19405.83,0,2,0,1.0225386221690382,0.8367346938775511,0.0,0.0,0,0,0
2401.62,netbanking,DEV_01736,GB,failed,1306,12,9,0,1,4,5245.27,grocery,2401.62,0,2,0,0.4578639421802881,0.75,0.0,0.08333333333333333,0,0,1
2376.87,netbanking,DEV_02202,IN,failed,601,36,30,2,1,2,2538.02,beauty,2376.87,0,2,0,0.9365056224931245,0.8333333333333334,0.05555555555555555,0.027777777777777776,1,0,0
2828.64,netbanking,DEV_01307,US,success,1576,14,10,0,2,4,3531.55,home,2828.64,0,3,0,0.8009627500672508,0.7142857142857143,0.0,0.14285714285714285,0,0,0
2358.89,wallet,DEV_00536,US,success,1886,43,38,0,2,3,5671.68,software,2358.89,0,5,1,0.4159067507334687,0.8837209302325582,0.0,0.046511627906976744,0,0,1
6139.22,netbanking,DEV_01657,AE,success,835,27,22,0,1,4,1198.86,software,6139.22,0,0,0,5.120881504095558,0.8148148148148148,0.0,0.037037037037037035,0,0,0
2101.98,upi,DEV_01716,GB,success,1827,35,33,0,2,1,6551.52,grocery,2101.98,0,0,0,0.3208385229687156,0.9428571428571428,0.0,0.05714285714285714,0,0,0
2515.5,card,DEV_00445,AE,success,1367,19,13,0,2,4,1266.23,travel,2515.5,0,3,0,1.9866059088791135,0.6842105263157895,0.0,0.10526315789473684,0,0,0
5867.54,netbanking,DEV_00938,IN,failed,1178,46,36,1,2,1,10585.38,home,5867.54,0,5,1,0.5543060334159001,0.782608695652174,0.021739130434782608,0.043478260869565216,1,0,0
2568.68,upi,DEV_00765,IN,success,1522,27,26,0,0,1,4173.55,home,2568.68,0,5,1,0.615466449425549,0.9629629629629629,0.0,0.0,0,0,1
2127.96,netbanking,DEV_00742,AE,failed,1273,28,20,0,0,1,612.22,travel,2127.96,0,0,0,3.4758093495802163,0.7142857142857143,0.0,0.0,0,0,0
1066.93,wallet,DEV_01273,AE,success,523,15,9,0,2,2,1378.01,electronics,1066.93,0,2,0,0.7742541781264287,0.6,0.0,0.13333333333333333,0,0,0
8923.34,card,DEV_01599,IN,success,1601,9,4,0,2,3,2493.2,home,8923.34,0,1,0,3.579071073319429,0.4444444444444444,0.0,0.2222222222222222,0,0,0
10636.77,upi,DEV_01151,IN,success,207,32,25,0,2,3,3370.01,software,10636.77,0,5,1,3.1563022068183773,0.78125,0.0,0.0625,0,0,0
1486.13,netbanking,DEV_02185,SG,failed,1358,11,2,0,0,2,1855.61,travel,1486.13,0,5,1,0.8008848842159723,0.18181818181818182,0.0,0.0,0,0,0
5561.96,card,DEV_00026,SG,success,1017,8,4,0,1,1,3671.01,electronics,5561.96,0,6,1,1.5151034728862083,0.5,0.0,0.125,0,0,0
2701.32,wallet,DEV_02412,SG,failed,138,30,30,0,0,1,8606.73,travel,2701.32,0,6,1,0.3138613619806826,1.0,0.0,0.0,0,0,0
1556.66,wallet,DEV_02289,US,success,823,46,44,0,1,1,4158.99,fashion,1556.66,0,4,0,0.37428798818944026,0.9565217391304348,0.0,0.021739130434782608,0,0,0
4898.57,upi,DEV_02367,SG,success,551,1,0,0,5,1,1500.9,home,4898.57,0,4,0,3.263755080285162,0.0,0.0,5.0,0,0,0
6162.22,wallet,DEV_00056,GB,success,91,5,3,0,3,1,2845.25,home,6162.22,0,5,1,2.165792109656445,0.6,0.0,0.6,0,0,0
3938.99,wallet,DEV_01078,US,failed,786,19,11,1,3,4,2758.24,software,3938.99,0,5,1,1.4280809501711236,0.5789473684210527,0.05263157894736842,0.15789473684210525,1,0,0
3031.54,card,DEV_00604,IN,success,1649,26,16,1,4,3,4228.78,home,3031.54,0,3,0,0.716882883479396,0.6153846153846154,0.038461538461538464,0.15384615384615385,1,0,0
4171.58,upi,DEV_02166,GB,failed,1889,50,41,0,3,2,7088.34,fashion,4171.58,0,5,1,0.5885129663644803,0.82,0.0,0.06,0,0,0
5360.97,netbanking,DEV_00934,AE,failed,726,18,10,0,0,2,2538.64,grocery,5360.97,0,0,0,2.111748810386664,0.5555555555555556,0.0,0.0,0,0,1
2578.73,card,DEV_01890,SG,success,1816,35,25,0,1,1,977.41,fashion,2578.73,0,1,0,2.6383298718040535,0.7142857142857143,0.0,0.02857142857142857,0,0,0
1792.65,netbanking,DEV_01085,SG,success,1537,42,35,0,1,3,2816.88,fashion,1792.65,0,5,1,0.6363955866064582,0.8333333333333334,0.0,0.023809523809523808,0,0,0
2157.23,upi,DEV_00506,SG,success,1230,7,5,0,2,3,3007.85,fashion,2157.23,0,5,1,0.7171999933507323,0.7142857142857143,0.0,0.2857142857142857,0,0,0
2693.87,netbanking,DEV_01038,GB,success,527,31,27,1,1,2,3396.56,electronics,2693.87,0,4,0,0.7931171538262242,0.8709677419354839,0.03225806451612903,0.03225806451612903,1,0,0
6080.48,card,DEV_00129,AE,success,1202,35,27,0,3,2,8713.75,fashion,6080.48,0,5,1,0.6978028977191221,0.7714285714285715,0.0,0.08571428571428572,0,0,0
26747.3,netbanking,DEV_01169,AE,success,824,36,32,0,0,3,6233.82,electronics,26747.3,0,5,1,4.29067570125541,0.8888888888888888,0.0,0.0,0,0,0
1956.64,upi,DEV_00315,IN,success,554,20,11,1,1,4,1475.86,home,1956.64,0,3,0,1.3257626062092611,0.55,0.05,0.05,1,0,0
4208.12,upi,DEV_02921,AE,failed,83,48,40,0,2,4,3061.02,software,4208.12,0,6,1,1.3747443662569994,0.8333333333333334,0.0,0.041666666666666664,0,0,0
787.91,card,DEV_01847,AE,failed,1649,24,22,1,2,1,1750.87,travel,787.91,0,5,1,0.4500105661756727,0.9166666666666666,0.041666666666666664,0.08333333333333333,1,0,0
6585.74,upi,DEV_00995,GB,success,1694,38,37,0,2,4,2061.99,beauty,6585.74,0,0,0,3.193875818990393,0.9736842105263158,0.0,0.05263157894736842,0,0,0
1055.04,wallet,DEV_00696,IN,failed,1102,41,41,0,1,3,4942.93,beauty,1055.04,0,3,0,0.21344425270032144,1.0,0.0,0.024390243902439025,0,0,0
4175.39,upi,DEV_00299,AE,success,128,45,36,1,2,4,3261.87,travel,4175.39,0,2,0,1.2800602108606414,0.8,0.022222222222222223,0.044444444444444446,1,0,0
3093.93,card,DEV_00276,SG,failed,49,1,1,0,2,1,3080.52,home,3093.93,0,0,0,1.0043531611546102,1.0,0.0,2.0,0,0,0
4161.29,upi,DEV_00171,GB,success,1014,36,29,2,0,4,1699.86,travel,4161.29,0,3,0,2.448019248644006,0.8055555555555556,0.05555555555555555,0.0,1,0,0
3634.66,card,DEV_01584,SG,success,440,22,18,0,0,4,9241.04,electronics,3634.66,0,2,0,0.3933172023928042,0.8181818181818182,0.0,0.0,0,0,0
5383.5,netbanking,DEV_02946,SG,success,749,15,9,0,1,3,4689.59,beauty,5383.5,0,5,1,1.1479681592633897,0.6,0.0,0.06666666666666667,0,0,0
1306.67,netbanking,DEV_02557,US,success,820,43,43,0,1,2,6044.31,grocery,1306.67,0,3,0,0.2161818305149802,1.0,0.0,0.023255813953488372,0,0,0
7913.55,netbanking,DEV_00049,IN,success,692,47,44,1,1,3,3137.98,beauty,7913.55,0,5,1,2.521861197330767,0.9361702127659575,0.02127659574468085,0.02127659574468085,1,0,0
6631.62,card,DEV_02930,AE,failed,1522,21,17,1,1,1,2163.15,travel,6631.62,0,3,0,3.0657235975313775,0.8095238095238095,0.047619047619047616,0.047619047619047616,1,0,0
1150.74,netbanking,DEV_02107,IN,failed,991,17,12,1,0,4,911.35,software,1150.74,0,1,0,1.2626762495199428,0.7058823529411765,0.058823529411764705,0.0,1,0,0
2591.9,netbanking,DEV_00706,GB,success,220,31,31,1,1,2,880.12,travel,2591.9,0,5,1,2.9449393264554833,1.0,0.03225806451612903,0.03225806451612903,1,0,0
2926.56,netbanking,DEV_01072,GB,success,1944,17,10,3,1,3,1112.96,electronics,2926.56,0,0,0,2.6295284646348476,0.5882352941176471,0.17647058823529413,0.058823529411764705,1,0,0
8172.09,upi,DEV_02192,GB,success,1784,18,16,0,3,4,1948.41,fashion,8172.09,0,4,0,4.194235299551942,0.8888888888888888,0.0,0.16666666666666666,0,0,0
8805.34,wallet,DEV_02469,SG,failed,307,50,48,0,3,1,4738.31,travel,8805.34,0,2,0,1.8583292355291232,0.96,0.0,0.06,0,0,0
2716.92,card,DEV_00064,GB,success,1711,4,4,0,0,2,3668.74,beauty,2716.92,0,1,0,0.7405594291228051,1.0,0.0,0.0,0,0,1
4037.83,upi,DEV_02199,AE,success,232,3,3,2,1,4,2076.02,home,4037.83,0,5,1,1.9449860791321856,1.0,0.6666666666666666,0.3333333333333333,1,0,0
3414.25,wallet,DEV_02549,SG,failed,1290,37,34,2,2,2,2354.76,travel,3414.25,0,4,0,1.4499354498972292,0.918918918918919,0.05405405405405406,0.05405405405405406,1,0,1
17444.33,upi,DEV_02829,SG,success,1235,43,40,0,1,4,2320.2,beauty,17444.33,0,4,0,7.518459615550385,0.9302325581395349,0.0,0.023255813953488372,0,0,0
9367.68,netbanking,DEV_01972,SG,success,600,5,2,0,1,3,1101.49,fashion,9367.68,0,0,0,8.504552923766898,0.4,0.0,0.2,0,0,0
9008.13,wallet,DEV_00429,GB,failed,1028,22,22,0,1,2,4611.85,beauty,9008.13,0,0,0,1.95325736960222,1.0,0.0,0.045454545454545456,0,0,0
4270.17,upi,DEV_01040,AE,success,1791,28,20,0,1,4,3218.23,software,4270.17,0,6,1,1.3268691174962635,0.7142857142857143,0.0,0.03571428571428571,0,0,0
3756.09,card,DEV_02986,SG,failed,1305,49,46,0,0,4,687.73,software,3756.09,0,1,0,5.461576490773996,0.9387755102040817,0.0,0.0,0,0,0
4986.19,netbanking,DEV_00717,GB,success,371,12,10,1,0,4,9809.4,software,4986.19,0,1,0,0.508307337859604,0.8333333333333334,0.08333333333333333,0.0,1,0,0
790.26,upi,DEV_02427,AE,success,1544,25,20,0,2,3,2623.61,software,790.26,0,2,0,0.30121092692892615,0.8,0.0,0.08,0,0,0
3964.7,upi,DEV_02327,IN,success,916,21,11,0,1,4,18242.99,fashion,3964.7,0,6,1,0.21732731312136877,0.5238095238095238,0.0,0.047619047619047616,0,0,0
1796.85,wallet,DEV_00124,AE,success,579,32,24,2,1,1,5131.84,beauty,1796.85,0,2,0,0.35013757248862004,0.75,0.0625,0.03125,1,0,0
4605.84,upi,DEV_00707,SG,success,350,35,28,0,1,2,2338.59,home,4605.84,0,0,0,1.9694944389568072,0.8,0.0,0.02857142857142857,0,0,1
3248.33,upi,DEV_00688,US,success,564,12,8,0,2,1,1856.72,home,3248.33,0,6,1,1.7494991167219613,0.6666666666666666,0.0,0.16666666666666666,0,0,0
3408.65,card,DEV_00062,US,success,886,39,31,0,5,4,506.45,grocery,3408.65,0,5,1,6.730476848652384,0.7948717948717948,0.0,0.1282051282051282,0,0,0
1815.83,card,DEV_00067,IN,failed,1678,44,40,1,1,3,7951.53,software,1815.83,0,5,1,0.22836234032947117,0.9090909090909091,0.022727272727272728,0.022727272727272728,1,0,0
5959.6,wallet,DEV_01778,AE,success,489,42,33,2,0,1,952.69,grocery,5959.6,0,4,0,6.255550074000987,0.7857142857142857,0.047619047619047616,0.0,1,0,0
4198.28,card,DEV_02081,SG,failed,1324,42,33,0,1,3,924.98,travel,4198.28,0,6,1,4.5387792168479315,0.7857142857142857,0.0,0.023809523809523808,0,0,0
2986.55,wallet,DEV_00499,IN,success,1319,12,4,0,2,4,3472.46,grocery,2986.55,0,3,0,0.8600675025774236,0.3333333333333333,0.0,0.16666666666666666,0,0,0
4530.63,netbanking,DEV_00776,GB,success,1941,20,18,1,4,4,3436.85,home,4530.63,0,3,0,1.3182507237732226,0.9,0.05,0.2,1,0,0
3312.37,netbanking,DEV_00253,US,success,1087,35,25,0,2,3,4850.15,software,3312.37,0,4,0,0.6829417646876901,0.7142857142857143,0.0,0.05714285714285714,0,0,0
7159.32,netbanking,DEV_02662,US,success,1801,44,40,0,3,1,5358.73,beauty,7159.32,0,6,1,1.33601058459747,0.9090909090909091,0.0,0.06818181818181818,0,0,0
3923.99,card,DEV_01977,GB,success,1670,36,35,0,2,1,3127.1,fashion,3923.99,0,5,1,1.2548335518531546,0.9722222222222222,0.0,0.05555555555555555,0,0,0
11142.56,upi,DEV_01290,GB,success,1179,40,38,0,1,2,4384.95,beauty,11142.56,0,2,0,2.541091688616746,0.95,0.0,0.025,0,0,0
3056.82,card,DEV_00143,IN,success,1731,36,33,1,0,2,4506.12,home,3056.82,0,4,0,0.6783707491145377,0.9166666666666666,0.027777777777777776,0.0,1,0,0
10531.22,wallet,DEV_01656,US,success,438,30,25,0,1,3,5409.88,grocery,10531.22,0,3,0,1.9466642513327466,0.8333333333333334,0.0,0.03333333333333333,0,0,0
3180.36,netbanking,DEV_01350,SG,failed,1285,4,2,1,4,1,2327.88,travel,3180.36,0,2,0,1.366204443528017,0.5,0.25,1.0,1,0,0
4127.45,card,DEV_01358,IN,success,461,37,32,1,2,1,6686.83,travel,4127.45,0,4,0,0.617250625483226,0.8648648648648649,0.02702702702702703,0.05405405405405406,1,0,0
1866.98,wallet,DEV_01773,AE,success,1065,30,23,0,2,2,1156.47,grocery,1866.98,0,6,1,1.6143782372218907,0.7666666666666667,0.0,0.06666666666666667,0,0,0
2767.79,card,DEV_00303,IN,failed,1046,2,1,1,1,4,1987.46,home,2767.79,0,0,0,1.3926267698469403,0.5,0.5,0.5,1,0,0
2346.38,netbanking,DEV_01226,IN,success,1366,9,9,2,2,2,2503.49,software,2346.38,0,2,0,0.9372436079233392,1.0,0.2222222222222222,0.2222222222222222,1,0,0
958.67,upi,DEV_01156,IN,failed,1046,2,1,1,1,4,1987.46,home,958.67,0,6,1,0.4823593933965966,0.5,0.5,0.5,1,0,0
2941.45,netbanking,DEV_00412,AE,success,694,1,0,0,2,3,2135.41,grocery,2941.45,0,6,1,1.3774638125699514,0.0,0.0,2.0,0,0,0
2665.1,wallet,DEV_00172,SG,success,615,23,13,0,1,3,2574.43,travel,2665.1,0,6,1,1.035219446634789,0.5652173913043478,0.0,0.043478260869565216,0,0,1
2520.87,netbanking,DEV_02301,US,failed,393,31,30,0,3,3,1254.43,fashion,2520.87,0,1,0,2.0095740694977,0.967741935483871,0.0,0.0967741935483871,0,0,0
3796.01,upi,DEV_01206,SG,failed,395,42,39,1,3,1,2053.2,travel,3796.01,0,4,0,1.8488262224819796,0.9285714285714286,0.023809523809523808,0.07142857142857142,1,0,0
16985.0,wallet,DEV_00653,AE,failed,661,30,24,1,1,1,4633.67,home,16985.0,0,4,0,3.6655609916114007,0.8,0.03333333333333333,0.03333333333333333,1,0,0
4264.07,card,DEV_02163,US,failed,771,15,7,0,2,4,5046.01,home,4264.07,0,1,0,0.8450379606857694,0.4666666666666667,0.0,0.13333333333333333,0,0,1
6663.64,card,DEV_01936,SG,failed,624,3,2,0,0,1,2448.64,fashion,6663.64,0,2,0,2.721363695765813,0.6666666666666666,0.0,0.0,0,0,0
2113.77,card,DEV_01492,IN,failed,1296,39,39,0,3,4,1767.06,fashion,2113.77,0,6,1,1.196207259515806,1.0,0.0,0.07692307692307693,0,0,0
2398.95,upi,DEV_01487,AE,success,1387,16,15,0,2,2,3834.04,electronics,2398.95,0,2,0,0.625697697467945,0.9375,0.0,0.125,0,0,0
2885.57,wallet,DEV_01545,IN,success,959,24,24,0,1,4,10702.22,software,2885.57,0,5,1,0.2696234986759757,1.0,0.0,0.041666666666666664,0,0,0
4099.99,upi,DEV_00092,IN,failed,1924,7,1,0,2,3,5784.0,home,4099.99,0,1,0,0.7088502766251729,0.14285714285714285,0.0,0.2857142857142857,0,0,0
1499.35,netbanking,DEV_01862,SG,success,406,35,35,1,1,1,5147.36,travel,1499.35,0,3,0,0.29128524136644807,1.0,0.02857142857142857,0.02857142857142857,1,0,0
23535.46,wallet,DEV_00061,GB,success,164,20,18,0,2,4,1006.21,grocery,23535.46,0,2,0,23.39020681567466,0.9,0.0,0.1,0,0,0
2261.88,netbanking,DEV_00571,IN,failed,386,46,44,0,1,3,1810.97,beauty,2261.88,0,0,0,1.2489881113436445,0.9565217391304348,0.0,0.021739130434782608,0,0,0
13784.71,netbanking,DEV_01375,SG,success,1646,41,41,1,1,3,983.49,home,13784.71,0,6,1,14.01611607642172,1.0,0.024390243902439025,0.024390243902439025,1,0,1
7066.88,wallet,DEV_01994,AE,success,344,4,2,0,2,1,2776.94,home,7066.88,0,0,0,2.5448443250484347,0.5,0.0,0.5,0,0,0
3028.47,upi,DEV_02000,GB,success,1224,23,13,0,2,1,1364.35,beauty,3028.47,0,3,0,2.2197163484443143,0.5652173913043478,0.0,0.08695652173913043,0,0,0
1946.34,card,DEV_00396,SG,success,148,16,7,0,1,4,6010.59,home,1946.34,0,0,0,0.32381846041736334,0.4375,0.0,0.0625,0,0,0
963.35,netbanking,DEV_00377,SG,failed,164,22,13,2,0,4,2125.7,grocery,963.35,0,3,0,0.4531918897304418,0.5909090909090909,0.09090909090909091,0.0,1,0,0
1265.46,upi,DEV_01785,GB,success,779,12,9,1,1,4,3060.33,home,1265.46,0,6,1,0.41350442599327525,0.75,0.08333333333333333,0.08333333333333333,1,0,0
7513.43,upi,DEV_02471,AE,success,712,30,20,0,2,1,699.27,software,7513.43,0,4,0,10.744676591302358,0.6666666666666666,0.0,0.06666666666666667,0,0,1
12503.54,wallet,DEV_00219,GB,success,451,35,31,1,4,1,1516.18,fashion,12503.54,0,5,1,8.246738513896767,0.8857142857142857,0.02857142857142857,0.11428571428571428,1,0,0
3760.98,netbanking,DEV_00541,IN,success,1604,9,6,0,0,3,5722.15,home,3760.98,0,3,0,0.6572669363788087,0.6666666666666666,0.0,0.0,0,0,0
4013.35,netbanking,DEV_01528,AE,success,767,44,39,0,1,4,2853.06,grocery,4013.35,0,6,1,1.4066826495061442,0.8863636363636364,0.0,0.022727272727272728,0,0,0
2887.74,netbanking,DEV_01783,SG,success,515,20,12,1,1,2,2113.09,software,2887.74,0,0,0,1.366595838322078,0.6,0.05,0.05,1,0,0
720.85,upi,DEV_00518,GB,success,356,45,36,2,2,4,2056.27,fashion,720.85,0,4,0,0.3505619398230777,0.8,0.044444444444444446,0.044444444444444446,1,0,0
3437.21,card,DEV_00204,IN,failed,1753,8,7,0,2,1,3799.19,beauty,3437.21,0,3,0,0.9047217959617708,0.875,0.0,0.25,0,0,0
3083.42,upi,DEV_02885,GB,success,313,10,3,0,1,4,1462.59,software,3083.42,0,2,0,2.108191632651666,0.3,0.0,0.1,0,0,0
3787.92,card,DEV_01882,US,success,307,49,45,1,4,1,6339.35,fashion,3787.92,0,1,0,0.5975249828452444,0.9183673469387755,0.02040816326530612,0.08163265306122448,1,0,0
1221.01,netbanking,DEV_01926,US,success,361,50,41,0,2,3,5570.45,fashion,1221.01,0,5,1,0.2191941405092946,0.82,0.0,0.04,0,0,0
30986.57,netbanking,DEV_02954,GB,success,1075,41,32,1,2,2,605.53,travel,30986.57,0,4,0,51.17264214820075,0.7804878048780488,0.024390243902439025,0.04878048780487805,1,0,0
1769.29,card,DEV_01989,SG,success,344,21,20,2,1,1,3281.8,home,1769.29,0,1,0,0.5391218233896032,0.9523809523809523,0.09523809523809523,0.047619047619047616,1,0,0
2581.28,upi,DEV_02822,GB,failed,98,3,3,0,1,3,4342.75,fashion,2581.28,0,4,0,0.5943883483967533,1.0,0.0,0.3333333333333333,0,0,0
1198.01,upi,DEV_00370,US,success,164,9,4,0,0,3,17867.51,electronics,1198.01,0,5,1,0.06704963366467964,0.4444444444444444,0.0,0.0,0,0,0
1976.02,wallet,DEV_02222,GB,failed,1470,36,31,0,2,1,5341.31,software,1976.02,0,4,0,0.3699504428688842,0.8611111111111112,0.0,0.05555555555555555,0,0,0
14324.21,card,DEV_00242,GB,success,230,28,21,0,3,1,1836.27,fashion,14324.21,0,6,1,7.800710135219766,0.75,0.0,0.10714285714285714,0,0,0
1074.78,card,DEV_00476,SG,success,1070,7,6,1,2,1,2962.31,beauty,1074.78,0,0,0,0.3628182060621609,0.8571428571428571,0.14285714285714285,0.2857142857142857,1,0,0
2483.13,upi,DEV_01900,IN,success,994,32,32,1,0,3,6937.01,fashion,2483.13,0,1,0,0.35795393116054325,1.0,0.03125,0.0,1,0,0
3792.88,netbanking,DEV_00762,AE,success,1677,13,9,0,1,3,5944.72,beauty,3792.88,0,2,0,0.638025003700763,0.6923076923076923,0.0,0.07692307692307693,0,0,0
4336.35,netbanking,DEV_00932,AE,success,905,6,2,0,2,4,6711.43,grocery,4336.35,0,2,0,0.6461141664295091,0.3333333333333333,0.0,0.3333333333333333,0,0,0
6893.95,upi,DEV_00180,IN,success,668,22,19,1,2,2,3419.64,fashion,6893.95,0,2,0,2.015987062965692,0.8636363636363636,0.045454545454545456,0.09090909090909091,1,0,1
884.91,wallet,DEV_02432,GB,success,1614,41,40,0,1,3,22987.86,home,884.91,0,2,0,0.03849466631517679,0.975609756097561,0.0,0.024390243902439025,0,0,0
4699.18,card,DEV_01982,GB,success,565,45,38,0,1,4,4590.14,electronics,4699.18,0,0,0,1.0237552667238907,0.8444444444444444,0.0,0.022222222222222223,0,0,0
4259.79,netbanking,DEV_02302,GB,success,1938,37,30,0,2,2,7149.04,travel,4259.79,0,6,1,0.5958548280608306,0.8108108108108109,0.0,0.05405405405405406,0,0,0
999.02,upi,DEV_02646,US,failed,1004,37,27,0,3,4,812.21,fashion,999.02,0,4,0,1.2300020930547517,0.7297297297297297,0.0,0.08108108108108109,0,0,1
10995.96,wallet,DEV_02430,SG,success,496,7,3,0,3,4,2159.83,grocery,10995.96,0,2,0,5.091122912451443,0.42857142857142855,0.0,0.42857142857142855,0,0,0
37038.49,wallet,DEV_01412,US,success,802,3,3,1,0,3,2214.03,home,37038.49,0,1,0,16.728991928745316,1.0,0.3333333333333333,0.0,1,0,0
4395.34,netbanking,DEV_01935,IN,success,67,24,18,0,1,2,3333.9,travel,4395.34,0,3,0,1.3183778757611206,0.75,0.0,0.041666666666666664,0,0,0
11020.06,upi,DEV_01943,US,success,1596,44,38,1,0,1,4011.48,software,11020.06,0,6,1,2.747130734791149,0.8636363636363636,0.022727272727272728,0.0,1,0,1
2869.89,card,DEV_00874,IN,success,1430,41,39,1,5,3,11418.89,software,2869.89,0,5,1,0.2513282814704407,0.9512195121951219,0.024390243902439025,0.12195121951219512,1,0,0
14612.32,netbanking,DEV_00186,US,failed,484,28,22,0,1,4,1266.16,home,14612.32,0,2,0,11.5406583686106,0.7857142857142857,0.0,0.03571428571428571,0,0,0
10976.0,upi,DEV_02805,US,failed,680,32,29,0,2,3,1383.88,electronics,10976.0,0,6,1,7.93132352516114,0.90625,0.0,0.0625,0,0,0
2764.6,netbanking,DEV_00874,GB,success,1817,48,38,0,1,2,5193.79,travel,2764.6,0,3,0,0.5322895226799698,0.7916666666666666,0.0,0.020833333333333332,0,0,0
4383.68,upi,DEV_01382,US,success,1875,19,19,0,3,2,4870.55,fashion,4383.68,0,5,1,0.9000379833899662,1.0,0.0,0.15789473684210525,0,0,0
9290.06,wallet,DEV_01119,SG,success,1202,8,4,0,3,3,3370.11,electronics,9290.06,0,2,0,2.756604383833168,0.5,0.0,0.375,0,0,0
574.52,wallet,DEV_01835,US,success,1188,7,0,0,1,2,4021.19,software,574.52,0,6,1,0.14287312959596538,0.0,0.0,0.14285714285714285,0,0,0
2962.4,netbanking,DEV_01228,SG,success,469,40,34,0,1,4,2812.63,electronics,2962.4,0,5,1,1.0532490942640873,0.85,0.0,0.025,0,0,0
1313.35,netbanking,DEV_00725,GB,success,957,35,29,0,0,4,5577.47,beauty,1313.35,0,4,0,0.2354741486731439,0.8285714285714286,0.0,0.0,0,0,0
2353.09,wallet,DEV_02584,GB,success,1811,7,7,0,2,1,1019.47,beauty,2353.09,0,1,0,2.3081503133981385,1.0,0.0,0.2857142857142857,0,0,0
2977.19,card,DEV_01356,GB,failed,415,36,32,1,4,3,3191.36,electronics,2977.19,0,2,0,0.932890679835556,0.8888888888888888,0.027777777777777776,0.1111111111111111,1,0,1
4709.81,wallet,DEV_01134,IN,success,1365,35,25,0,3,1,2587.07,software,4709.81,0,5,1,1.8205189654705902,0.7142857142857143,0.0,0.08571428571428572,0,0,0
486.54,wallet,DEV_02540,GB,success,556,31,25,0,0,3,1278.21,grocery,486.54,0,2,0,0.3806416785974136,0.8064516129032258,0.0,0.0,0,0,0
3364.47,netbanking,DEV_01627,US,success,1252,25,24,1,0,4,13568.95,beauty,3364.47,0,6,1,0.24795359994693764,0.96,0.04,0.0,1,0,0
5991.55,card,DEV_02434,IN,success,343,41,33,0,0,4,5688.57,electronics,5991.55,0,1,0,1.0532611886642866,0.8048780487804879,0.0,0.0,0,0,0
7499.0,netbanking,DEV_00439,IN,success,219,25,16,0,0,3,4998.67,fashion,7499.0,0,3,0,1.5001990529480842,0.64,0.0,0.0,0,0,0
1565.14,card,DEV_02729,SG,success,170,39,30,0,0,2,4581.07,grocery,1565.14,0,1,0,0.3416538057702677,0.7692307692307693,0.0,0.0,0,0,0
3598.56,card,DEV_00342,IN,failed,334,36,35,1,1,1,2970.33,software,3598.56,0,2,0,1.2115017523305491,0.9722222222222222,0.027777777777777776,0.027777777777777776,1,0,0
1713.08,card,DEV_02462,IN,success,136,26,26,1,1,3,1674.46,grocery,1713.08,0,4,0,1.0230641520251305,1.0,0.038461538461538464,0.038461538461538464,1,0,0
1736.18,netbanking,DEV_02885,AE,failed,1524,7,5,3,2,4,1146.16,beauty,1736.18,0,2,0,1.514779786417254,0.7142857142857143,0.42857142857142855,0.2857142857142857,1,0,0
7726.19,card,DEV_02813,US,success,1130,26,24,0,0,2,2580.91,electronics,7726.19,0,4,0,2.993591407681787,0.9230769230769231,0.0,0.0,0,0,1
1358.46,wallet,DEV_02938,SG,success,968,42,32,1,1,1,4692.85,beauty,1358.46,0,6,1,0.2894744132030642,0.7619047619047619,0.023809523809523808,0.023809523809523808,1,0,0
5222.81,netbanking,DEV_01098,IN,success,923,26,17,0,2,2,2309.72,software,5222.81,0,2,0,2.2612307985383513,0.6538461538461539,0.0,0.07692307692307693,0,0,0
7334.81,card,DEV_00339,US,failed,241,2,0,1,1,3,2030.17,home,7334.81,0,0,0,3.6129043380603596,0.0,0.5,0.5,1,0,0
1104.09,netbanking,DEV_02318,GB,success,962,21,14,0,1,2,1604.21,electronics,1104.09,0,2,0,0.6882453045424227,0.6666666666666666,0.0,0.047619047619047616,0,0,0
4841.81,card,DEV_00647,AE,success,428,3,1,1,0,2,2382.56,travel,4841.81,0,1,0,2.03218806661742,0.3333333333333333,0.3333333333333333,0.0,1,0,0
7963.04,card,DEV_01309,IN,success,526,5,2,0,0,4,2076.36,electronics,7963.04,0,5,1,3.8350960334431408,0.4,0.0,0.0,0,0,0
3458.06,upi,DEV_01422,SG,failed,633,2,1,0,3,3,1305.55,travel,3458.06,0,6,1,2.6487380797365097,0.5,0.0,1.5,0,0,0
5980.75,netbanking,DEV_00132,AE,success,884,16,15,0,2,2,859.39,beauty,5980.75,0,5,1,6.9592967104574175,0.9375,0.0,0.125,0,0,0
2485.37,wallet,DEV_00410,AE,success,1855,25,22,1,0,4,3579.17,travel,2485.37,0,1,0,0.694398421980515,0.88,0.04,0.0,1,0,0
4148.36,upi,DEV_01900,SG,success,1661,10,10,1,1,4,3292.45,electronics,4148.36,0,3,0,1.25996142690094,1.0,0.1,0.1,1,0,0
2238.24,netbanking,DEV_02902,SG,success,531,36,30,0,2,2,6730.22,software,2238.24,0,0,0,0.3325656516428883,0.8333333333333334,0.0,0.05555555555555555,0,0,0
7010.82,card,DEV_00945,IN,success,339,49,49,1,0,1,893.53,travel,7010.82,0,1,0,7.84620549953555,1.0,0.02040816326530612,0.0,1,0,0
5657.65,wallet,DEV_01180,SG,success,352,32,23,0,1,3,3654.97,travel,5657.65,0,2,0,1.5479333619701392,0.71875,0.0,0.03125,0,0,1
9177.46,card,DEV_00833,SG,success,304,30,28,0,0,1,861.11,grocery,9177.46,0,5,1,10.65770923575385,0.9333333333333333,0.0,0.0,0,0,0
3519.43,netbanking,DEV_01427,US,success,726,18,10,0,0,2,2538.64,beauty,3519.43,0,4,0,1.386344656981691,0.5555555555555556,0.0,0.0,0,0,0
7504.54,wallet,DEV_00187,SG,success,1729,49,47,0,2,2,752.61,home,7504.54,0,5,1,9.971353024807005,0.9591836734693877,0.0,0.04081632653061224,0,0,0
3027.11,card,DEV_00295,SG,success,724,12,9,0,2,4,1296.48,home,3027.11,0,2,0,2.3348682586696285,0.75,0.0,0.16666666666666666,0,0,0
5453.03,upi,DEV_02679,GB,success,1205,47,42,2,0,4,1034.42,travel,5453.03,0,4,0,5.2715821426499865,0.8936170212765957,0.0425531914893617,0.0,1,0,0
16104.85,netbanking,DEV_01418,US,success,790,50,41,0,2,2,5182.33,electronics,16104.85,0,0,0,3.1076465605239343,0.82,0.0,0.04,0,0,0
7212.22,upi,DEV_00188,GB,success,800,15,13,0,0,4,6943.74,home,7212.22,0,4,0,1.038665042181879,0.8666666666666667,0.0,0.0,0,0,0
3668.75,card,DEV_00243,AE,success,846,9,5,1,2,1,4096.66,home,3668.75,0,1,0,0.8955466160237853,0.5555555555555556,0.1111111111111111,0.2222222222222222,1,0,0
2385.1,card,DEV_01630,SG,success,1976,49,48,0,0,4,10014.79,grocery,2385.1,0,0,0,0.23815776466605887,0.9795918367346939,0.0,0.0,0,0,0
809.69,card,DEV_02240,AE,failed,1550,42,40,0,4,4,4235.17,beauty,809.69,0,4,0,0.19118240826224214,0.9523809523809523,0.0,0.09523809523809523,0,0,0
2141.26,wallet,DEV_01077,IN,success,352,32,23,0,1,3,3654.97,software,2141.26,0,6,1,0.5858488578565625,0.71875,0.0,0.03125,0,0,1
20556.5,wallet,DEV_02052,GB,success,1927,25,21,0,0,4,17633.7,fashion,20556.5,0,5,1,1.1657508066940006,0.84,0.0,0.0,0,0,0
14402.84,upi,DEV_02713,US,success,951,30,30,0,0,3,1528.81,grocery,14402.84,0,1,0,9.42094831928101,1.0,0.0,0.0,0,0,1
7311.98,netbanking,DEV_02380,GB,success,1481,19,12,0,4,1,9186.96,software,7311.98,0,6,1,0.795908548638505,0.631578947368421,0.0,0.21052631578947367,0,0,0
2743.15,card,DEV_00012,AE,failed,754,50,48,0,3,4,4193.84,beauty,2743.15,0,2,0,0.654090284798657,0.96,0.0,0.06,0,0,0
4505.18,wallet,DEV_00644,GB,success,33,40,35,0,1,2,1739.93,fashion,4505.18,0,2,0,2.5892880748076075,0.875,0.0,0.025,0,0,0
3739.28,upi,DEV_00659,GB,success,130,48,45,1,1,3,1749.35,grocery,3739.28,0,5,1,2.1375253665647245,0.9375,0.020833333333333332,0.020833333333333332,1,0,0
1489.48,card,DEV_02021,US,success,585,3,0,0,1,3,7336.51,grocery,1489.48,0,2,0,0.20302296323456248,0.0,0.0,0.3333333333333333,0,0,0
3726.65,netbanking,DEV_00533,AE,success,309,19,10,0,3,4,3453.89,software,3726.65,0,1,0,1.0789718259701382,0.5263157894736842,0.0,0.15789473684210525,0,0,0
2519.21,card,DEV_01882,SG,success,1068,33,31,0,3,4,2638.46,beauty,2519.21,0,5,1,0.954803180643254,0.9393939393939394,0.0,0.09090909090909091,0,0,0
3833.91,card,DEV_02572,US,success,334,42,42,0,1,1,2882.87,home,3833.91,0,4,0,1.329893474211463,1.0,0.0,0.023809523809523808,0,0,0
3675.29,upi,DEV_00907,GB,success,1404,8,4,0,1,2,2003.89,beauty,3675.29,0,3,0,1.8340777188368622,0.5,0.0,0.125,0,0,0
3716.94,card,DEV_00063,IN,success,1568,32,27,0,2,2,1079.89,software,3716.94,0,2,0,3.4419616812823524,0.84375,0.0,0.0625,0,0,0
2893.78,wallet,DEV_02773,IN,success,334,36,35,1,1,1,2970.33,travel,2893.78,0,3,0,0.9742284527308415,0.9722222222222222,0.027777777777777776,0.027777777777777776,1,0,0
2007.0,card,DEV_02610,SG,failed,1051,1,0,0,3,4,2020.68,beauty,2007.0,0,5,1,0.9932300017815785,0.0,0.0,3.0,0,0,1
13637.44,netbanking,DEV_00996,IN,success,882,45,42,0,3,2,1292.16,home,13637.44,0,6,1,10.55398712233779,0.9333333333333333,0.0,0.06666666666666667,0,0,0
7862.89,card,DEV_01573,AE,success,1179,49,49,0,2,1,6127.91,beauty,7862.89,0,4,0,1.283127526350746,1.0,0.0,0.04081632653061224,0,0,0
1512.74,upi,DEV_02525,IN,success,301,6,1,0,2,4,1458.53,fashion,1512.74,0,5,1,1.0371675591177418,0.16666666666666666,0.0,0.3333333333333333,0,0,0
1864.34,wallet,DEV_01369,SG,failed,950,38,34,0,1,4,702.42,home,1864.34,0,5,1,2.6541670225790837,0.8947368421052632,0.0,0.02631578947368421,0,0,1
4118.53,netbanking,DEV_02317,US,success,1619,40,33,0,1,3,8218.76,grocery,4118.53,0,4,0,0.5011133066301973,0.825,0.0,0.025,0,0,0
3464.82,wallet,DEV_01277,US,success,1298,4,2,2,2,1,2824.1,beauty,3464.82,0,6,1,1.2268758188449418,0.5,0.5,0.5,1,0,0
4304.34,upi,DEV_00985,AE,success,104,49,49,0,2,2,1086.77,fashion,4304.34,0,6,1,3.960672451392659,1.0,0.0,0.04081632653061224,0,0,0
2234.36,card,DEV_02844,US,success,1088,13,4,0,1,2,4207.89,home,2234.36,0,1,0,0.5309929679720715,0.3076923076923077,0.0,0.07692307692307693,0,0,0
1547.09,netbanking,DEV_02133,US,success,1696,14,4,0,0,3,2005.62,software,1547.09,0,1,0,0.7713774294233204,0.2857142857142857,0.0,0.0,0,0,0
11404.76,wallet,DEV_01898,IN,success,1306,12,9,0,1,4,5245.27,software,11404.76,0,5,1,2.1742941736078407,0.75,0.0,0.08333333333333333,0,0,0
9794.72,card,DEV_01823,IN,success,1161,27,18,0,2,2,5661.42,travel,9794.72,0,5,1,1.7300818522561476,0.6666666666666666,0.0,0.07407407407407407,0,0,0
11514.74,upi,DEV_00925,SG,success,1696,42,34,0,1,4,1446.63,grocery,11514.74,0,4,0,7.9596994393867115,0.8095238095238095,0.0,0.023809523809523808,0,0,0
3105.94,upi,DEV_01768,US,success,1046,30,28,3,0,3,3127.68,grocery,3105.94,0,0,0,0.9930491610394926,0.9333333333333333,0.1,0.0,1,0,0
2221.39,card,DEV_01445,SG,success,1535,3,3,0,1,1,2165.74,fashion,2221.39,0,1,0,1.0256956051972999,1.0,0.0,0.3333333333333333,0,0,1
2579.55,wallet,DEV_02961,IN,success,586,22,17,0,2,1,2462.9,software,2579.55,0,3,0,1.0473628649153437,0.7727272727272727,0.0,0.09090909090909091,0,0,0
3689.3,card,DEV_01777,IN,success,1092,42,39,0,1,3,3242.25,travel,3689.3,0,4,0,1.1378826432261546,0.9285714285714286,0.0,0.023809523809523808,0,0,0
900.18,wallet,DEV_00867,SG,success,711,4,2,0,1,3,1174.31,fashion,900.18,0,0,0,0.7665607888887943,0.5,0.0,0.25,0,0,0
7287.21,card,DEV_02992,SG,success,598,6,2,1,0,1,7165.19,fashion,7287.21,0,4,0,1.0170295553921112,0.3333333333333333,0.16666666666666666,0.0,1,0,0
10449.99,wallet,DEV_02828,AE,success,1183,35,28,0,2,4,3847.55,grocery,10449.99,0,3,0,2.7160114878299177,0.8,0.0,0.05714285714285714,0,0,0
1167.46,wallet,DEV_02278,SG,success,1011,21,13,1,1,4,8658.24,home,1167.46,0,0,0,0.13483802712791515,0.6190476190476191,0.047619047619047616,0.047619047619047616,1,0,0
1798.96,netbanking,DEV_00969,AE,success,229,35,35,1,0,3,6853.11,software,1798.96,0,6,1,0.26250271774420664,1.0,0.02857142857142857,0.0,1,0,1
7537.87,card,DEV_02243,AE,success,395,38,32,0,2,1,2271.85,software,7537.87,0,4,0,3.317943526201114,0.8421052631578947,0.0,0.05263157894736842,0,0,0
7284.1,wallet,DEV_00707,SG,success,1625,45,35,1,1,3,5988.33,electronics,7284.1,0,3,0,1.2163825306888565,0.7777777777777778,0.022222222222222223,0.022222222222222223,1,0,0
2592.06,netbanking,DEV_00219,IN,success,1231,36,34,0,0,3,7889.99,home,2592.06,0,1,0,0.3285251312105592,0.9444444444444444,0.0,0.0,0,0,0
12163.01,upi,DEV_02959,AE,success,1992,30,23,0,2,4,6046.83,fashion,12163.01,0,2,0,2.0114688191994814,0.7666666666666667,0.0,0.06666666666666667,0,0,0
2116.25,card,DEV_00728,SG,success,1426,16,16,0,1,1,1379.01,software,2116.25,0,1,0,1.5346154125060731,1.0,0.0,0.0625,0,0,0
1495.54,upi,DEV_02562,US,success,177,26,16,0,2,4,5972.27,travel,1495.54,0,2,0,0.2504139966880265,0.6153846153846154,0.0,0.07692307692307693,0,0,0
1930.84,card,DEV_01033,IN,success,70,34,31,0,2,1,3279.01,travel,1930.84,0,4,0,0.5888484634081628,0.9117647058823529,0.0,0.058823529411764705,0,0,0
2004.96,wallet,DEV_01142,US,success,562,25,20,2,1,2,10252.54,travel,2004.96,0,1,0,0.19555739358246832,0.8,0.08,0.04,1,0,0
11537.46,card,DEV_00271,AE,success,311,7,3,1,2,2,11044.37,travel,11537.46,0,4,0,1.0446462767907991,0.42857142857142855,0.14285714285714285,0.2857142857142857,1,0,0
6536.22,card,DEV_02758,US,success,1125,48,38,1,0,2,2164.38,electronics,6536.22,0,2,0,3.019904083386466,0.7916666666666666,0.020833333333333332,0.0,1,0,0
2698.9,upi,DEV_00148,US,success,1250,30,28,0,0,3,3127.52,software,2698.9,0,1,0,0.8629521154141301,0.9333333333333333,0.0,0.0,0,0,0
2202.13,upi,DEV_00898,US,failed,206,36,33,0,1,1,1373.33,fashion,2202.13,0,1,0,1.6034966104286663,0.9166666666666666,0.0,0.027777777777777776,0,0,0
1862.05,wallet,DEV_01472,US,success,158,8,7,0,1,1,950.71,home,1862.05,0,6,1,1.9585888441270207,0.875,0.0,0.125,0,0,0
3240.62,upi,DEV_01528,US,success,242,27,26,0,1,4,3407.18,beauty,3240.62,0,6,1,0.9511149983270623,0.9629629629629629,0.0,0.037037037037037035,0,0,0
13943.37,card,DEV_01712,GB,success,1215,2,1,0,2,4,18819.85,software,13943.37,0,5,1,0.7408863513789962,0.5,0.0,1.0,0,0,0
16179.86,wallet,DEV_01039,AE,success,1360,6,6,0,2,3,2782.66,beauty,16179.86,0,4,0,5.814529982103456,1.0,0.0,0.3333333333333333,0,0,0
10599.76,card,DEV_01411,SG,failed,671,16,9,0,2,4,7674.9,software,10599.76,0,6,1,1.3810942162112863,0.5625,0.0,0.125,0,0,0
3323.18,wallet,DEV_01883,GB,success,1864,17,13,0,0,1,1164.23,grocery,3323.18,0,6,1,2.8544016216726935,0.7647058823529411,0.0,0.0,0,0,0
2531.53,upi,DEV_00541,IN,success,1442,29,24,0,1,4,4928.2,fashion,2531.53,0,3,0,0.5136824804188143,0.8275862068965517,0.0,0.034482758620689655,0,0,0
24489.87,upi,DEV_02451,IN,success,949,39,36,0,5,4,1608.81,grocery,24489.87,0,4,0,15.222350681559663,0.9230769230769231,0.0,0.1282051282051282,0,0,0
2434.07,wallet,DEV_01223,AE,success,165,10,4,1,4,1,3101.04,software,2434.07,0,0,0,0.7849205427856462,0.4,0.1,0.4,1,0,0
6407.49,upi,DEV_02385,SG,success,586,22,17,0,2,1,2462.9,home,6407.49,0,2,0,2.6016038003979047,0.7727272727272727,0.0,0.09090909090909091,0,0,0
3523.59,card,DEV_01080,US,success,1524,7,5,3,2,4,1146.16,home,3523.59,0,1,0,3.074256648286452,0.7142857142857143,0.42857142857142855,0.2857142857142857,1,0,0
3337.61,card,DEV_02540,AE,success,1341,13,7,0,0,3,9357.17,beauty,3337.61,0,5,1,0.3566901103645654,0.5384615384615384,0.0,0.0,0,0,0
2822.12,upi,DEV_02325,IN,success,518,17,13,1,2,2,2412.39,beauty,2822.12,0,5,1,1.169844013613056,0.7647058823529411,0.058823529411764705,0.11764705882352941,1,0,0
4205.49,card,DEV_01720,AE,success,140,20,18,1,0,1,4031.56,software,4205.49,0,6,1,1.0431421087618689,0.9,0.05,0.0,1,0,0
2684.54,netbanking,DEV_01663,SG,success,957,35,29,0,0,4,5577.47,travel,2684.54,0,5,1,0.48131859068717536,0.8285714285714286,0.0,0.0,0,0,0
10894.35,wallet,DEV_01611,AE,success,1349,15,12,0,1,3,2222.52,software,10894.35,0,6,1,4.901800658711733,0.8,0.0,0.06666666666666667,0,0,0
6195.98,wallet,DEV_00958,AE,success,1432,21,11,1,3,2,2265.44,electronics,6195.98,0,0,0,2.7350007062645663,0.5238095238095238,0.047619047619047616,0.14285714285714285,1,0,0
1050.59,wallet,DEV_01483,GB,success,1682,3,3,0,1,1,5123.49,software,1050.59,0,4,0,0.20505358652012592,1.0,0.0,0.3333333333333333,0,0,0
2557.87,netbanking,DEV_01044,GB,success,910,9,0,0,2,3,904.73,fashion,2557.87,0,2,0,2.827219170360218,0.0,0.0,0.2222222222222222,0,0,0
6612.92,wallet,DEV_01768,AE,success,1099,27,22,0,1,1,9263.8,grocery,6612.92,0,4,0,0.7138452902696518,0.8148148148148148,0.0,0.037037037037037035,0,0,0
3346.34,upi,DEV_02938,US,failed,982,29,26,0,0,2,4499.99,travel,3346.34,0,1,0,0.7436327636283637,0.896551724137931,0.0,0.0,0,0,0
1458.31,netbanking,DEV_00035,GB,failed,1497,43,38,1,3,4,1449.73,home,1458.31,0,0,0,1.0059183434156704,0.8837209302325582,0.023255813953488372,0.06976744186046512,1,0,0
7494.97,upi,DEV_01859,US,success,1524,7,5,3,2,4,1146.16,electronics,7494.97,0,1,0,6.539200460668667,0.7142857142857143,0.42857142857142855,0.2857142857142857,1,0,0
11993.72,wallet,DEV_00552,AE,success,856,8,3,0,0,1,7711.87,beauty,11993.72,0,4,0,1.5552284984057043,0.375,0.0,0.0,0,0,0
2118.74,card,DEV_01211,US,success,536,34,28,1,1,3,1225.98,software,2118.74,0,5,1,1.7282011125793242,0.8235294117647058,0.029411764705882353,0.029411764705882353,1,0,0
4164.02,wallet,DEV_02726,US,success,1944,17,10,3,1,3,1112.96,software,4164.02,0,5,1,3.7413923231742383,0.5882352941176471,0.17647058823529413,0.058823529411764705,1,0,0
2259.77,netbanking,DEV_01092,US,success,1472,2,1,0,3,2,3454.62,beauty,2259.77,0,0,0,0.6541298319352056,0.5,0.0,1.5,0,0,0
4803.34,wallet,DEV_02434,SG,failed,1328,50,50,0,2,4,10663.8,grocery,4803.34,0,0,0,0.4504341791856562,1.0,0.0,0.04,0,0,0
5245.73,upi,DEV_02620,US,success,996,24,20,0,1,2,2713.78,home,5245.73,0,6,1,1.9329975163793671,0.8333333333333334,0.0,0.041666666666666664,0,0,0
2662.45,card,DEV_02696,SG,failed,1292,23,17,1,3,3,1920.41,software,2662.45,0,2,0,1.3863966548809887,0.7391304347826086,0.043478260869565216,0.13043478260869565,1,0,0
793.25,netbanking,DEV_00904,US,success,188,46,40,1,1,2,2509.85,grocery,793.25,0,6,1,0.31605474430742875,0.8695652173913043,0.021739130434782608,0.021739130434782608,1,0,0
1031.52,upi,DEV_00549,GB,success,884,16,15,0,2,2,859.39,software,1031.52,0,1,0,1.2002932312454182,0.9375,0.0,0.125,0,0,0
4010.25,netbanking,DEV_02731,IN,success,1941,20,18,1,4,4,3436.85,fashion,4010.25,0,5,1,1.1668388204315,0.9,0.05,0.2,1,0,0
11905.03,upi,DEV_01006,GB,success,1167,28,24,0,0,2,3451.7,beauty,11905.03,0,5,1,3.449033809427239,0.8571428571428571,0.0,0.0,0,0,0
2562.62,upi,DEV_00318,IN,success,1559,38,34,0,2,4,6634.08,software,2562.62,0,1,0,0.38628114222318694,0.8947368421052632,0.0,0.05263157894736842,0,0,0
3795.18,wallet,DEV_01662,IN,success,965,37,27,0,1,4,2256.58,home,3795.18,0,0,0,1.6818282533745756,0.7297297297297297,0.0,0.02702702702702703,0,0,0
11251.05,netbanking,DEV_01913,AE,success,1177,41,34,0,1,1,9275.7,home,11251.05,0,4,0,1.2129596688120572,0.8292682926829268,0.0,0.024390243902439025,0,0,1
1870.62,wallet,DEV_01356,AE,success,1576,10,3,0,1,4,8747.75,electronics,1870.62,0,0,0,0.21384013031922494,0.3,0.0,0.1,0,0,0
1459.45,netbanking,DEV_00817,GB,failed,982,29,26,0,0,2,4499.99,beauty,1459.45,0,1,0,0.32432294293987324,0.896551724137931,0.0,0.0,0,0,0
4387.25,netbanking,DEV_02312,AE,success,645,21,20,1,2,2,9576.4,home,4387.25,0,5,1,0.45813144814335244,0.9523809523809523,0.047619047619047616,0.09523809523809523,1,0,0
1481.41,wallet,DEV_01584,SG,failed,396,3,3,1,2,2,2284.07,travel,1481.41,0,5,1,0.6485834497191417,1.0,0.3333333333333333,0.6666666666666666,1,0,0
4570.74,card,DEV_01765,US,success,217,15,12,1,1,3,2731.94,home,4570.74,0,4,0,1.673074811306251,0.8,0.06666666666666667,0.06666666666666667,1,0,1
5963.12,card,DEV_00726,GB,success,696,24,23,0,4,3,7900.8,grocery,5963.12,0,6,1,0.7547488861887404,0.9583333333333334,0.0,0.16666666666666666,0,0,0
9339.84,card,DEV_02194,IN,success,995,39,35,2,2,1,2391.29,travel,9339.84,0,2,0,3.905774707375517,0.8974358974358975,0.05128205128205128,0.05128205128205128,1,0,0
5327.36,netbanking,DEV_02081,IN,success,1179,40,38,0,1,2,4384.95,travel,5327.36,0,1,0,1.2149192123057275,0.95,0.0,0.025,0,0,0
5508.73,upi,DEV_01635,SG,success,1601,9,4,0,2,3,2493.2,grocery,5508.73,0,4,0,2.2095018450184503,0.4444444444444444,0.0,0.2222222222222222,0,0,0
4734.76,netbanking,DEV_02359,AE,success,1224,23,13,0,2,1,1364.35,home,4734.76,0,6,1,3.4703411881115556,0.5652173913043478,0.0,0.08695652173913043,0,0,0
3508.16,wallet,DEV_00745,IN,success,1624,42,37,4,1,3,1233.84,software,3508.16,0,4,0,2.843286001426441,0.8809523809523809,0.09523809523809523,0.023809523809523808,1,0,0
4530.48,card,DEV_01857,GB,success,98,3,3,0,1,3,4342.75,software,4530.48,0,2,0,1.0432283691209485,1.0,0.0,0.3333333333333333,0,0,0
2897.24,netbanking,DEV_02939,SG,success,981,14,9,1,2,2,2048.43,software,2897.24,0,5,1,1.4143710060875891,0.6428571428571429,0.07142857142857142,0.14285714285714285,1,0,0
3540.18,upi,DEV_01577,IN,success,235,13,7,0,2,2,2651.86,travel,3540.18,0,1,0,1.3349799763185084,0.5384615384615384,0.0,0.15384615384615385,0,0,0
2325.19,card,DEV_02735,GB,success,569,47,47,2,1,1,1297.98,software,2325.19,0,1,0,1.7913912386939705,1.0,0.0425531914893617,0.02127659574468085,1,0,0
2602.84,upi,DEV_00645,AE,success,328,48,40,1,3,4,3341.4,electronics,2602.84,0,2,0,0.7789669001017537,0.8333333333333334,0.020833333333333332,0.0625,1,0,0
720.24,netbanking,DEV_01298,GB,success,96,27,17,0,2,3,5489.03,fashion,720.24,0,1,0,0.13121444043847458,0.6296296296296297,0.0,0.07407407407407407,0,0,0
1265.76,wallet,DEV_02321,AE,failed,1927,49,42,0,2,2,3110.78,home,1265.76,0,3,0,0.40689473379666835,0.8571428571428571,0.0,0.04081632653061224,0,0,0
1367.99,upi,DEV_00428,IN,success,1877,39,37,0,0,1,3227.22,software,1367.99,0,3,0,0.42389115089767665,0.9487179487179487,0.0,0.0,0,0,0
1217.91,wallet,DEV_02175,GB,success,999,8,4,0,0,4,6929.67,travel,1217.91,0,3,0,0.17575295793306175,0.5,0.0,0.0,0,0,0
1067.85,card,DEV_00326,GB,failed,1287,42,33,1,2,4,9479.85,software,1067.85,0,0,0,0.11264418740802859,0.7857142857142857,0.023809523809523808,0.047619047619047616,1,0,0
3940.21,card,DEV_02282,GB,success,1587,35,27,0,1,2,3069.86,electronics,3940.21,0,0,0,1.2835145576671247,0.7714285714285715,0.0,0.02857142857142857,0,0,1
4467.47,upi,DEV_01486,GB,success,1010,26,22,0,3,1,4502.28,fashion,4467.47,0,3,0,0.9922683618077953,0.8461538461538461,0.0,0.11538461538461539,0,0,0
1366.92,wallet,DEV_02071,AE,success,1469,30,21,1,1,2,1514.92,home,1366.92,0,6,1,0.9023050722150344,0.7,0.03333333333333333,0.03333333333333333,1,0,0
995.75,wallet,DEV_00200,IN,success,1690,22,13,0,0,2,6368.6,home,995.75,0,4,0,0.15635304462519234,0.5909090909090909,0.0,0.0,0,0,0
1580.4,upi,DEV_02655,IN,failed,1179,49,49,0,2,1,6127.91,electronics,1580.4,0,5,1,0.25790196004836885,1.0,0.0,0.04081632653061224,0,0,0
9404.45,netbanking,DEV_00605,US,failed,600,49,40,1,2,1,2062.93,travel,9404.45,0,4,0,4.558782896171951,0.8163265306122449,0.02040816326530612,0.04081632653061224,1,0,0
8087.43,wallet,DEV_00541,SG,failed,671,36,26,0,2,1,2348.76,beauty,8087.43,0,1,0,3.4432764522556583,0.7222222222222222,0.0,0.05555555555555555,0,0,0
21679.86,netbanking,DEV_01666,US,failed,273,32,32,0,0,1,2696.52,software,21679.86,0,3,0,8.039940367584887,1.0,0.0,0.0,0,0,0
9693.9,card,DEV_00457,GB,success,232,45,37,0,2,1,4061.16,software,9693.9,0,4,0,2.386978104777945,0.8222222222222222,0.0,0.044444444444444446,0,0,0
4145.82,netbanking,DEV_00625,AE,success,794,45,37,2,1,4,4044.78,home,4145.82,0,0,0,1.0249803450373072,0.8222222222222222,0.044444444444444446,0.022222222222222223,1,0,0
1157.16,card,DEV_01506,GB,success,1292,29,28,1,2,2,4481.28,beauty,1157.16,0,1,0,0.25822086546700945,0.9655172413793104,0.034482758620689655,0.06896551724137931,1,0,0
3334.72,card,DEV_00104,US,success,716,18,12,1,1,1,4003.5,software,3334.72,0,0,0,0.8329511677282377,0.6666666666666666,0.05555555555555555,0.05555555555555555,1,0,0
4563.1,upi,DEV_00270,GB,success,1983,22,16,1,1,1,4528.11,electronics,4563.1,0,1,0,1.0077272857770683,0.7272727272727273,0.045454545454545456,0.045454545454545456,1,0,0
2714.55,wallet,DEV_02714,US,failed,1004,37,27,0,3,4,812.21,fashion,2714.55,0,5,1,3.3421775156671303,0.7297297297297297,0.0,0.08108108108108109,0,0,0
3315.81,card,DEV_02475,GB,success,1856,38,30,1,1,1,1377.09,beauty,3315.81,0,5,1,2.4078382676513517,0.7894736842105263,0.02631578947368421,0.02631578947368421,1,0,0
1836.42,upi,DEV_01631,SG,success,316,47,45,0,1,4,1422.84,fashion,1836.42,0,6,1,1.2906721767732143,0.9574468085106383,0.0,0.02127659574468085,0,0,0
2266.74,wallet,DEV_00674,IN,success,1595,1,1,0,2,2,5412.82,fashion,2266.74,0,4,0,0.41877246980317095,1.0,0.0,2.0,0,0,1
1923.58,upi,DEV_01549,SG,success,1992,40,38,0,5,1,5030.18,fashion,1923.58,0,0,0,0.38240778660008184,0.95,0.0,0.125,0,0,0
4240.82,upi,DEV_02123,AE,success,1768,5,0,0,2,2,3924.68,travel,4240.82,0,6,1,1.0805517902096475,0.0,0.0,0.4,0,0,0
1256.07,upi,DEV_02358,AE,success,1687,1,0,1,0,4,2430.41,home,1256.07,0,0,0,0.516814035491954,0.0,1.0,0.0,1,0,0
4075.94,netbanking,DEV_00524,GB,success,501,50,41,0,3,3,2015.42,software,4075.94,0,6,1,2.0223774697085473,0.82,0.0,0.06,0,0,0
4692.89,upi,DEV_00962,US,success,1574,50,40,1,3,2,586.77,software,4692.89,0,4,0,7.997835608500776,0.8,0.02,0.06,1,0,0
4198.43,wallet,DEV_00930,SG,success,1019,32,23,0,1,4,2390.74,grocery,4198.43,0,2,0,1.7561215355914908,0.71875,0.0,0.03125,0,0,0
7385.54,card,DEV_01177,GB,failed,823,46,44,0,1,1,4158.99,software,7385.54,0,4,0,1.7758013363821505,0.9565217391304348,0.0,0.021739130434782608,0,0,0
9847.77,upi,DEV_01451,US,success,356,45,36,2,2,4,2056.27,fashion,9847.77,0,1,0,4.789142476425761,0.8,0.044444444444444446,0.044444444444444446,1,0,0
2236.0,wallet,DEV_01749,IN,success,1034,37,35,0,1,3,5198.99,grocery,2236.0,0,6,1,0.4300835354559251,0.9459459459459459,0.0,0.02702702702702703,0,0,0
2388.57,card,DEV_01924,AE,success,417,1,0,2,0,1,5460.94,home,2388.57,0,5,1,0.43739173109391427,0.0,2.0,0.0,1,0,0
429.27,wallet,DEV_00187,SG,failed,58,22,13,0,2,3,3538.74,travel,429.27,0,1,0,0.12130588853659778,0.5909090909090909,0.0,0.09090909090909091,0,0,0
3882.82,wallet,DEV_00495,SG,success,1811,13,9,1,0,2,3152.47,beauty,3882.82,0,6,1,1.2316754798618228,0.6923076923076923,0.07692307692307693,0.0,1,0,1
1353.88,upi,DEV_01562,IN,success,417,1,0,2,0,1,5460.94,beauty,1353.88,0,0,0,0.24792068764718167,0.0,2.0,0.0,1,0,1
14992.93,wallet,DEV_00511,US,success,67,24,18,0,1,2,3333.9,electronics,14992.93,0,6,1,4.4971144905366085,0.75,0.0,0.041666666666666664,0,0,0
3105.66,netbanking,DEV_02642,SG,success,100,40,39,3,2,2,1789.95,software,3105.66,0,3,0,1.735054051789156,0.975,0.075,0.05,1,0,0
4572.77,card,DEV_02020,AE,success,1602,9,6,1,2,1,4819.49,home,4572.77,0,2,0,0.9488078614127222,0.6666666666666666,0.1111111111111111,0.2222222222222222,1,0,0
5366.36,netbanking,DEV_01649,AE,success,1856,38,30,1,1,1,1377.09,grocery,5366.36,0,5,1,3.896884009033542,0.7894736842105263,0.02631578947368421,0.02631578947368421,1,0,0
2039.71,wallet,DEV_01076,US,success,1611,44,43,0,0,2,1568.93,grocery,2039.71,0,5,1,1.3000643750836558,0.9772727272727273,0.0,0.0,0,0,0
4657.61,upi,DEV_02830,US,success,30,47,37,0,2,3,3282.51,beauty,4657.61,0,4,0,1.418917231021383,0.7872340425531915,0.0,0.0425531914893617,0,0,0
5991.38,card,DEV_02600,IN,success,1598,36,28,0,1,3,1852.18,electronics,5991.38,0,0,0,3.2347719984018832,0.7777777777777778,0.0,0.027777777777777776,0,0,0
4376.56,netbanking,DEV_00631,GB,success,877,25,16,0,3,2,2161.67,electronics,4376.56,0,6,1,2.024619854094288,0.64,0.0,0.12,0,0,0
562.15,upi,DEV_00732,GB,success,1836,42,36,0,2,2,3183.98,software,562.15,0,1,0,0.1765557572597818,0.8571428571428571,0.0,0.047619047619047616,0,0,0
4235.63,wallet,DEV_00750,SG,success,1610,45,39,0,1,2,4313.43,software,4235.63,0,5,1,0.9819633099412763,0.8666666666666667,0.0,0.022222222222222223,0,0,1
6185.93,netbanking,DEV_02688,IN,success,1851,9,8,0,0,4,1344.29,grocery,6185.93,0,4,0,4.601633576088493,0.8888888888888888,0.0,0.0,0,0,0
2208.32,wallet,DEV_01003,IN,success,1865,7,5,0,2,4,8328.97,beauty,2208.32,0,4,0,0.2651372258514559,0.7142857142857143,0.0,0.2857142857142857,0,0,0
2011.54,card,DEV_01113,AE,failed,1076,31,23,1,1,1,2467.25,travel,2011.54,0,3,0,0.81529638261222,0.7419354838709677,0.03225806451612903,0.03225806451612903,1,0,0
2785.18,netbanking,DEV_00429,US,failed,1404,42,35,0,1,1,2526.85,electronics,2785.18,0,4,0,1.1022340067673189,0.8333333333333334,0.0,0.023809523809523808,0,0,0
5169.99,netbanking,DEV_00939,SG,success,1691,48,48,0,4,4,1890.39,home,5169.99,0,4,0,2.734880104105502,1.0,0.0,0.08333333333333333,0,0,0
2797.99,netbanking,DEV_00609,IN,success,1555,36,34,0,0,1,1061.26,travel,2797.99,0,3,0,2.6364792793471907,0.9444444444444444,0.0,0.0,0,0,0
4319.66,upi,DEV_01579,US,success,414,29,22,0,0,4,8498.94,fashion,4319.66,0,0,0,0.5082586769644214,0.7586206896551724,0.0,0.0,0,0,1
3606.12,netbanking,DEV_02720,AE,failed,273,32,32,0,0,1,2696.52,home,3606.12,0,5,1,1.337323661608295,1.0,0.0,0.0,0,0,0
4065.53,netbanking,DEV_01582,IN,success,973,11,6,0,0,2,2058.46,fashion,4065.53,0,6,1,1.9750347347045851,0.5454545454545454,0.0,0.0,0,0,0
3084.76,wallet,DEV_00185,GB,success,596,4,1,3,2,1,1580.74,fashion,3084.76,0,0,0,1.9514657691967054,0.25,0.75,0.5,1,0,0
1924.98,card,DEV_00714,IN,success,1006,1,1,0,0,3,3651.49,beauty,1924.98,0,6,1,0.5271765772328557,1.0,0.0,0.0,0,0,0
2685.99,wallet,DEV_02951,GB,success,278,1,0,0,1,2,1733.28,fashion,2685.99,0,0,0,1.5496572971476044,0.0,0.0,1.0,0,0,0
3478.74,netbanking,DEV_01352,AE,success,1620,37,36,0,1,1,1814.7,software,3478.74,0,2,0,1.9169780128946932,0.972972972972973,0.0,0.02702702702702703,0,0,0
8750.34,card,DEV_02361,AE,success,1908,1,1,0,2,1,2246.09,electronics,8750.34,0,0,0,3.8958100521350434,1.0,0.0,2.0,0,0,0
1588.93,netbanking,DEV_01847,SG,success,1600,38,31,0,3,2,5440.95,grocery,1588.93,0,4,0,0.2920317224014189,0.8157894736842105,0.0,0.07894736842105263,0,0,0
8850.52,upi,DEV_00247,AE,success,204,34,30,0,3,2,4903.63,grocery,8850.52,0,5,1,1.804891478353791,0.8823529411764706,0.0,0.08823529411764706,0,0,0
34279.99,upi,DEV_00075,GB,failed,362,47,44,1,2,3,8259.14,electronics,34279.99,0,4,0,4.150551994517589,0.9361702127659575,0.02127659574468085,0.0425531914893617,1,0,0
3087.54,upi,DEV_02731,IN,failed,1103,10,3,0,2,2,1029.12,beauty,3087.54,0,0,0,3.0001749067164183,0.3,0.0,0.2,0,0,1
1524.1,card,DEV_00557,IN,success,1681,12,3,0,3,1,4709.02,home,1524.1,0,6,1,0.3236554527268943,0.25,0.0,0.25,0,0,0
6535.55,card,DEV_00827,SG,failed,1786,17,7,0,2,1,5909.29,electronics,6535.55,0,2,0,1.1059788908650616,0.4117647058823529,0.0,0.11764705882352941,0,0,0
3763.02,wallet,DEV_01896,SG,failed,214,10,0,1,1,4,1605.83,beauty,3763.02,0,1,0,2.343348922364136,0.0,0.1,0.1,1,0,0
1597.57,wallet,DEV_00149,SG,failed,406,49,47,0,0,4,2081.33,home,1597.57,0,3,0,0.7675716969437811,0.9591836734693877,0.0,0.0,0,0,0
1123.39,upi,DEV_00304,US,failed,771,15,7,0,2,4,5046.01,fashion,1123.39,0,0,0,0.2226293645870698,0.4666666666666667,0.0,0.13333333333333333,0,0,0
3872.8,wallet,DEV_00948,IN,success,304,33,32,0,2,4,765.79,beauty,3872.8,0,4,0,5.057261129030152,0.9696969696969697,0.0,0.06060606060606061,0,0,0
4713.59,upi,DEV_01794,AE,success,1063,22,22,1,2,2,2906.13,software,4713.59,0,0,0,1.6219474008389163,1.0,0.045454545454545456,0.09090909090909091,1,0,0
7047.57,wallet,DEV_01390,SG,failed,688,39,36,0,2,2,1113.85,fashion,7047.57,0,5,1,6.327216411545541,0.9230769230769231,0.0,0.05128205128205128,0,0,0
11550.64,wallet,DEV_01444,US,success,1681,48,43,0,1,1,2110.75,grocery,11550.64,0,1,0,5.47229183939358,0.8958333333333334,0.0,0.020833333333333332,0,0,0
2165.75,netbanking,DEV_00832,IN,success,1982,10,10,0,1,4,8780.34,home,2165.75,0,3,0,0.24665901320450004,1.0,0.0,0.1,0,0,0
4949.09,wallet,DEV_01347,GB,success,811,28,26,0,0,2,2525.69,grocery,4949.09,0,2,0,1.959500176189477,0.9285714285714286,0.0,0.0,0,0,0
5420.46,netbanking,DEV_00745,US,success,1958,42,42,0,0,4,1578.05,home,5420.46,0,6,1,3.434910173948861,1.0,0.0,0.0,0,0,0
5810.13,card,DEV_00650,IN,success,223,7,6,0,4,3,2137.81,electronics,5810.13,0,6,1,2.7177953138959965,0.8571428571428571,0.0,0.5714285714285714,0,0,0
9745.51,netbanking,DEV_00097,GB,failed,845,18,11,0,2,1,1101.84,beauty,9745.51,0,1,0,8.844759674725914,0.6111111111111112,0.0,0.1111111111111111,0,0,1
2405.38,netbanking,DEV_01159,SG,failed,1919,49,46,0,1,2,2613.19,travel,2405.38,0,5,1,0.9204765057267171,0.9387755102040817,0.0,0.02040816326530612,0,0,0
6658.94,netbanking,DEV_01966,IN,success,1595,1,1,0,2,2,5412.82,travel,6658.94,0,3,0,1.2302164121474573,1.0,0.0,2.0,0,0,0
3557.64,card,DEV_00575,AE,failed,901,34,30,1,3,4,3256.91,home,3557.64,0,6,1,1.0923359871780307,0.8823529411764706,0.029411764705882353,0.08823529411764706,1,0,0
1139.18,wallet,DEV_01255,GB,failed,1070,7,6,1,2,1,2962.31,travel,1139.18,0,2,0,0.384557996968582,0.8571428571428571,0.14285714285714285,0.2857142857142857,1,0,0
8543.08,wallet,DEV_01643,GB,failed,775,24,18,0,2,4,3597.75,beauty,8543.08,0,2,0,2.374561878952123,0.75,0.0,0.08333333333333333,0,0,0
2029.94,wallet,DEV_01268,IN,success,1927,30,24,1,2,4,8240.24,software,2029.94,0,5,1,0.24634476665728183,0.8,0.03333333333333333,0.06666666666666667,1,0,0
3423.61,wallet,DEV_01424,AE,success,1574,50,40,1,3,2,586.77,grocery,3423.61,0,4,0,5.834671165874193,0.8,0.02,0.06,1,0,0
6522.47,netbanking,DEV_01355,IN,failed,670,46,41,0,3,3,4350.37,software,6522.47,0,1,0,1.4992908649149383,0.8913043478260869,0.0,0.06521739130434782,0,0,0
5157.27,upi,DEV_01446,GB,success,1402,8,6,0,2,3,5597.77,grocery,5157.27,0,6,1,0.9213079494155708,0.75,0.0,0.25,0,0,0
3139.95,wallet,DEV_00816,IN,failed,468,35,27,0,2,4,722.27,travel,3139.95,0,6,1,4.347335483960292,0.7714285714285715,0.0,0.05714285714285714,0,0,0
808.83,netbanking,DEV_02315,AE,success,1209,28,27,1,1,4,719.98,beauty,808.83,0,6,1,1.1234062057279368,0.9642857142857143,0.03571428571428571,0.03571428571428571,1,0,0
665.21,wallet,DEV_01808,IN,success,382,18,14,1,0,2,2165.77,grocery,665.21,0,3,0,0.30714711165082165,0.7777777777777778,0.05555555555555555,0.0,1,0,0
10407.45,upi,DEV_02332,AE,success,165,10,4,1,4,1,3101.04,software,10407.45,0,4,0,3.3561160126925165,0.4,0.1,0.4,1,0,0
6025.49,upi,DEV_00203,GB,failed,1301,16,14,1,1,2,2165.29,travel,6025.49,0,0,0,2.7827635097377255,0.875,0.0625,0.0625,1,0,0
2599.87,card,DEV_00735,GB,success,144,41,31,0,0,2,3327.18,travel,2599.87,0,1,0,0.7814034708071099,0.7560975609756098,0.0,0.0,0,0,1
5352.14,upi,DEV_02167,US,failed,216,33,30,0,2,1,11775.91,beauty,5352.14,0,2,0,0.454499057822283,0.9090909090909091,0.0,0.06060606060606061,0,0,0
1778.08,upi,DEV_01748,GB,success,540,3,3,2,0,1,1697.09,beauty,1778.08,0,0,0,1.0477228667896223,1.0,0.6666666666666666,0.0,1,0,0
1789.4,netbanking,DEV_02516,GB,success,1148,23,23,0,1,3,23490.85,beauty,1789.4,0,4,0,0.07617434022183106,1.0,0.0,0.043478260869565216,0,0,1
3866.14,wallet,DEV_01429,GB,failed,1102,41,41,0,1,3,4942.93,travel,3866.14,0,3,0,0.7821555231411328,1.0,0.0,0.024390243902439025,0,0,0
3450.53,upi,DEV_01223,GB,success,963,20,20,0,0,4,778.88,home,3450.53,0,6,1,4.430117604765818,1.0,0.0,0.0,0,0,0
7713.7,netbanking,DEV_00907,GB,success,944,45,37,3,0,1,1473.14,software,7713.7,0,2,0,5.236230093541686,0.8222222222222222,0.06666666666666667,0.0,1,0,0
1749.92,card,DEV_01251,SG,failed,825,16,10,0,1,2,3876.36,home,1749.92,0,6,1,0.45143381935630333,0.625,0.0,0.0625,0,0,0
8887.12,upi,DEV_02489,US,success,497,48,46,0,1,1,1290.86,home,8887.12,0,6,1,6.884650543048822,0.9583333333333334,0.0,0.020833333333333332,0,0,0
9516.05,netbanking,DEV_02369,AE,success,1681,48,43,0,1,1,2110.75,travel,9516.05,0,5,1,4.508373800781713,0.8958333333333334,0.0,0.020833333333333332,0,0,1
4184.69,netbanking,DEV_01680,GB,success,1638,32,26,0,1,3,3953.25,software,4184.69,0,0,0,1.0585442357553911,0.8125,0.0,0.03125,0,0,0
1934.15,upi,DEV_00920,IN,success,1311,14,8,0,0,1,4204.8,beauty,1934.15,0,0,0,0.4599862062404871,0.5714285714285714,0.0,0.0,0,0,0
20104.37,wallet,DEV_00526,SG,failed,263,7,3,1,2,1,2022.77,software,20104.37,0,6,1,9.939029153092047,0.42857142857142855,0.14285714285714285,0.2857142857142857,1,0,0
2189.41,upi,DEV_02358,SG,success,1481,37,31,0,1,4,10144.72,fashion,2189.41,0,6,1,0.21581768644181407,0.8378378378378378,0.0,0.02702702702702703,0,0,0
6124.03,card,DEV_01021,US,success,1119,36,32,0,4,1,2846.42,fashion,6124.03,0,1,0,2.151485023292416,0.8888888888888888,0.0,0.1111111111111111,0,0,1
5718.66,wallet,DEV_00529,IN,success,1811,7,7,0,2,1,1019.47,grocery,5718.66,0,4,0,5.609444122926618,1.0,0.0,0.2857142857142857,0,0,0
3307.71,card,DEV_01961,IN,success,1170,38,30,0,2,4,3666.3,beauty,3307.71,0,6,1,0.902192946567384,0.7894736842105263,0.0,0.05263157894736842,0,0,0
5920.13,netbanking,DEV_02125,GB,success,196,3,2,1,1,2,5294.31,home,5920.13,0,3,0,1.118206149621008,0.6666666666666666,0.3333333333333333,0.3333333333333333,1,0,1
5485.44,wallet,DEV_01518,GB,success,889,41,40,0,0,4,945.59,home,5485.44,0,4,0,5.801076576528939,0.975609756097561,0.0,0.0,0,0,1
7320.57,upi,DEV_00153,US,success,496,7,3,0,3,4,2159.83,travel,7320.57,0,5,1,3.3894195376487963,0.42857142857142855,0.0,0.42857142857142855,0,0,0
4279.33,netbanking,DEV_01140,SG,success,1618,16,9,1,1,3,2314.81,beauty,4279.33,0,1,0,1.8486744052427628,0.5625,0.0625,0.0625,1,0,0
6612.71,wallet,DEV_00263,US,success,39,36,29,0,0,2,2302.18,home,6612.71,0,6,1,2.8723687982694663,0.8055555555555556,0.0,0.0,0,0,0
1525.68,card,DEV_00113,US,success,1339,8,0,0,3,3,3623.98,grocery,1525.68,0,2,0,0.4209957008592763,0.0,0.0,0.375,0,0,0
4437.05,card,DEV_00559,IN,failed,1387,43,34,1,4,4,2745.27,travel,4437.05,0,6,1,1.6162526818855705,0.7906976744186046,0.023255813953488372,0.09302325581395349,1,0,0
2904.8,netbanking,DEV_01612,GB,failed,1059,42,34,1,1,2,4832.72,grocery,2904.8,0,5,1,0.6010693770795742,0.8095238095238095,0.023809523809523808,0.023809523809523808,1,0,0
17699.51,upi,DEV_01355,SG,failed,944,45,37,3,0,1,1473.14,software,17699.51,0,5,1,12.014818686614984,0.8222222222222222,0.06666666666666667,0.0,1,0,0
13137.61,card,DEV_02275,AE,success,825,16,10,0,1,2,3876.36,fashion,13137.61,0,6,1,3.3891614813897575,0.625,0.0,0.0625,0,0,0
20995.79,upi,DEV_00282,GB,success,1121,28,28,0,0,3,2829.62,software,20995.79,0,1,0,7.4200033926817035,1.0,0.0,0.0,0,0,0
5568.35,netbanking,DEV_00775,GB,success,451,44,39,1,0,3,8655.05,travel,5568.35,0,6,1,0.6433642786581245,0.8863636363636364,0.022727272727272728,0.0,1,0,0
4443.57,wallet,DEV_01589,US,success,875,42,40,0,2,2,1736.77,home,4443.57,0,3,0,2.5585253084749273,0.9523809523809523,0.0,0.047619047619047616,0,0,0
2243.65,upi,DEV_02221,SG,success,808,35,28,1,1,3,2103.05,beauty,2243.65,0,6,1,1.0668552816147976,0.8,0.02857142857142857,0.02857142857142857,1,0,0
2015.61,upi,DEV_01215,US,failed,912,9,4,0,1,3,2108.33,fashion,2015.61,0,2,0,0.9560220648570196,0.4444444444444444,0.0,0.1111111111111111,0,0,0
2182.7,upi,DEV_02748,US,success,439,8,2,0,4,1,973.9,home,2182.7,0,4,0,2.2411951945784985,0.25,0.0,0.5,0,0,0
2100.01,upi,DEV_01270,AE,success,1824,35,34,0,0,3,4857.65,beauty,2100.01,0,0,0,0.4323098617644335,0.9714285714285714,0.0,0.0,0,0,0
9731.45,netbanking,DEV_01666,US,success,1213,36,29,0,0,1,2288.91,fashion,9731.45,0,2,0,4.251565155467013,0.8055555555555556,0.0,0.0,0,0,0
1115.25,card,DEV_01234,US,failed,1314,20,15,2,2,4,4820.81,electronics,1115.25,0,4,0,0.2313407912778143,0.75,0.1,0.1,1,0,0
2335.52,wallet,DEV_02067,AE,success,201,42,38,0,1,2,4587.8,software,2335.52,0,0,0,0.5090718863071625,0.9047619047619048,0.0,0.023809523809523808,0,0,0
3972.66,card,DEV_02262,GB,success,1976,39,39,0,0,1,1640.28,grocery,3972.66,0,2,0,2.4219401565586365,1.0,0.0,0.0,0,0,0
2895.44,netbanking,DEV_01563,SG,success,961,32,27,0,3,1,1402.25,beauty,2895.44,0,1,0,2.064852914958103,0.84375,0.0,0.09375,0,0,0
3051.63,card,DEV_02649,AE,success,1667,35,27,2,1,3,3375.93,travel,3051.63,0,3,0,0.9039375816441693,0.7714285714285715,0.05714285714285714,0.02857142857142857,1,0,0
9092.21,card,DEV_01908,GB,success,845,18,11,0,2,1,1101.84,fashion,9092.21,0,2,0,8.251842372758295,0.6111111111111112,0.0,0.1111111111111111,0,0,0
8113.88,netbanking,DEV_00852,GB,success,410,44,43,0,3,4,1655.19,grocery,8113.88,0,3,0,4.902083748693503,0.9772727272727273,0.0,0.06818181818181818,0,0,0
17068.72,upi,DEV_02198,GB,success,1281,43,42,1,3,2,1198.98,home,17068.72,0,1,0,14.236033962201205,0.9767441860465116,0.023255813953488372,0.06976744186046512,1,0,0
2096.06,upi,DEV_02291,SG,failed,754,14,13,0,1,3,1678.07,home,2096.06,0,4,0,1.2490897280804734,0.9285714285714286,0.0,0.07142857142857142,0,0,1
7410.3,wallet,DEV_01386,US,success,307,50,48,0,3,1,4738.31,travel,7410.3,0,5,1,1.5639120277060807,0.96,0.0,0.06,0,0,0
3140.36,upi,DEV_00815,US,success,1981,47,44,0,0,2,11361.59,home,3140.36,0,2,0,0.2764014543739037,0.9361702127659575,0.0,0.0,0,0,1
2761.99,upi,DEV_00039,US,success,572,34,33,1,4,4,2180.78,electronics,2761.99,0,0,0,1.2665147332605762,0.9705882352941176,0.029411764705882353,0.11764705882352941,1,0,0
4104.26,netbanking,DEV_01644,SG,success,39,46,39,0,0,2,1844.2,software,4104.26,0,2,0,2.225496150092181,0.8478260869565217,0.0,0.0,0,0,0
5657.36,upi,DEV_00041,US,success,687,13,6,1,0,3,2649.45,software,5657.36,0,1,0,2.1352960048311913,0.46153846153846156,0.07692307692307693,0.0,1,0,0
2713.48,upi,DEV_01039,AE,failed,1700,2,1,0,1,3,7840.19,beauty,2713.48,0,3,0,0.34609875525975775,0.5,0.0,0.5,0,0,0
3639.87,card,DEV_02836,IN,failed,316,49,40,0,2,4,3177.25,home,3639.87,0,6,1,1.1456039027460854,0.8163265306122449,0.0,0.04081632653061224,0,0,0
4150.8,wallet,DEV_01496,IN,failed,1052,36,36,0,3,3,1534.19,travel,4150.8,0,3,0,2.7055319093463,1.0,0.0,0.08333333333333333,0,0,0
5899.5,upi,DEV_01960,SG,success,1497,43,38,1,3,4,1449.73,electronics,5899.5,0,5,1,4.069378435984632,0.8837209302325582,0.023255813953488372,0.06976744186046512,1,0,0
4344.2,netbanking,DEV_01021,IN,success,304,30,28,0,0,1,861.11,travel,4344.2,0,5,1,5.044883928882489,0.9333333333333333,0.0,0.0,0,0,0
2174.88,netbanking,DEV_00863,IN,success,199,37,27,0,1,2,2075.53,travel,2174.88,0,2,0,1.047867291727896,0.7297297297297297,0.0,0.02702702702702703,0,0,0
3825.49,upi,DEV_02383,SG,success,1516,45,38,0,3,4,1801.95,electronics,3825.49,0,4,0,2.122972335525403,0.8444444444444444,0.0,0.06666666666666667,0,0,1
3341.04,wallet,DEV_00699,US,success,1386,34,28,1,0,2,1302.27,software,3341.04,0,3,0,2.565550922619733,0.8235294117647058,0.029411764705882353,0.0,1,0,0
11873.9,netbanking,DEV_02936,US,success,901,34,30,1,3,4,3256.91,electronics,11873.9,0,0,0,3.645756253626904,0.8823529411764706,0.029411764705882353,0.08823529411764706,1,0,0
4922.01,netbanking,DEV_01878,IN,success,1282,2,2,0,1,2,7186.47,home,4922.01,0,4,0,0.6848995403863093,1.0,0.0,0.5,0,0,1
4030.43,card,DEV_01861,US,success,301,23,17,0,4,2,1608.4,electronics,4030.43,0,2,0,2.505862969410594,0.7391304347826086,0.0,0.17391304347826086,0,0,0
2631.75,netbanking,DEV_00214,GB,failed,310,46,41,0,2,4,3618.28,electronics,2631.75,0,3,0,0.7273483533612656,0.8913043478260869,0.0,0.043478260869565216,0,0,0
3019.65,wallet,DEV_01061,SG,success,1895,47,38,0,2,1,3149.96,grocery,3019.65,0,2,0,0.9586312207139138,0.8085106382978723,0.0,0.0425531914893617,0,0,0
4901.21,wallet,DEV_02631,AE,success,592,1,0,1,3,4,1408.93,beauty,4901.21,0,1,0,3.478675306793098,0.0,1.0,3.0,1,0,1
2987.89,wallet,DEV_00434,SG,success,441,45,44,0,2,3,957.45,electronics,2987.89,0,1,0,3.120674708862081,0.9777777777777777,0.0,0.044444444444444446,0,0,0
2613.9,netbanking,DEV_00205,AE,success,1677,8,7,0,1,1,4536.68,software,2613.9,0,4,0,0.5761702390294223,0.875,0.0,0.125,0,0,0
2350.07,wallet,DEV_00632,AE,success,1209,25,20,2,2,2,1447.56,beauty,2350.07,0,3,0,1.6234698389013238,0.8,0.08,0.08,1,0,0
2661.6,netbanking,DEV_02072,IN,success,1126,44,41,0,1,2,3358.14,software,2661.6,0,0,0,0.7925816076756776,0.9318181818181818,0.0,0.022727272727272728,0,0,0
2609.14,netbanking,DEV_02453,IN,success,1653,31,23,0,0,4,5252.08,travel,2609.14,0,5,1,0.49678222723187765,0.7419354838709677,0.0,0.0,0,0,0
2309.32,wallet,DEV_01615,SG,success,167,6,6,0,0,1,2060.2,home,2309.32,0,5,1,1.1209202990000973,1.0,0.0,0.0,0,0,0
1153.95,upi,DEV_01014,AE,success,572,34,33,1,4,4,2180.78,grocery,1153.95,0,3,0,0.5291455350837774,0.9705882352941176,0.029411764705882353,0.11764705882352941,1,0,0
9961.75,wallet,DEV_02349,IN,success,1343,47,46,0,0,1,1231.59,software,9961.75,0,3,0,8.088527837998036,0.9787234042553191,0.0,0.0,0,0,0
2133.73,card,DEV_00533,IN,success,276,45,43,0,0,4,3836.28,software,2133.73,0,4,0,0.5561976706601186,0.9555555555555556,0.0,0.0,0,0,0
2172.37,card,DEV_02175,AE,success,1099,27,22,0,1,1,9263.8,travel,2172.37,0,1,0,0.23450096072885857,0.8148148148148148,0.0,0.037037037037037035,0,0,0
24486.81,upi,DEV_02855,GB,failed,223,30,21,1,0,2,11457.64,software,24486.81,0,4,0,2.1371600085183338,0.7,0.03333333333333333,0.0,1,0,0
6596.83,card,DEV_02743,IN,success,1619,40,33,0,1,3,8218.76,software,6596.83,0,0,0,0.8026551450583786,0.825,0.0,0.025,0,0,0
18333.89,wallet,DEV_01194,IN,success,259,5,5,0,3,2,6253.5,grocery,18333.89,0,4,0,2.931780602862397,1.0,0.0,0.6,0,0,0
1851.51,upi,DEV_01444,IN,success,690,16,7,0,1,3,3157.7,electronics,1851.51,0,6,1,0.5863476581055832,0.4375,0.0,0.0625,0,0,0
1728.86,netbanking,DEV_00730,SG,success,593,18,15,0,0,2,2385.67,travel,1728.86,0,0,0,0.7246853085296793,0.8333333333333334,0.0,0.0,0,0,0
5325.9,wallet,DEV_00418,US,success,1376,35,32,0,2,4,6473.06,travel,5325.9,0,5,1,0.822779334657797,0.9142857142857143,0.0,0.05714285714285714,0,0,0
700.61,wallet,DEV_01589,GB,success,1566,11,5,1,2,3,3387.26,software,700.61,0,3,0,0.20683679434114888,0.45454545454545453,0.09090909090909091,0.18181818181818182,1,0,1
3796.71,wallet,DEV_00745,US,success,577,29,22,1,3,2,5559.53,electronics,3796.71,0,1,0,0.6829192395760073,0.7586206896551724,0.034482758620689655,0.10344827586206896,1,0,1
1634.0,netbanking,DEV_00613,US,failed,361,50,41,0,2,3,5570.45,home,1634.0,0,3,0,0.2933335726916138,0.82,0.0,0.04,0,0,1
2698.5,upi,DEV_01544,GB,success,348,7,2,1,2,4,3420.68,home,2698.5,0,3,0,0.788878234736953,0.2857142857142857,0.14285714285714285,0.2857142857142857,1,0,0
1454.8,wallet,DEV_00788,US,success,393,47,37,1,0,4,2132.11,fashion,1454.8,0,3,0,0.682328772905713,0.7872340425531915,0.02127659574468085,0.0,1,0,0
1737.71,upi,DEV_00829,GB,success,1157,11,7,0,1,4,3574.93,grocery,1737.71,0,1,0,0.48608224496703434,0.6363636363636364,0.0,0.09090909090909091,0,0,0
15951.87,wallet,DEV_00076,GB,failed,1938,37,30,0,2,2,7149.04,beauty,15951.87,0,5,1,2.2313303604400034,0.8108108108108109,0.0,0.05405405405405406,0,0,0
1277.14,netbanking,DEV_00049,GB,success,1092,14,12,0,2,3,2946.65,home,1277.14,0,2,0,0.4334210035124633,0.8571428571428571,0.0,0.14285714285714285,0,0,0
1206.41,upi,DEV_00043,GB,failed,263,44,39,1,1,3,6018.44,home,1206.41,0,6,1,0.2004522766697018,0.8863636363636364,0.022727272727272728,0.022727272727272728,1,0,0
2876.93,netbanking,DEV_00293,SG,success,1606,20,12,2,3,3,3245.76,electronics,2876.93,0,3,0,0.886365596963423,0.6,0.1,0.15,1,0,0
15294.91,upi,DEV_02793,AE,success,1696,42,34,0,1,4,1446.63,electronics,15294.91,0,4,0,10.57278640702875,0.8095238095238095,0.0,0.023809523809523808,0,0,0
3854.1,upi,DEV_01628,AE,success,1634,29,26,0,0,2,4086.41,beauty,3854.1,0,4,0,0.9431505893926454,0.896551724137931,0.0,0.0,0,0,0
3314.6,upi,DEV_02449,GB,success,1753,8,7,0,2,1,3799.19,travel,3314.6,0,4,0,0.87244912731398,0.875,0.0,0.25,0,0,0
2908.93,netbanking,DEV_00758,AE,failed,394,29,20,1,1,4,3512.1,grocery,2908.93,0,4,0,0.8282594459155491,0.6896551724137931,0.034482758620689655,0.034482758620689655,1,0,0
2065.74,netbanking,DEV_00699,US,success,754,14,13,0,1,3,1678.07,beauty,2065.74,0,3,0,1.2310213519102302,0.9285714285714286,0.0,0.07142857142857142,0,0,0
5456.68,card,DEV_01714,IN,failed,62,32,23,0,2,1,1183.16,beauty,5456.68,0,5,1,4.611954427127354,0.71875,0.0,0.0625,0,0,0
3169.97,netbanking,DEV_02224,IN,success,1306,12,9,0,1,4,5245.27,software,3169.97,0,4,0,0.6043482985623236,0.75,0.0,0.08333333333333333,0,0,0
3384.58,card,DEV_02680,GB,success,216,42,40,0,0,4,1023.5,travel,3384.58,0,2,0,3.3068685881778213,0.9523809523809523,0.0,0.0,0,0,0
2531.78,upi,DEV_02427,GB,success,202,10,9,0,0,2,2397.89,grocery,2531.78,0,4,0,1.055836589668417,0.9,0.0,0.0,0,0,0
2276.41,netbanking,DEV_01682,US,success,1907,23,17,0,0,4,634.98,grocery,2276.41,0,6,1,3.585010551513433,0.7391304347826086,0.0,0.0,0,0,0
1753.96,netbanking,DEV_01294,SG,success,51,7,4,0,0,2,2570.44,grocery,1753.96,0,0,0,0.6823578842532796,0.5714285714285714,0.0,0.0,0,0,0
2734.96,wallet,DEV_01001,AE,success,1235,21,11,1,2,2,3025.68,grocery,2734.96,0,6,1,0.9039158139657862,0.5238095238095238,0.047619047619047616,0.09523809523809523,1,0,0
3792.31,wallet,DEV_00706,SG,success,1457,3,2,0,0,1,1056.07,grocery,3792.31,0,6,1,3.5909646140880813,0.6666666666666666,0.0,0.0,0,0,0
7366.13,upi,DEV_00176,AE,success,1341,32,29,1,1,1,956.6,software,7366.13,0,1,0,7.7003240643947315,0.90625,0.03125,0.03125,1,0,0
7096.82,netbanking,DEV_02717,GB,success,171,33,33,0,4,3,4603.03,software,7096.82,0,1,0,1.5417713984049637,1.0,0.0,0.12121212121212122,0,0,1
6219.81,netbanking,DEV_00398,US,success,1381,31,29,0,4,2,2707.85,beauty,6219.81,0,6,1,2.2969551489188844,0.9354838709677419,0.0,0.12903225806451613,0,0,0
2417.5,upi,DEV_02682,SG,success,947,2,0,4,2,3,3791.56,home,2417.5,0,1,0,0.6376003544715104,0.0,2.0,1.0,1,0,0
7418.76,card,DEV_01117,SG,success,1501,45,41,0,1,4,3134.1,fashion,7418.76,0,6,1,2.3671101751699055,0.9111111111111111,0.0,0.022222222222222223,0,0,0
1276.76,upi,DEV_00264,IN,success,1165,6,4,1,0,3,389.6,beauty,1276.76,0,6,1,3.2771047227926076,0.6666666666666666,0.16666666666666666,0.0,1,0,0
1309.27,card,DEV_00709,IN,success,709,40,33,0,2,2,476.05,grocery,1309.27,0,0,0,2.7502783321079716,0.825,0.0,0.05,0,0,0
3599.98,card,DEV_02914,GB,success,1574,50,40,1,3,2,586.77,electronics,3599.98,0,0,0,6.135248905022411,0.8,0.02,0.06,1,0,0
3590.73,wallet,DEV_02226,AE,failed,1890,29,23,1,1,4,1241.31,grocery,3590.73,0,0,0,2.8926940087488218,0.7931034482758621,0.034482758620689655,0.034482758620689655,1,0,0
884.32,wallet,DEV_01221,IN,success,1203,4,2,0,1,1,3333.87,electronics,884.32,0,1,0,0.2652532942196307,0.5,0.0,0.25,0,0,0
2934.02,netbanking,DEV_01074,SG,success,1755,41,34,2,3,1,7158.24,fashion,2934.02,0,0,0,0.40988008225485595,0.8292682926829268,0.04878048780487805,0.07317073170731707,1,0,0
7140.61,wallet,DEV_01267,GB,success,842,46,39,0,1,1,2969.84,grocery,7140.61,0,6,1,2.4043753198825524,0.8478260869565217,0.0,0.021739130434782608,0,0,0
2454.95,card,DEV_00175,AE,failed,356,45,36,2,2,4,2056.27,beauty,2454.95,0,6,1,1.1938850442792046,0.8,0.044444444444444446,0.044444444444444446,1,0,1
1336.93,wallet,DEV_02615,SG,success,349,9,4,0,2,3,2158.38,software,1336.93,0,6,1,0.6194136342997989,0.4444444444444444,0.0,0.2222222222222222,0,0,0
5874.71,netbanking,DEV_02134,GB,failed,242,17,16,0,1,2,2229.89,grocery,5874.71,0,5,1,2.634529057487141,0.9411764705882353,0.0,0.058823529411764705,0,0,0
1537.0,wallet,DEV_01155,AE,success,543,13,13,0,2,3,4046.94,travel,1537.0,0,5,1,0.37979312764706175,1.0,0.0,0.15384615384615385,0,0,0
5734.11,card,DEV_02441,AE,success,1722,10,9,1,2,1,6838.35,grocery,5734.11,0,6,1,0.8385224505911513,0.9,0.1,0.2,1,0,0
925.79,upi,DEV_01214,US,success,798,41,35,0,2,1,5828.34,travel,925.79,0,3,0,0.15884282660242882,0.8536585365853658,0.0,0.04878048780487805,0,0,1
1799.53,wallet,DEV_00594,US,success,1236,48,47,1,2,1,10265.65,home,1799.53,0,1,0,0.17529625498628923,0.9791666666666666,0.020833333333333332,0.041666666666666664,1,0,0
1548.89,upi,DEV_00071,GB,success,1544,40,33,0,1,4,2599.9,beauty,1548.89,0,4,0,0.5957498365321743,0.825,0.0,0.025,0,0,0
1608.09,card,DEV_01165,US,success,62,32,23,0,2,1,1183.16,home,1608.09,0,5,1,1.359148382298252,0.71875,0.0,0.0625,0,0,0
8523.89,upi,DEV_00462,GB,failed,1226,17,7,0,1,3,2775.28,home,8523.89,0,1,0,3.0713621688622403,0.4117647058823529,0.0,0.058823529411764705,0,0,0
3078.28,card,DEV_00369,AE,failed,1973,30,21,0,0,2,8526.49,software,3078.28,0,6,1,0.36102546299825605,0.7,0.0,0.0,0,0,0
4078.94,upi,DEV_01665,SG,success,1667,35,27,2,1,3,3375.93,beauty,4078.94,0,5,1,1.208241877053138,0.7714285714285715,0.05714285714285714,0.02857142857142857,1,0,1
3145.83,card,DEV_02670,US,success,1126,44,41,0,1,2,3358.14,home,3145.83,0,1,0,0.936777501831371,0.9318181818181818,0.0,0.022727272727272728,0,0,0
3255.81,card,DEV_02251,IN,success,1800,26,16,0,2,2,1927.75,fashion,3255.81,0,3,0,1.688917131370769,0.6153846153846154,0.0,0.07692307692307693,0,0,0
6737.86,wallet,DEV_01730,AE,success,1138,4,0,0,2,4,882.41,software,6737.86,0,1,0,7.635747554991444,0.0,0.0,0.5,0,0,1
693.26,card,DEV_00256,IN,success,1734,12,5,0,2,3,783.41,beauty,693.26,0,1,0,0.8849261561634394,0.4166666666666667,0.0,0.16666666666666666,0,0,0
4050.76,upi,DEV_02209,GB,failed,658,11,7,0,1,3,2044.3,travel,4050.76,0,3,0,1.9814899965758452,0.6363636363636364,0.0,0.09090909090909091,0,0,0
3727.71,upi,DEV_00395,IN,success,459,28,22,1,1,3,3171.7,travel,3727.71,0,1,0,1.1753034650187597,0.7857142857142857,0.03571428571428571,0.03571428571428571,1,0,0
1763.95,netbanking,DEV_00736,GB,success,617,32,23,0,0,2,1269.65,travel,1763.95,0,2,0,1.3893198913086282,0.71875,0.0,0.0,0,0,0
10738.23,card,DEV_01456,SG,success,115,1,1,0,4,1,966.17,beauty,10738.23,0,4,0,11.114224204850078,1.0,0.0,4.0,0,0,0
7314.82,wallet,DEV_02523,US,success,168,3,2,0,2,1,8886.3,fashion,7314.82,0,3,0,0.8231569944746407,0.6666666666666666,0.0,0.6666666666666666,0,0,0
2961.7,card,DEV_01848,AE,failed,1183,35,28,0,2,4,3847.55,grocery,2961.7,0,6,1,0.7697625761848448,0.8,0.0,0.05714285714285714,0,0,0
7296.15,upi,DEV_01874,AE,success,1076,31,23,1,1,1,2467.25,home,7296.15,0,2,0,2.957199310973756,0.7419354838709677,0.03225806451612903,0.03225806451612903,1,0,0
1942.65,upi,DEV_02277,US,failed,790,40,35,0,1,4,11004.85,electronics,1942.65,0,4,0,0.1765267132218976,0.875,0.0,0.025,0,0,0
6395.78,upi,DEV_00879,AE,success,1605,38,31,1,1,1,2066.26,home,6395.78,0,2,0,3.0953413413607187,0.8157894736842105,0.02631578947368421,0.02631578947368421,1,0,0
4131.18,netbanking,DEV_02601,IN,failed,404,49,47,1,1,3,4625.44,electronics,4131.18,0,5,1,0.893143138814902,0.9591836734693877,0.02040816326530612,0.02040816326530612,1,0,0
1419.16,upi,DEV_01629,AE,success,1635,16,13,0,2,4,1239.78,software,1419.16,0,1,0,1.1446869605897823,0.8125,0.0,0.125,0,0,0
1565.17,wallet,DEV_02262,GB,success,613,2,1,0,2,1,1523.64,beauty,1565.17,0,5,1,1.0272570948518023,0.5,0.0,1.0,0,0,0
1559.83,card,DEV_00305,US,success,1672,43,36,1,2,3,603.07,electronics,1559.83,0,0,0,2.586482497885817,0.8372093023255814,0.023255813953488372,0.046511627906976744,1,0,0
1107.36,upi,DEV_00925,SG,success,393,31,30,0,3,3,1254.43,fashion,1107.36,0,0,0,0.8827595003308274,0.967741935483871,0.0,0.0967741935483871,0,0,0
954.33,upi,DEV_01431,US,success,1981,2,0,0,1,4,9604.99,travel,954.33,0,2,0,0.09935772968009338,0.0,0.0,0.5,0,0,0
3019.86,wallet,DEV_01333,IN,failed,964,9,7,0,2,3,5350.24,home,3019.86,0,1,0,0.5644344926582733,0.7777777777777778,0.0,0.2222222222222222,0,0,0
5446.61,wallet,DEV_01580,IN,success,43,27,17,1,3,2,1382.77,fashion,5446.61,0,1,0,3.938912472790124,0.6296296296296297,0.037037037037037035,0.1111111111111111,1,0,0
1127.67,wallet,DEV_02577,GB,success,1117,33,27,1,1,2,4319.02,electronics,1127.67,0,4,0,0.2610939518687109,0.8181818181818182,0.030303030303030304,0.030303030303030304,1,0,0
6863.62,card,DEV_02601,SG,success,873,34,31,0,1,2,7641.87,beauty,6863.62,0,3,0,0.8981597436229614,0.9117647058823529,0.0,0.029411764705882353,0,0,1
2928.99,netbanking,DEV_01014,IN,success,641,44,35,0,1,4,2535.77,grocery,2928.99,0,1,0,1.1550692689005706,0.7954545454545454,0.0,0.022727272727272728,0,0,1
1639.73,wallet,DEV_02486,AE,success,617,14,10,0,3,3,1966.16,beauty,1639.73,0,2,0,0.8339758717500102,0.7142857142857143,0.0,0.21428571428571427,0,0,0
5885.89,wallet,DEV_02061,IN,failed,1404,8,4,0,1,2,2003.89,grocery,5885.89,0,2,0,2.937232083597403,0.5,0.0,0.125,0,0,1
13837.85,upi,DEV_02217,GB,failed,1232,48,40,1,4,4,3048.49,electronics,13837.85,0,1,0,4.539247299482695,0.8333333333333334,0.020833333333333332,0.08333333333333333,1,0,0
1207.61,upi,DEV_02768,IN,success,1928,29,28,0,1,4,2999.35,home,1207.61,0,4,0,0.4026239018453998,0.9655172413793104,0.0,0.034482758620689655,0,0,0
2350.6,wallet,DEV_01544,GB,failed,623,44,38,0,3,1,4853.36,grocery,2350.6,0,6,1,0.48432426195460465,0.8636363636363636,0.0,0.06818181818181818,0,0,0
9550.9,wallet,DEV_00700,SG,success,463,35,28,0,3,3,5428.83,fashion,9550.9,0,1,0,1.7592925179090153,0.8,0.0,0.08571428571428572,0,0,0
3945.34,card,DEV_00567,GB,success,1787,37,36,0,3,1,895.54,grocery,3945.34,0,5,1,4.405543024320522,0.972972972972973,0.0,0.08108108108108109,0,0,0
3487.9,netbanking,DEV_02527,SG,success,76,37,31,0,2,2,11994.15,fashion,3487.9,0,0,0,0.2908000983812942,0.8378378378378378,0.0,0.05405405405405406,0,0,0
2859.17,netbanking,DEV_01336,US,success,944,45,37,3,0,1,1473.14,software,2859.17,0,3,0,1.9408678061827116,0.8222222222222222,0.06666666666666667,0.0,1,0,0
7685.89,wallet,DEV_02574,IN,failed,1370,43,40,0,1,3,3526.79,travel,7685.89,0,2,0,2.179287680865603,0.9302325581395349,0.0,0.023255813953488372,0,0,1
2937.01,netbanking,DEV_00560,SG,success,105,48,40,1,2,4,2020.9,fashion,2937.01,0,6,1,1.4533178286901876,0.8333333333333334,0.020833333333333332,0.041666666666666664,1,0,0
40599.7,wallet,DEV_01099,AE,failed,164,20,18,0,2,4,1006.21,electronics,40599.7,0,4,0,40.34913189095715,0.9,0.0,0.1,0,0,0
19416.67,wallet,DEV_02418,GB,failed,1681,48,43,0,1,1,2110.75,travel,19416.67,0,5,1,9.198943503494018,0.8958333333333334,0.0,0.020833333333333332,0,0,0
21144.14,wallet,DEV_01985,IN,success,105,19,12,1,2,1,8070.12,software,21144.14,0,6,1,2.6200527377535896,0.631578947368421,0.05263157894736842,0.10526315789473684,1,0,0
2252.15,wallet,DEV_01258,AE,success,1700,2,1,0,1,3,7840.19,beauty,2252.15,0,5,1,0.28725706902511294,0.5,0.0,0.5,0,0,0
18816.16,netbanking,DEV_01662,GB,success,1211,37,37,0,0,2,1966.39,beauty,18816.16,0,1,0,9.568885114346594,1.0,0.0,0.0,0,0,0
1063.03,netbanking,DEV_00461,AE,success,999,8,4,0,0,4,6929.67,beauty,1063.03,0,2,0,0.1534026872852531,0.5,0.0,0.0,0,0,0
3401.43,netbanking,DEV_01878,SG,success,651,1,0,0,0,2,7598.15,travel,3401.43,0,3,0,0.4476655501668169,0.0,0.0,0.0,0,0,1
2846.97,upi,DEV_01633,SG,success,1780,29,27,0,0,2,3825.15,electronics,2846.97,0,0,0,0.7442766950315673,0.9310344827586207,0.0,0.0,0,0,0
2590.86,wallet,DEV_01200,SG,success,188,19,10,2,1,1,4196.83,home,2590.86,0,6,1,0.617337371301673,0.5263157894736842,0.10526315789473684,0.05263157894736842,1,0,0
11255.74,netbanking,DEV_01188,GB,success,877,3,2,1,2,3,442.23,electronics,11255.74,0,5,1,25.452230739660354,0.6666666666666666,0.3333333333333333,0.6666666666666666,1,0,0
3276.14,wallet,DEV_00041,GB,success,470,21,13,0,2,1,3843.66,fashion,3276.14,0,4,0,0.8523490631325351,0.6190476190476191,0.0,0.09523809523809523,0,0,0
3166.16,card,DEV_00672,AE,failed,216,33,30,0,2,1,11775.91,electronics,3166.16,0,3,0,0.2688675439944769,0.9090909090909091,0.0,0.06060606060606061,0,0,0
6931.34,card,DEV_01625,AE,success,31,28,21,0,2,2,1051.11,travel,6931.34,0,0,0,6.5943050679757595,0.75,0.0,0.07142857142857142,0,0,0
4490.83,card,DEV_02230,US,success,1648,32,22,0,2,3,4551.27,software,4490.83,0,2,0,0.9867201901886725,0.6875,0.0,0.0625,0,0,0
4329.62,netbanking,DEV_02131,IN,success,696,36,27,2,1,4,3174.32,travel,4329.62,0,4,0,1.3639519645152347,0.75,0.05555555555555555,0.027777777777777776,1,0,0
1700.1,card,DEV_02279,SG,success,181,29,24,0,4,3,1819.82,software,1700.1,0,2,0,0.9342132738402699,0.8275862068965517,0.0,0.13793103448275862,0,0,0
3427.95,card,DEV_01352,AE,success,536,34,28,1,1,3,1225.98,electronics,3427.95,0,4,0,2.7960896588851365,0.8235294117647058,0.029411764705882353,0.029411764705882353,1,0,0
3966.45,wallet,DEV_01073,IN,success,1159,46,42,0,0,1,3348.48,beauty,3966.45,0,4,0,1.1845523939220184,0.9130434782608695,0.0,0.0,0,0,0
3352.53,wallet,DEV_00969,IN,failed,1501,45,41,0,1,4,3134.1,beauty,3352.53,0,6,1,1.0696946491815833,0.9111111111111111,0.0,0.022222222222222223,0,0,0
3511.41,netbanking,DEV_00053,IN,success,815,16,13,0,1,3,4526.7,home,3511.41,0,3,0,0.7757107826893763,0.8125,0.0,0.0625,0,0,0
2878.6,card,DEV_02784,GB,failed,136,26,26,1,1,3,1674.46,electronics,2878.6,0,5,1,1.7191213883878982,1.0,0.038461538461538464,0.038461538461538464,1,0,0
2690.61,wallet,DEV_00418,SG,success,1106,27,23,1,2,1,3311.92,beauty,2690.61,0,1,0,0.8124018696103771,0.8518518518518519,0.037037037037037035,0.07407407407407407,1,0,0
1224.02,upi,DEV_00071,GB,success,1487,39,29,1,3,2,2340.3,grocery,1224.02,0,4,0,0.5230184164423364,0.7435897435897436,0.02564102564102564,0.07692307692307693,1,0,0
4028.21,card,DEV_02286,GB,success,272,14,14,0,0,4,3297.82,home,4028.21,0,3,0,1.2214766118223552,1.0,0.0,0.0,0,0,0
10482.37,wallet,DEV_02218,GB,failed,1209,25,20,2,2,2,1447.56,home,10482.37,0,1,0,7.241406228411949,0.8,0.08,0.08,1,0,0
2956.24,card,DEV_02059,AE,success,1443,8,4,0,0,3,2361.74,travel,2956.24,0,5,1,1.2517211886151736,0.5,0.0,0.0,0,0,0
13627.36,card,DEV_02175,AE,failed,1553,31,28,0,2,3,1491.11,fashion,13627.36,0,2,0,9.13907089349545,0.9032258064516129,0.0,0.06451612903225806,0,0,0
3116.24,card,DEV_00128,IN,success,1914,6,0,0,1,1,3022.09,fashion,3116.24,0,3,0,1.0311539365141342,0.0,0.0,0.16666666666666666,0,0,0
290.12,wallet,DEV_01526,IN,success,1174,19,17,0,1,4,1476.74,software,290.12,0,1,0,0.19645976949226,0.8947368421052632,0.0,0.05263157894736842,0,0,0
1589.24,netbanking,DEV_01211,GB,success,818,37,30,0,0,3,1923.31,beauty,1589.24,0,4,0,0.8263046518761926,0.8108108108108109,0.0,0.0,0,0,0
10781.14,card,DEV_01612,AE,success,481,29,28,0,0,3,1957.75,electronics,10781.14,0,3,0,5.506903332907674,0.9655172413793104,0.0,0.0,0,0,0
11346.29,wallet,DEV_02289,AE,success,974,41,35,0,0,4,1811.83,electronics,11346.29,0,2,0,6.262336974219436,0.8536585365853658,0.0,0.0,0,0,0
1788.25,upi,DEV_01233,IN,success,1415,48,46,0,0,1,3531.13,travel,1788.25,0,1,0,0.5064242891085856,0.9583333333333334,0.0,0.0,0,0,0
6644.01,upi,DEV_00479,GB,failed,56,48,42,0,1,2,1973.14,travel,6644.01,0,0,0,3.367226856685283,0.875,0.0,0.020833333333333332,0,0,1
5751.9,wallet,DEV_00561,GB,success,815,16,13,0,1,3,4526.7,electronics,5751.9,0,6,1,1.270660746238982,0.8125,0.0,0.0625,0,0,0
2492.48,upi,DEV_00741,IN,success,1726,25,18,0,0,3,1592.81,electronics,2492.48,0,4,0,1.564831963636592,0.72,0.0,0.0,0,0,0
4934.86,netbanking,DEV_00967,US,success,272,14,14,0,0,4,3297.82,grocery,4934.86,0,4,0,1.496400652552292,1.0,0.0,0.0,0,0,0
2775.15,wallet,DEV_00121,GB,success,970,46,41,0,0,1,4575.15,grocery,2775.15,0,4,0,0.6065702763843809,0.8913043478260869,0.0,0.0,0,0,1
1808.6,wallet,DEV_01593,GB,success,1154,9,4,1,0,4,2380.0,software,1808.6,0,1,0,0.7599159663865546,0.4444444444444444,0.1111111111111111,0.0,1,0,0
873.31,netbanking,DEV_01526,SG,failed,81,12,9,0,3,2,5006.69,electronics,873.31,0,4,0,0.17442861451378056,0.75,0.0,0.25,0,0,0
2467.58,netbanking,DEV_00700,IN,success,1501,10,4,1,0,4,1682.5,electronics,2467.58,0,3,0,1.4666151560178307,0.4,0.1,0.0,1,0,0
7267.78,upi,DEV_01281,IN,success,1722,10,9,1,2,1,6838.35,fashion,7267.78,0,2,0,1.0627973122171284,0.9,0.1,0.2,1,0,0
5957.58,upi,DEV_01178,GB,success,453,35,30,0,3,3,3672.08,fashion,5957.58,0,0,0,1.6223992941330254,0.8571428571428571,0.0,0.08571428571428572,0,0,0
2080.2,upi,DEV_00417,US,success,105,19,12,1,2,1,8070.12,electronics,2080.2,0,0,0,0.25776568378165376,0.631578947368421,0.05263157894736842,0.10526315789473684,1,0,0
28968.62,card,DEV_01021,AE,success,369,40,32,0,3,2,1123.63,electronics,28968.62,0,0,0,25.781280314694335,0.8,0.0,0.075,0,0,0
3681.71,card,DEV_00279,AE,success,1781,24,15,0,0,3,6836.24,electronics,3681.71,0,0,0,0.5385577451932642,0.625,0.0,0.0,0,0,0
1069.13,wallet,DEV_02027,US,success,268,9,0,0,1,1,6753.07,electronics,1069.13,0,6,1,0.15831762442859323,0.0,0.0,0.1111111111111111,0,0,1
9814.45,upi,DEV_02530,GB,success,1338,30,24,0,3,4,2515.78,grocery,9814.45,0,5,1,3.901155903934366,0.8,0.0,0.1,0,0,0
6110.39,netbanking,DEV_02270,GB,success,408,24,24,0,2,4,1054.51,software,6110.39,0,4,0,5.794530160927825,1.0,0.0,0.08333333333333333,0,0,0
10223.33,netbanking,DEV_00698,GB,success,836,44,36,0,0,4,1829.13,home,10223.33,0,3,0,5.589176275059727,0.8181818181818182,0.0,0.0,0,0,0
12279.17,card,DEV_01664,IN,success,282,24,24,0,0,1,3654.31,fashion,12279.17,0,5,1,3.3601883802961434,1.0,0.0,0.0,0,0,0
3655.39,wallet,DEV_01509,SG,failed,1989,44,39,0,2,1,9617.65,grocery,3655.39,0,3,0,0.38007101526880266,0.8863636363636364,0.0,0.045454545454545456,0,0,0
4017.25,card,DEV_00225,GB,success,1561,21,11,2,2,1,1940.76,fashion,4017.25,0,2,0,2.0699365197139263,0.5238095238095238,0.09523809523809523,0.09523809523809523,1,0,1
7113.01,netbanking,DEV_01264,SG,success,806,1,1,1,0,3,5804.61,fashion,7113.01,0,5,1,1.2254070471573457,1.0,1.0,0.0,1,0,0
2498.94,wallet,DEV_01861,GB,failed,807,44,40,0,1,4,2319.52,travel,2498.94,0,1,0,1.0773522108022349,0.9090909090909091,0.0,0.022727272727272728,0,0,0
1737.83,upi,DEV_01500,US,success,671,36,26,0,2,1,2348.76,electronics,1737.83,0,3,0,0.7398925390418774,0.7222222222222222,0.0,0.05555555555555555,0,0,0
7647.3,netbanking,DEV_01796,SG,success,220,45,42,0,1,1,2328.83,electronics,7647.3,0,1,0,3.283751926933267,0.9333333333333333,0.0,0.022222222222222223,0,0,0
1811.14,card,DEV_01890,IN,success,1136,47,41,0,0,1,4242.9,fashion,1811.14,0,3,0,0.4268637017134508,0.8723404255319149,0.0,0.0,0,0,1
2509.25,wallet,DEV_00817,GB,success,1504,20,18,0,1,3,1025.56,grocery,2509.25,0,0,0,2.44671204025118,0.9,0.0,0.05,0,0,0
3304.82,card,DEV_01366,US,success,1190,25,25,1,2,3,2617.32,grocery,3304.82,0,2,0,1.262673268839882,1.0,0.04,0.08,1,0,0
3620.83,upi,DEV_00800,IN,success,783,11,5,0,1,1,624.35,fashion,3620.83,0,5,1,5.799359333707055,0.45454545454545453,0.0,0.09090909090909091,0,0,0
4951.9,wallet,DEV_00341,IN,success,209,18,14,0,1,2,2918.19,travel,4951.9,0,4,0,1.6969080148996465,0.7777777777777778,0.0,0.05555555555555555,0,0,0
8118.52,upi,DEV_02640,SG,success,518,20,11,1,2,2,2246.04,electronics,8118.52,0,2,0,3.614592794429307,0.55,0.05,0.1,1,0,1
2597.87,wallet,DEV_00154,SG,success,1046,30,28,3,0,3,3127.68,beauty,2597.87,0,5,1,0.8306060722324534,0.9333333333333333,0.1,0.0,1,0,0
1365.44,card,DEV_01445,US,failed,526,5,2,0,0,4,2076.36,home,1365.44,0,6,1,0.6576123600916989,0.4,0.0,0.0,0,0,0
8010.22,upi,DEV_00040,GB,failed,1425,50,42,1,2,1,455.16,grocery,8010.22,0,4,0,17.59869057034889,0.84,0.02,0.04,1,0,0
3466.23,upi,DEV_01295,IN,success,1321,35,25,0,3,4,950.5,fashion,3466.23,0,6,1,3.646743819042609,0.7142857142857143,0.0,0.08571428571428572,0,0,0
6360.07,card,DEV_01824,GB,success,1848,4,0,0,2,4,5287.69,software,6360.07,0,2,0,1.2028068967734493,0.0,0.0,0.5,0,0,0
5482.67,upi,DEV_01342,US,success,452,10,10,0,2,3,1467.26,home,5482.67,0,0,0,3.7366724370595534,1.0,0.0,0.2,0,0,0
2092.11,card,DEV_02097,SG,success,1167,35,25,1,1,2,2671.69,home,2092.11,0,0,0,0.7830661491415546,0.7142857142857143,0.02857142857142857,0.02857142857142857,1,0,0
4063.76,netbanking,DEV_01741,AE,success,1628,19,14,0,3,3,3776.56,electronics,4063.76,0,2,0,1.0760480437223294,0.7368421052631579,0.0,0.15789473684210525,0,0,0
8882.07,netbanking,DEV_01563,AE,failed,1987,43,38,2,0,1,7798.92,grocery,8882.07,0,4,0,1.1388846147928173,0.8837209302325582,0.046511627906976744,0.0,1,0,0
5964.56,wallet,DEV_01552,US,failed,1481,19,12,0,4,1,9186.96,beauty,5964.56,0,0,0,0.6492419690517865,0.631578947368421,0.0,0.21052631578947367,0,0,0
2813.65,card,DEV_01272,US,failed,1266,12,11,0,2,2,2782.67,fashion,2813.65,0,0,0,1.011133192221859,0.9166666666666666,0.0,0.16666666666666666,0,0,0
2493.4,upi,DEV_02408,SG,success,772,36,30,0,1,1,1669.1,home,2493.4,0,3,0,1.4938589659097719,0.8333333333333334,0.0,0.027777777777777776,0,0,0
10822.08,wallet,DEV_02577,AE,success,801,38,38,0,5,1,1714.51,home,10822.08,0,0,0,6.312054172912378,1.0,0.0,0.13157894736842105,0,0,0
6385.09,card,DEV_02497,SG,success,447,35,33,0,1,3,4294.9,electronics,6385.09,0,3,0,1.4866679084495567,0.9428571428571428,0.0,0.02857142857142857,0,0,0
6260.49,card,DEV_00460,IN,success,1990,1,0,0,2,1,3181.83,beauty,6260.49,0,6,1,1.9675752632918793,0.0,0.0,2.0,0,0,0
6172.22,wallet,DEV_00934,SG,success,877,3,1,1,4,2,1953.18,software,6172.22,0,0,0,3.160087651931722,0.3333333333333333,0.3333333333333333,1.3333333333333333,1,0,0
4857.46,netbanking,DEV_00671,IN,success,1355,19,16,0,1,4,13412.44,fashion,4857.46,0,1,0,0.3621607999737557,0.8421052631578947,0.0,0.05263157894736842,0,0,0
22793.26,wallet,DEV_02718,SG,success,1315,27,23,0,1,4,18014.55,grocery,22793.26,0,0,0,1.2652694627398409,0.8518518518518519,0.0,0.037037037037037035,0,0,0
5842.07,upi,DEV_02665,GB,success,709,40,33,0,2,2,476.05,electronics,5842.07,0,4,0,12.271967230332947,0.825,0.0,0.05,0,0,0
4277.3,netbanking,DEV_02537,SG,failed,1805,30,22,0,0,1,926.26,travel,4277.3,0,6,1,4.617817891304817,0.7333333333333333,0.0,0.0,0,0,0
2780.05,netbanking,DEV_01795,US,success,940,24,18,0,2,1,5802.74,beauty,2780.05,0,6,1,0.4790926355480343,0.75,0.0,0.08333333333333333,0,0,0
2486.14,wallet,DEV_01346,SG,success,81,12,9,0,3,2,5006.69,home,2486.14,0,1,0,0.4965635979060018,0.75,0.0,0.25,0,0,0
2636.05,card,DEV_02427,IN,success,443,7,7,0,3,2,4921.84,grocery,2636.05,0,6,1,0.5355822212830974,1.0,0.0,0.42857142857142855,0,0,0
2824.92,card,DEV_01807,SG,success,320,47,45,0,1,3,1331.18,grocery,2824.92,0,2,0,2.1221172193091844,0.9574468085106383,0.0,0.02127659574468085,0,0,0
7845.92,upi,DEV_01226,SG,success,926,6,4,0,3,1,3947.91,grocery,7845.92,0,1,0,1.9873604008196744,0.6666666666666666,0.0,0.5,0,0,0
1913.06,wallet,DEV_00336,AE,success,76,37,31,0,2,2,11994.15,travel,1913.06,0,6,1,0.15949942263520134,0.8378378378378378,0.0,0.05405405405405406,0,0,0
1444.21,netbanking,DEV_01076,GB,success,1735,19,12,0,0,3,1599.07,software,1444.21,0,0,0,0.9031562095467991,0.631578947368421,0.0,0.0,0,0,0
6971.35,netbanking,DEV_00845,AE,success,930,30,24,3,0,2,1344.77,grocery,6971.35,0,4,0,5.18404634249723,0.8,0.1,0.0,1,0,0
8799.95,wallet,DEV_02144,IN,success,1120,18,17,1,3,2,1590.42,travel,8799.95,0,3,0,5.533098175324757,0.9444444444444444,0.05555555555555555,0.16666666666666666,1,0,0
778.96,upi,DEV_02615,IN,success,66,44,34,0,1,2,1224.16,beauty,778.96,0,0,0,0.6363220494053065,0.7727272727272727,0.0,0.022727272727272728,0,0,0
1963.23,wallet,DEV_02197,IN,success,1239,11,11,0,0,4,1938.8,home,1963.23,0,5,1,1.0126005776769136,1.0,0.0,0.0,0,0,0
7142.43,upi,DEV_02498,AE,success,2000,48,39,0,2,4,1005.07,grocery,7142.43,0,6,1,7.106400549215477,0.8125,0.0,0.041666666666666664,0,0,0
7237.03,netbanking,DEV_01379,SG,success,362,47,44,1,2,3,8259.14,travel,7237.03,0,5,1,0.8762449843446171,0.9361702127659575,0.02127659574468085,0.0425531914893617,1,0,0
1084.6,upi,DEV_00432,AE,success,51,7,4,0,0,2,2570.44,beauty,1084.6,0,3,0,0.4219511056472821,0.5714285714285714,0.0,0.0,0,0,0
1559.59,netbanking,DEV_01293,US,failed,1992,40,38,0,5,1,5030.18,travel,1559.59,0,6,1,0.31004655897005673,0.95,0.0,0.125,0,0,0
4183.15,wallet,DEV_02397,US,success,750,33,24,0,2,3,2707.51,software,4183.15,0,3,0,1.5450173775904796,0.7272727272727273,0.0,0.06060606060606061,0,0,0
2131.23,card,DEV_02573,GB,success,567,10,8,0,2,4,1264.59,fashion,2131.23,0,4,0,1.6853130263563685,0.8,0.0,0.2,0,0,0
2956.4,wallet,DEV_00049,GB,success,694,8,8,0,4,2,2371.66,software,2956.4,0,3,0,1.24655304723274,1.0,0.0,0.5,0,0,0
5423.42,wallet,DEV_00082,IN,success,1955,44,42,0,0,2,825.84,beauty,5423.42,0,6,1,6.567155865542962,0.9545454545454546,0.0,0.0,0,0,0
5167.94,card,DEV_00043,US,success,1927,30,24,1,2,4,8240.24,beauty,5167.94,0,5,1,0.6271589177014262,0.8,0.03333333333333333,0.06666666666666667,1,0,0
754.95,wallet,DEV_01260,US,success,440,22,18,0,0,4,9241.04,electronics,754.95,0,0,0,0.08169535030689186,0.8181818181818182,0.0,0.0,0,0,0
568.52,netbanking,DEV_00497,US,failed,1817,43,35,0,0,2,2506.1,fashion,568.52,0,6,1,0.22685447508080284,0.813953488372093,0.0,0.0,0,0,0
5390.44,card,DEV_02351,IN,success,286,47,40,1,1,3,6621.3,software,5390.44,0,4,0,0.8141059912705964,0.851063829787234,0.02127659574468085,0.02127659574468085,1,0,0
2425.49,card,DEV_02058,IN,success,1368,23,14,0,1,2,3141.15,travel,2425.49,0,6,1,0.7721662448466325,0.6086956521739131,0.0,0.043478260869565216,0,0,0
2941.96,netbanking,DEV_00250,US,success,1696,14,4,0,0,3,2005.62,software,2941.96,0,2,0,1.4668581286584699,0.2857142857142857,0.0,0.0,0,0,0
2638.29,wallet,DEV_00847,AE,success,1189,43,39,1,1,1,1690.57,home,2638.29,0,6,1,1.5605919896839529,0.9069767441860465,0.023255813953488372,0.023255813953488372,1,0,0
4364.13,wallet,DEV_00843,AE,failed,334,36,35,1,1,1,2970.33,home,4364.13,0,0,0,1.4692407914272152,0.9722222222222222,0.027777777777777776,0.027777777777777776,1,0,0
3986.96,upi,DEV_01802,IN,success,879,27,22,1,1,4,1723.68,beauty,3986.96,0,2,0,2.31305114638448,0.8148148148148148,0.037037037037037035,0.037037037037037035,1,0,0
11845.91,wallet,DEV_02328,US,success,138,30,30,0,0,1,8606.73,travel,11845.91,0,0,0,1.3763543180743443,1.0,0.0,0.0,0,0,1
11420.21,upi,DEV_02535,IN,success,670,43,37,0,2,3,11150.17,travel,11420.21,0,1,0,1.024218464830581,0.8604651162790697,0.0,0.046511627906976744,0,0,0
6100.32,netbanking,DEV_02231,GB,failed,202,10,9,0,0,2,2397.89,travel,6100.32,0,2,0,2.544036632205814,0.9,0.0,0.0,0,0,1
1663.75,card,DEV_01503,GB,success,862,32,29,0,3,2,3628.93,software,1663.75,0,6,1,0.4584684741783391,0.90625,0.0,0.09375,0,0,0
4880.41,card,DEV_02666,GB,failed,164,22,13,2,0,4,2125.7,home,4880.41,0,6,1,2.295907230559345,0.5909090909090909,0.09090909090909091,0.0,1,0,0
5388.54,wallet,DEV_00981,SG,success,1566,11,5,1,2,3,3387.26,software,5388.54,0,1,0,1.5908256230699738,0.45454545454545453,0.09090909090909091,0.18181818181818182,1,0,0
3214.15,netbanking,DEV_01421,IN,failed,1513,38,36,1,4,3,4004.52,grocery,3214.15,0,0,0,0.8026305275039206,0.9473684210526315,0.02631578947368421,0.10526315789473684,1,0,0
3745.5,netbanking,DEV_01009,AE,success,680,32,29,0,2,3,1383.88,home,3745.5,0,1,0,2.706520796600861,0.90625,0.0,0.0625,0,0,0
2096.08,upi,DEV_02082,US,failed,1033,26,18,1,3,1,8736.89,grocery,2096.08,0,4,0,0.23991145590707907,0.6923076923076923,0.038461538461538464,0.11538461538461539,1,0,0
4420.87,upi,DEV_01872,IN,success,994,32,32,1,0,3,6937.01,beauty,4420.87,0,4,0,0.6372875345429803,1.0,0.03125,0.0,1,0,0
8817.42,wallet,DEV_02664,AE,success,1465,5,2,0,2,1,2065.24,beauty,8817.42,0,2,0,4.269440839805544,0.4,0.0,0.4,0,0,0
2119.37,netbanking,DEV_01022,GB,success,1661,10,10,1,1,4,3292.45,software,2119.37,0,6,1,0.6437060547616517,1.0,0.1,0.1,1,0,0
2542.43,wallet,DEV_01045,GB,failed,1479,41,31,0,1,2,806.67,travel,2542.43,0,6,1,3.1517597034722997,0.7560975609756098,0.0,0.024390243902439025,0,0,0
2543.02,card,DEV_00144,IN,failed,1958,20,14,0,1,2,1642.57,fashion,2543.02,0,1,0,1.5481958150946384,0.7,0.0,0.05,0,0,0
1181.85,netbanking,DEV_02600,US,success,1751,30,22,0,1,1,4198.83,electronics,1181.85,0,4,0,0.28147126699580594,0.7333333333333333,0.0,0.03333333333333333,0,0,0
10043.14,wallet,DEV_01088,IN,success,1202,35,27,0,3,2,8713.75,home,10043.14,0,0,0,1.152562329651413,0.7714285714285715,0.0,0.08571428571428572,0,0,1
2984.95,card,DEV_00774,SG,success,1983,26,17,1,1,4,9621.27,fashion,2984.95,0,2,0,0.31024490529836496,0.6538461538461539,0.038461538461538464,0.038461538461538464,1,0,0
4545.9,upi,DEV_02009,US,success,578,10,6,2,0,2,2089.98,beauty,4545.9,0,5,1,2.1750925846180342,0.6,0.2,0.0,1,0,0
6831.49,upi,DEV_01994,AE,failed,1533,44,43,0,1,2,3562.83,fashion,6831.49,0,0,0,1.917433613167061,0.9772727272727273,0.0,0.022727272727272728,0,0,0
1582.63,upi,DEV_02086,IN,success,550,40,33,0,0,2,4432.59,home,1582.63,0,0,0,0.35704407581120745,0.825,0.0,0.0,0,0,0
6452.21,netbanking,DEV_01857,IN,success,1645,21,18,0,5,4,2374.57,electronics,6452.21,0,5,1,2.7172119583756214,0.8571428571428571,0.0,0.23809523809523808,0,0,0
16524.82,netbanking,DEV_00866,IN,failed,501,50,41,0,3,3,2015.42,travel,16524.82,0,3,0,8.199194212620695,0.82,0.0,0.06,0,0,0
5967.63,card,DEV_01714,AE,success,135,17,14,0,1,1,1453.08,software,5967.63,0,0,0,4.1068833099347595,0.8235294117647058,0.0,0.058823529411764705,0,0,0
1281.92,card,DEV_02334,US,success,1928,29,28,0,1,4,2999.35,fashion,1281.92,0,5,1,0.4273992698417991,0.9655172413793104,0.0,0.034482758620689655,0,0,0
2769.83,wallet,DEV_01105,GB,success,374,37,33,0,0,4,2820.45,fashion,2769.83,0,0,0,0.9820525093513447,0.8918918918918919,0.0,0.0,0,0,0
3949.12,card,DEV_02896,US,success,1999,29,26,0,2,4,7419.1,fashion,3949.12,0,5,1,0.5322909786901375,0.896551724137931,0.0,0.06896551724137931,0,0,0
9660.18,wallet,DEV_00557,AE,failed,1972,19,16,1,2,3,1947.21,software,9660.18,0,6,1,4.961036560001233,0.8421052631578947,0.05263157894736842,0.10526315789473684,1,0,0
927.62,netbanking,DEV_00806,IN,failed,799,43,43,0,1,2,1359.89,grocery,927.62,0,6,1,0.6821287015861577,1.0,0.0,0.023255813953488372,0,0,0
2663.5,card,DEV_00433,AE,success,1615,10,9,0,4,1,5276.49,fashion,2663.5,0,0,0,0.5047863257582219,0.9,0.0,0.4,0,0,0
1761.88,card,DEV_00832,GB,success,87,21,12,1,2,3,6741.68,software,1761.88,0,0,0,0.2613413867166641,0.5714285714285714,0.047619047619047616,0.09523809523809523,1,0,0
2201.72,wallet,DEV_00842,SG,failed,1404,42,35,0,1,1,2526.85,software,2201.72,0,4,0,0.8713299166946988,0.8333333333333334,0.0,0.023809523809523808,0,0,0
12336.71,netbanking,DEV_02098,US,success,811,37,32,0,0,3,6968.59,travel,12336.71,0,1,0,1.770330870376934,0.8648648648648649,0.0,0.0,0,0,0
3060.63,upi,DEV_01658,GB,failed,439,8,2,0,4,1,973.9,fashion,3060.63,0,1,0,3.1426532498203104,0.25,0.0,0.5,0,0,0
11122.02,wallet,DEV_00058,GB,success,1106,40,39,0,2,3,4597.75,software,11122.02,0,6,1,2.41901364797999,0.975,0.0,0.05,0,0,0
8032.18,card,DEV_02479,IN,success,541,10,5,0,2,2,2993.95,travel,8032.18,0,1,0,2.682803654035639,0.5,0.0,0.2,0,0,0
1903.43,netbanking,DEV_00791,SG,failed,1029,15,10,0,0,3,1951.91,home,1903.43,0,4,0,0.9751627892679477,0.6666666666666666,0.0,0.0,0,0,0
21375.53,card,DEV_00764,SG,failed,223,30,21,1,0,2,11457.64,home,21375.53,0,0,0,1.865613686588163,0.7,0.03333333333333333,0.0,1,0,0
708.64,upi,DEV_01429,GB,success,889,41,40,0,0,4,945.59,home,708.64,0,1,0,0.7494157087109635,0.975609756097561,0.0,0.0,0,0,0
4434.43,card,DEV_01074,IN,success,589,14,12,1,2,1,3430.48,electronics,4434.43,0,2,0,1.2926558382500408,0.8571428571428571,0.07142857142857142,0.14285714285714285,1,0,0
3179.22,upi,DEV_00349,SG,success,261,38,35,0,0,1,1304.17,software,3179.22,0,4,0,2.4377343444489594,0.9210526315789473,0.0,0.0,0,0,0
9309.89,wallet,DEV_01892,US,success,1526,7,1,1,1,3,1490.74,electronics,9309.89,0,4,0,6.245146705662959,0.14285714285714285,0.14285714285714285,0.14285714285714285,1,0,0
904.92,netbanking,DEV_00272,IN,failed,1956,48,39,1,2,2,1659.11,fashion,904.92,0,3,0,0.5454249567539223,0.8125,0.020833333333333332,0.041666666666666664,1,0,0
1121.32,netbanking,DEV_00409,SG,success,1507,2,2,0,0,4,1980.06,home,1121.32,0,2,0,0.5663060715331858,1.0,0.0,0.0,0,0,0
1962.47,netbanking,DEV_01521,US,success,48,3,3,0,2,2,4132.88,software,1962.47,0,1,0,0.4748432086099766,1.0,0.0,0.6666666666666666,0,0,0
1430.99,card,DEV_02546,AE,success,962,27,27,0,2,2,7137.58,travel,1430.99,0,3,0,0.20048671958843195,1.0,0.0,0.07407407407407407,0,0,0
4704.85,card,DEV_02599,US,success,1416,34,33,0,3,4,892.8,electronics,4704.85,0,4,0,5.269769265232975,0.9705882352941176,0.0,0.08823529411764706,0,0,0
2476.0,wallet,DEV_00116,SG,failed,555,7,0,0,2,1,3302.9,software,2476.0,0,0,0,0.7496442520209513,0.0,0.0,0.2857142857142857,0,0,0
5485.75,upi,DEV_01597,GB,failed,615,35,25,0,0,1,8640.69,grocery,5485.75,0,0,0,0.6348740667701306,0.7142857142857143,0.0,0.0,0,0,0
13862.04,upi,DEV_00751,US,success,752,23,20,0,3,4,618.95,fashion,13862.04,0,0,0,22.396057839890137,0.8695652173913043,0.0,0.13043478260869565,0,0,0
3567.07,wallet,DEV_01223,US,success,1687,1,0,1,0,4,2430.41,beauty,3567.07,0,1,0,1.4676824074950319,0.0,1.0,0.0,1,0,0
1835.84,card,DEV_01086,US,failed,75,16,6,0,1,2,2556.13,beauty,1835.84,0,5,1,0.7182107326309695,0.375,0.0,0.0625,0,0,0
6453.87,card,DEV_00442,SG,success,867,44,41,0,1,4,3300.62,home,6453.87,0,5,1,1.9553508128775805,0.9318181818181818,0.0,0.022727272727272728,0,0,0
788.53,card,DEV_00789,GB,failed,202,10,9,0,0,2,2397.89,beauty,788.53,0,2,0,0.3288432747123513,0.9,0.0,0.0,0,0,0
6577.01,card,DEV_02817,AE,success,248,10,6,0,2,3,6314.08,fashion,6577.01,0,2,0,1.0416418543952564,0.6,0.0,0.2,0,0,0
5113.72,wallet,DEV_00050,US,failed,900,8,8,0,3,2,3449.1,beauty,5113.72,0,2,0,1.4826244527557915,1.0,0.0,0.375,0,0,0
1280.24,wallet,DEV_02845,US,success,876,22,19,0,0,1,3564.46,grocery,1280.24,0,3,0,0.35916800861841625,0.8636363636363636,0.0,0.0,0,0,0
3197.07,card,DEV_00131,SG,success,1976,27,20,0,2,2,3739.94,travel,3197.07,0,4,0,0.8548452648972978,0.7407407407407407,0.0,0.07407407407407407,0,0,0
3469.75,wallet,DEV_01697,US,success,712,30,20,0,2,1,699.27,home,3469.75,0,6,1,4.961960330058489,0.6666666666666666,0.0,0.06666666666666667,0,0,0
7890.84,upi,DEV_01677,SG,success,712,21,21,1,2,1,2768.96,beauty,7890.84,0,5,1,2.8497486420894487,1.0,0.047619047619047616,0.09523809523809523,1,0,1
28535.08,card,DEV_01389,AE,success,1339,37,28,2,4,4,2106.72,home,28535.08,0,5,1,13.544790005316322,0.7567567567567568,0.05405405405405406,0.10810810810810811,1,0,0
2080.75,card,DEV_00246,IN,success,1532,34,34,0,0,3,4233.24,home,2080.75,0,3,0,0.4915265848380909,1.0,0.0,0.0,0,0,0
3574.84,upi,DEV_01367,SG,success,1153,29,21,1,3,2,8520.18,grocery,3574.84,0,6,1,0.41957329539986243,0.7241379310344828,0.034482758620689655,0.10344827586206896,1,0,1
3631.04,wallet,DEV_00886,SG,success,1727,36,34,1,3,2,1680.93,electronics,3631.04,0,2,0,2.160137542907795,0.9444444444444444,0.027777777777777776,0.08333333333333333,1,0,1
542.05,upi,DEV_00142,AE,success,451,35,31,1,4,1,1516.18,grocery,542.05,0,4,0,0.3575103219934308,0.8857142857142857,0.02857142857142857,0.11428571428571428,1,0,0
4974.48,card,DEV_00448,US,failed,748,1,0,0,0,2,1782.52,grocery,4974.48,0,1,0,2.790700805601059,0.0,0.0,0.0,0,0,0
15269.06,card,DEV_02087,AE,success,1989,44,39,0,2,1,9617.65,electronics,15269.06,0,5,1,1.5876081995081959,0.8863636363636364,0.0,0.045454545454545456,0,0,0
1823.28,wallet,DEV_02031,US,success,782,34,28,1,2,1,9413.23,beauty,1823.28,0,1,0,0.1936933443674488,0.8235294117647058,0.029411764705882353,0.058823529411764705,1,0,0
1348.68,card,DEV_01040,GB,success,183,38,37,0,0,1,1650.02,software,1348.68,0,1,0,0.8173719106435074,0.9736842105263158,0.0,0.0,0,0,0
9612.02,wallet,DEV_00459,AE,success,1483,41,37,1,2,3,1305.93,beauty,9612.02,0,3,0,7.360287304832571,0.9024390243902439,0.024390243902439025,0.04878048780487805,1,0,0
22697.44,card,DEV_01942,IN,success,1148,23,23,0,1,3,23490.85,software,22697.44,0,0,0,0.9662247215405148,1.0,0.0,0.043478260869565216,0,0,1
5314.79,netbanking,DEV_01004,AE,success,1720,40,40,0,2,1,2033.11,grocery,5314.79,0,2,0,2.6141182720069254,1.0,0.0,0.05,0,0,0
3686.67,upi,DEV_01236,GB,success,399,18,12,0,3,3,4433.47,travel,3686.67,0,5,1,0.8315540648746919,0.6666666666666666,0.0,0.16666666666666666,0,0,0
1622.18,upi,DEV_01477,US,failed,589,14,12,1,2,1,3430.48,home,1622.18,0,5,1,0.4728726009188219,0.8571428571428571,0.07142857142857142,0.14285714285714285,1,0,1
3428.07,card,DEV_00591,GB,success,1604,9,6,0,0,3,5722.15,software,3428.07,0,0,0,0.5990877554765255,0.6666666666666666,0.0,0.0,0,0,0
676.44,netbanking,DEV_00338,US,success,1263,12,10,1,1,3,3239.95,fashion,676.44,0,1,0,0.20878099970678562,0.8333333333333334,0.08333333333333333,0.08333333333333333,1,0,0
12103.43,netbanking,DEV_01250,AE,failed,480,19,18,0,3,2,3200.96,travel,12103.43,0,4,0,3.781187518744377,0.9473684210526315,0.0,0.15789473684210525,0,0,0
1938.74,upi,DEV_01540,SG,success,877,3,2,1,2,3,442.23,electronics,1938.74,0,1,0,4.384008321461683,0.6666666666666666,0.3333333333333333,0.6666666666666666,1,0,0
3659.65,upi,DEV_01724,GB,success,1781,24,15,0,0,3,6836.24,electronics,3659.65,0,6,1,0.5353308251319439,0.625,0.0,0.0,0,0,0
1679.66,upi,DEV_00535,AE,success,1202,35,27,0,3,2,8713.75,travel,1679.66,0,2,0,0.19275971883517432,0.7714285714285715,0.0,0.08571428571428572,0,0,1
2261.04,wallet,DEV_02469,GB,success,749,28,23,0,4,2,10557.32,fashion,2261.04,0,5,1,0.2141679896034221,0.8214285714285714,0.0,0.14285714285714285,0,0,0
2437.69,upi,DEV_01108,GB,success,141,13,11,0,2,3,1815.92,home,2437.69,0,4,0,1.3423994449094674,0.8461538461538461,0.0,0.15384615384615385,0,0,0
4245.84,netbanking,DEV_00459,AE,success,1635,16,13,0,2,4,1239.78,software,4245.84,0,5,1,3.4246721192469636,0.8125,0.0,0.125,0,0,0
7049.83,card,DEV_00436,SG,success,1046,2,1,1,1,4,1987.46,travel,7049.83,0,5,1,3.547155666025983,0.5,0.5,0.5,1,0,1
1662.71,netbanking,DEV_02200,SG,success,474,29,26,0,2,2,1510.01,electronics,1662.71,0,1,0,1.1011251581115358,0.896551724137931,0.0,0.06896551724137931,0,0,0
5995.97,upi,DEV_01761,SG,failed,1316,7,0,1,4,3,1867.46,electronics,5995.97,0,4,0,3.2107622117742816,0.0,0.14285714285714285,0.5714285714285714,1,0,0
4284.88,netbanking,DEV_02485,SG,failed,484,14,9,1,0,1,4246.01,home,4284.88,0,5,1,1.0091544767911522,0.6428571428571429,0.07142857142857142,0.0,1,0,1
14515.28,netbanking,DEV_01962,SG,failed,1408,32,24,0,1,3,5747.62,fashion,14515.28,0,0,0,2.5254418350552057,0.75,0.0,0.03125,0,0,0
1065.08,upi,DEV_00877,AE,success,1458,34,30,1,0,2,1933.87,home,1065.08,0,2,0,0.5507505675148795,0.8823529411764706,0.029411764705882353,0.0,1,0,0
4384.46,card,DEV_02049,SG,success,1651,41,38,0,0,3,5945.94,electronics,4384.46,0,1,0,0.7373871919326466,0.926829268292683,0.0,0.0,0,0,0
2315.01,wallet,DEV_01061,IN,success,1643,47,37,2,0,4,6874.06,beauty,2315.01,0,0,0,0.33677477356904073,0.7872340425531915,0.0425531914893617,0.0,1,0,0
6658.15,wallet,DEV_02693,SG,success,1005,20,11,0,1,4,5818.09,home,6658.15,0,4,0,1.1443875911166723,0.55,0.0,0.05,0,0,0
897.32,card,DEV_02010,GB,success,643,31,22,0,1,3,1831.51,fashion,897.32,0,0,0,0.4899345348919744,0.7096774193548387,0.0,0.03225806451612903,0,0,0
4603.6,card,DEV_01791,GB,success,484,14,9,1,0,1,4246.01,beauty,4603.6,0,0,0,1.0842178892654515,0.6428571428571429,0.07142857142857142,0.0,1,0,0
2619.06,wallet,DEV_02340,SG,success,1291,35,32,1,1,4,3979.05,electronics,2619.06,0,3,0,0.658212387378897,0.9142857142857143,0.02857142857142857,0.02857142857142857,1,0,0
720.16,wallet,DEV_02491,US,success,138,30,30,0,0,1,8606.73,electronics,720.16,0,6,1,0.08367405507085734,1.0,0.0,0.0,0,0,0
18558.59,netbanking,DEV_00944,GB,success,1462,19,9,0,1,4,3291.84,travel,18558.59,0,1,0,5.637755783999222,0.47368421052631576,0.0,0.05263157894736842,0,0,0
15023.91,wallet,DEV_01108,AE,success,1287,1,0,0,2,4,1075.34,grocery,15023.91,0,6,1,13.971311399185375,0.0,0.0,2.0,0,0,1
2281.18,card,DEV_00918,SG,failed,582,13,8,1,3,2,4570.41,software,2281.18,0,5,1,0.49911933502683564,0.6153846153846154,0.07692307692307693,0.23076923076923078,1,0,0
6168.74,netbanking,DEV_01124,AE,success,1984,21,21,0,1,4,2547.22,grocery,6168.74,0,1,0,2.421753912108102,1.0,0.0,0.047619047619047616,0,0,1
1182.94,card,DEV_00689,IN,success,1145,42,37,0,0,1,4930.85,grocery,1182.94,0,3,0,0.2399058985773244,0.8809523809523809,0.0,0.0,0,0,0
1477.18,wallet,DEV_02812,US,success,1740,37,37,0,1,4,2780.98,software,1477.18,0,0,0,0.5311724643830592,1.0,0.0,0.02702702702702703,0,0,0
7674.92,netbanking,DEV_01347,IN,success,1154,9,4,1,0,4,2380.0,electronics,7674.92,0,3,0,3.2247563025210084,0.4444444444444444,0.1111111111111111,0.0,1,0,0
1769.41,upi,DEV_00009,IN,success,1768,5,0,0,2,2,3924.68,software,1769.41,0,1,0,0.45084185207456406,0.0,0.0,0.4,0,0,0
5499.15,wallet,DEV_01019,GB,failed,39,46,39,0,0,2,1844.2,software,5499.15,0,4,0,2.9818620540071574,0.8478260869565217,0.0,0.0,0,0,0
1616.36,wallet,DEV_00981,SG,success,1227,25,25,1,1,3,844.39,fashion,1616.36,0,3,0,1.914233944030602,1.0,0.04,0.04,1,0,0
1393.95,card,DEV_02115,SG,success,202,10,9,0,0,2,2397.89,grocery,1393.95,0,2,0,0.5813235803143597,0.9,0.0,0.0,0,0,0
5227.23,card,DEV_01033,IN,success,111,42,37,0,1,1,3894.08,electronics,5227.23,0,1,0,1.34235300764237,0.8809523809523809,0.0,0.023809523809523808,0,0,0
2781.13,card,DEV_02375,IN,success,1777,31,22,0,3,2,2404.88,home,2781.13,0,3,0,1.1564527128172715,0.7096774193548387,0.0,0.0967741935483871,0,0,0
2224.91,upi,DEV_00569,AE,failed,219,25,16,0,0,3,4998.67,electronics,2224.91,0,5,1,0.44510039670552365,0.64,0.0,0.0,0,0,0
2570.68,wallet,DEV_02935,SG,failed,951,48,43,0,3,3,2247.04,electronics,2570.68,0,0,0,1.144029478780974,0.8958333333333334,0.0,0.0625,0,0,1
649.69,card,DEV_02220,GB,success,209,18,14,0,1,2,2918.19,grocery,649.69,0,2,0,0.22263457828311387,0.7777777777777778,0.0,0.05555555555555555,0,0,0
5492.99,wallet,DEV_01967,GB,success,572,34,33,1,4,4,2180.78,home,5492.99,0,4,0,2.518818954685938,0.9705882352941176,0.029411764705882353,0.11764705882352941,1,0,1
3021.7,card,DEV_00208,IN,success,1996,41,33,2,1,3,2484.39,travel,3021.7,0,1,0,1.2162744174626368,0.8048780487804879,0.04878048780487805,0.024390243902439025,1,0,0
2564.57,upi,DEV_01021,AE,success,1902,16,15,0,1,2,2413.79,home,2564.57,0,5,1,1.062466080313532,0.9375,0.0,0.0625,0,0,1
1711.52,upi,DEV_01826,IN,success,1558,7,5,2,4,4,2491.2,beauty,1711.52,0,6,1,0.6870263326910726,0.7142857142857143,0.2857142857142857,0.5714285714285714,1,0,0
6359.39,netbanking,DEV_00379,SG,success,96,15,9,0,1,3,1841.41,fashion,6359.39,0,5,1,3.453543751798893,0.6,0.0,0.06666666666666667,0,0,0
3217.32,netbanking,DEV_01351,SG,success,1648,32,22,0,2,3,4551.27,electronics,3217.32,0,4,0,0.7069059844834519,0.6875,0.0,0.0625,0,0,0
6337.23,upi,DEV_00075,US,success,1417,48,40,1,2,3,4464.67,beauty,6337.23,0,4,0,1.4194173365556693,0.8333333333333334,0.020833333333333332,0.041666666666666664,1,0,0
2883.2,card,DEV_00281,GB,success,189,14,12,0,3,1,7888.64,electronics,2883.2,0,6,1,0.3654875872140191,0.8571428571428571,0.0,0.21428571428571427,0,0,0
26073.8,upi,DEV_01138,AE,success,990,30,28,0,0,4,5318.04,grocery,26073.8,0,3,0,4.902896555873968,0.9333333333333333,0.0,0.0,0,0,1
2958.58,wallet,DEV_01318,AE,success,1376,35,32,0,2,4,6473.06,software,2958.58,0,3,0,0.4570604938004591,0.9142857142857143,0.0,0.05714285714285714,0,0,0
1208.46,netbanking,DEV_02384,GB,failed,53,42,34,0,1,4,1881.47,beauty,1208.46,0,6,1,0.6422956518041744,0.8095238095238095,0.0,0.023809523809523808,0,0,1
1641.36,wallet,DEV_01809,US,success,278,13,5,0,2,2,1242.29,grocery,1641.36,0,4,0,1.3212373922353073,0.38461538461538464,0.0,0.15384615384615385,0,0,0
1985.3,card,DEV_00240,SG,success,949,36,34,0,3,4,4651.58,travel,1985.3,0,3,0,0.426801215930931,0.9444444444444444,0.0,0.08333333333333333,0,0,0
3026.62,card,DEV_00571,SG,success,950,33,25,0,5,4,1040.98,software,3026.62,0,5,1,2.907471805414129,0.7575757575757576,0.0,0.15151515151515152,0,0,0
2631.11,upi,DEV_02674,US,failed,947,2,0,4,2,3,3791.56,travel,2631.11,0,1,0,0.6939386426695081,0.0,2.0,1.0,1,0,0
1123.56,netbanking,DEV_00005,US,success,56,14,14,0,4,4,3161.7,software,1123.56,0,5,1,0.35536578423000287,1.0,0.0,0.2857142857142857,0,0,0
4059.45,card,DEV_02175,GB,success,1659,35,31,0,1,2,3117.91,software,4059.45,0,5,1,1.3019779275219618,0.8857142857142857,0.0,0.02857142857142857,0,0,0
5321.4,wallet,DEV_01074,GB,failed,1255,7,6,0,1,3,3977.33,home,5321.4,0,2,0,1.3379327337686338,0.8571428571428571,0.0,0.14285714285714285,0,0,0
1123.05,upi,DEV_01469,US,success,1838,2,2,0,4,3,5640.45,grocery,1123.05,0,3,0,0.1991064542722655,1.0,0.0,2.0,0,0,0
6080.35,upi,DEV_00911,GB,success,1455,47,37,1,1,2,3987.36,grocery,6080.35,0,0,0,1.5249062036033867,0.7872340425531915,0.02127659574468085,0.02127659574468085,1,0,0
3277.44,card,DEV_01207,IN,success,801,42,38,1,1,3,2235.64,home,3277.44,0,1,0,1.4659963142545311,0.9047619047619048,0.023809523809523808,0.023809523809523808,1,0,1
2870.54,upi,DEV_02260,GB,success,501,25,24,1,1,2,3673.4,beauty,2870.54,0,2,0,0.7814395383023901,0.96,0.04,0.04,1,0,0
9510.84,wallet,DEV_00285,US,success,164,20,18,0,2,4,1006.21,electronics,9510.84,0,1,0,9.452142196956897,0.9,0.0,0.1,0,0,0
2384.22,netbanking,DEV_02313,IN,failed,1865,7,5,0,2,4,8328.97,travel,2384.22,0,6,1,0.2862562837901925,0.7142857142857143,0.0,0.2857142857142857,0,0,1
8008.9,card,DEV_00130,IN,success,671,36,26,0,2,1,2348.76,travel,8008.9,0,2,0,3.4098417888588015,0.7222222222222222,0.0,0.05555555555555555,0,0,0
3730.51,upi,DEV_00227,GB,failed,402,32,25,0,1,3,770.03,travel,3730.51,0,0,0,4.8446294300222075,0.78125,0.0,0.03125,0,0,0
1829.91,card,DEV_00221,IN,success,1944,46,39,0,0,3,5545.94,travel,1829.91,0,0,0,0.32995488591654437,0.8478260869565217,0.0,0.0,0,0,0
10225.65,upi,DEV_01878,IN,success,496,7,3,0,3,4,2159.83,software,10225.65,0,3,0,4.734469842533903,0.42857142857142855,0.0,0.42857142857142855,0,0,0
14013.03,upi,DEV_00822,US,failed,575,50,46,0,1,1,9005.64,grocery,14013.03,0,1,0,1.5560282223140167,0.92,0.0,0.02,0,0,0
7214.94,card,DEV_01438,IN,success,693,45,45,0,2,2,5405.27,home,7214.94,0,0,0,1.3347973366732835,1.0,0.0,0.044444444444444446,0,0,0
1748.7,netbanking,DEV_02181,GB,failed,1553,31,28,0,2,3,1491.11,fashion,1748.7,0,5,1,1.1727505013043975,0.9032258064516129,0.0,0.06451612903225806,0,0,0
2470.19,wallet,DEV_01783,GB,success,1159,7,2,0,3,1,6402.68,home,2470.19,0,4,0,0.38580563139185464,0.2857142857142857,0.0,0.42857142857142855,0,0,1
2652.02,netbanking,DEV_01564,IN,success,1891,23,20,1,1,2,2347.45,home,2652.02,0,3,0,1.1297450424929179,0.8695652173913043,0.043478260869565216,0.043478260869565216,1,0,0
2187.84,upi,DEV_00592,AE,success,961,26,25,0,2,1,5863.96,travel,2187.84,0,5,1,0.3730994072265159,0.9615384615384616,0.0,0.07692307692307693,0,0,0
9624.23,netbanking,DEV_01569,IN,success,592,1,0,1,3,4,1408.93,electronics,9624.23,0,2,0,6.830878751960707,0.0,1.0,3.0,1,0,0
3686.72,netbanking,DEV_00970,IN,failed,372,5,0,0,4,3,5834.88,grocery,3686.72,0,5,1,0.6318416145661949,0.0,0.0,0.8,0,0,1
9681.82,upi,DEV_02998,GB,success,1248,40,33,0,1,1,3625.78,home,9681.82,0,2,0,2.6702723276095073,0.825,0.0,0.025,0,0,0
2461.77,netbanking,DEV_00963,GB,failed,83,48,40,0,2,4,3061.02,beauty,2461.77,0,5,1,0.8042319226924358,0.8333333333333334,0.0,0.041666666666666664,0,0,0
2816.0,card,DEV_02012,AE,success,1404,8,4,0,1,2,2003.89,travel,2816.0,0,6,1,1.4052667561592702,0.5,0.0,0.125,0,0,0
2872.95,upi,DEV_01302,IN,success,607,39,32,1,2,3,2146.46,travel,2872.95,0,5,1,1.3384596032537293,0.8205128205128205,0.02564102564102564,0.05128205128205128,1,0,0
4426.48,wallet,DEV_02737,US,failed,1198,27,19,2,2,1,1543.9,electronics,4426.48,0,5,1,2.8670768832178246,0.7037037037037037,0.07407407407407407,0.07407407407407407,1,0,0
872.3,card,DEV_02087,AE,failed,438,30,25,0,1,3,5409.88,travel,872.3,0,2,0,0.16124202385265476,0.8333333333333334,0.0,0.03333333333333333,0,0,0
1303.08,wallet,DEV_01439,AE,success,769,12,6,0,1,1,3303.37,software,1303.08,0,0,0,0.39446988983976966,0.5,0.0,0.08333333333333333,0,0,0
1805.59,netbanking,DEV_00314,SG,failed,670,43,37,0,2,3,11150.17,travel,1805.59,0,4,0,0.1619338539233034,0.8604651162790697,0.0,0.046511627906976744,0,0,0
4216.81,wallet,DEV_02236,AE,success,1096,44,43,2,0,2,1788.81,home,4216.81,0,0,0,2.357326938020248,0.9772727272727273,0.045454545454545456,0.0,1,0,0
2791.05,netbanking,DEV_01939,AE,success,293,7,6,0,2,3,2464.74,electronics,2791.05,0,5,1,1.1323912461354952,0.8571428571428571,0.0,0.2857142857142857,0,0,0
1615.05,upi,DEV_02369,IN,success,282,24,24,0,0,1,3654.31,travel,1615.05,0,5,1,0.44195757885893644,1.0,0.0,0.0,0,0,0
1051.13,netbanking,DEV_00062,IN,success,196,3,2,1,1,2,5294.31,travel,1051.13,0,3,0,0.19853956417361282,0.6666666666666666,0.3333333333333333,0.3333333333333333,1,0,1
2857.91,netbanking,DEV_02051,SG,success,938,11,5,1,3,1,1661.14,travel,2857.91,0,0,0,1.720451015567622,0.45454545454545453,0.09090909090909091,0.2727272727272727,1,0,0
8261.05,upi,DEV_00515,US,success,736,2,1,0,4,1,3746.72,travel,8261.05,0,6,1,2.204875197506085,0.5,0.0,2.0,0,0,0
5057.51,upi,DEV_01260,IN,failed,301,23,14,1,3,2,5934.0,grocery,5057.51,0,4,0,0.8522935625210651,0.6086956521739131,0.043478260869565216,0.13043478260869565,1,0,0
6725.82,wallet,DEV_02244,US,success,1958,42,42,0,0,4,1578.05,grocery,6725.82,0,3,0,4.262108298216153,1.0,0.0,0.0,0,0,0
3033.33,card,DEV_01378,AE,success,1468,43,39,0,3,1,1169.17,software,3033.33,0,1,0,2.594430236834677,0.9069767441860465,0.0,0.06976744186046512,0,0,0
1560.59,netbanking,DEV_00671,GB,success,1049,41,39,2,2,3,2499.69,fashion,1560.59,0,5,1,0.624313414863443,0.9512195121951219,0.04878048780487805,0.04878048780487805,1,0,0
2088.64,card,DEV_01638,GB,success,1451,29,25,0,1,4,1660.27,home,2088.64,0,5,1,1.2580122510194125,0.8620689655172413,0.0,0.034482758620689655,0,0,0
3006.09,card,DEV_00507,IN,failed,350,35,28,0,1,2,2338.59,grocery,3006.09,0,6,1,1.2854283991635986,0.8,0.0,0.02857142857142857,0,0,0
1344.04,upi,DEV_02240,SG,success,1472,2,1,0,3,2,3454.62,software,1344.04,0,2,0,0.3890558151113581,0.5,0.0,1.5,0,0,0
1197.04,wallet,DEV_01021,IN,failed,1111,1,1,0,1,3,2011.73,fashion,1197.04,0,5,1,0.5950301481809189,1.0,0.0,1.0,0,0,0
3133.9,upi,DEV_01257,US,success,1618,34,30,0,2,4,2781.03,fashion,3133.9,0,5,1,1.1268846434594377,0.8823529411764706,0.0,0.058823529411764705,0,0,0
8009.78,upi,DEV_02966,IN,success,1313,9,2,0,4,2,13924.56,grocery,8009.78,0,5,1,0.5752267935216624,0.2222222222222222,0.0,0.4444444444444444,0,0,0
1769.11,wallet,DEV_02199,IN,failed,1350,36,27,1,1,3,2459.32,fashion,1769.11,0,1,0,0.7193492510124749,0.75,0.027777777777777776,0.027777777777777776,1,0,0
11536.21,netbanking,DEV_00075,GB,success,1694,38,37,0,2,4,2061.99,software,11536.21,0,2,0,5.594697355467291,0.9736842105263158,0.0,0.05263157894736842,0,0,0
1398.68,card,DEV_00180,US,success,1298,4,2,2,2,1,2824.1,grocery,1398.68,0,5,1,0.4952657483800149,0.5,0.5,0.5,1,0,0
8266.16,netbanking,DEV_01274,US,success,1817,1,1,1,2,4,8993.14,software,8266.16,0,3,0,0.9191628285559883,1.0,1.0,2.0,1,0,1
946.36,card,DEV_02975,US,success,1575,40,30,3,3,1,2856.26,travel,946.36,0,3,0,0.3313283804695651,0.75,0.075,0.075,1,0,0
1031.62,card,DEV_02901,AE,success,120,1,1,0,0,2,8768.84,home,1031.62,0,2,0,0.11764611966919226,1.0,0.0,0.0,0,0,0
5194.86,wallet,DEV_00018,US,success,1513,38,36,1,4,3,4004.52,travel,5194.86,0,4,0,1.2972491085073865,0.9473684210526315,0.02631578947368421,0.10526315789473684,1,0,0
4230.14,card,DEV_02923,SG,success,328,48,40,1,3,4,3341.4,grocery,4230.14,0,3,0,1.265978332435506,0.8333333333333334,0.020833333333333332,0.0625,1,0,0
5599.55,card,DEV_00830,US,success,876,4,1,0,3,2,4657.0,travel,5599.55,0,4,0,1.202394245222246,0.25,0.0,0.75,0,0,0
2061.58,card,DEV_02436,AE,success,701,8,0,1,1,4,3603.58,electronics,2061.58,0,3,0,0.5720921972038917,0.0,0.125,0.125,1,0,0
5915.54,card,DEV_00367,GB,success,729,23,23,0,1,3,7450.99,travel,5915.54,0,4,0,0.7939267130945016,1.0,0.0,0.043478260869565216,0,0,0
6156.69,upi,DEV_01220,AE,success,96,27,17,0,2,3,5489.03,home,6156.69,0,1,0,1.1216353344762189,0.6296296296296297,0.0,0.07407407407407407,0,0,0
1536.65,upi,DEV_00439,AE,success,1402,18,18,0,1,1,1104.2,grocery,1536.65,0,5,1,1.3916410070639378,1.0,0.0,0.05555555555555555,0,0,0
5664.99,wallet,DEV_02672,SG,success,299,1,1,0,2,2,7092.54,home,5664.99,0,4,0,0.7987251393717906,1.0,0.0,2.0,0,0,0
7712.17,card,DEV_02582,AE,success,1621,29,19,1,0,4,8983.21,electronics,7712.17,0,5,1,0.858509374711267,0.6551724137931034,0.034482758620689655,0.0,1,0,0
1557.69,netbanking,DEV_02801,SG,success,930,30,24,3,0,2,1344.77,beauty,1557.69,0,6,1,1.1583319080586272,0.8,0.1,0.0,1,0,0
1099.45,netbanking,DEV_00404,SG,success,939,49,40,0,1,2,6621.68,travel,1099.45,0,0,0,0.1660379239105484,0.8163265306122449,0.0,0.02040816326530612,0,0,0
3086.07,wallet,DEV_02146,GB,success,782,20,12,0,3,4,2908.8,grocery,3086.07,0,1,0,1.0609426567656766,0.6,0.0,0.15,0,0,0
1393.24,card,DEV_02576,IN,success,465,42,39,0,2,4,2653.83,electronics,1393.24,0,1,0,0.5249921811118271,0.9285714285714286,0.0,0.047619047619047616,0,0,0
4123.31,wallet,DEV_01396,US,success,1000,9,2,0,0,1,2326.39,beauty,4123.31,0,5,1,1.7724070340742526,0.2222222222222222,0.0,0.0,0,0,0
3184.2,card,DEV_00093,AE,failed,1017,8,4,0,1,1,3671.01,fashion,3184.2,0,3,0,0.8673907180857583,0.5,0.0,0.125,0,0,0
3764.85,card,DEV_01932,US,failed,339,49,49,1,0,1,893.53,electronics,3764.85,0,6,1,4.213456739001488,1.0,0.02040816326530612,0.0,1,0,0
585.14,card,DEV_02929,US,success,1748,2,2,0,0,2,9268.47,travel,585.14,0,3,0,0.06313231849485407,1.0,0.0,0.0,0,0,0
3993.82,wallet,DEV_00434,AE,success,1125,48,38,1,0,2,2164.38,fashion,3993.82,0,3,0,1.8452489858527614,0.7916666666666666,0.020833333333333332,0.0,1,0,0
8577.25,wallet,DEV_00634,US,failed,1034,46,43,0,1,1,3778.58,travel,8577.25,0,5,1,2.269966495350105,0.9347826086956522,0.0,0.021739130434782608,0,0,0
16282.04,netbanking,DEV_01971,AE,success,1595,1,1,0,2,2,5412.82,travel,16282.04,0,5,1,3.0080512560920187,1.0,0.0,2.0,0,0,0
2288.3,upi,DEV_01988,GB,success,1871,35,34,0,1,1,1287.04,beauty,2288.3,0,0,0,1.777955619094978,0.9714285714285714,0.0,0.02857142857142857,0,0,1
1289.01,card,DEV_01833,AE,success,727,39,38,1,1,4,9458.19,software,1289.01,0,6,1,0.136285060883742,0.9743589743589743,0.02564102564102564,0.02564102564102564,1,0,0
1255.55,card,DEV_00746,GB,success,369,40,32,0,3,2,1123.63,electronics,1255.55,0,3,0,1.1174051956604931,0.8,0.0,0.075,0,0,0
3194.66,netbanking,DEV_01442,AE,success,1266,12,11,0,2,2,2782.67,home,3194.66,0,0,0,1.1480556443990841,0.9166666666666666,0.0,0.16666666666666666,0,0,0
1268.71,card,DEV_00696,GB,success,1418,44,43,0,2,4,4719.47,electronics,1268.71,0,6,1,0.26882467734724447,0.9772727272727273,0.0,0.045454545454545456,0,0,0
1084.08,upi,DEV_00553,US,failed,412,12,10,1,1,1,4965.45,beauty,1084.08,0,3,0,0.21832462314593842,0.8333333333333334,0.08333333333333333,0.08333333333333333,1,0,0
3361.13,upi,DEV_00665,IN,success,1471,41,31,2,1,1,2772.7,beauty,3361.13,0,5,1,1.2122227431745232,0.7560975609756098,0.04878048780487805,0.024390243902439025,1,0,0
2308.53,wallet,DEV_02468,AE,success,778,30,29,0,3,1,2641.9,electronics,2308.53,0,4,0,0.8738143003141678,0.9666666666666667,0.0,0.1,0,0,1
15515.12,wallet,DEV_01064,AE,failed,646,8,0,0,3,2,5054.35,grocery,15515.12,0,5,1,3.0696568302551266,0.0,0.0,0.375,0,0,0
6744.57,card,DEV_01594,AE,success,149,38,36,1,3,1,2465.8,software,6744.57,0,2,0,2.73524616757239,0.9473684210526315,0.02631578947368421,0.07894736842105263,1,0,0
1612.69,card,DEV_01790,SG,success,566,50,44,0,2,4,2009.04,grocery,1612.69,0,4,0,0.802716720423685,0.88,0.0,0.04,0,0,0
2279.05,upi,DEV_02368,GB,success,1520,15,5,0,0,1,1767.63,software,2279.05,0,6,1,1.2893252547195964,0.3333333333333333,0.0,0.0,0,0,0
1450.4,card,DEV_01319,IN,success,1124,22,13,0,4,4,2338.79,fashion,1450.4,0,2,0,0.6201497355470137,0.5909090909090909,0.0,0.18181818181818182,0,0,0
5742.27,wallet,DEV_01222,US,success,996,24,20,0,1,2,2713.78,fashion,5742.27,0,4,0,2.1159673960306287,0.8333333333333334,0.0,0.041666666666666664,0,0,0
2543.32,card,DEV_01968,IN,success,553,11,1,2,3,3,3111.06,software,2543.32,0,2,0,0.8175091447930931,0.09090909090909091,0.18181818181818182,0.2727272727272727,1,0,0
3376.11,netbanking,DEV_00191,SG,success,1121,28,28,0,0,3,2829.62,electronics,3376.11,0,3,0,1.1931319399778062,1.0,0.0,0.0,0,0,0
4133.02,upi,DEV_01156,US,success,1951,12,11,0,1,1,4458.53,software,4133.02,0,0,0,0.9269916317710098,0.9166666666666666,0.0,0.08333333333333333,0,0,0
929.21,upi,DEV_02368,US,success,98,3,3,0,1,3,4342.75,travel,929.21,0,6,1,0.2139681077658166,1.0,0.0,0.3333333333333333,0,0,0
1550.59,card,DEV_00903,IN,success,1638,49,40,0,0,2,5827.18,electronics,1550.59,0,5,1,0.26609612196637134,0.8163265306122449,0.0,0.0,0,0,0
9473.64,card,DEV_01742,SG,success,171,33,33,0,4,3,4603.03,home,9473.64,0,0,0,2.0581312743996887,1.0,0.0,0.12121212121212122,0,0,1
20307.63,card,DEV_01296,US,success,1784,49,48,0,1,4,8542.38,grocery,20307.63,0,0,0,2.3772801022665817,0.9795918367346939,0.0,0.02040816326530612,0,0,0
885.74,card,DEV_01509,IN,failed,1914,6,5,0,1,4,2221.59,fashion,885.74,0,1,0,0.39869642913408865,0.8333333333333334,0.0,0.16666666666666666,0,0,0
14146.27,netbanking,DEV_02926,SG,success,1369,50,42,0,3,3,2258.94,travel,14146.27,0,4,0,6.262348712227859,0.84,0.0,0.06,0,0,0
5245.91,wallet,DEV_02921,US,success,167,20,10,2,2,1,1010.29,software,5245.91,0,6,1,5.192479387106673,0.5,0.1,0.1,1,0,0
750.18,upi,DEV_01270,SG,success,1751,25,23,1,2,4,9162.4,travel,750.18,0,5,1,0.08187592770453156,0.92,0.04,0.08,1,0,0
2687.33,card,DEV_01335,IN,success,538,36,35,0,1,3,3762.45,home,2687.33,0,2,0,0.714250023256123,0.9722222222222222,0.0,0.027777777777777776,0,0,0
11440.78,netbanking,DEV_02043,AE,success,1128,8,7,0,0,3,14795.49,home,11440.78,0,6,1,0.7732613113861049,0.875,0.0,0.0,0,0,0
4920.38,wallet,DEV_02071,SG,failed,500,25,21,0,0,2,1160.12,home,4920.38,0,1,0,4.241268144674689,0.84,0.0,0.0,0,0,0
1099.82,card,DEV_01311,AE,success,89,31,31,1,1,1,4423.35,home,1099.82,0,3,0,0.24863960572868976,1.0,0.03225806451612903,0.03225806451612903,1,0,0
2568.55,netbanking,DEV_00456,US,success,1209,25,20,2,2,2,1447.56,travel,2568.55,0,2,0,1.7743996794606098,0.8,0.08,0.08,1,0,0
6702.76,wallet,DEV_02019,GB,success,1832,39,33,0,4,1,3349.33,electronics,6702.76,0,6,1,2.0012241254220995,0.8461538461538461,0.0,0.10256410256410256,0,0,0
9054.05,upi,DEV_00960,SG,failed,1103,34,33,1,0,2,1603.02,software,9054.05,0,0,0,5.648120422702149,0.9705882352941176,0.029411764705882353,0.0,1,0,0
2261.91,card,DEV_01399,GB,success,706,42,33,0,1,4,5326.19,grocery,2261.91,0,6,1,0.4246769266586434,0.7857142857142857,0.0,0.023809523809523808,0,0,0
2502.58,wallet,DEV_02620,IN,failed,1222,38,32,0,3,1,448.96,home,2502.58,0,2,0,5.574171418389166,0.8421052631578947,0.0,0.07894736842105263,0,0,0
4152.7,upi,DEV_00931,AE,success,317,12,7,0,2,4,1948.57,beauty,4152.7,0,0,0,2.131152588821546,0.5833333333333334,0.0,0.16666666666666666,0,0,0
4790.92,netbanking,DEV_01199,AE,success,1811,7,7,0,2,1,1019.47,home,4790.92,0,1,0,4.699422248815561,1.0,0.0,0.2857142857142857,0,0,0
1324.72,netbanking,DEV_01732,AE,success,1757,49,41,0,2,1,2291.23,home,1324.72,0,3,0,0.5781698039917424,0.8367346938775511,0.0,0.04081632653061224,0,0,0
16806.31,card,DEV_01467,IN,success,1034,46,43,0,1,1,3778.58,home,16806.31,0,4,0,4.447784617501814,0.9347826086956522,0.0,0.021739130434782608,0,0,0
9174.98,card,DEV_01887,US,failed,370,28,22,1,1,1,1046.41,electronics,9174.98,0,4,0,8.768054586634301,0.7857142857142857,0.03571428571428571,0.03571428571428571,1,0,0
1578.64,card,DEV_01482,AE,success,1443,46,43,1,4,3,4152.82,software,1578.64,0,6,1,0.3801368708492061,0.9347826086956522,0.021739130434782608,0.08695652173913043,1,0,0
5606.73,wallet,DEV_02178,US,success,1661,10,10,1,1,4,3292.45,beauty,5606.73,0,0,0,1.7029051314370758,1.0,0.1,0.1,1,0,0
9570.82,upi,DEV_00401,AE,success,1250,30,28,0,0,3,3127.52,travel,9570.82,0,0,0,3.0601946590269606,0.9333333333333333,0.0,0.0,0,0,0
1156.69,upi,DEV_02172,IN,success,1114,24,20,0,2,3,3755.76,home,1156.69,0,5,1,0.30797761305301724,0.8333333333333334,0.0,0.08333333333333333,0,0,0
8215.0,wallet,DEV_01215,IN,success,329,4,2,0,1,2,1219.95,software,8215.0,0,1,0,6.7338825361695145,0.5,0.0,0.25,0,0,1
6005.95,netbanking,DEV_02891,AE,success,1614,49,41,2,0,2,3759.49,electronics,6005.95,0,6,1,1.5975438157835238,0.8367346938775511,0.04081632653061224,0.0,1,0,0
3954.41,wallet,DEV_00205,US,success,1954,35,25,0,0,3,1881.84,travel,3954.41,0,0,0,2.1013529311737447,0.7142857142857143,0.0,0.0,0,0,0
308.16,netbanking,DEV_01064,AE,failed,1356,10,4,0,1,2,713.93,electronics,308.16,0,3,0,0.4316389562001878,0.4,0.0,0.1,0,0,0
5926.7,upi,DEV_01847,US,success,120,46,42,0,0,1,517.01,fashion,5926.7,0,5,1,11.463414634146341,0.9130434782608695,0.0,0.0,0,0,0
4873.52,card,DEV_01838,AE,success,566,50,44,0,2,4,2009.04,electronics,4873.52,0,0,0,2.425795404770438,0.88,0.0,0.04,0,0,1
22254.74,upi,DEV_00043,AE,failed,1275,32,25,1,0,2,1319.71,fashion,22254.74,0,2,0,16.86335634343909,0.78125,0.03125,0.0,1,0,0
4169.24,upi,DEV_00590,AE,success,1799,40,36,0,2,2,3535.27,travel,4169.24,0,6,1,1.179327180102227,0.9,0.0,0.05,0,0,0
6644.76,netbanking,DEV_00853,SG,failed,286,41,35,0,3,1,3956.07,home,6644.76,0,0,0,1.6796366090589903,0.8536585365853658,0.0,0.07317073170731707,0,0,1
3788.21,wallet,DEV_02833,US,success,1252,31,25,0,1,2,9833.1,grocery,3788.21,0,3,0,0.38525083646052616,0.8064516129032258,0.0,0.03225806451612903,0,0,0
5088.28,upi,DEV_02167,AE,failed,1462,19,9,0,1,4,3291.84,electronics,5088.28,0,5,1,1.5457251871293864,0.47368421052631576,0.0,0.05263157894736842,0,0,1
11322.34,card,DEV_01665,IN,success,1829,47,47,0,0,3,7552.54,grocery,11322.34,0,4,0,1.4991433345602936,1.0,0.0,0.0,0,0,1
3169.73,wallet,DEV_02423,US,success,1372,6,5,1,1,1,4410.71,travel,3169.73,0,6,1,0.7186439371439065,0.8333333333333334,0.16666666666666666,0.16666666666666666,1,0,0
3719.57,netbanking,DEV_01518,US,success,740,44,39,1,2,3,2179.71,travel,3719.57,0,6,1,1.706451775694932,0.8863636363636364,0.022727272727272728,0.045454545454545456,1,0,1
3543.71,netbanking,DEV_00105,SG,success,167,6,6,0,0,1,2060.2,electronics,3543.71,0,6,1,1.7200805747014856,1.0,0.0,0.0,0,0,0
4422.12,wallet,DEV_00820,SG,success,1518,37,31,0,2,1,9976.48,electronics,4422.12,0,5,1,0.44325453466553333,0.8378378378378378,0.0,0.05405405405405406,0,0,1
4048.81,netbanking,DEV_02442,AE,success,848,16,8,1,2,1,2133.76,travel,4048.81,0,0,0,1.8975001874625073,0.5,0.0625,0.125,1,0,0
4179.11,card,DEV_01288,US,success,900,8,8,0,3,2,3449.1,home,4179.11,0,2,0,1.2116523150966918,1.0,0.0,0.375,0,0,0
1923.75,wallet,DEV_01845,IN,failed,1127,23,16,0,1,4,4022.79,travel,1923.75,0,2,0,0.47821288210421126,0.6956521739130435,0.0,0.043478260869565216,0,0,0
9917.75,wallet,DEV_02048,GB,success,1356,10,4,0,1,2,713.93,home,9917.75,0,0,0,13.891768100514057,0.4,0.0,0.1,0,0,0
7424.47,upi,DEV_01788,IN,success,782,34,28,1,2,1,9413.23,grocery,7424.47,0,6,1,0.7887271425429954,0.8235294117647058,0.029411764705882353,0.058823529411764705,1,0,0
3913.13,upi,DEV_02159,GB,success,1723,3,1,1,0,4,1100.05,grocery,3913.13,0,5,1,3.55722921685378,0.3333333333333333,0.3333333333333333,0.0,1,0,0
3211.94,wallet,DEV_00861,AE,success,1646,41,40,1,1,2,8506.69,fashion,3211.94,0,5,1,0.3775781179283599,0.975609756097561,0.024390243902439025,0.024390243902439025,1,0,0
1724.97,wallet,DEV_02985,US,success,947,2,0,4,2,3,3791.56,travel,1724.97,0,0,0,0.45494994144890233,0.0,2.0,1.0,1,0,0
2569.87,upi,DEV_00719,US,success,320,48,48,1,0,1,3887.95,software,2569.87,0,0,0,0.6609832945382528,1.0,0.020833333333333332,0.0,1,0,0
2261.06,card,DEV_00308,AE,success,1679,29,22,1,1,1,4223.64,travel,2261.06,0,5,1,0.5353344508528188,0.7586206896551724,0.034482758620689655,0.034482758620689655,1,0,0
1527.93,wallet,DEV_01745,SG,failed,877,3,2,1,2,3,442.23,electronics,1527.93,0,5,1,3.4550573231124075,0.6666666666666666,0.3333333333333333,0.6666666666666666,1,0,0
6053.76,card,DEV_01733,US,success,1875,36,26,1,0,1,4053.78,electronics,6053.76,0,3,0,1.4933617512543849,0.7222222222222222,0.027777777777777776,0.0,1,0,0
2824.09,upi,DEV_02527,SG,success,1848,4,0,0,2,4,5287.69,travel,2824.09,0,0,0,0.5340876639893791,0.0,0.0,0.5,0,0,0
1579.28,netbanking,DEV_01099,SG,success,1837,30,21,1,1,3,3258.26,beauty,1579.28,0,1,0,0.4847004229251195,0.7,0.03333333333333333,0.03333333333333333,1,0,0
1453.84,card,DEV_01536,US,failed,1264,46,42,0,3,2,4918.54,software,1453.84,0,1,0,0.29558364880635307,0.9130434782608695,0.0,0.06521739130434782,0,0,0
3584.58,card,DEV_00850,SG,success,619,8,8,0,0,4,3224.31,beauty,3584.58,0,5,1,1.1117355341142756,1.0,0.0,0.0,0,0,1
6101.97,upi,DEV_00122,US,failed,1435,41,41,1,2,1,2382.23,home,6101.97,0,5,1,2.561452924360788,1.0,0.024390243902439025,0.04878048780487805,1,0,0
1085.25,card,DEV_00392,GB,failed,89,31,31,1,1,1,4423.35,software,1085.25,0,1,0,0.24534572213367695,1.0,0.03225806451612903,0.03225806451612903,1,0,0
7705.3,netbanking,DEV_02030,IN,failed,1167,28,24,0,0,2,3451.7,software,7705.3,0,4,0,2.2323203059362053,0.8571428571428571,0.0,0.0,0,0,0
2843.13,card,DEV_00293,AE,success,764,50,44,0,0,4,648.99,software,2843.13,0,2,0,4.380853325937226,0.88,0.0,0.0,0,0,0
3415.64,upi,DEV_00330,AE,failed,1544,25,20,0,2,3,2623.61,beauty,3415.64,0,3,0,1.3018855698827188,0.8,0.0,0.08,0,0,0
17037.78,card,DEV_01403,IN,success,562,25,20,2,1,2,10252.54,travel,17037.78,0,4,0,1.6618106342428314,0.8,0.08,0.04,1,0,0
4122.44,upi,DEV_00855,US,failed,1930,40,37,0,2,2,1784.64,fashion,4122.44,0,3,0,2.309956069571454,0.925,0.0,0.05,0,0,1
8452.58,upi,DEV_01040,GB,success,87,21,12,1,2,3,6741.68,travel,8452.58,0,1,0,1.2537794733656893,0.5714285714285714,0.047619047619047616,0.09523809523809523,1,0,0
2911.32,card,DEV_01805,US,success,293,7,6,0,2,3,2464.74,beauty,2911.32,0,0,0,1.1811874680493684,0.8571428571428571,0.0,0.2857142857142857,0,0,1
2061.95,wallet,DEV_01775,US,success,1853,20,10,0,1,3,476.9,grocery,2061.95,0,5,1,4.3236527573914865,0.5,0.0,0.05,0,0,0
4393.25,upi,DEV_02306,IN,failed,1651,41,38,0,0,3,5945.94,software,4393.25,0,3,0,0.7388655115927844,0.926829268292683,0.0,0.0,0,0,0
2339.82,netbanking,DEV_01066,IN,success,1756,45,43,0,3,3,697.75,travel,2339.82,0,1,0,3.3533787173056253,0.9555555555555556,0.0,0.06666666666666667,0,0,0
6493.34,netbanking,DEV_00446,SG,success,1011,21,13,1,1,4,8658.24,electronics,6493.34,0,3,0,0.7499607310492664,0.6190476190476191,0.047619047619047616,0.047619047619047616,1,0,0
1674.19,upi,DEV_01893,US,failed,1619,47,40,1,0,3,3192.24,beauty,1674.19,0,1,0,0.5244561812395059,0.851063829787234,0.02127659574468085,0.0,1,0,0
2607.5,upi,DEV_02216,IN,success,1443,34,26,0,1,4,2955.41,grocery,2607.5,0,1,0,0.8822802927512596,0.7647058823529411,0.0,0.029411764705882353,0,0,0
5231.25,wallet,DEV_00911,GB,success,1575,40,30,3,3,1,2856.26,beauty,5231.25,0,1,0,1.8315034345612793,0.75,0.075,0.075,1,0,0
6968.77,netbanking,DEV_02307,AE,success,959,24,24,0,1,4,10702.22,software,6968.77,0,4,0,0.6511518170996299,1.0,0.0,0.041666666666666664,0,0,0
3726.87,wallet,DEV_02944,AE,failed,1481,37,31,0,1,4,10144.72,travel,3726.87,0,6,1,0.3673704153490683,0.8378378378378378,0.0,0.02702702702702703,0,0,0
3486.08,netbanking,DEV_00704,AE,success,565,35,31,0,2,3,6054.5,electronics,3486.08,0,6,1,0.575783301676439,0.8857142857142857,0.0,0.05714285714285714,0,0,0
6183.32,netbanking,DEV_01458,US,failed,927,34,31,1,2,1,3090.08,software,6183.32,0,6,1,2.0010226272458964,0.9117647058823529,0.029411764705882353,0.058823529411764705,1,0,0
597.74,netbanking,DEV_02554,SG,success,1680,30,20,0,1,4,4802.79,software,597.74,0,0,0,0.12445682613647484,0.6666666666666666,0.0,0.03333333333333333,0,0,0
2887.12,wallet,DEV_02961,IN,failed,1762,36,31,0,1,1,2235.79,home,2887.12,0,6,1,1.2913198466761189,0.8611111111111112,0.0,0.027777777777777776,0,0,0
3227.82,netbanking,DEV_00012,AE,failed,1992,40,38,0,5,1,5030.18,grocery,3227.82,0,5,1,0.641690754605203,0.95,0.0,0.125,0,0,1
14957.82,netbanking,DEV_01691,IN,success,450,47,37,0,1,4,3702.67,beauty,14957.82,0,4,0,4.039738891124513,0.7872340425531915,0.0,0.02127659574468085,0,0,0
5234.58,card,DEV_02725,IN,success,1264,46,42,0,3,2,4918.54,home,5234.58,0,0,0,1.06425483985085,0.9130434782608695,0.0,0.06521739130434782,0,0,0
1329.51,card,DEV_00680,US,success,1682,28,22,0,0,1,2148.5,beauty,1329.51,0,4,0,0.6188084710262974,0.7857142857142857,0.0,0.0,0,0,0
4205.82,netbanking,DEV_01226,US,success,724,25,25,0,1,2,2848.16,grocery,4205.82,0,0,0,1.4766796809168024,1.0,0.0,0.04,0,0,0
2786.4,netbanking,DEV_01062,SG,success,112,15,12,1,1,2,1372.41,software,2786.4,0,2,0,2.03029706866024,0.8,0.06666666666666667,0.06666666666666667,1,0,0
2241.52,upi,DEV_00711,US,success,973,11,6,0,0,2,2058.46,home,2241.52,0,1,0,1.088930559738834,0.5454545454545454,0.0,0.0,0,0,0
7799.68,upi,DEV_00845,US,success,1581,14,5,0,2,2,6914.34,beauty,7799.68,0,4,0,1.1280440360178992,0.35714285714285715,0.0,0.14285714285714285,0,0,0
7602.51,upi,DEV_01465,IN,success,1978,22,17,0,2,2,1582.14,grocery,7602.51,0,6,1,4.805206871705411,0.7727272727272727,0.0,0.09090909090909091,0,0,0
940.76,netbanking,DEV_02671,GB,success,307,49,45,1,4,1,6339.35,electronics,940.76,0,0,0,0.14840007256264443,0.9183673469387755,0.02040816326530612,0.08163265306122448,1,0,0
687.33,card,DEV_02533,US,success,1590,16,16,0,2,1,2512.78,beauty,687.33,0,5,1,0.2735336957473396,1.0,0.0,0.125,0,0,0
4760.99,netbanking,DEV_02941,IN,failed,734,2,1,1,0,1,1893.51,software,4760.99,0,4,0,2.514372778596363,0.5,0.5,0.0,1,0,0
7264.24,netbanking,DEV_02848,US,success,1993,28,20,0,1,1,1406.38,travel,7264.24,0,1,0,5.165204283337362,0.7142857142857143,0.0,0.03571428571428571,0,0,0
10083.64,upi,DEV_00790,US,success,1478,10,6,1,6,2,1114.75,software,10083.64,0,1,0,9.045651491365776,0.6,0.1,0.6,1,0,0
3062.25,wallet,DEV_00669,SG,success,1896,41,41,0,1,3,2839.14,travel,3062.25,0,0,0,1.078583655614024,1.0,0.0,0.024390243902439025,0,0,1
1856.57,card,DEV_02202,IN,success,862,32,29,0,3,2,3628.93,home,1856.57,0,0,0,0.5116025936019708,0.90625,0.0,0.09375,0,0,0
8924.46,card,DEV_00518,GB,success,220,45,42,0,1,1,2328.83,beauty,8924.46,0,6,1,3.83216464920153,0.9333333333333333,0.0,0.022222222222222223,0,0,1
4277.21,card,DEV_00663,SG,failed,686,33,24,0,1,1,4537.58,travel,4277.21,0,3,0,0.9426191934908035,0.7272727272727273,0.0,0.030303030303030304,0,0,0
4777.39,netbanking,DEV_02452,AE,success,1410,3,2,0,2,2,553.6,travel,4777.39,0,6,1,8.629678468208093,0.6666666666666666,0.0,0.6666666666666666,0,0,0
17945.02,card,DEV_00483,US,failed,1976,39,39,0,0,1,1640.28,software,17945.02,0,2,0,10.940217523837394,1.0,0.0,0.0,0,0,0
5312.13,wallet,DEV_00812,IN,failed,1557,36,31,0,1,3,5535.13,grocery,5312.13,0,0,0,0.9597118766858231,0.8611111111111112,0.0,0.027777777777777776,0,0,0
5485.96,netbanking,DEV_02409,GB,success,346,43,40,0,3,2,2062.65,electronics,5485.96,0,4,0,2.6596659636874893,0.9302325581395349,0.0,0.06976744186046512,0,0,0
2965.63,card,DEV_00061,AE,success,1103,10,3,0,2,2,1029.12,home,2965.63,0,0,0,2.881714474502488,0.3,0.0,0.2,0,0,0
10190.56,card,DEV_02320,US,success,446,44,44,2,1,3,2991.92,fashion,10190.56,0,5,1,3.4060268991149494,1.0,0.045454545454545456,0.022727272727272728,1,0,0
6408.07,card,DEV_02401,US,failed,188,46,40,1,1,2,2509.85,travel,6408.07,0,0,0,2.553168516046776,0.8695652173913043,0.021739130434782608,0.021739130434782608,1,0,0
9638.56,wallet,DEV_00312,US,failed,1321,35,25,0,3,4,950.5,fashion,9638.56,0,0,0,10.140515518148343,0.7142857142857143,0.0,0.08571428571428572,0,0,0
6036.08,netbanking,DEV_00951,AE,failed,949,12,12,1,2,1,4169.93,beauty,6036.08,0,0,0,1.4475254980299428,1.0,0.08333333333333333,0.16666666666666666,1,0,0
6211.96,netbanking,DEV_01940,GB,failed,1761,30,29,0,2,2,1737.99,beauty,6211.96,0,6,1,3.574220795286509,0.9666666666666667,0.0,0.06666666666666667,0,0,0
5319.09,netbanking,DEV_01570,IN,success,91,5,3,0,3,1,2845.25,grocery,5319.09,0,4,0,1.8694631403215887,0.6,0.0,0.6,0,0,0
3745.75,wallet,DEV_00494,AE,success,1371,7,7,0,3,4,1759.19,beauty,3745.75,0,0,0,2.129246982986488,1.0,0.0,0.42857142857142855,0,0,0
4963.44,card,DEV_00019,SG,success,1886,43,38,0,2,3,5671.68,beauty,4963.44,0,0,0,0.8751269465132023,0.8837209302325582,0.0,0.046511627906976744,0,0,0
9493.17,netbanking,DEV_01292,US,success,1119,36,32,0,4,1,2846.42,home,9493.17,0,2,0,3.335126228736448,0.8888888888888888,0.0,0.1111111111111111,0,0,0
10189.51,upi,DEV_00681,IN,success,1236,48,47,1,2,1,10265.65,electronics,10189.51,0,5,1,0.9925830317612622,0.9791666666666666,0.020833333333333332,0.041666666666666664,1,0,0
1851.16,upi,DEV_01360,GB,success,818,45,40,1,3,1,2116.04,home,1851.16,0,5,1,0.8748227821780307,0.8888888888888888,0.022222222222222223,0.06666666666666667,1,0,0
1313.66,card,DEV_01110,US,success,56,48,42,0,1,2,1973.14,beauty,1313.66,0,5,1,0.6657713086755122,0.875,0.0,0.020833333333333332,0,0,0
1421.14,card,DEV_02384,IN,success,879,22,13,0,1,4,4621.97,fashion,1421.14,0,2,0,0.30747495115719053,0.5909090909090909,0.0,0.045454545454545456,0,0,0
2247.47,card,DEV_02120,AE,failed,670,46,41,0,3,3,4350.37,electronics,2247.47,0,1,0,0.516615828078991,0.8913043478260869,0.0,0.06521739130434782,0,0,0
1382.5,upi,DEV_01069,AE,success,612,30,30,1,1,4,4703.52,electronics,1382.5,0,3,0,0.29392880225873386,1.0,0.03333333333333333,0.03333333333333333,1,0,0
4801.12,netbanking,DEV_02837,GB,success,1278,48,39,2,3,2,7146.95,electronics,4801.12,0,6,1,0.6717718747157878,0.8125,0.041666666666666664,0.0625,1,0,0
2016.5,upi,DEV_00383,SG,success,216,42,40,0,0,4,1023.5,home,2016.5,0,2,0,1.970200293111871,0.9523809523809523,0.0,0.0,0,0,0
3242.47,netbanking,DEV_02574,GB,success,617,14,10,0,3,3,1966.16,grocery,3242.47,0,0,0,1.6491384221019652,0.7142857142857143,0.0,0.21428571428571427,0,0,0
1681.57,upi,DEV_00031,GB,failed,985,46,38,0,0,1,5960.83,software,1681.57,0,4,0,0.28210333124749404,0.8260869565217391,0.0,0.0,0,0,0
2735.26,wallet,DEV_00170,AE,failed,1896,34,29,0,1,4,3045.81,electronics,2735.26,0,3,0,0.8980402585847443,0.8529411764705882,0.0,0.029411764705882353,0,0,1
1749.27,upi,DEV_00856,US,success,1721,45,44,0,0,1,4322.02,home,1749.27,0,0,0,0.4047343603222567,0.9777777777777777,0.0,0.0,0,0,1
3807.76,wallet,DEV_01452,IN,success,897,27,24,0,2,1,1886.86,travel,3807.76,0,3,0,2.0180405541481616,0.8888888888888888,0.0,0.07407407407407407,0,0,0
1282.42,upi,DEV_01394,AE,success,999,8,4,0,0,4,6929.67,electronics,1282.42,0,4,0,0.18506220353927388,0.5,0.0,0.0,0,0,0
1211.81,wallet,DEV_01127,IN,success,344,21,20,2,1,1,3281.8,grocery,1211.81,0,5,1,0.3692516302029374,0.9523809523809523,0.09523809523809523,0.047619047619047616,1,0,0
4708.62,netbanking,DEV_02160,SG,success,1211,37,37,0,0,2,1966.39,grocery,4708.62,0,3,0,2.39455041980482,1.0,0.0,0.0,0,0,0
10163.64,netbanking,DEV_02866,AE,failed,1735,19,12,0,0,3,1599.07,fashion,10163.64,0,2,0,6.355969407217946,0.631578947368421,0.0,0.0,0,0,0
3395.13,upi,DEV_01657,US,success,1360,18,11,0,0,1,4600.63,beauty,3395.13,0,0,0,0.737970669234431,0.6111111111111112,0.0,0.0,0,0,0
4670.37,wallet,DEV_01976,US,success,968,40,39,0,2,1,5113.32,electronics,4670.37,0,3,0,0.9133733073619488,0.975,0.0,0.05,0,0,0
8403.33,netbanking,DEV_01250,US,success,349,9,4,0,2,3,2158.38,beauty,8403.33,0,6,1,3.893350568481917,0.4444444444444444,0.0,0.2222222222222222,0,0,0
2612.56,netbanking,DEV_00329,SG,success,1037,4,1,0,2,3,4481.89,grocery,2612.56,0,5,1,0.5829147971056853,0.25,0.0,0.5,0,0,0
4632.36,upi,DEV_00708,US,success,1702,13,12,0,1,2,1232.72,grocery,4632.36,0,1,0,3.7578363294178723,0.9230769230769231,0.0,0.07692307692307693,0,0,0
4992.47,card,DEV_00436,SG,success,1341,22,18,0,4,4,12015.58,grocery,4992.47,0,0,0,0.4154997095437757,0.8181818181818182,0.0,0.18181818181818182,0,0,0
3190.05,wallet,DEV_00689,GB,success,1975,1,1,0,1,2,6575.82,grocery,3190.05,0,5,1,0.4851182057903045,1.0,0.0,1.0,0,0,1
6306.7,wallet,DEV_00773,SG,success,1587,50,44,1,4,2,2447.56,electronics,6306.7,0,1,0,2.576729477520469,0.88,0.02,0.08,1,0,0
7357.98,upi,DEV_02647,IN,success,1053,35,32,1,3,1,3103.07,software,7357.98,0,5,1,2.371193688830738,0.9142857142857143,0.02857142857142857,0.08571428571428572,1,0,0
5014.79,upi,DEV_01007,GB,success,469,40,34,0,1,4,2812.63,electronics,5014.79,0,4,0,1.7829540323469493,0.85,0.0,0.025,0,0,0
10040.34,upi,DEV_02434,IN,success,400,34,24,0,1,3,1780.69,beauty,10040.34,0,1,0,5.638454756302332,0.7058823529411765,0.0,0.029411764705882353,0,0,0
8521.22,wallet,DEV_01616,US,failed,76,37,31,0,2,2,11994.15,grocery,8521.22,0,5,1,0.7104480100715765,0.8378378378378378,0.0,0.05405405405405406,0,0,0
7617.13,card,DEV_00551,AE,success,1987,43,38,2,0,1,7798.92,electronics,7617.13,0,0,0,0.9766903622552866,0.8837209302325582,0.046511627906976744,0.0,1,0,0
703.24,netbanking,DEV_01404,IN,success,609,47,41,2,3,4,3752.34,grocery,703.24,0,4,0,0.1874137205050715,0.8723404255319149,0.0425531914893617,0.06382978723404255,1,0,0
5471.82,wallet,DEV_00796,US,failed,799,43,43,0,1,2,1359.89,beauty,5471.82,0,6,1,4.0237225069674745,1.0,0.0,0.023255813953488372,0,0,0
4211.9,netbanking,DEV_02651,IN,success,910,29,22,0,0,4,8385.6,home,4211.9,0,0,0,0.5022777141766838,0.7586206896551724,0.0,0.0,0,0,1
3702.68,card,DEV_00205,IN,success,1140,49,39,0,0,4,1169.45,beauty,3702.68,0,3,0,3.1661721321988967,0.7959183673469388,0.0,0.0,0,0,1
2667.18,upi,DEV_01519,US,success,1292,43,37,0,4,2,2842.64,home,2667.18,0,0,0,0.9382756873891875,0.8604651162790697,0.0,0.09302325581395349,0,0,0
9044.95,upi,DEV_00657,GB,failed,223,3,3,0,1,3,1743.71,software,9044.95,0,0,0,5.18718708959632,1.0,0.0,0.3333333333333333,0,0,0
3357.89,card,DEV_00356,SG,failed,1264,46,42,0,3,2,4918.54,beauty,3357.89,0,3,0,0.6827005574825049,0.9130434782608695,0.0,0.06521739130434782,0,0,0
12597.19,card,DEV_02847,IN,success,1048,2,0,1,1,4,1450.18,home,12597.19,0,5,1,8.686638899998622,0.0,0.5,0.5,1,0,0
2326.74,upi,DEV_01890,AE,success,1246,3,3,0,1,1,1098.32,home,2326.74,0,3,0,2.1184536382839245,1.0,0.0,0.3333333333333333,0,0,0
5835.32,netbanking,DEV_01639,GB,success,468,35,27,0,2,4,722.27,fashion,5835.32,0,0,0,8.079139380010245,0.7714285714285715,0.0,0.05714285714285714,0,0,0
5275.99,wallet,DEV_00225,AE,success,1300,50,47,0,1,2,2489.07,beauty,5275.99,0,2,0,2.1196631673677313,0.94,0.0,0.02,0,0,0
6060.9,wallet,DEV_01153,US,success,1166,11,8,0,0,3,1664.96,beauty,6060.9,0,2,0,3.6402676340572744,0.7272727272727273,0.0,0.0,0,0,0
2896.04,card,DEV_00061,SG,success,1571,39,38,1,3,1,10411.0,home,2896.04,0,2,0,0.2781711651138219,0.9743589743589743,0.02564102564102564,0.07692307692307693,1,0,0
3659.89,wallet,DEV_00711,US,failed,1246,3,3,0,1,1,1098.32,fashion,3659.89,0,2,0,3.3322620001456773,1.0,0.0,0.3333333333333333,0,0,1
845.0,card,DEV_01822,AE,success,120,46,42,0,0,1,517.01,electronics,845.0,0,3,0,1.6343977872768418,0.9130434782608695,0.0,0.0,0,0,0
1528.76,upi,DEV_02758,IN,success,1937,3,0,0,1,3,1173.64,travel,1528.76,0,6,1,1.3025800074980403,0.0,0.0,0.3333333333333333,0,0,0
5628.04,wallet,DEV_00470,IN,success,562,25,20,2,1,2,10252.54,travel,5628.04,0,6,1,0.5489410429025392,0.8,0.08,0.04,1,0,0
2622.24,netbanking,DEV_02919,IN,success,140,20,18,1,0,1,4031.56,beauty,2622.24,0,2,0,0.6504281221165008,0.9,0.05,0.0,1,0,0
4168.89,upi,DEV_00820,IN,success,1713,3,2,2,1,4,1070.13,software,4168.89,0,4,0,3.895685570911945,0.6666666666666666,0.6666666666666666,0.3333333333333333,1,0,0
6273.22,netbanking,DEV_01179,IN,success,168,3,2,0,2,1,8886.3,beauty,6273.22,0,5,1,0.7059428558567684,0.6666666666666666,0.0,0.6666666666666666,0,0,0
10221.55,wallet,DEV_00732,AE,failed,385,39,31,1,2,1,5248.2,fashion,10221.55,0,4,0,1.9476296635036774,0.7948717948717948,0.02564102564102564,0.05128205128205128,1,0,0
9330.36,netbanking,DEV_01953,AE,success,1913,27,26,1,1,4,2848.98,grocery,9330.36,0,6,1,3.2749826253606558,0.9629629629629629,0.037037037037037035,0.037037037037037035,1,0,0
6308.45,wallet,DEV_02837,US,success,1148,23,23,0,1,3,23490.85,software,6308.45,0,2,0,0.26854924364167326,1.0,0.0,0.043478260869565216,0,0,1
3168.05,netbanking,DEV_00738,SG,success,1145,45,38,1,1,2,4650.5,electronics,3168.05,0,0,0,0.6812278249650575,0.8444444444444444,0.022222222222222223,0.022222222222222223,1,0,0
613.9,wallet,DEV_00285,AE,success,1288,28,28,1,1,4,5720.94,grocery,613.9,0,2,0,0.10730754036924002,1.0,0.03571428571428571,0.03571428571428571,1,0,0
1627.08,card,DEV_02096,SG,success,1895,47,38,0,2,1,3149.96,home,1627.08,0,3,0,0.5165398925700644,0.8085106382978723,0.0,0.0425531914893617,0,0,0
5699.31,card,DEV_02026,SG,success,1501,10,4,1,0,4,1682.5,travel,5699.31,0,6,1,3.3874056463595843,0.4,0.1,0.0,1,0,0
14757.59,upi,DEV_01228,US,success,253,50,43,0,2,3,3644.57,home,14757.59,0,6,1,4.04919921966103,0.86,0.0,0.04,0,0,0
26750.6,netbanking,DEV_02296,US,success,1908,1,1,0,2,1,2246.09,home,26750.6,0,4,0,11.909852232101116,1.0,0.0,2.0,0,0,0
3459.1,netbanking,DEV_01095,IN,failed,257,50,44,1,1,2,5220.18,home,3459.1,0,3,0,0.6626399855943664,0.88,0.02,0.02,1,0,0
21854.23,upi,DEV_00898,GB,failed,590,26,21,2,1,3,4345.54,home,21854.23,0,0,0,5.029117209828928,0.8076923076923077,0.07692307692307693,0.038461538461538464,1,0,0
1263.33,netbanking,DEV_00805,SG,failed,1001,45,37,1,1,2,2242.13,fashion,1263.33,0,3,0,0.5634508257772742,0.8222222222222222,0.022222222222222223,0.022222222222222223,1,0,1
791.65,netbanking,DEV_01838,SG,success,959,24,24,0,1,4,10702.22,fashion,791.65,0,1,0,0.07397063413011506,1.0,0.0,0.041666666666666664,0,0,0
1356.87,upi,DEV_01471,GB,success,239,19,13,1,2,2,2886.64,travel,1356.87,0,4,0,0.47005168638971256,0.6842105263157895,0.05263157894736842,0.10526315789473684,1,0,1
2015.25,upi,DEV_01551,US,success,1376,35,32,0,2,4,6473.06,travel,2015.25,0,5,1,0.3113287996712528,0.9142857142857143,0.0,0.05714285714285714,0,0,1
10572.87,netbanking,DEV_02819,AE,success,990,30,28,0,0,4,5318.04,electronics,10572.87,0,5,1,1.9881140420154795,0.9333333333333333,0.0,0.0,0,0,0
2162.59,wallet,DEV_02893,GB,success,778,24,16,0,1,1,1546.88,home,2162.59,0,5,1,1.3980334609019445,0.6666666666666666,0.0,0.041666666666666664,0,0,0
650.04,card,DEV_02440,GB,success,1918,25,16,0,1,3,2045.3,beauty,650.04,0,5,1,0.31782134650173566,0.64,0.0,0.04,0,0,1
3195.61,netbanking,DEV_01974,GB,success,503,25,23,0,1,1,2392.06,beauty,3195.61,0,5,1,1.3359238480640119,0.92,0.0,0.04,0,0,0
21799.47,wallet,DEV_02975,GB,success,991,17,12,1,0,4,911.35,home,21799.47,0,0,0,23.919975859987932,0.7058823529411765,0.058823529411764705,0.0,1,0,0
1634.36,card,DEV_00134,SG,success,1278,48,39,2,3,2,7146.95,beauty,1634.36,0,6,1,0.2286793667228678,0.8125,0.041666666666666664,0.0625,1,0,0
9087.46,wallet,DEV_02186,IN,failed,1704,7,1,1,0,4,13842.82,home,9087.46,0,0,0,0.6564746200557401,0.14285714285714285,0.14285714285714285,0.0,1,0,1
2342.95,card,DEV_01249,AE,failed,1737,35,29,0,1,1,5904.18,travel,2342.95,0,2,0,0.39682902621532534,0.8285714285714286,0.0,0.02857142857142857,0,0,0
2855.21,card,DEV_01203,US,success,1587,35,27,0,1,2,3069.86,home,2855.21,0,0,0,0.9300782446105034,0.7714285714285715,0.0,0.02857142857142857,0,0,1
3602.48,netbanking,DEV_00870,AE,failed,1791,30,29,0,1,4,5154.68,grocery,3602.48,0,2,0,0.6988755849053675,0.9666666666666667,0.0,0.03333333333333333,0,0,0
3410.88,wallet,DEV_00338,SG,failed,180,35,28,1,1,3,3129.9,home,3410.88,0,6,1,1.0897728361928496,0.8,0.02857142857142857,0.02857142857142857,1,0,0
2723.86,netbanking,DEV_01703,GB,failed,973,23,15,0,1,3,2166.17,beauty,2723.86,0,4,0,1.2574544010857873,0.6521739130434783,0.0,0.043478260869565216,0,0,0
892.43,upi,DEV_02783,AE,success,353,2,1,0,2,1,6685.7,fashion,892.43,0,0,0,0.13348340487907026,0.5,0.0,1.0,0,0,0
3251.03,wallet,DEV_02267,IN,success,608,50,45,0,2,2,2545.13,beauty,3251.03,0,6,1,1.2773532196783661,0.9,0.0,0.04,0,0,0
3252.76,card,DEV_02128,GB,success,740,44,39,1,2,3,2179.71,fashion,3252.76,0,2,0,1.492290258795895,0.8863636363636364,0.022727272727272728,0.045454545454545456,1,0,0
3928.98,card,DEV_00611,AE,success,1891,23,20,1,1,2,2347.45,beauty,3928.98,0,5,1,1.673722550001065,0.8695652173913043,0.043478260869565216,0.043478260869565216,1,0,0
779.23,card,DEV_00046,SG,success,362,47,44,1,2,3,8259.14,beauty,779.23,0,4,0,0.0943475955123657,0.9361702127659575,0.02127659574468085,0.0425531914893617,1,0,1
2764.63,card,DEV_02857,AE,failed,599,49,45,0,2,3,652.68,grocery,2764.63,0,1,0,4.2358123429552,0.9183673469387755,0.0,0.04081632653061224,0,0,0
1131.59,card,DEV_01189,US,failed,484,28,22,0,1,4,1266.16,electronics,1131.59,0,5,1,0.8937180135211978,0.7857142857142857,0.0,0.03571428571428571,0,0,0
3664.23,wallet,DEV_00137,GB,success,334,42,42,0,1,1,2882.87,grocery,3664.23,0,5,1,1.2710354611897172,1.0,0.0,0.023809523809523808,0,0,0
2829.73,upi,DEV_01820,GB,success,1481,19,12,0,4,1,9186.96,software,2829.73,0,6,1,0.30801592692250757,0.631578947368421,0.0,0.21052631578947367,0,0,0
661.62,upi,DEV_00111,AE,failed,1291,35,32,1,1,4,3979.05,fashion,661.62,0,0,0,0.16627586986843593,0.9142857142857143,0.02857142857142857,0.02857142857142857,1,0,0
1062.62,upi,DEV_00092,AE,success,1331,30,24,0,2,4,4471.61,software,1062.62,0,4,0,0.2376370032270256,0.8,0.0,0.06666666666666667,0,0,0
4968.25,upi,DEV_00750,US,failed,1598,15,6,1,2,3,1301.55,software,4968.25,0,5,1,3.817179516730053,0.4,0.06666666666666667,0.13333333333333333,1,0,0
2220.25,wallet,DEV_02354,GB,success,1801,44,40,0,3,1,5358.73,software,2220.25,0,5,1,0.4143239163010639,0.9090909090909091,0.0,0.06818181818181818,0,0,0
2422.72,card,DEV_02097,AE,failed,1048,2,0,1,1,4,1450.18,beauty,2422.72,0,0,0,1.6706339902632774,0.0,0.5,0.5,1,0,0
2448.79,netbanking,DEV_00894,SG,success,577,26,17,0,2,3,3406.01,home,2448.79,0,1,0,0.718961482790714,0.6538461538461539,0.0,0.07692307692307693,0,0,0
1133.88,card,DEV_01587,AE,success,734,2,1,1,0,1,1893.51,software,1133.88,0,6,1,0.598824405469208,0.5,0.5,0.0,1,0,1
2650.74,wallet,DEV_00838,GB,success,1215,2,1,0,2,4,18819.85,home,2650.74,0,2,0,0.14084809390085468,0.5,0.0,1.0,0,0,1
3191.92,wallet,DEV_01638,IN,success,916,21,11,0,1,4,18242.99,grocery,3191.92,0,3,0,0.1749669325039371,0.5238095238095238,0.0,0.047619047619047616,0,0,0
3089.72,netbanking,DEV_00090,GB,success,1202,8,4,0,3,3,3370.11,home,3089.72,0,2,0,0.9168009352810441,0.5,0.0,0.375,0,0,0
1759.1,upi,DEV_00484,AE,success,1867,24,14,0,0,3,2293.48,fashion,1759.1,0,4,0,0.7670003662556464,0.5833333333333334,0.0,0.0,0,0,0
1532.05,wallet,DEV_02868,IN,failed,175,15,11,0,3,1,3143.31,electronics,1532.05,0,2,0,0.48740022460400023,0.7333333333333333,0.0,0.2,0,0,0
9856.86,wallet,DEV_00122,AE,success,1248,40,33,0,1,1,3625.78,grocery,9856.86,0,5,1,2.718548836388308,0.825,0.0,0.025,0,0,0
1478.7,upi,DEV_00251,IN,success,1890,29,23,1,1,4,1241.31,software,1478.7,0,0,0,1.1912415109843635,0.7931034482758621,0.034482758620689655,0.034482758620689655,1,0,0
2751.15,card,DEV_01944,US,success,68,29,24,0,3,4,2468.22,home,2751.15,0,0,0,1.1146291659576537,0.8275862068965517,0.0,0.10344827586206896,0,0,0
12364.42,card,DEV_02757,SG,success,1618,34,30,0,2,4,2781.03,software,12364.42,0,1,0,4.445985839778786,0.8823529411764706,0.0,0.058823529411764705,0,0,0
4205.69,wallet,DEV_00492,SG,failed,179,46,41,0,0,2,5893.09,home,4205.69,0,0,0,0.7136646479181549,0.8913043478260869,0.0,0.0,0,0,0
4388.46,netbanking,DEV_00836,US,success,1059,42,34,1,1,2,4832.72,beauty,4388.46,0,2,0,0.9080724726448045,0.8095238095238095,0.023809523809523808,0.023809523809523808,1,0,0
3690.98,wallet,DEV_00025,SG,success,1806,44,40,0,3,3,387.62,grocery,3690.98,0,6,1,9.522160879211599,0.9090909090909091,0.0,0.06818181818181818,0,0,0
1366.91,netbanking,DEV_00703,AE,success,263,44,39,1,1,3,6018.44,grocery,1366.91,0,6,1,0.22712031689274964,0.8863636363636364,0.022727272727272728,0.022727272727272728,1,0,0
1160.99,upi,DEV_00124,US,success,1230,7,5,0,2,3,3007.85,home,1160.99,0,4,0,0.38598666821816247,0.7142857142857143,0.0,0.2857142857142857,0,0,0
1966.5,card,DEV_02764,US,success,181,29,24,0,4,3,1819.82,software,1966.5,0,2,0,1.0806013781582795,0.8275862068965517,0.0,0.13793103448275862,0,0,0
6019.29,card,DEV_00463,GB,failed,469,40,34,0,1,4,2812.63,travel,6019.29,0,3,0,2.1400930801420732,0.85,0.0,0.025,0,0,0
11027.18,wallet,DEV_00110,AE,success,550,40,33,0,0,2,4432.59,grocery,11027.18,0,2,0,2.48775095373134,0.825,0.0,0.0,0,0,0
1240.35,card,DEV_02527,GB,failed,1722,46,45,0,0,1,1947.38,grocery,1240.35,0,2,0,0.636932699319085,0.9782608695652174,0.0,0.0,0,0,0
3928.58,upi,DEV_00009,GB,success,1618,19,15,0,1,4,2119.61,beauty,3928.58,0,6,1,1.85344473747529,0.7894736842105263,0.0,0.05263157894736842,0,0,0
1912.49,netbanking,DEV_00951,SG,success,436,24,14,0,1,2,14828.97,home,1912.49,0,1,0,0.12896984753492657,0.5833333333333334,0.0,0.041666666666666664,0,0,0
1139.34,upi,DEV_00223,US,success,284,11,8,0,1,4,1906.84,home,1139.34,0,0,0,0.5975016257263326,0.7272727272727273,0.0,0.09090909090909091,0,0,0
5219.37,wallet,DEV_02969,SG,failed,1455,47,37,1,1,2,3987.36,electronics,5219.37,0,3,0,1.3089788732394365,0.7872340425531915,0.02127659574468085,0.02127659574468085,1,0,0
1326.9,wallet,DEV_02057,IN,failed,873,34,31,0,1,2,7641.87,beauty,1326.9,0,3,0,0.17363551067997757,0.9117647058823529,0.0,0.029411764705882353,0,0,0
2115.89,netbanking,DEV_02717,US,success,365,32,27,2,1,3,1423.07,beauty,2115.89,0,1,0,1.4868488549403753,0.84375,0.0625,0.03125,1,0,0
2250.47,netbanking,DEV_02643,SG,success,373,30,26,0,0,4,1019.55,fashion,2250.47,0,4,0,2.207316953557942,0.8666666666666667,0.0,0.0,0,0,0
7126.5,card,DEV_01555,GB,success,517,43,40,1,2,2,7488.48,software,7126.5,0,4,0,0.951661752451766,0.9302325581395349,0.023255813953488372,0.046511627906976744,1,0,0
917.86,card,DEV_01346,IN,failed,1187,47,47,0,3,3,4407.69,grocery,917.86,0,5,1,0.2082405976826864,1.0,0.0,0.06382978723404255,0,0,0
3179.47,card,DEV_00469,AE,success,1784,49,48,0,1,4,8542.38,software,3179.47,0,2,0,0.37219955094481866,0.9795918367346939,0.0,0.02040816326530612,0,0,0
9096.88,wallet,DEV_02584,GB,failed,596,35,30,0,2,4,4548.5,home,9096.88,0,6,1,1.999973617676157,0.8571428571428571,0.0,0.05714285714285714,0,0,1
1454.14,card,DEV_00834,IN,success,570,25,25,3,3,4,5767.26,home,1454.14,0,1,0,0.25213706335417513,1.0,0.12,0.12,1,0,1
3524.25,card,DEV_01861,US,success,1875,19,19,0,3,2,4870.55,electronics,3524.25,0,0,0,0.7235835788565973,1.0,0.0,0.15789473684210525,0,0,0
2456.86,upi,DEV_02461,AE,success,596,24,16,0,2,3,1034.04,software,2456.86,0,3,0,2.3759815867858114,0.6666666666666666,0.0,0.08333333333333333,0,0,0
6227.58,netbanking,DEV_01226,SG,success,758,36,32,0,0,4,805.23,fashion,6227.58,0,2,0,7.733914533735702,0.8888888888888888,0.0,0.0,0,0,0
12850.3,card,DEV_01875,US,success,265,49,43,0,1,2,3543.8,electronics,12850.3,0,2,0,3.6261357864439296,0.8775510204081632,0.0,0.02040816326530612,0,0,0
3548.72,upi,DEV_02628,AE,success,484,14,9,1,0,1,4246.01,fashion,3548.72,0,3,0,0.8357775888422306,0.6428571428571429,0.07142857142857142,0.0,1,0,0
2291.64,card,DEV_00309,AE,success,393,31,30,0,0,1,8762.41,travel,2291.64,0,1,0,0.2615307889039659,0.967741935483871,0.0,0.0,0,0,0
1253.18,wallet,DEV_02427,IN,failed,151,2,0,0,3,2,4181.43,electronics,1253.18,0,5,1,0.2997012983596521,0.0,0.0,1.5,0,0,0
1398.45,card,DEV_00703,AE,failed,790,40,35,0,1,4,11004.85,beauty,1398.45,0,1,0,0.1270757893110765,0.875,0.0,0.025,0,0,1
5093.71,upi,DEV_00064,SG,success,1425,30,29,1,2,1,12948.76,electronics,5093.71,0,4,0,0.3933743462694497,0.9666666666666667,0.03333333333333333,0.06666666666666667,1,0,1
1218.95,card,DEV_00984,SG,failed,1425,50,42,1,2,1,455.16,travel,1218.95,0,5,1,2.678069250373495,0.84,0.02,0.04,1,0,0
1686.92,card,DEV_02604,US,success,1189,32,27,0,4,1,3086.71,software,1686.92,0,5,1,0.5465106861350759,0.84375,0.0,0.125,0,0,0
4130.99,netbanking,DEV_01150,GB,success,1334,17,9,1,3,4,6115.65,home,4130.99,0,2,0,0.675478485524842,0.5294117647058824,0.058823529411764705,0.17647058823529413,1,0,0
2744.63,wallet,DEV_02582,US,success,1201,34,26,0,2,4,1833.13,fashion,2744.63,0,6,1,1.4972369662817149,0.7647058823529411,0.0,0.058823529411764705,0,0,1
6176.63,netbanking,DEV_02138,AE,success,1953,2,0,1,1,3,5638.62,travel,6176.63,0,4,0,1.095415190241584,0.0,0.5,0.5,1,0,0
10698.95,upi,DEV_00045,GB,success,1290,37,34,2,2,2,2354.76,grocery,10698.95,0,0,0,4.543541592349114,0.918918918918919,0.05405405405405406,0.05405405405405406,1,0,0
2403.36,netbanking,DEV_00665,GB,failed,1978,22,17,0,2,2,1582.14,electronics,2403.36,0,2,0,1.5190564678220637,0.7727272727272727,0.0,0.09090909090909091,0,0,0
11197.03,card,DEV_02399,IN,success,651,1,0,0,0,2,7598.15,home,11197.03,0,0,0,1.4736521390075217,0.0,0.0,0.0,0,0,0
1909.13,wallet,DEV_01492,US,success,1117,33,27,1,1,2,4319.02,beauty,1909.13,0,5,1,0.442028515728105,0.8181818181818182,0.030303030303030304,0.030303030303030304,1,0,0
17413.61,netbanking,DEV_02335,AE,success,1371,21,11,0,0,2,5976.84,electronics,17413.61,0,1,0,2.913514499300634,0.5238095238095238,0.0,0.0,0,0,0
4580.98,upi,DEV_02499,AE,failed,847,43,43,0,2,3,6249.12,travel,4580.98,0,1,0,0.7330600148500909,1.0,0.0,0.046511627906976744,0,0,0
3453.34,card,DEV_00541,GB,failed,349,50,41,0,2,1,3391.46,software,3453.34,0,2,0,1.0182458292298893,0.82,0.0,0.04,0,0,0
6596.65,netbanking,DEV_00545,GB,success,1103,3,0,0,0,1,955.89,grocery,6596.65,0,6,1,6.901055560786283,0.0,0.0,0.0,0,0,0
4307.43,netbanking,DEV_00911,AE,success,179,5,4,1,1,3,5547.86,fashion,4307.43,0,5,1,0.7764128871312543,0.8,0.2,0.2,1,0,1
1981.51,wallet,DEV_01505,GB,success,1087,35,25,0,2,3,4850.15,fashion,1981.51,0,1,0,0.4085461274393576,0.7142857142857143,0.0,0.05714285714285714,0,0,0
2892.8,upi,DEV_01639,GB,success,1566,11,5,1,2,3,3387.26,travel,2892.8,0,1,0,0.854023606100506,0.45454545454545453,0.09090909090909091,0.18181818181818182,1,0,1
10718.87,card,DEV_01443,SG,failed,293,7,6,0,2,3,2464.74,software,10718.87,0,6,1,4.3488846693768926,0.8571428571428571,0.0,0.2857142857142857,0,0,0
14388.98,upi,DEV_02121,GB,failed,1153,29,21,1,3,2,8520.18,fashion,14388.98,0,3,0,1.688811738719135,0.7241379310344828,0.034482758620689655,0.10344827586206896,1,0,0
4781.14,wallet,DEV_00624,US,success,226,4,3,0,1,4,723.96,electronics,4781.14,0,0,0,6.604149400519366,0.75,0.0,0.25,0,0,0
11102.63,wallet,DEV_00158,AE,failed,1463,26,20,1,2,4,3829.72,beauty,11102.63,0,1,0,2.899070950356684,0.7692307692307693,0.038461538461538464,0.07692307692307693,1,0,0
1616.57,wallet,DEV_01163,SG,success,1197,44,38,0,2,4,4143.67,software,1616.57,0,0,0,0.39013000552650184,0.8636363636363636,0.0,0.045454545454545456,0,0,0
4107.83,netbanking,DEV_02382,GB,failed,1126,44,41,0,1,2,3358.14,beauty,4107.83,0,1,0,1.2232456061986696,0.9318181818181818,0.0,0.022727272727272728,0,0,0
2400.1,upi,DEV_00553,IN,success,778,35,35,1,1,2,2440.96,electronics,2400.1,0,5,1,0.9832606843209228,1.0,0.02857142857142857,0.02857142857142857,1,0,1
2612.66,wallet,DEV_00756,US,success,1096,7,7,0,1,4,904.1,grocery,2612.66,0,3,0,2.889790952328282,1.0,0.0,0.14285714285714285,0,0,0
3700.21,card,DEV_01573,AE,success,418,34,34,0,1,4,1620.7,travel,3700.21,0,6,1,2.2830937249336705,1.0,0.0,0.029411764705882353,0,0,0
1220.42,wallet,DEV_02332,SG,success,171,34,26,0,2,4,15904.29,home,1220.42,0,2,0,0.07673527079800481,0.7647058823529411,0.0,0.058823529411764705,0,0,0
3727.2,upi,DEV_01413,AE,success,1469,30,24,0,0,3,1532.29,software,3727.2,0,5,1,2.432437723929543,0.8,0.0,0.0,0,0,0
619.67,upi,DEV_00883,GB,failed,370,28,22,1,1,1,1046.41,software,619.67,0,6,1,0.5921866190116684,0.7857142857142857,0.03571428571428571,0.03571428571428571,1,0,0
2181.19,wallet,DEV_02278,SG,failed,697,13,10,0,2,1,1663.43,fashion,2181.19,0,2,0,1.311260467828523,0.7692307692307693,0.0,0.15384615384615385,0,0,0
3756.17,wallet,DEV_02503,US,failed,1988,28,27,1,0,3,4755.57,grocery,3756.17,0,0,0,0.7898464327094334,0.9642857142857143,0.03571428571428571,0.0,1,0,0
4296.31,card,DEV_01234,IN,success,1597,21,17,1,1,4,520.63,software,4296.31,0,3,0,8.25213683422008,0.8095238095238095,0.047619047619047616,0.047619047619047616,1,0,0
8772.94,upi,DEV_00201,SG,success,1989,12,10,2,1,1,1333.82,home,8772.94,0,0,0,6.577304283936364,0.8333333333333334,0.16666666666666666,0.08333333333333333,1,0,0
4160.46,upi,DEV_00392,GB,success,901,9,4,0,0,4,1547.64,software,4160.46,0,5,1,2.688260835853299,0.4444444444444444,0.0,0.0,0,0,0
9477.63,card,DEV_00634,US,success,1755,41,34,2,3,1,7158.24,travel,9477.63,0,1,0,1.3240167974250654,0.8292682926829268,0.04878048780487805,0.07317073170731707,1,0,1
2882.69,card,DEV_00019,IN,success,1606,20,12,2,3,3,3245.76,electronics,2882.69,0,0,0,0.8881402198560583,0.6,0.1,0.15,1,0,0
866.9,card,DEV_02673,AE,success,120,1,1,0,0,2,8768.84,electronics,866.9,0,0,0,0.09886142294761907,1.0,0.0,0.0,0,0,0
3841.24,card,DEV_01250,US,success,830,38,38,2,3,1,3546.77,beauty,3841.24,0,4,0,1.0830248366823898,1.0,0.05263157894736842,0.07894736842105263,1,0,1
2218.06,netbanking,DEV_02995,SG,success,688,39,36,0,2,2,1113.85,beauty,2218.06,0,0,0,1.9913453337523006,0.9230769230769231,0.0,0.05128205128205128,0,0,0
2522.95,netbanking,DEV_00485,IN,failed,471,17,14,0,1,1,2429.76,electronics,2522.95,0,6,1,1.0383535822468062,0.8235294117647058,0.0,0.058823529411764705,0,0,0
1743.41,netbanking,DEV_00624,SG,success,427,8,2,1,2,1,3772.82,fashion,1743.41,0,4,0,0.46209731712618146,0.25,0.125,0.25,1,0,0
3209.89,card,DEV_02423,SG,failed,353,2,1,0,2,1,6685.7,beauty,3209.89,0,1,0,0.48011277801875646,0.5,0.0,1.0,0,0,0
1299.95,netbanking,DEV_02750,AE,success,1768,48,42,0,2,1,3370.7,travel,1299.95,0,2,0,0.3856617319844543,0.875,0.0,0.041666666666666664,0,0,0
1521.17,upi,DEV_01216,IN,success,184,41,32,0,0,4,1152.0,electronics,1521.17,0,3,0,1.3204600694444446,0.7804878048780488,0.0,0.0,0,0,0
29028.4,card,DEV_02125,US,success,1605,38,31,1,1,1,2066.26,home,29028.4,0,6,1,14.048764434291908,0.8157894736842105,0.02631578947368421,0.02631578947368421,1,0,0
1493.1,upi,DEV_00127,SG,failed,1336,15,5,1,1,1,1559.63,software,1493.1,0,1,0,0.9573424466059256,0.3333333333333333,0.06666666666666667,0.06666666666666667,1,0,1
5395.88,wallet,DEV_02493,IN,success,1038,12,11,0,1,2,2973.65,home,5395.88,0,1,0,1.814564592336018,0.9166666666666666,0.0,0.08333333333333333,0,0,0
1454.48,wallet,DEV_00513,SG,success,749,31,28,0,2,2,5616.55,travel,1454.48,0,4,0,0.25896324255993447,0.9032258064516129,0.0,0.06451612903225806,0,0,0
2174.35,netbanking,DEV_01648,SG,success,792,32,31,0,2,4,4391.26,grocery,2174.35,0,1,0,0.49515401046624424,0.96875,0.0,0.0625,0,0,0
1997.62,card,DEV_01941,GB,success,581,31,30,0,1,3,2539.91,beauty,1997.62,0,2,0,0.7864924347713108,0.967741935483871,0.0,0.03225806451612903,0,0,0
4057.68,wallet,DEV_02522,AE,success,1469,30,24,0,0,3,1532.29,electronics,4057.68,0,2,0,2.6481149129733925,0.8,0.0,0.0,0,0,0
1595.7,wallet,DEV_02343,GB,success,1856,38,30,1,1,1,1377.09,software,1595.7,0,6,1,1.158747794261813,0.7894736842105263,0.02631578947368421,0.02631578947368421,1,0,0
7767.41,netbanking,DEV_00028,GB,success,1649,19,18,2,3,2,2744.87,beauty,7767.41,0,3,0,2.8297915748286804,0.9473684210526315,0.10526315789473684,0.15789473684210525,1,0,0
6312.63,wallet,DEV_01056,IN,success,692,46,40,2,2,3,1189.72,software,6312.63,0,2,0,5.305979558215379,0.8695652173913043,0.043478260869565216,0.043478260869565216,1,0,0
2787.52,netbanking,DEV_00924,IN,success,763,46,42,1,1,3,1039.29,fashion,2787.52,0,3,0,2.6821387678126416,0.9130434782608695,0.021739130434782608,0.021739130434782608,1,0,0
1229.44,wallet,DEV_02706,SG,failed,1048,2,0,1,1,4,1450.18,travel,1229.44,0,6,1,0.8477844129694245,0.0,0.5,0.5,1,0,0
32689.55,card,DEV_00053,IN,failed,1740,9,2,1,3,1,6444.17,software,32689.55,0,4,0,5.072732407742191,0.2222222222222222,0.1111111111111111,0.3333333333333333,1,0,0
3601.52,wallet,DEV_00805,US,failed,1024,2,1,0,0,3,1735.64,electronics,3601.52,0,0,0,2.0750386024751677,0.5,0.0,0.0,0,0,0
2041.3,netbanking,DEV_00255,US,success,1230,14,7,0,0,3,3696.66,beauty,2041.3,0,5,1,0.5522011761968912,0.5,0.0,0.0,0,0,0
2565.77,upi,DEV_00185,US,success,900,8,8,0,3,2,3449.1,software,2565.77,0,5,1,0.7438955089733554,1.0,0.0,0.375,0,0,0
16336.11,card,DEV_02420,US,failed,1604,42,37,2,3,1,2379.29,grocery,16336.11,0,2,0,6.865960013281273,0.8809523809523809,0.047619047619047616,0.07142857142857142,1,0,0
5005.69,upi,DEV_00861,AE,success,1820,24,22,0,2,1,3656.65,grocery,5005.69,0,6,1,1.3689278437914483,0.9166666666666666,0.0,0.08333333333333333,0,0,0
4484.24,netbanking,DEV_02998,US,success,1024,39,36,0,4,4,827.54,software,4484.24,0,0,0,5.418759214056118,0.9230769230769231,0.0,0.10256410256410256,0,0,0
6009.45,netbanking,DEV_01127,AE,success,928,15,13,0,2,2,1299.71,fashion,6009.45,0,6,1,4.623685283640197,0.8666666666666667,0.0,0.13333333333333333,0,0,0
5718.12,netbanking,DEV_02021,AE,failed,1600,24,16,0,1,1,3425.46,grocery,5718.12,0,2,0,1.6692998896498572,0.6666666666666666,0.0,0.041666666666666664,0,0,0
2056.26,wallet,DEV_00528,US,success,1099,27,22,0,1,1,9263.8,beauty,2056.26,0,6,1,0.22196722727174598,0.8148148148148148,0.0,0.037037037037037035,0,0,0
5976.38,card,DEV_02834,AE,success,901,9,4,0,0,4,1547.64,electronics,5976.38,0,3,0,3.8616086428368352,0.4444444444444444,0.0,0.0,0,0,0
2711.17,card,DEV_02492,IN,failed,438,7,0,0,0,2,5890.94,home,2711.17,0,1,0,0.4602270605370281,0.0,0.0,0.0,0,0,0
8349.74,card,DEV_02819,SG,success,1978,22,17,0,2,2,1582.14,fashion,8349.74,0,4,0,5.277497566587027,0.7727272727272727,0.0,0.09090909090909091,0,0,0
6381.93,card,DEV_01980,US,success,1336,15,5,1,1,1,1559.63,home,6381.93,0,3,0,4.091951296140751,0.3333333333333333,0.06666666666666667,0.06666666666666667,1,0,0
2189.83,netbanking,DEV_00322,GB,failed,839,42,41,1,2,2,4182.42,travel,2189.83,0,2,0,0.5235796500590567,0.9761904761904762,0.023809523809523808,0.047619047619047616,1,0,0
2083.83,upi,DEV_01048,IN,success,188,19,10,2,1,1,4196.83,grocery,2083.83,0,3,0,0.49652475797208845,0.5263157894736842,0.10526315789473684,0.05263157894736842,1,0,0
4037.38,netbanking,DEV_02085,IN,success,350,35,28,0,1,2,2338.59,beauty,4037.38,0,0,0,1.72641634489158,0.8,0.0,0.02857142857142857,0,0,0
2311.87,card,DEV_02986,IN,failed,1655,24,22,0,0,2,3823.53,fashion,2311.87,0,1,0,0.6046428300549491,0.9166666666666666,0.0,0.0,0,0,1
1480.6,netbanking,DEV_01112,SG,success,592,41,31,0,1,1,1773.02,software,1480.6,0,5,1,0.8350723624098995,0.7560975609756098,0.0,0.024390243902439025,0,0,0
3853.4,upi,DEV_02467,IN,success,81,12,9,0,3,2,5006.69,electronics,3853.4,0,6,1,0.7696502080216671,0.75,0.0,0.25,0,0,0
2656.81,wallet,DEV_01937,IN,success,1017,25,16,0,2,3,3779.31,grocery,2656.81,0,1,0,0.7029881115865065,0.64,0.0,0.08,0,0,1
6879.13,card,DEV_02408,US,success,1851,28,23,1,0,3,13735.72,travel,6879.13,0,5,1,0.5008204884782159,0.8214285714285714,0.03571428571428571,0.0,1,0,0
3095.3,netbanking,DEV_01307,GB,success,1395,27,22,0,0,4,5210.42,software,3095.3,0,5,1,0.5940595959634732,0.8148148148148148,0.0,0.0,0,0,0
4305.89,card,DEV_01019,SG,success,1696,42,34,0,1,4,1446.63,electronics,4305.89,0,1,0,2.9764971001569163,0.8095238095238095,0.0,0.023809523809523808,0,0,0
2942.49,upi,DEV_00334,SG,success,1723,3,1,1,0,4,1100.05,electronics,2942.49,0,2,0,2.6748693241216306,0.3333333333333333,0.3333333333333333,0.0,1,0,0
2024.26,wallet,DEV_01613,US,success,415,10,8,0,2,2,5413.92,grocery,2024.26,0,3,0,0.3738991340839909,0.8,0.0,0.2,0,0,1
4200.75,upi,DEV_02105,GB,failed,980,49,48,0,1,4,2422.64,software,4200.75,0,3,0,1.7339555195984546,0.9795918367346939,0.0,0.02040816326530612,0,0,0
7270.55,netbanking,DEV_02574,IN,failed,1226,17,7,0,1,3,2775.28,software,7270.55,0,3,0,2.619753682511314,0.4117647058823529,0.0,0.058823529411764705,0,0,0
6230.02,card,DEV_00621,AE,success,1559,28,20,0,2,2,3688.35,travel,6230.02,0,1,0,1.6891075955373,0.7142857142857143,0.0,0.07142857142857142,0,0,0
9176.87,netbanking,DEV_00371,AE,failed,1976,27,20,0,2,2,3739.94,beauty,9176.87,0,5,1,2.453747921089643,0.7407407407407407,0.0,0.07407407407407407,0,0,1
386.87,upi,DEV_00835,US,failed,977,38,36,0,0,1,1772.72,travel,386.87,0,6,1,0.21823525429847918,0.9473684210526315,0.0,0.0,0,0,1
15981.86,upi,DEV_00820,IN,failed,1895,47,38,0,2,1,3149.96,electronics,15981.86,0,2,0,5.073670776771769,0.8085106382978723,0.0,0.0425531914893617,0,0,0
10605.1,netbanking,DEV_01080,IN,success,1853,20,10,0,1,3,476.9,grocery,10605.1,0,5,1,22.237576011742505,0.5,0.0,0.05,0,0,0
4462.38,wallet,DEV_01997,IN,failed,39,3,1,0,2,3,5587.46,travel,4462.38,0,6,1,0.7986419589580954,0.3333333333333333,0.0,0.6666666666666666,0,0,0
5167.61,card,DEV_02444,US,success,184,41,32,0,0,4,1152.0,software,5167.61,0,6,1,4.485772569444444,0.7804878048780488,0.0,0.0,0,0,0
5383.16,card,DEV_02216,GB,success,1688,45,36,0,1,4,985.86,travel,5383.16,0,0,0,5.460369626518978,0.8,0.0,0.022222222222222223,0,0,0
4483.59,card,DEV_00377,US,success,1547,38,31,0,0,1,2664.06,software,4483.59,0,2,0,1.6829913740681517,0.8157894736842105,0.0,0.0,0,0,0
2424.44,wallet,DEV_01551,IN,success,1059,42,34,1,1,2,4832.72,software,2424.44,0,6,1,0.5016719363008822,0.8095238095238095,0.023809523809523808,0.023809523809523808,1,0,0
8857.98,netbanking,DEV_02268,GB,success,241,2,0,1,1,3,2030.17,travel,8857.98,0,6,1,4.363171557061723,0.0,0.5,0.5,1,0,0
3643.6,netbanking,DEV_00668,AE,success,202,10,9,0,0,2,2397.89,software,3643.6,0,1,0,1.5195025626696805,0.9,0.0,0.0,0,0,0
2658.96,card,DEV_00457,SG,failed,800,27,24,0,4,3,4598.14,electronics,2658.96,0,2,0,0.5782686042617232,0.8888888888888888,0.0,0.14814814814814814,0,0,0
4926.93,card,DEV_01210,AE,success,1839,4,1,0,2,2,2085.36,travel,4926.93,0,4,0,2.362628035447117,0.25,0.0,0.5,0,0,0
3247.99,upi,DEV_00075,GB,failed,96,15,9,0,1,3,1841.41,travel,3247.99,0,4,0,1.76386030270282,0.6,0.0,0.06666666666666667,0,0,0
1162.67,card,DEV_01950,AE,success,1368,42,32,0,1,1,3094.29,beauty,1162.67,0,2,0,0.375746940332031,0.7619047619047619,0.0,0.023809523809523808,0,0,0
1608.49,netbanking,DEV_01214,AE,success,1627,4,2,1,0,3,1576.02,grocery,1608.49,0,6,1,1.0206025304247408,0.5,0.25,0.0,1,0,0
1541.71,upi,DEV_02624,US,failed,419,22,19,0,4,3,2889.32,home,1541.71,0,2,0,0.5335892182243572,0.8636363636363636,0.0,0.18181818181818182,0,0,0
1455.13,card,DEV_01185,AE,success,63,17,15,0,1,4,2538.47,travel,1455.13,0,4,0,0.573231119532632,0.8823529411764706,0.0,0.058823529411764705,0,0,0
6745.96,netbanking,DEV_02987,US,success,900,8,8,0,3,2,3449.1,software,6745.96,0,3,0,1.9558609492331334,1.0,0.0,0.375,0,0,0
2910.44,wallet,DEV_01991,AE,success,1625,45,35,1,1,3,5988.33,beauty,2910.44,0,2,0,0.4860186395873307,0.7777777777777778,0.022222222222222223,0.022222222222222223,1,0,0
2943.1,wallet,DEV_00737,US,failed,867,44,41,0,1,4,3300.62,travel,2943.1,0,2,0,0.8916809569111258,0.9318181818181818,0.0,0.022727272727272728,0,0,0
15475.91,card,DEV_01489,US,success,1851,9,8,0,0,4,1344.29,software,15475.91,0,6,1,11.512329928810004,0.8888888888888888,0.0,0.0,0,0,0
3813.69,wallet,DEV_00302,SG,success,1864,50,44,0,1,1,2433.23,software,3813.69,0,3,0,1.5673364211356922,0.88,0.0,0.02,0,0,0
5578.28,upi,DEV_01532,AE,failed,1727,31,30,0,2,2,2897.53,beauty,5578.28,0,1,0,1.9251845537405996,0.967741935483871,0.0,0.06451612903225806,0,0,0
1956.16,card,DEV_00886,AE,failed,1487,48,46,0,3,2,2935.33,travel,1956.16,0,2,0,0.666419107902689,0.9583333333333334,0.0,0.0625,0,0,0
1744.24,card,DEV_01355,IN,success,1568,32,27,0,2,2,1079.89,home,1744.24,0,5,1,1.6152015483058457,0.84375,0.0,0.0625,0,0,0
4594.9,card,DEV_01623,AE,failed,1368,23,14,0,1,2,3141.15,grocery,4594.9,0,1,0,1.4628082071852664,0.6086956521739131,0.0,0.043478260869565216,0,0,0
10347.51,card,DEV_01520,IN,success,631,28,20,0,0,4,1087.86,home,10347.51,0,1,0,9.51180298935525,0.7142857142857143,0.0,0.0,0,0,0
8077.62,wallet,DEV_01090,IN,success,1230,7,5,0,2,3,3007.85,travel,8077.62,0,1,0,2.6855129078910185,0.7142857142857143,0.0,0.2857142857142857,0,0,0
5761.43,card,DEV_00887,SG,success,581,31,30,0,1,3,2539.91,travel,5761.43,0,0,0,2.2683599025162313,0.967741935483871,0.0,0.03225806451612903,0,0,0
3644.72,upi,DEV_00241,US,success,299,1,1,0,2,2,7092.54,electronics,3644.72,0,5,1,0.5138807817791651,1.0,0.0,2.0,0,0,0
4978.16,upi,DEV_01495,US,success,1555,36,34,0,0,1,1061.26,travel,4978.16,0,1,0,4.6908015001036505,0.9444444444444444,0.0,0.0,0,0,0
6059.0,netbanking,DEV_00648,US,failed,164,9,4,0,0,3,17867.51,software,6059.0,0,3,0,0.33910712796578824,0.4444444444444444,0.0,0.0,0,0,0
5067.84,netbanking,DEV_02329,AE,success,740,21,13,0,2,1,4551.51,software,5067.84,0,6,1,1.1134414732693105,0.6190476190476191,0.0,0.09523809523809523,0,0,0
2050.09,upi,DEV_00460,SG,success,578,10,6,2,0,2,2089.98,travel,2050.09,0,1,0,0.9809136929539997,0.6,0.2,0.0,1,0,0
8111.52,wallet,DEV_00171,IN,failed,264,43,38,1,0,4,2354.71,fashion,8111.52,0,1,0,3.444806366813748,0.8837209302325582,0.023255813953488372,0.0,1,0,0
3809.83,card,DEV_00545,AE,failed,944,45,37,3,0,1,1473.14,home,3809.83,0,1,0,2.5861968312584,0.8222222222222222,0.06666666666666667,0.0,1,0,0
4532.87,netbanking,DEV_02710,GB,success,1580,10,10,1,2,2,3602.15,grocery,4532.87,0,5,1,1.2583790236386603,1.0,0.1,0.2,1,0,1
4457.59,upi,DEV_00180,GB,success,810,39,37,0,2,3,6104.88,beauty,4457.59,0,6,1,0.7301683243569079,0.9487179487179487,0.0,0.05128205128205128,0,0,0
1569.11,netbanking,DEV_01350,US,success,252,2,0,0,3,4,3013.86,electronics,1569.11,0,1,0,0.5206313498304499,0.0,0.0,1.5,0,0,0
14361.19,card,DEV_02284,IN,success,1102,41,41,0,1,3,4942.93,electronics,14361.19,0,3,0,2.9054002383201865,1.0,0.0,0.024390243902439025,0,0,0
5744.52,wallet,DEV_01425,GB,success,1687,9,1,1,0,3,8980.16,travel,5744.52,0,5,1,0.6396901614225137,0.1111111111111111,0.1111111111111111,0.0,1,0,0
3539.18,netbanking,DEV_01160,GB,failed,1293,49,46,0,0,1,2111.97,travel,3539.18,0,6,1,1.6757719096388681,0.9387755102040817,0.0,0.0,0,0,0
5841.57,upi,DEV_00688,SG,success,1713,46,42,0,2,1,2750.78,fashion,5841.57,0,3,0,2.123604941143966,0.9130434782608695,0.0,0.043478260869565216,0,0,0
4884.63,upi,DEV_00506,AE,failed,39,46,39,0,0,2,1844.2,fashion,4884.63,0,6,1,2.6486443986552435,0.8478260869565217,0.0,0.0,0,0,0
269.96,card,DEV_01290,AE,success,1483,41,37,1,2,3,1305.93,software,269.96,0,2,0,0.20671858369131574,0.9024390243902439,0.024390243902439025,0.04878048780487805,1,0,1
9286.73,upi,DEV_01673,IN,failed,1255,7,6,0,1,3,3977.33,fashion,9286.73,0,0,0,2.3349156343577224,0.8571428571428571,0.0,0.14285714285714285,0,0,0
2754.56,upi,DEV_01269,SG,success,1775,19,9,0,0,3,2346.07,electronics,2754.56,0,6,1,1.1741167143350368,0.47368421052631576,0.0,0.0,0,0,0
633.89,wallet,DEV_00043,GB,success,1526,7,1,1,1,3,1490.74,travel,633.89,0,5,1,0.4252183479345828,0.14285714285714285,0.14285714285714285,0.14285714285714285,1,0,0
2456.36,wallet,DEV_01664,IN,success,206,36,33,0,1,1,1373.33,home,2456.36,0,1,0,1.788615991786388,0.9166666666666666,0.0,0.027777777777777776,0,0,0
1423.73,netbanking,DEV_00258,GB,success,790,50,41,0,2,2,5182.33,electronics,1423.73,0,6,1,0.2747277768880021,0.82,0.0,0.04,0,0,0
4394.94,card,DEV_00291,GB,success,1324,42,33,0,1,3,924.98,electronics,4394.94,0,4,0,4.751389219226361,0.7857142857142857,0.0,0.023809523809523808,0,0,1
2957.65,card,DEV_01808,US,success,904,39,34,0,0,3,1862.72,software,2957.65,0,1,0,1.5878124463150662,0.8717948717948718,0.0,0.0,0,0,0
3630.47,wallet,DEV_02036,IN,failed,1365,35,25,0,3,1,2587.07,software,3630.47,0,6,1,1.403313400874348,0.7142857142857143,0.0,0.08571428571428572,0,0,0
1830.85,card,DEV_01421,SG,success,1989,44,39,0,2,1,9617.65,grocery,1830.85,0,3,0,0.19036355034753813,0.8863636363636364,0.0,0.045454545454545456,0,0,0
8839.42,netbanking,DEV_00529,US,success,762,29,28,0,1,3,4600.03,beauty,8839.42,0,5,1,1.9216005113010133,0.9655172413793104,0.0,0.034482758620689655,0,0,0
2169.6,card,DEV_00857,US,success,1371,7,7,0,3,4,1759.19,grocery,2169.6,0,0,0,1.2332948686611451,1.0,0.0,0.42857142857142855,0,0,0
3562.13,netbanking,DEV_01812,SG,success,260,48,38,1,2,2,2145.58,fashion,3562.13,0,0,0,1.6602177499790267,0.7916666666666666,0.020833333333333332,0.041666666666666664,1,0,0
16516.16,wallet,DEV_01083,GB,success,1113,3,0,0,2,3,2345.15,software,16516.16,0,1,0,7.042688100974351,0.0,0.0,0.6666666666666666,0,0,0
3429.62,netbanking,DEV_02845,AE,success,1989,44,39,0,2,1,9617.65,software,3429.62,0,5,1,0.35659646587264043,0.8863636363636364,0.0,0.045454545454545456,0,0,1
7427.33,netbanking,DEV_02961,AE,success,183,38,37,0,0,1,1650.02,beauty,7427.33,0,6,1,4.501357559302312,0.9736842105263158,0.0,0.0,0,0,0
2183.93,wallet,DEV_01781,GB,failed,362,10,2,0,0,1,9742.81,travel,2183.93,0,2,0,0.22415812275924502,0.2,0.0,0.0,0,0,0
8650.73,upi,DEV_01760,GB,success,223,30,21,1,0,2,11457.64,home,8650.73,0,4,0,0.7550184854821761,0.7,0.03333333333333333,0.0,1,0,0
17022.36,upi,DEV_00798,GB,failed,961,30,22,1,2,4,2727.32,fashion,17022.36,0,3,0,6.241423815320534,0.7333333333333333,0.03333333333333333,0.06666666666666667,1,0,0
1143.93,netbanking,DEV_02570,SG,failed,1410,48,46,2,3,3,1003.49,software,1143.93,0,1,0,1.139951569024106,0.9583333333333334,0.041666666666666664,0.0625,1,0,0
3771.49,card,DEV_01533,AE,success,1087,35,25,0,2,3,4850.15,beauty,3771.49,0,1,0,0.7776027545539829,0.7142857142857143,0.0,0.05714285714285714,0,0,0
3973.59,upi,DEV_02843,AE,failed,242,25,25,0,2,3,2572.86,home,3973.59,0,2,0,1.5444252699330705,1.0,0.0,0.08,0,0,0
5688.9,card,DEV_02221,GB,success,1338,28,22,0,1,4,2866.83,electronics,5688.9,0,2,0,1.984386936093176,0.7857142857142857,0.0,0.03571428571428571,0,0,0
2280.44,card,DEV_02309,US,success,478,41,34,1,1,3,13480.78,travel,2280.44,0,2,0,0.16916231850085825,0.8292682926829268,0.024390243902439025,0.024390243902439025,1,0,0
1445.77,netbanking,DEV_01772,AE,success,975,29,19,0,3,1,5808.12,home,1445.77,0,1,0,0.24892219857716438,0.6551724137931034,0.0,0.10344827586206896,0,0,0
6791.62,upi,DEV_00589,SG,failed,1142,35,31,0,1,1,3474.0,electronics,6791.62,0,6,1,1.954985607369027,0.8857142857142857,0.0,0.02857142857142857,0,0,0
4337.51,upi,DEV_02796,US,failed,189,14,12,0,3,1,7888.64,grocery,4337.51,0,0,0,0.5498425584131105,0.8571428571428571,0.0,0.21428571428571427,0,0,1
5934.0,netbanking,DEV_01062,IN,success,947,2,0,4,2,3,3791.56,software,5934.0,0,1,0,1.5650550169323445,0.0,2.0,1.0,1,0,0
7525.62,netbanking,DEV_00984,US,failed,1606,16,11,2,1,4,4105.68,travel,7525.62,0,1,0,1.8329777284152684,0.6875,0.125,0.0625,1,0,0
781.36,wallet,DEV_01541,SG,success,393,47,37,1,0,4,2132.11,software,781.36,0,6,1,0.36647264915975253,0.7872340425531915,0.02127659574468085,0.0,1,0,0
10867.67,netbanking,DEV_00678,AE,success,1406,9,5,2,1,1,14618.09,grocery,10867.67,0,5,1,0.74343980643162,0.5555555555555556,0.2222222222222222,0.1111111111111111,1,0,0
9691.22,upi,DEV_00917,SG,success,1165,6,4,1,0,3,389.6,electronics,9691.22,0,1,0,24.87479466119096,0.6666666666666666,0.16666666666666666,0.0,1,0,0
8483.97,upi,DEV_00192,US,success,339,49,49,1,0,1,893.53,electronics,8483.97,0,1,0,9.494891050104641,1.0,0.02040816326530612,0.0,1,0,0
6857.17,card,DEV_02357,IN,success,1424,37,37,1,5,3,2770.78,software,6857.17,0,4,0,2.4748157558521426,1.0,0.02702702702702703,0.13513513513513514,1,0,0
4153.39,card,DEV_01734,SG,success,1011,14,9,0,1,3,3290.78,travel,4153.39,0,2,0,1.2621293431952303,0.6428571428571429,0.0,0.07142857142857142,0,0,0
6374.03,upi,DEV_02115,GB,success,1791,30,29,0,1,4,5154.68,beauty,6374.03,0,1,0,1.23655202650795,0.9666666666666667,0.0,0.03333333333333333,0,0,0
4167.3,upi,DEV_01217,AE,success,1740,9,2,1,3,1,6444.17,grocery,4167.3,0,3,0,0.6466775395434944,0.2222222222222222,0.1111111111111111,0.3333333333333333,1,0,1
3734.89,upi,DEV_02491,IN,failed,611,33,33,1,1,3,5786.78,software,3734.89,0,4,0,0.6454176588707364,1.0,0.030303030303030304,0.030303030303030304,1,0,0
3257.26,netbanking,DEV_01316,IN,success,1188,7,0,0,1,2,4021.19,beauty,3257.26,0,3,0,0.8100238983982354,0.0,0.0,0.14285714285714285,0,0,1
1183.71,netbanking,DEV_00520,AE,failed,1931,13,12,0,0,4,1737.51,home,1183.71,0,3,0,0.6812680214790131,0.9230769230769231,0.0,0.0,0,0,1
1782.19,netbanking,DEV_01788,SG,success,1519,28,19,0,0,4,879.46,home,1782.19,0,4,0,2.0264594182793987,0.6785714285714286,0.0,0.0,0,0,0
9760.13,upi,DEV_02258,US,success,1958,42,42,0,0,4,1578.05,beauty,9760.13,0,6,1,6.184930768987041,1.0,0.0,0.0,0,0,0
12604.33,card,DEV_02936,AE,success,177,26,16,0,2,4,5972.27,software,12604.33,0,1,0,2.1104755813116283,0.6153846153846154,0.0,0.07692307692307693,0,0,0
2550.0,upi,DEV_00875,US,failed,344,21,20,2,1,1,3281.8,grocery,2550.0,0,1,0,0.7770126150283381,0.9523809523809523,0.09523809523809523,0.047619047619047616,1,0,0
12643.89,upi,DEV_00526,AE,failed,736,28,19,1,0,3,5930.13,travel,12643.89,0,6,1,2.1321438147224425,0.6785714285714286,0.03571428571428571,0.0,1,0,1
3142.06,wallet,DEV_00895,US,failed,341,50,43,0,2,1,3416.77,travel,3142.06,0,1,0,0.9195995047954647,0.86,0.0,0.04,0,0,0
3181.97,card,DEV_01632,AE,failed,689,16,12,3,1,3,2364.48,grocery,3181.97,0,2,0,1.3457377520638787,0.75,0.1875,0.0625,1,0,0
2597.23,card,DEV_01815,IN,success,414,29,22,0,0,4,8498.94,electronics,2597.23,0,0,0,0.3055945800299802,0.7586206896551724,0.0,0.0,0,0,0
1284.32,card,DEV_00976,AE,success,613,2,1,0,2,1,1523.64,software,1284.32,0,4,0,0.8429287758263105,0.5,0.0,1.0,0,0,0
1405.34,netbanking,DEV_02517,GB,success,497,48,46,0,1,1,1290.86,software,1405.34,0,4,0,1.0886850626713973,0.9583333333333334,0.0,0.020833333333333332,0,0,0
8797.98,upi,DEV_02582,GB,success,268,9,0,0,1,1,6753.07,home,8797.98,0,3,0,1.3028119062885473,0.0,0.0,0.1111111111111111,0,0,0
1513.9,wallet,DEV_02901,GB,success,256,7,1,0,1,1,5138.88,electronics,1513.9,0,0,0,0.2945972663304066,0.14285714285714285,0.0,0.14285714285714285,0,0,0
21503.81,upi,DEV_02032,GB,failed,840,2,2,1,0,2,1502.42,electronics,21503.81,0,0,0,14.312782044967452,1.0,0.5,0.0,1,0,0
4142.15,wallet,DEV_01503,SG,failed,1672,43,36,1,2,3,603.07,travel,4142.15,0,3,0,6.8684398162733995,0.8372093023255814,0.023255813953488372,0.046511627906976744,1,0,0
1726.94,wallet,DEV_01722,US,success,1529,9,1,1,3,3,16737.62,beauty,1726.94,0,0,0,0.10317715421905864,0.1111111111111111,0.1111111111111111,0.3333333333333333,1,0,0
1587.47,wallet,DEV_00655,IN,success,1935,2,1,1,2,1,1311.84,software,1587.47,0,1,0,1.21010946456885,0.5,0.5,1.0,1,0,0
2698.62,upi,DEV_02895,AE,success,257,50,44,1,1,2,5220.18,home,2698.62,0,2,0,0.5169591853154488,0.88,0.02,0.02,1,0,0
8373.85,wallet,DEV_01075,AE,success,794,17,7,0,1,3,5379.55,beauty,8373.85,0,0,0,1.556607894712383,0.4117647058823529,0.0,0.058823529411764705,0,0,0
6709.91,netbanking,DEV_02350,AE,success,39,46,39,0,0,2,1844.2,grocery,6709.91,0,1,0,3.638385207678126,0.8478260869565217,0.0,0.0,0,0,0
2389.59,wallet,DEV_02645,SG,success,1592,31,22,1,2,1,2299.83,electronics,2389.59,0,0,0,1.0390289717066046,0.7096774193548387,0.03225806451612903,0.06451612903225806,1,0,0
2953.22,upi,DEV_02405,SG,failed,611,33,33,1,1,3,5786.78,fashion,2953.22,0,1,0,0.5103390832207203,1.0,0.030303030303030304,0.030303030303030304,1,0,1
2335.47,netbanking,DEV_02451,IN,failed,1197,41,33,0,2,4,1855.08,fashion,2335.47,0,5,1,1.2589591823533217,0.8048780487804879,0.0,0.04878048780487805,0,0,1
7585.46,card,DEV_02414,SG,success,1692,4,2,0,2,4,3296.56,electronics,7585.46,0,6,1,2.301022884461378,0.5,0.0,0.5,0,0,0
6207.74,card,DEV_01156,SG,success,847,43,43,0,2,3,6249.12,travel,6207.74,0,0,0,0.9933782676600865,1.0,0.0,0.046511627906976744,0,0,0
1563.3,upi,DEV_01708,AE,success,706,42,33,0,1,4,5326.19,fashion,1563.3,0,1,0,0.2935118724641817,0.7857142857142857,0.0,0.023809523809523808,0,0,0
2834.16,upi,DEV_00540,US,success,1670,36,35,0,2,1,3127.1,software,2834.16,0,0,0,0.9063221515141825,0.9722222222222222,0.0,0.05555555555555555,0,0,0
810.39,wallet,DEV_00416,US,success,307,50,48,0,3,1,4738.31,electronics,810.39,0,0,0,0.17102933324328715,0.96,0.0,0.06,0,0,0
5205.1,card,DEV_02706,IN,success,1360,18,11,0,0,1,4600.63,electronics,5205.1,0,3,0,1.1313885272234456,0.6111111111111112,0.0,0.0,0,0,1
3810.3,netbanking,DEV_00934,GB,success,1928,9,9,1,1,4,1988.72,home,3810.3,0,0,0,1.9159559917937166,1.0,0.1111111111111111,0.1111111111111111,1,0,0
3055.82,card,DEV_00748,AE,success,999,8,4,0,0,4,6929.67,software,3055.82,0,2,0,0.44097626582506816,0.5,0.0,0.0,0,0,0
2672.18,upi,DEV_00791,SG,success,1973,26,21,1,5,4,797.75,beauty,2672.18,0,5,1,3.349645879034785,0.8076923076923077,0.038461538461538464,0.19230769230769232,1,0,0
1588.61,wallet,DEV_01230,US,success,131,35,25,0,3,2,2123.92,fashion,1588.61,0,4,0,0.7479613168104259,0.7142857142857143,0.0,0.08571428571428572,0,0,0
5118.95,netbanking,DEV_01629,AE,failed,1300,50,47,0,1,2,2489.07,beauty,5118.95,0,5,1,2.056571329854122,0.94,0.0,0.02,0,0,0
7267.99,card,DEV_02103,SG,success,1306,12,9,0,1,4,5245.27,electronics,7267.99,0,4,0,1.3856274319529784,0.75,0.0,0.08333333333333333,0,0,0
8320.7,upi,DEV_00840,AE,failed,735,39,39,1,1,1,2703.06,fashion,8320.7,0,4,0,3.078252055078319,1.0,0.02564102564102564,0.02564102564102564,1,0,0
6852.15,card,DEV_01351,SG,success,1839,4,1,0,2,2,2085.36,grocery,6852.15,0,3,0,3.285835539187478,0.25,0.0,0.5,0,0,0
4801.37,card,DEV_01589,SG,failed,909,14,11,1,1,3,2316.76,beauty,4801.37,0,1,0,2.0724503185483174,0.7857142857142857,0.07142857142857142,0.07142857142857142,1,0,0
4844.39,card,DEV_02996,US,success,1511,47,38,1,1,3,8095.91,home,4844.39,0,6,1,0.5983749819353229,0.8085106382978723,0.02127659574468085,0.02127659574468085,1,0,0
1326.98,netbanking,DEV_01642,GB,success,1062,25,21,0,3,2,4972.61,electronics,1326.98,0,3,0,0.2668578472874406,0.84,0.0,0.12,0,0,0
2067.0,wallet,DEV_00101,GB,failed,643,31,22,0,1,3,1831.51,electronics,2067.0,0,1,0,1.1285769665467291,0.7096774193548387,0.0,0.03225806451612903,0,0,0
2128.12,wallet,DEV_02554,GB,failed,1713,46,42,0,2,1,2750.78,travel,2128.12,0,1,0,0.7736423850689622,0.9130434782608695,0.0,0.043478260869565216,0,0,0
7517.47,upi,DEV_02779,SG,success,1511,47,38,1,1,3,8095.91,electronics,7517.47,0,1,0,0.9285515772779095,0.8085106382978723,0.02127659574468085,0.02127659574468085,1,0,0
1915.06,wallet,DEV_00632,US,success,89,41,40,0,1,2,4960.89,grocery,1915.06,0,6,1,0.3860315386956776,0.975609756097561,0.0,0.024390243902439025,0,0,0
3654.57,card,DEV_02225,IN,success,1159,7,2,0,3,1,6402.68,fashion,3654.57,0,2,0,0.5707875452154411,0.2857142857142857,0.0,0.42857142857142855,0,0,0
3096.27,wallet,DEV_00343,AE,success,663,43,43,0,0,2,3514.92,software,3096.27,0,0,0,0.8808934484995391,1.0,0.0,0.0,0,0,0
1242.32,card,DEV_00406,AE,success,830,38,38,2,3,1,3546.77,beauty,1242.32,0,1,0,0.3502679903123123,1.0,0.05263157894736842,0.07894736842105263,1,0,0
8626.56,netbanking,DEV_01842,SG,success,353,29,25,0,4,4,26289.98,travel,8626.56,0,2,0,0.3281310978555328,0.8620689655172413,0.0,0.13793103448275862,0,0,0
3072.13,netbanking,DEV_02045,SG,success,1748,2,2,0,0,2,9268.47,home,3072.13,0,0,0,0.33146031653552316,1.0,0.0,0.0,0,0,0
5887.82,netbanking,DEV_01469,AE,success,1198,27,19,2,2,1,1543.9,electronics,5887.82,0,2,0,3.8136019172226177,0.7037037037037037,0.07407407407407407,0.07407407407407407,1,0,0
3882.86,upi,DEV_01044,AE,success,480,19,18,0,3,2,3200.96,travel,3882.86,0,1,0,1.2130298410476856,0.9473684210526315,0.0,0.15789473684210525,0,0,1
3682.68,card,DEV_00029,IN,failed,1190,25,25,1,2,3,2617.32,software,3682.68,0,3,0,1.4070423180963731,1.0,0.04,0.08,1,0,0
3168.18,netbanking,DEV_02135,AE,success,1713,34,34,0,4,2,1833.67,travel,3168.18,0,6,1,1.7277808984168361,1.0,0.0,0.11764705882352941,0,0,0
4030.3,netbanking,DEV_02799,IN,success,80,12,7,0,1,4,3103.33,fashion,4030.3,0,3,0,1.2987017171876662,0.5833333333333334,0.0,0.08333333333333333,0,0,1
3212.72,wallet,DEV_01568,GB,success,724,30,26,0,1,4,4171.54,travel,3212.72,0,5,1,0.770152030185495,0.8666666666666667,0.0,0.03333333333333333,0,0,0
5279.48,card,DEV_00631,US,success,1097,31,26,0,1,4,1583.12,travel,5279.48,0,5,1,3.3348577492546365,0.8387096774193549,0.0,0.03225806451612903,0,0,1
2906.37,netbanking,DEV_00282,SG,failed,119,21,18,0,0,4,9408.89,travel,2906.37,0,6,1,0.3088961609711666,0.8571428571428571,0.0,0.0,0,0,0
3460.46,netbanking,DEV_00021,US,success,340,10,9,0,3,3,1081.81,fashion,3460.46,0,5,1,3.198768730183674,0.9,0.0,0.3,0,0,0
5358.36,upi,DEV_02168,AE,failed,1806,35,30,0,1,4,6348.92,beauty,5358.36,0,6,1,0.8439797634873332,0.8571428571428571,0.0,0.02857142857142857,0,0,0
4236.16,card,DEV_02100,US,success,732,47,40,0,3,4,6094.0,electronics,4236.16,0,0,0,0.6951361995405316,0.851063829787234,0.0,0.06382978723404255,0,0,0
6960.76,wallet,DEV_00172,IN,success,337,12,4,0,2,3,4963.98,beauty,6960.76,0,6,1,1.4022538366391486,0.3333333333333333,0.0,0.16666666666666666,0,0,0
2891.76,upi,DEV_01673,US,success,1824,35,34,0,0,3,4857.65,software,2891.76,0,0,0,0.5953001965971201,0.9714285714285714,0.0,0.0,0,0,1
7478.25,netbanking,DEV_00631,US,failed,575,50,46,0,1,1,9005.64,home,7478.25,0,1,0,0.8303962849947367,0.92,0.0,0.02,0,0,1
1187.0,card,DEV_00711,IN,success,982,29,26,0,0,2,4499.99,travel,1187.0,0,4,0,0.2637783639519199,0.896551724137931,0.0,0.0,0,0,0
4744.16,card,DEV_02215,SG,success,1324,33,32,2,2,2,2983.47,grocery,4744.16,0,2,0,1.5901483842639612,0.9696969696969697,0.06060606060606061,0.06060606060606061,1,0,0
3084.71,card,DEV_02494,GB,success,1699,22,14,1,2,1,1607.88,home,3084.71,0,5,1,1.9184951613304475,0.6363636363636364,0.045454545454545456,0.09090909090909091,1,0,0
2375.17,upi,DEV_01103,SG,failed,930,11,4,0,0,1,506.62,beauty,2375.17,0,6,1,4.688267340412933,0.36363636363636365,0.0,0.0,0,0,0
5414.55,card,DEV_02488,AE,failed,1581,35,35,0,3,2,1463.11,travel,5414.55,0,1,0,3.7007128650614107,1.0,0.0,0.08571428571428572,0,0,0
4340.82,wallet,DEV_00553,GB,success,53,42,34,0,1,4,1881.47,beauty,4340.82,0,5,1,2.3071428191786207,0.8095238095238095,0.0,0.023809523809523808,0,0,0
5807.13,netbanking,DEV_00449,US,failed,104,49,49,0,2,2,1086.77,electronics,5807.13,0,4,0,5.343476540574363,1.0,0.0,0.04081632653061224,0,0,0
3559.89,netbanking,DEV_02158,IN,success,1167,35,25,1,1,2,2671.69,electronics,3559.89,0,2,0,1.3324487496678132,0.7142857142857143,0.02857142857142857,0.02857142857142857,1,0,0
2746.47,card,DEV_01901,US,failed,316,3,1,1,1,1,5295.68,beauty,2746.47,0,2,0,0.5186246147803492,0.3333333333333333,0.3333333333333333,0.3333333333333333,1,0,1
3359.6,wallet,DEV_01226,SG,success,1417,47,47,0,0,3,4713.35,home,3359.6,0,6,1,0.7127839010470259,1.0,0.0,0.0,0,0,0
5308.58,wallet,DEV_02623,US,success,1426,50,48,0,0,1,1408.67,beauty,5308.58,0,2,0,3.7685050437646854,0.96,0.0,0.0,0,0,0
2572.33,card,DEV_01380,SG,success,1835,29,22,3,2,4,6284.47,beauty,2572.33,0,5,1,0.40931534401469016,0.7586206896551724,0.10344827586206896,0.06896551724137931,1,0,0
4241.17,upi,DEV_02695,AE,success,89,41,40,0,1,2,4960.89,software,4241.17,0,3,0,0.8549211935761526,0.975609756097561,0.0,0.024390243902439025,0,0,0
6125.93,netbanking,DEV_01108,US,success,596,35,30,0,2,4,4548.5,software,6125.93,0,1,0,1.3468022424975268,0.8571428571428571,0.0,0.05714285714285714,0,0,0
3346.12,upi,DEV_00369,GB,success,393,47,37,1,0,4,2132.11,fashion,3346.12,0,5,1,1.5693936991993844,0.7872340425531915,0.02127659574468085,0.0,1,0,0
4108.07,netbanking,DEV_02133,GB,success,1600,37,33,1,0,1,5158.36,grocery,4108.07,0,5,1,0.7963907133274917,0.8918918918918919,0.02702702702702703,0.0,1,0,0
3214.15,wallet,DEV_00784,GB,success,377,9,4,0,2,3,1185.6,fashion,3214.15,0,0,0,2.7109902159244266,0.4444444444444444,0.0,0.2222222222222222,0,0,0
1137.61,upi,DEV_00395,SG,failed,1087,35,25,0,2,3,4850.15,home,1137.61,0,4,0,0.23455150871622527,0.7142857142857143,0.0,0.05714285714285714,0,0,1
20517.8,wallet,DEV_01930,GB,failed,474,22,18,0,1,3,1804.12,grocery,20517.8,0,6,1,11.372746823936323,0.8181818181818182,0.0,0.045454545454545456,0,0,0
2802.97,wallet,DEV_01486,SG,success,286,47,40,1,1,3,6621.3,beauty,2802.97,0,5,1,0.42332623502937483,0.851063829787234,0.02127659574468085,0.02127659574468085,1,0,0
5109.64,netbanking,DEV_00274,SG,success,1519,42,34,0,3,2,3406.19,home,5109.64,0,6,1,1.5001042220193237,0.8095238095238095,0.0,0.07142857142857142,0,0,1
1000.67,upi,DEV_00826,IN,success,932,3,1,0,0,2,4278.62,electronics,1000.67,0,5,1,0.2338768107473905,0.3333333333333333,0.0,0.0,0,0,0
4110.63,netbanking,DEV_02628,SG,failed,158,17,12,0,0,2,2905.58,software,4110.63,0,2,0,1.4147364725803455,0.7058823529411765,0.0,0.0,0,0,0
2912.66,netbanking,DEV_00435,SG,success,1062,25,21,0,3,2,4972.61,electronics,2912.66,0,5,1,0.5857406874860486,0.84,0.0,0.12,0,0,0
2331.75,upi,DEV_02649,US,failed,441,14,13,1,2,3,4897.83,beauty,2331.75,0,4,0,0.4760781815620387,0.9285714285714286,0.07142857142857142,0.14285714285714285,1,0,0
1719.12,card,DEV_02634,GB,failed,56,14,14,0,4,4,3161.7,grocery,1719.12,0,5,1,0.5437328019736218,1.0,0.0,0.2857142857142857,0,0,0
570.16,netbanking,DEV_00679,AE,failed,871,35,34,0,0,3,1677.72,fashion,570.16,0,5,1,0.33984216675011325,0.9714285714285714,0.0,0.0,0,0,1
32700.02,netbanking,DEV_02115,US,failed,418,34,34,0,1,4,1620.7,travel,32700.02,0,0,0,20.176479299068305,1.0,0.0,0.029411764705882353,0,0,0
7996.97,upi,DEV_02867,IN,failed,1331,8,0,1,1,2,1649.77,fashion,7996.97,0,3,0,4.847324172460404,0.0,0.125,0.125,1,0,0
6099.23,upi,DEV_02419,US,success,604,9,1,0,0,4,5474.8,electronics,6099.23,0,3,0,1.114055307956455,0.1111111111111111,0.0,0.0,0,0,0
3133.35,netbanking,DEV_00378,SG,success,1984,21,21,0,1,4,2547.22,fashion,3133.35,0,4,0,1.2301057623605343,1.0,0.0,0.047619047619047616,0,0,0
1324.2,wallet,DEV_02216,SG,success,1227,8,6,0,1,2,1196.06,electronics,1324.2,0,6,1,1.1071350935571795,0.75,0.0,0.125,0,0,0
6148.63,upi,DEV_01563,GB,success,1420,29,24,0,2,3,4224.92,travel,6148.63,0,3,0,1.455324597862208,0.8275862068965517,0.0,0.06896551724137931,0,0,1
3144.29,netbanking,DEV_01698,SG,success,1289,39,37,0,3,4,554.5,fashion,3144.29,0,3,0,5.670495942290351,0.9487179487179487,0.0,0.07692307692307693,0,0,0
6190.58,wallet,DEV_00626,US,failed,465,42,39,0,2,4,2653.83,travel,6190.58,0,2,0,2.3326965178628623,0.9285714285714286,0.0,0.047619047619047616,0,0,0
4440.61,upi,DEV_00902,AE,failed,984,7,7,1,2,3,1312.14,travel,4440.61,0,5,1,3.3842501562333283,1.0,0.14285714285714285,0.2857142857142857,1,0,0
1715.56,card,DEV_00621,US,failed,1483,5,4,1,2,3,3021.18,beauty,1715.56,0,5,1,0.5678443522067537,0.8,0.2,0.4,1,0,0
4844.23,card,DEV_00148,AE,success,631,28,20,0,0,4,1087.86,fashion,4844.23,0,6,1,4.452990274483849,0.7142857142857143,0.0,0.0,0,0,0
3808.74,wallet,DEV_00228,SG,failed,690,9,2,0,2,4,4170.87,grocery,3808.74,0,4,0,0.9131763876601284,0.2222222222222222,0.0,0.2222222222222222,0,0,0
2932.14,wallet,DEV_02380,GB,success,189,37,28,0,3,1,4632.37,fashion,2932.14,0,1,0,0.6329675738336964,0.7567567567567568,0.0,0.08108108108108109,0,0,1
10094.07,card,DEV_02569,AE,failed,481,26,25,0,1,1,4009.89,home,10094.07,0,5,1,2.5172934918414223,0.9615384615384616,0.0,0.038461538461538464,0,0,1
7232.16,netbanking,DEV_01286,US,success,220,45,42,0,1,1,2328.83,grocery,7232.16,0,0,0,3.1054907399853144,0.9333333333333333,0.0,0.022222222222222223,0,0,0
1886.85,card,DEV_01854,US,success,1751,25,23,1,2,4,9162.4,home,1886.85,0,2,0,0.20593403475072034,0.92,0.04,0.08,1,0,0
3383.59,netbanking,DEV_02389,IN,failed,474,29,26,0,2,2,1510.01,electronics,3383.59,0,1,0,2.2407732399123184,0.896551724137931,0.0,0.06896551724137931,0,0,0
1941.69,card,DEV_02285,SG,success,1970,34,28,0,0,1,2220.45,travel,1941.69,0,3,0,0.8744578801594273,0.8235294117647058,0.0,0.0,0,0,0
5172.95,wallet,DEV_00687,AE,success,439,8,2,0,4,1,973.9,electronics,5172.95,0,4,0,5.311582297977205,0.25,0.0,0.5,0,0,0
3502.3,netbanking,DEV_02255,SG,failed,252,39,35,0,2,3,1867.06,fashion,3502.3,0,4,0,1.8758368772294411,0.8974358974358975,0.0,0.05128205128205128,0,0,0
4810.04,upi,DEV_02151,IN,success,985,46,38,0,0,1,5960.83,beauty,4810.04,0,6,1,0.8069413152195248,0.8260869565217391,0.0,0.0,0,0,0
4569.33,card,DEV_02807,AE,success,938,11,5,1,3,1,1661.14,fashion,4569.33,0,0,0,2.750719385482259,0.45454545454545453,0.09090909090909091,0.2727272727272727,1,0,0
1884.01,upi,DEV_00975,SG,success,1408,32,24,0,1,3,5747.62,home,1884.01,0,0,0,0.32778958943005976,0.75,0.0,0.03125,0,0,0
1041.43,upi,DEV_00470,SG,success,1251,15,8,0,2,1,1528.08,home,1041.43,0,3,0,0.6815284540076436,0.5333333333333333,0.0,0.13333333333333333,0,0,0
15364.57,card,DEV_02242,SG,success,709,40,33,0,2,2,476.05,software,15364.57,0,0,0,32.27511815985716,0.825,0.0,0.05,0,0,0
887.84,wallet,DEV_02686,IN,success,1029,15,9,0,0,4,4186.92,electronics,887.84,0,0,0,0.21205086316433083,0.6,0.0,0.0,0,0,0
1517.96,card,DEV_02658,AE,failed,1851,6,3,1,1,3,4076.06,software,1517.96,0,4,0,0.3724086495292022,0.5,0.16666666666666666,0.16666666666666666,1,0,0
4145.26,wallet,DEV_02930,SG,success,1908,1,1,0,2,1,2246.09,electronics,4145.26,0,5,1,1.8455449247358744,1.0,0.0,2.0,0,0,0
13571.76,card,DEV_01863,SG,success,1402,18,18,0,1,1,1104.2,electronics,13571.76,0,1,0,12.291034232928817,1.0,0.0,0.05555555555555555,0,0,1
5798.72,wallet,DEV_00602,SG,success,418,19,16,0,0,4,753.57,home,5798.72,0,5,1,7.694998473930756,0.8421052631578947,0.0,0.0,0,0,0
3339.68,wallet,DEV_02267,SG,success,1371,1,0,0,2,1,3459.83,software,3339.68,0,6,1,0.9652728602272366,0.0,0.0,2.0,0,0,0
1379.22,netbanking,DEV_02894,SG,failed,708,24,18,2,0,2,1567.78,beauty,1379.22,0,4,0,0.8797280230644606,0.75,0.08333333333333333,0.0,1,0,0
14012.51,netbanking,DEV_02489,AE,success,1518,37,31,0,2,1,9976.48,software,14012.51,0,0,0,1.4045545122127243,0.8378378378378378,0.0,0.05405405405405406,0,0,0
5759.42,netbanking,DEV_00182,AE,success,1126,44,41,0,1,2,3358.14,grocery,5759.42,0,2,0,1.7150625048389883,0.9318181818181818,0.0,0.022727272727272728,0,0,0
1977.4,wallet,DEV_02094,SG,success,1164,37,32,0,0,4,12962.36,home,1977.4,0,3,0,0.15254938143979954,0.8648648648648649,0.0,0.0,0,0,0
3183.62,upi,DEV_01386,GB,failed,691,24,20,0,2,1,19280.19,grocery,3183.62,0,4,0,0.16512389141393316,0.8333333333333334,0.0,0.08333333333333333,0,0,0
1752.26,card,DEV_01995,AE,success,551,1,0,0,5,1,1500.9,fashion,1752.26,0,0,0,1.1674728496235591,0.0,0.0,5.0,0,0,0
3909.68,upi,DEV_02696,US,success,1652,20,18,1,1,4,2672.92,travel,3909.68,0,0,0,1.4626999685736946,0.9,0.05,0.05,1,0,0
13453.77,netbanking,DEV_01394,IN,success,1702,13,12,0,1,2,1232.72,software,13453.77,0,2,0,10.9138896099682,0.9230769230769231,0.0,0.07692307692307693,0,0,1
6821.43,wallet,DEV_02770,IN,success,1402,18,18,0,1,1,1104.2,home,6821.43,0,3,0,6.177712370947292,1.0,0.0,0.05555555555555555,0,0,0
2277.41,card,DEV_02150,AE,success,1201,39,36,0,3,1,6356.32,travel,2277.41,0,0,0,0.3582906461600423,0.9230769230769231,0.0,0.07692307692307693,0,0,0
1703.08,netbanking,DEV_02912,GB,success,146,33,24,0,2,2,2962.62,grocery,1703.08,0,0,0,0.5748560395865822,0.7272727272727273,0.0,0.06060606060606061,0,0,0
10154.34,netbanking,DEV_01506,SG,success,1609,29,22,0,2,1,2856.16,software,10154.34,0,0,0,3.555242003249118,0.7586206896551724,0.0,0.06896551724137931,0,0,0
2638.78,card,DEV_00313,GB,success,900,8,8,0,3,2,3449.1,fashion,2638.78,0,5,1,0.7650633498593837,1.0,0.0,0.375,0,0,0
4904.4,wallet,DEV_00211,IN,success,55,27,24,1,1,1,4026.82,fashion,4904.4,0,6,1,1.2179337541782347,0.8888888888888888,0.037037037037037035,0.037037037037037035,1,0,0
4095.2,upi,DEV_02655,GB,success,446,44,44,2,1,3,2991.92,fashion,4095.2,0,3,0,1.3687531752185886,1.0,0.045454545454545456,0.022727272727272728,1,0,0
4420.31,upi,DEV_01641,SG,success,897,27,24,0,2,1,1886.86,grocery,4420.31,0,4,0,2.3426804320405332,0.8888888888888888,0.0,0.07407407407407407,0,0,0
4048.71,netbanking,DEV_02572,AE,success,1272,31,28,1,2,2,1079.6,electronics,4048.71,0,2,0,3.7501945164875883,0.9032258064516129,0.03225806451612903,0.06451612903225806,1,0,0
58499.75,card,DEV_02388,AE,failed,961,26,25,0,2,1,5863.96,software,58499.75,0,3,0,9.976150928723934,0.9615384615384616,0.0,0.07692307692307693,0,0,0
2429.47,wallet,DEV_02203,IN,success,905,6,2,0,2,4,6711.43,electronics,2429.47,0,2,0,0.3619899186909496,0.3333333333333333,0.0,0.3333333333333333,0,0,0
4979.41,upi,DEV_02617,GB,success,1622,13,4,1,2,4,7137.87,software,4979.41,0,5,1,0.697604467439166,0.3076923076923077,0.07692307692307693,0.15384615384615385,1,0,0
2005.65,netbanking,DEV_01747,SG,success,412,12,10,1,1,1,4965.45,electronics,2005.65,0,0,0,0.40392109476482496,0.8333333333333334,0.08333333333333333,0.08333333333333333,1,0,0
2117.51,wallet,DEV_01938,SG,success,1159,46,42,0,0,1,3348.48,travel,2117.51,0,0,0,0.6323794676987768,0.9130434782608695,0.0,0.0,0,0,1
2633.2,card,DEV_00950,AE,failed,1410,48,46,2,3,3,1003.49,home,2633.2,0,6,1,2.624042093095098,0.9583333333333334,0.041666666666666664,0.0625,1,0,0
3204.95,netbanking,DEV_00089,IN,success,733,15,10,0,3,3,5750.87,beauty,3204.95,0,1,0,0.5572982870417867,0.6666666666666666,0.0,0.2,0,0,0
2566.48,upi,DEV_02512,GB,success,1820,18,9,0,3,3,14951.2,fashion,2566.48,0,6,1,0.17165712451174486,0.5,0.0,0.16666666666666666,0,0,0
3583.06,wallet,DEV_02073,US,success,141,28,20,0,1,2,2067.31,grocery,3583.06,0,1,0,1.7331991815450998,0.7142857142857143,0.0,0.03571428571428571,0,0,0
10510.66,netbanking,DEV_02386,AE,failed,1438,32,29,0,0,3,1881.74,beauty,10510.66,0,5,1,5.585606938259271,0.90625,0.0,0.0,0,0,0
2029.62,upi,DEV_02464,US,failed,1592,49,41,1,2,4,3061.32,travel,2029.62,0,4,0,0.6629885147583394,0.8367346938775511,0.02040816326530612,0.04081632653061224,1,0,0
3847.23,upi,DEV_00428,SG,success,1369,50,42,0,3,3,2258.94,electronics,3847.23,0,5,1,1.7031129644877685,0.84,0.0,0.06,0,0,0
6273.15,card,DEV_00560,SG,success,1171,36,26,1,4,1,2458.3,fashion,6273.15,0,5,1,2.551824431517715,0.7222222222222222,0.027777777777777776,0.1111111111111111,1,0,0
7202.81,netbanking,DEV_02291,GB,success,568,46,45,1,1,1,8945.51,travel,7202.81,0,1,0,0.8051871832908353,0.9782608695652174,0.021739130434782608,0.021739130434782608,1,0,0
3541.15,upi,DEV_00929,US,success,842,16,14,0,1,3,7008.4,home,3541.15,0,5,1,0.5052722447348896,0.875,0.0,0.0625,0,0,1
4190.85,card,DEV_01540,GB,success,1677,8,7,0,1,1,4536.68,software,4190.85,0,6,1,0.9237702460830387,0.875,0.0,0.125,0,0,0
2813.86,netbanking,DEV_02202,US,failed,1687,43,39,0,1,1,2916.07,software,2813.86,0,5,1,0.9649494010774775,0.9069767441860465,0.0,0.023255813953488372,0,0,0
1205.2,wallet,DEV_00099,AE,success,1262,46,37,0,0,2,4243.77,software,1205.2,0,0,0,0.28399277057898986,0.8043478260869565,0.0,0.0,0,0,0
2900.09,netbanking,DEV_01575,AE,success,775,24,18,0,2,4,3597.75,electronics,2900.09,0,2,0,0.8060843582794802,0.75,0.0,0.08333333333333333,0,0,0
700.58,wallet,DEV_00724,IN,success,1522,27,26,0,0,1,4173.55,electronics,700.58,0,0,0,0.16786189215416134,0.9629629629629629,0.0,0.0,0,0,1
824.97,netbanking,DEV_02664,IN,failed,1483,3,2,0,1,4,2726.61,fashion,824.97,0,2,0,0.3025625226930144,0.6666666666666666,0.0,0.3333333333333333,0,0,1
999.01,netbanking,DEV_02498,IN,success,805,36,32,0,1,1,1631.16,electronics,999.01,0,6,1,0.612453713921381,0.8888888888888888,0.0,0.027777777777777776,0,0,0
2536.46,wallet,DEV_00013,GB,success,1028,22,22,0,1,2,4611.85,software,2536.46,0,6,1,0.5499875321183473,1.0,0.0,0.045454545454545456,0,0,0
4367.33,upi,DEV_00316,SG,success,1927,49,42,0,2,2,3110.78,home,4367.33,0,5,1,1.4039340615536937,0.8571428571428571,0.0,0.04081632653061224,0,0,0
6041.24,wallet,DEV_02313,SG,success,1277,13,7,0,2,2,2369.85,travel,6041.24,0,0,0,2.5492077557651327,0.5384615384615384,0.0,0.15384615384615385,0,0,0
3432.33,card,DEV_00934,GB,success,1096,7,7,0,1,4,904.1,grocery,3432.33,0,0,0,3.7964052649043247,1.0,0.0,0.14285714285714285,0,0,0
4533.75,wallet,DEV_01584,IN,success,1113,3,0,0,2,3,2345.15,fashion,4533.75,0,1,0,1.9332452081956377,0.0,0.0,0.6666666666666666,0,0,0
2039.45,upi,DEV_02843,AE,failed,538,36,35,0,1,3,3762.45,grocery,2039.45,0,0,0,0.5420537149995349,0.9722222222222222,0.0,0.027777777777777776,0,0,0
2759.73,netbanking,DEV_00106,US,success,148,16,7,0,1,4,6010.59,home,2759.73,0,0,0,0.4591446097637669,0.4375,0.0,0.0625,0,0,0
8906.13,wallet,DEV_01183,US,success,565,24,22,1,1,4,7384.29,software,8906.13,0,5,1,1.2060915809102837,0.9166666666666666,0.041666666666666664,0.041666666666666664,1,0,0
10935.1,upi,DEV_01740,GB,success,55,27,24,1,1,1,4026.82,home,10935.1,0,5,1,2.7155671224440128,0.8888888888888888,0.037037037037037035,0.037037037037037035,1,0,1
9014.7,wallet,DEV_02897,US,success,359,25,25,0,4,1,877.85,electronics,9014.7,0,4,0,10.26906646921456,1.0,0.0,0.16,0,0,0
17118.34,wallet,DEV_01545,AE,success,395,38,32,0,2,1,2271.85,electronics,17118.34,0,1,0,7.534978101547198,0.8421052631578947,0.0,0.05263157894736842,0,0,0
3321.67,wallet,DEV_01702,AE,success,1989,1,0,0,3,2,670.89,software,3321.67,0,2,0,4.951139531070668,0.0,0.0,3.0,0,0,0
7427.79,card,DEV_00572,GB,failed,1781,15,6,0,0,4,5901.03,travel,7427.79,0,5,1,1.258727713636433,0.4,0.0,0.0,0,0,0
9392.97,upi,DEV_01139,US,success,980,49,48,0,1,4,2422.64,grocery,9392.97,0,0,0,3.8771629296965293,0.9795918367346939,0.0,0.02040816326530612,0,0,0
2557.54,upi,DEV_00525,US,success,1704,13,13,3,1,1,7335.4,electronics,2557.54,0,2,0,0.3486571966082286,1.0,0.23076923076923078,0.07692307692307693,1,0,1
3143.05,netbanking,DEV_02514,SG,success,263,7,7,0,4,2,6342.15,grocery,3143.05,0,2,0,0.49558115150225085,1.0,0.0,0.5714285714285714,0,0,0
811.26,card,DEV_00856,AE,success,1635,16,13,0,2,4,1239.78,fashion,811.26,0,6,1,0.6543580312636113,0.8125,0.0,0.125,0,0,0
1191.93,wallet,DEV_02000,GB,success,1610,45,39,0,1,2,4313.43,fashion,1191.93,0,0,0,0.27632997405776843,0.8666666666666667,0.0,0.022222222222222223,0,0,0
20830.17,card,DEV_01943,AE,success,1712,46,46,0,0,3,2582.05,grocery,20830.17,0,6,1,8.06729923897678,1.0,0.0,0.0,0,0,0
1024.76,netbanking,DEV_00614,GB,failed,1429,28,21,0,1,2,1861.73,grocery,1024.76,0,3,0,0.5504342734983053,0.75,0.0,0.03571428571428571,0,0,0
2537.18,card,DEV_01124,GB,success,1054,3,0,2,0,1,2564.61,home,2537.18,0,2,0,0.9893044166559437,0.0,0.6666666666666666,0.0,1,0,0
7113.61,upi,DEV_01005,GB,failed,1263,45,43,0,0,3,5848.12,grocery,7113.61,0,5,1,1.216392618482521,0.9555555555555556,0.0,0.0,0,0,0
4127.08,netbanking,DEV_01620,GB,success,944,1,1,0,1,2,1311.32,fashion,4127.08,0,2,0,3.147271451667023,1.0,0.0,1.0,0,0,0
3297.62,upi,DEV_01544,IN,failed,165,10,4,1,4,1,3101.04,software,3297.62,0,3,0,1.0633916363542553,0.4,0.1,0.4,1,0,0
2457.77,upi,DEV_02006,US,success,1951,31,27,0,2,3,4729.96,electronics,2457.77,0,2,0,0.5196175020507573,0.8709677419354839,0.0,0.06451612903225806,0,0,0
3617.88,card,DEV_02325,SG,success,1936,26,25,2,1,3,3261.82,home,3617.88,0,0,0,1.1091599168562336,0.9615384615384616,0.07692307692307693,0.038461538461538464,1,0,0
4930.43,wallet,DEV_02509,GB,success,1113,3,0,0,2,3,2345.15,travel,4930.43,0,3,0,2.10239430313626,0.0,0.0,0.6666666666666666,0,0,0
2499.63,upi,DEV_01991,AE,success,573,4,1,0,4,4,2501.57,grocery,2499.63,0,1,0,0.99922448702215,0.25,0.0,1.0,0,0,0
3229.19,card,DEV_01224,SG,success,30,47,37,0,2,3,3282.51,home,3229.19,0,0,0,0.9837563328062976,0.7872340425531915,0.0,0.0425531914893617,0,0,0
2082.09,upi,DEV_02243,GB,success,595,50,46,0,1,3,2359.58,electronics,2082.09,0,3,0,0.8823985624560304,0.92,0.0,0.02,0,0,0
7971.97,netbanking,DEV_01407,IN,success,392,50,50,0,0,4,796.61,software,7971.97,0,0,0,10.00736872497207,1.0,0.0,0.0,0,0,0
3469.89,netbanking,DEV_01182,GB,failed,1471,34,34,0,2,3,4599.87,beauty,3469.89,0,3,0,0.7543452314956727,1.0,0.0,0.058823529411764705,0,0,0
1254.4,wallet,DEV_00577,US,success,1001,45,37,1,1,2,2242.13,beauty,1254.4,0,6,1,0.5594680058694188,0.8222222222222222,0.022222222222222223,0.022222222222222223,1,0,0
1838.86,card,DEV_01232,AE,success,1841,42,39,2,1,2,3109.33,electronics,1838.86,0,0,0,0.5914007197692107,0.9285714285714286,0.047619047619047616,0.023809523809523808,1,0,0
3041.42,upi,DEV_00271,GB,success,712,50,42,0,0,1,903.78,travel,3041.42,0,4,0,3.365221624731683,0.84,0.0,0.0,0,0,0
11849.99,wallet,DEV_02996,IN,failed,608,50,45,0,2,2,2545.13,software,11849.99,0,0,0,4.655946847508772,0.9,0.0,0.04,0,0,0
1109.89,netbanking,DEV_02377,US,success,441,9,8,0,1,3,3101.54,fashion,1109.89,0,6,1,0.35785126098647774,0.8888888888888888,0.0,0.1111111111111111,0,0,0
1211.11,card,DEV_00469,GB,failed,1621,29,19,1,0,4,8983.21,travel,1211.11,0,6,1,0.13481929065445425,0.6551724137931034,0.034482758620689655,0.0,1,0,0
3701.11,wallet,DEV_02416,GB,success,586,22,17,0,2,1,2462.9,electronics,3701.11,0,1,0,1.5027447318202118,0.7727272727272727,0.0,0.09090909090909091,0,0,0
7200.18,upi,DEV_02819,IN,success,317,12,7,0,2,4,1948.57,travel,7200.18,0,0,0,3.695109747147909,0.5833333333333334,0.0,0.16666666666666666,0,0,0
2846.75,netbanking,DEV_01170,US,failed,846,9,5,1,2,1,4096.66,fashion,2846.75,0,3,0,0.6948953537760029,0.5555555555555556,0.1111111111111111,0.2222222222222222,1,0,0
1288.3,wallet,DEV_01741,IN,success,905,6,2,0,2,4,6711.43,travel,1288.3,0,1,0,0.19195611069474014,0.3333333333333333,0.0,0.3333333333333333,0,0,0
8832.97,card,DEV_02861,SG,success,316,47,45,0,1,4,1422.84,home,8832.97,0,5,1,6.207985437575553,0.9574468085106383,0.0,0.02127659574468085,0,0,0
3177.37,card,DEV_00245,IN,failed,1338,30,24,0,3,4,2515.78,fashion,3177.37,0,6,1,1.26297609488906,0.8,0.0,0.1,0,0,1
1641.66,upi,DEV_00352,GB,success,1038,12,11,0,1,2,2973.65,grocery,1641.66,0,6,1,0.5520690061036101,0.9166666666666666,0.0,0.08333333333333333,0,0,0
3547.27,netbanking,DEV_00378,IN,success,1088,26,25,0,2,1,2112.51,software,3547.27,0,4,0,1.6791731163402774,0.9615384615384616,0.0,0.07692307692307693,0,0,0
5653.77,wallet,DEV_01972,SG,success,654,14,9,0,1,2,1829.66,beauty,5653.77,0,3,0,3.09006591388564,0.6428571428571429,0.0,0.07142857142857142,0,0,0
9954.98,card,DEV_00061,AE,success,1160,29,25,0,2,3,3051.08,software,9954.98,0,4,0,3.2627725264496505,0.8620689655172413,0.0,0.06896551724137931,0,0,0
1939.97,wallet,DEV_00399,IN,failed,1598,50,48,0,2,4,1467.81,electronics,1939.97,0,6,1,1.3216765112650821,0.96,0.0,0.04,0,0,0
2587.72,netbanking,DEV_01734,GB,success,903,20,19,1,2,3,4291.89,home,2587.72,0,0,0,0.6029325075898962,0.95,0.05,0.1,1,0,1
1333.49,wallet,DEV_00217,AE,success,1504,27,24,0,0,2,4397.38,electronics,1333.49,0,6,1,0.3032464785849756,0.8888888888888888,0.0,0.0,0,0,1
1143.78,upi,DEV_01753,SG,success,910,50,42,0,4,2,8135.7,fashion,1143.78,0,3,0,0.1405877797853903,0.84,0.0,0.08,0,0,0
13371.52,upi,DEV_02956,IN,success,133,43,41,1,1,2,3915.62,home,13371.52,0,0,0,3.4149176886419013,0.9534883720930233,0.023255813953488372,0.023255813953488372,1,0,0
5719.74,upi,DEV_02895,US,failed,1159,17,15,0,3,4,1501.42,fashion,5719.74,0,6,1,3.809553622570633,0.8823529411764706,0.0,0.17647058823529413,0,0,0
830.39,card,DEV_00217,US,success,1975,49,46,0,2,4,10378.74,home,830.39,0,3,0,0.08000874865349744,0.9387755102040817,0.0,0.04081632653061224,0,0,0
3274.52,upi,DEV_02058,AE,success,1458,34,30,1,0,2,1933.87,beauty,3274.52,0,2,0,1.693247219306365,0.8823529411764706,0.029411764705882353,0.0,1,0,0
6240.38,netbanking,DEV_02849,IN,success,776,3,2,0,2,2,2867.27,home,6240.38,0,0,0,2.176418683974652,0.6666666666666666,0.0,0.6666666666666666,0,0,0
6929.79,upi,DEV_00689,GB,success,54,19,16,1,1,4,660.48,software,6929.79,0,3,0,10.492051235465116,0.8421052631578947,0.05263157894736842,0.05263157894736842,1,0,0
1222.99,card,DEV_01185,US,failed,769,36,32,1,2,3,2655.65,fashion,1222.99,0,2,0,0.46052378890290513,0.8888888888888888,0.027777777777777776,0.05555555555555555,1,0,0
2506.63,wallet,DEV_01968,IN,success,1381,13,9,0,1,3,1755.58,electronics,2506.63,0,1,0,1.4278073343282562,0.6923076923076923,0.0,0.07692307692307693,0,0,0
3906.39,card,DEV_01049,GB,success,982,34,25,0,1,1,5788.91,travel,3906.39,0,3,0,0.6748057924548836,0.7352941176470589,0.0,0.029411764705882353,0,0,0
1691.33,card,DEV_00391,AE,success,652,11,3,0,0,3,8585.31,software,1691.33,0,6,1,0.1970027873192698,0.2727272727272727,0.0,0.0,0,0,0
3180.82,upi,DEV_02128,US,success,1415,48,46,0,0,1,3531.13,home,3180.82,0,0,0,0.900793796886549,0.9583333333333334,0.0,0.0,0,0,0
3441.75,upi,DEV_01139,IN,success,1006,1,1,0,0,3,3651.49,fashion,3441.75,0,4,0,0.9425604342336964,1.0,0.0,0.0,0,0,0
3616.94,upi,DEV_02405,US,success,1710,15,8,1,1,1,1492.85,electronics,3616.94,0,1,0,2.422842214556051,0.5333333333333333,0.06666666666666667,0.06666666666666667,1,0,0
5282.25,card,DEV_01526,AE,success,1896,41,41,0,1,3,2839.14,beauty,5282.25,0,3,0,1.8605105771466008,1.0,0.0,0.024390243902439025,0,0,0
13271.66,card,DEV_02717,SG,success,680,5,4,0,1,1,3638.51,fashion,13271.66,0,0,0,3.647553531528015,0.8,0.0,0.2,0,0,0
14701.44,card,DEV_00467,US,success,1250,2,2,1,3,2,1919.71,home,14701.44,0,5,1,7.658156700751676,1.0,0.5,1.5,1,0,0
7478.37,upi,DEV_00916,SG,success,280,3,3,0,1,1,3041.64,home,7478.37,0,0,0,2.4586637471890165,1.0,0.0,0.3333333333333333,0,0,0
10420.86,upi,DEV_02629,US,success,356,12,11,0,2,2,2552.12,fashion,10420.86,0,5,1,4.083217090105482,0.9166666666666666,0.0,0.16666666666666666,0,0,0
6858.12,wallet,DEV_00479,US,success,1796,9,4,0,0,2,1320.64,grocery,6858.12,0,1,0,5.19302762297068,0.4444444444444444,0.0,0.0,0,0,0
306.47,netbanking,DEV_01375,AE,success,489,42,33,2,0,1,952.69,software,306.47,0,1,0,0.32168911188319393,0.7857142857142857,0.047619047619047616,0.0,1,0,0
9385.12,netbanking,DEV_00518,US,success,373,30,26,0,0,4,1019.55,fashion,9385.12,0,3,0,9.205159138835763,0.8666666666666667,0.0,0.0,0,0,0
1519.89,wallet,DEV_01223,GB,failed,1429,28,21,0,1,2,1861.73,software,1519.89,0,5,1,0.8163858346806465,0.75,0.0,0.03571428571428571,0,0,0
3254.85,wallet,DEV_00021,US,failed,699,33,26,0,0,2,1563.75,electronics,3254.85,0,0,0,2.0814388489208633,0.7878787878787878,0.0,0.0,0,0,1
3254.01,wallet,DEV_00792,GB,success,393,31,30,0,3,3,1254.43,beauty,3254.01,0,5,1,2.5940148115080155,0.967741935483871,0.0,0.0967741935483871,0,0,0
3212.07,netbanking,DEV_01014,AE,failed,1452,18,13,1,0,4,2918.49,grocery,3212.07,0,6,1,1.1005931149327222,0.7222222222222222,0.05555555555555555,0.0,1,0,0
2701.23,wallet,DEV_02561,US,success,450,47,37,0,1,4,3702.67,grocery,2701.23,0,3,0,0.7295357134176148,0.7872340425531915,0.0,0.02127659574468085,0,0,0
3180.63,upi,DEV_02548,AE,success,1405,5,2,0,2,1,638.51,electronics,3180.63,0,5,1,4.981331537485709,0.4,0.0,0.4,0,0,0
871.38,netbanking,DEV_01658,IN,success,1993,3,2,0,0,4,2091.89,grocery,871.38,0,4,0,0.4165515395168962,0.6666666666666666,0.0,0.0,0,0,0
3621.01,wallet,DEV_01656,GB,success,1598,15,6,1,2,3,1301.55,home,3621.01,0,1,0,2.7820752180092967,0.4,0.06666666666666667,0.13333333333333333,1,0,1
5031.19,card,DEV_01096,AE,failed,334,42,42,0,1,1,2882.87,beauty,5031.19,0,2,0,1.7452018301206782,1.0,0.0,0.023809523809523808,0,0,0
2167.01,upi,DEV_01515,US,success,726,33,27,0,1,1,2850.08,electronics,2167.01,0,2,0,0.7603330432829957,0.8181818181818182,0.0,0.030303030303030304,0,0,0
3985.71,wallet,DEV_01706,GB,success,362,10,2,0,0,1,9742.81,home,3985.71,0,1,0,0.4090924486878016,0.2,0.0,0.0,0,0,0
12065.55,wallet,DEV_01514,US,failed,1106,37,36,0,1,3,5983.15,home,12065.55,0,3,0,2.016588252007722,0.972972972972973,0.0,0.02702702702702703,0,0,0
4000.74,netbanking,DEV_00653,GB,failed,158,17,12,0,0,2,2905.58,software,4000.74,0,3,0,1.3769161406672679,0.7058823529411765,0.0,0.0,0,0,0
10410.25,netbanking,DEV_01614,AE,success,1306,12,9,0,1,4,5245.27,electronics,10410.25,0,5,1,1.9846928756765618,0.75,0.0,0.08333333333333333,0,0,0
1744.75,upi,DEV_01385,US,failed,778,30,29,0,3,1,2641.9,travel,1744.75,0,6,1,0.6604148529467428,0.9666666666666667,0.0,0.1,0,0,0
4504.45,upi,DEV_02597,SG,success,1000,9,2,0,0,1,2326.39,home,4504.45,0,4,0,1.9362402692583789,0.2222222222222222,0.0,0.0,0,0,0
1773.83,upi,DEV_00632,GB,failed,347,13,7,2,2,2,6723.45,software,1773.83,0,5,1,0.26382735054176054,0.5384615384615384,0.15384615384615385,0.15384615384615385,1,0,0
4173.12,wallet,DEV_02427,US,success,261,16,16,0,2,4,11017.31,home,4173.12,0,2,0,0.3787784858554402,1.0,0.0,0.125,0,0,0
4125.89,netbanking,DEV_01945,IN,failed,207,32,25,0,2,3,3370.01,electronics,4125.89,0,1,0,1.2242960703380703,0.78125,0.0,0.0625,0,0,0
5642.04,wallet,DEV_00805,SG,success,1904,40,33,0,2,1,2949.18,beauty,5642.04,0,4,0,1.9130877057351536,0.825,0.0,0.05,0,0,0
1541.81,netbanking,DEV_00871,GB,success,459,28,22,1,1,3,3171.7,travel,1541.81,0,3,0,0.4861147018948829,0.7857142857142857,0.03571428571428571,0.03571428571428571,1,0,0
2940.24,wallet,DEV_01010,SG,failed,1906,31,21,0,1,2,11698.02,beauty,2940.24,0,2,0,0.2513450994270825,0.6774193548387096,0.0,0.03225806451612903,0,0,0
6713.55,card,DEV_01611,SG,success,1927,25,21,0,0,4,17633.7,software,6713.55,0,5,1,0.3807227070892666,0.84,0.0,0.0,0,0,0
2973.7,wallet,DEV_02418,US,success,1817,17,7,1,1,4,1626.97,travel,2973.7,0,6,1,1.8277534312249148,0.4117647058823529,0.058823529411764705,0.058823529411764705,1,0,0
4067.8,wallet,DEV_00394,GB,success,1732,8,8,1,4,2,2726.34,software,4067.8,0,6,1,1.4920369433012757,1.0,0.125,0.5,1,0,0
1196.33,card,DEV_00416,AE,success,411,13,11,0,2,4,4610.32,home,1196.33,0,0,0,0.25948957989900917,0.8461538461538461,0.0,0.15384615384615385,0,0,0
2792.07,wallet,DEV_00363,IN,success,607,39,32,1,2,3,2146.46,fashion,2792.07,0,2,0,1.3007789569803305,0.8205128205128205,0.02564102564102564,0.05128205128205128,1,0,0
33958.28,wallet,DEV_00853,AE,failed,1712,46,46,0,0,3,2582.05,fashion,33958.28,0,1,0,13.151674057434983,1.0,0.0,0.0,0,0,0
979.78,card,DEV_01932,US,success,493,45,40,0,2,3,1245.01,software,979.78,0,5,1,0.7869655665416342,0.8888888888888888,0.0,0.044444444444444446,0,0,0
2028.82,card,DEV_01122,SG,failed,1029,15,10,0,0,3,1951.91,electronics,2028.82,0,6,1,1.0394024314645653,0.6666666666666666,0.0,0.0,0,0,1
16342.13,wallet,DEV_02269,IN,success,565,42,37,0,1,2,1534.8,software,16342.13,0,5,1,10.647726088089653,0.8809523809523809,0.0,0.023809523809523808,0,0,0
2942.75,wallet,DEV_02998,GB,success,1355,15,15,1,2,2,2880.03,beauty,2942.75,0,2,0,1.021777550928289,1.0,0.06666666666666667,0.13333333333333333,1,0,0
5877.14,card,DEV_00540,IN,failed,1311,14,8,0,0,1,4204.8,fashion,5877.14,0,6,1,1.3977216514459665,0.5714285714285714,0.0,0.0,0,0,0
2540.25,upi,DEV_02426,GB,failed,238,45,39,0,3,1,4892.34,electronics,2540.25,0,0,0,0.5192300616882719,0.8666666666666667,0.0,0.06666666666666667,0,0,0
1188.94,wallet,DEV_00754,GB,success,415,10,8,0,2,2,5413.92,electronics,1188.94,0,6,1,0.21960797352011113,0.8,0.0,0.2,0,0,0
2192.38,upi,DEV_02369,US,success,950,33,25,0,5,4,1040.98,electronics,2192.38,0,4,0,2.1060731234029473,0.7575757575757576,0.0,0.15151515151515152,0,0,0
5109.91,netbanking,DEV_01661,US,success,1896,41,41,0,1,3,2839.14,beauty,5109.91,0,1,0,1.7998090971209593,1.0,0.0,0.024390243902439025,0,0,0
2359.95,card,DEV_01885,US,success,692,44,43,0,2,1,1456.4,software,2359.95,0,5,1,1.6203996154902498,0.9772727272727273,0.0,0.045454545454545456,0,0,0
5998.24,card,DEV_00882,AE,success,1068,33,31,0,3,4,2638.46,electronics,5998.24,0,3,0,2.2733867483304655,0.9393939393939394,0.0,0.09090909090909091,0,0,0
12543.7,card,DEV_02736,IN,failed,782,34,28,1,2,1,9413.23,electronics,12543.7,0,0,0,1.332560661961941,0.8235294117647058,0.029411764705882353,0.058823529411764705,1,0,0
2069.9,wallet,DEV_02944,GB,failed,1252,15,5,0,0,3,3539.65,fashion,2069.9,0,1,0,0.5847753308942975,0.3333333333333333,0.0,0.0,0,0,0
3772.56,card,DEV_02542,AE,success,1989,12,10,2,1,1,1333.82,home,3772.56,0,6,1,2.828387638511943,0.8333333333333334,0.16666666666666666,0.08333333333333333,1,0,0
1961.35,wallet,DEV_02794,SG,success,1466,35,26,0,2,2,3836.47,grocery,1961.35,0,4,0,0.5112381955287022,0.7428571428571429,0.0,0.05714285714285714,0,0,0
8379.56,netbanking,DEV_00904,SG,success,527,31,27,1,1,2,3396.56,fashion,8379.56,0,3,0,2.4670725675389216,0.8709677419354839,0.03225806451612903,0.03225806451612903,1,0,0
6750.71,card,DEV_01596,IN,success,782,20,12,0,3,4,2908.8,electronics,6750.71,0,4,0,2.3207886413641363,0.6,0.0,0.15,0,0,0
5916.07,card,DEV_00466,AE,success,1587,50,44,1,4,2,2447.56,fashion,5916.07,0,5,1,2.417129712856886,0.88,0.02,0.08,1,0,0
358.26,netbanking,DEV_02996,SG,success,1713,3,2,2,1,4,1070.13,beauty,358.26,0,4,0,0.334781755487651,0.6666666666666666,0.6666666666666666,0.3333333333333333,1,0,0
2695.32,upi,DEV_00928,US,success,1281,43,42,1,3,2,1198.98,electronics,2695.32,0,2,0,2.24801080918781,0.9767441860465116,0.023255813953488372,0.06976744186046512,1,0,1
3844.03,upi,DEV_01951,AE,failed,1465,24,21,1,2,1,2001.56,travel,3844.03,0,6,1,1.920516996742541,0.875,0.041666666666666664,0.08333333333333333,1,0,0
3389.92,upi,DEV_02809,GB,success,739,29,29,0,0,3,4013.73,grocery,3389.92,0,6,1,0.8445809758005646,1.0,0.0,0.0,0,0,0
13653.02,netbanking,DEV_00187,SG,success,1055,48,43,0,1,1,8564.18,travel,13653.02,0,2,0,1.5942004955524054,0.8958333333333334,0.0,0.020833333333333332,0,0,0
2480.84,card,DEV_02984,IN,failed,582,13,8,1,3,2,4570.41,electronics,2480.84,0,0,0,0.5428046936708085,0.6153846153846154,0.07692307692307693,0.23076923076923078,1,0,1
3707.38,wallet,DEV_02460,US,success,1526,7,1,1,1,3,1490.74,electronics,3707.38,0,5,1,2.486939372392235,0.14285714285714285,0.14285714285714285,0.14285714285714285,1,0,0
11824.98,netbanking,DEV_02230,IN,failed,875,13,4,0,2,2,1748.87,beauty,11824.98,0,1,0,6.761497424050959,0.3076923076923077,0.0,0.15384615384615385,0,0,0
2815.12,card,DEV_01159,SG,success,1784,49,48,0,1,4,8542.38,electronics,2815.12,0,2,0,0.3295475031548585,0.9795918367346939,0.0,0.02040816326530612,0,0,0
4658.74,card,DEV_00195,GB,success,1568,32,27,0,2,2,1079.89,travel,4658.74,0,2,0,4.314087545953754,0.84375,0.0,0.0625,0,0,0
2195.1,card,DEV_00617,SG,failed,389,40,40,0,0,4,10577.82,home,2195.1,0,6,1,0.2075191296505329,1.0,0.0,0.0,0,0,1
6807.82,wallet,DEV_00488,AE,success,1408,32,24,0,1,3,5747.62,fashion,6807.82,0,2,0,1.18445895866463,0.75,0.0,0.03125,0,0,0
5083.04,card,DEV_02543,SG,success,1430,41,39,1,5,3,11418.89,home,5083.04,0,6,1,0.4451430918416764,0.9512195121951219,0.024390243902439025,0.12195121951219512,1,0,0
11359.55,netbanking,DEV_00592,IN,success,569,47,47,2,1,1,1297.98,travel,11359.55,0,2,0,8.751714202067827,1.0,0.0425531914893617,0.02127659574468085,1,0,0
2447.18,netbanking,DEV_02056,GB,success,279,50,43,1,2,4,2259.91,software,2447.18,0,3,0,1.0828661318371084,0.86,0.02,0.04,1,0,0
3551.54,upi,DEV_00246,US,success,1407,20,10,0,1,4,10656.91,software,3551.54,0,0,0,0.3332617053160813,0.5,0.0,0.05,0,0,0
8480.28,card,DEV_01743,IN,failed,805,36,32,0,1,1,1631.16,beauty,8480.28,0,6,1,5.198925917751784,0.8888888888888888,0.0,0.027777777777777776,0,0,0
7942.2,card,DEV_01990,SG,success,152,23,23,0,0,2,1756.07,grocery,7942.2,0,0,0,4.522712648129061,1.0,0.0,0.0,0,0,0
3071.49,wallet,DEV_00241,IN,failed,1415,48,46,0,0,1,3531.13,grocery,3071.49,0,1,0,0.869832036770099,0.9583333333333334,0.0,0.0,0,0,0
3252.02,card,DEV_02875,IN,failed,478,12,10,1,2,4,1563.19,software,3252.02,0,2,0,2.0803741067944395,0.8333333333333334,0.08333333333333333,0.16666666666666666,1,0,0
10881.07,card,DEV_00833,US,success,66,44,34,0,1,2,1224.16,home,10881.07,0,0,0,8.888601163246634,0.7727272727272727,0.0,0.022727272727272728,0,0,1
5654.59,netbanking,DEV_00067,US,failed,758,36,32,0,0,4,805.23,fashion,5654.59,0,3,0,7.022329024005564,0.8888888888888888,0.0,0.0,0,0,0
2653.79,card,DEV_00662,SG,success,263,44,39,1,1,3,6018.44,software,2653.79,0,5,1,0.4409431679970225,0.8863636363636364,0.022727272727272728,0.022727272727272728,1,0,0
1935.92,netbanking,DEV_00377,IN,failed,1600,38,31,0,3,2,5440.95,fashion,1935.92,0,1,0,0.35580551190509013,0.8157894736842105,0.0,0.07894736842105263,0,0,0
10531.35,netbanking,DEV_01299,US,success,1429,28,21,0,1,2,1861.73,home,10531.35,0,1,0,5.65675473887191,0.75,0.0,0.03571428571428571,0,0,0
6130.37,upi,DEV_01787,AE,success,1636,28,27,0,2,3,1756.01,software,6130.37,0,3,0,3.4910792079771755,0.9642857142857143,0.0,0.07142857142857142,0,0,0
5025.91,wallet,DEV_01559,GB,failed,570,25,25,3,3,4,5767.26,beauty,5025.91,0,6,1,0.8714554225056612,1.0,0.12,0.12,1,0,0
13953.47,upi,DEV_02479,IN,success,1530,35,28,0,1,2,2567.2,home,13953.47,0,1,0,5.435287472732939,0.8,0.0,0.02857142857142857,0,0,0
9844.92,card,DEV_02610,AE,success,1606,16,11,2,1,4,4105.68,grocery,9844.92,0,3,0,2.3978780616122055,0.6875,0.125,0.0625,1,0,0
3705.25,wallet,DEV_00501,SG,success,1222,38,32,0,3,1,448.96,travel,3705.25,0,6,1,8.252962401995724,0.8421052631578947,0.0,0.07894736842105263,0,0,0
7282.34,upi,DEV_02628,US,success,617,31,23,0,1,4,11730.46,fashion,7282.34,0,5,1,0.6208060041976189,0.7419354838709677,0.0,0.03225806451612903,0,0,0
2509.4,netbanking,DEV_00197,IN,success,1564,35,25,0,0,3,4772.28,fashion,2509.4,0,2,0,0.5258283252449564,0.7142857142857143,0.0,0.0,0,0,0
5289.33,card,DEV_01375,US,success,216,31,26,1,1,4,4689.29,electronics,5289.33,0,3,0,1.1279596698007588,0.8387096774193549,0.03225806451612903,0.03225806451612903,1,0,0
1454.97,wallet,DEV_02445,AE,success,397,15,13,0,1,1,6824.86,fashion,1454.97,0,4,0,0.2131867906447898,0.8666666666666667,0.0,0.06666666666666667,0,0,0
2041.62,wallet,DEV_00273,AE,success,489,42,33,2,0,1,952.69,beauty,2041.62,0,3,0,2.143005594684525,0.7857142857142857,0.047619047619047616,0.0,1,0,0
11719.0,netbanking,DEV_01381,US,success,1610,38,33,0,2,2,1535.72,travel,11719.0,0,1,0,7.630948349959628,0.868421052631579,0.0,0.05263157894736842,0,0,0
3053.8,wallet,DEV_01278,IN,success,1483,41,37,1,2,3,1305.93,grocery,3053.8,0,3,0,2.338410175124241,0.9024390243902439,0.024390243902439025,0.04878048780487805,1,0,0
5585.35,netbanking,DEV_01160,AE,success,304,33,32,0,2,4,765.79,travel,5585.35,0,5,1,7.293579179670668,0.9696969696969697,0.0,0.06060606060606061,0,0,0
2178.5,wallet,DEV_02392,SG,success,401,40,36,0,1,3,3075.51,grocery,2178.5,0,1,0,0.7083378041365497,0.9,0.0,0.025,0,0,0
1808.09,netbanking,DEV_01745,AE,success,488,17,16,0,0,3,7651.45,home,1808.09,0,3,0,0.2363068438008482,0.9411764705882353,0.0,0.0,0,0,0
3027.68,upi,DEV_00240,IN,success,1851,38,31,1,1,2,1038.4,home,3027.68,0,6,1,2.915716486902927,0.8157894736842105,0.02631578947368421,0.02631578947368421,1,0,0
2653.95,netbanking,DEV_01773,AE,failed,1992,30,23,0,2,4,6046.83,fashion,2653.95,0,1,0,0.43889939025902824,0.7666666666666667,0.0,0.06666666666666667,0,0,0
1241.0,upi,DEV_01498,GB,success,1469,30,24,0,0,3,1532.29,beauty,1241.0,0,6,1,0.8098989094753605,0.8,0.0,0.0,0,0,0
4689.67,upi,DEV_00755,AE,success,1841,20,14,0,2,4,1057.01,travel,4689.67,0,5,1,4.4367319136053585,0.7,0.0,0.1,0,0,0
1071.64,wallet,DEV_00640,AE,success,1353,43,39,0,1,3,3216.32,grocery,1071.64,0,1,0,0.3331882399761218,0.9069767441860465,0.0,0.023255813953488372,0,0,0
1976.95,netbanking,DEV_01660,GB,success,1033,26,18,1,3,1,8736.89,home,1976.95,0,2,0,0.22627616920895194,0.6923076923076923,0.038461538461538464,0.11538461538461539,1,0,1
1915.57,wallet,DEV_00033,AE,success,1741,25,22,0,3,4,17752.95,grocery,1915.57,0,1,0,0.1079015036937523,0.88,0.0,0.12,0,0,0
3820.55,card,DEV_01205,GB,success,1977,14,9,0,4,4,1451.9,beauty,3820.55,0,3,0,2.6314140092292857,0.6428571428571429,0.0,0.2857142857142857,0,0,0
578.74,card,DEV_01549,SG,failed,1944,46,39,0,0,3,5545.94,software,578.74,0,0,0,0.10435381558401281,0.8478260869565217,0.0,0.0,0,0,0
3825.05,upi,DEV_01068,IN,failed,1955,44,42,0,0,2,825.84,travel,3825.05,0,1,0,4.63170832122445,0.9545454545454546,0.0,0.0,0,0,0
1892.09,card,DEV_00022,IN,failed,974,50,50,0,2,2,5979.0,beauty,1892.09,0,5,1,0.31645592908513126,1.0,0.0,0.04,0,0,0
10600.5,wallet,DEV_02218,SG,success,1204,38,30,1,4,2,1898.32,home,10600.5,0,4,0,5.584148088836445,0.7894736842105263,0.02631578947368421,0.10526315789473684,1,0,0
1474.55,card,DEV_01991,US,success,1931,13,12,0,0,4,1737.51,home,1474.55,0,0,0,0.8486569861468423,0.9230769230769231,0.0,0.0,0,0,1
1725.62,card,DEV_01933,AE,success,1684,36,27,0,1,1,1199.75,software,1725.62,0,4,0,1.4383163158991457,0.75,0.0,0.027777777777777776,0,0,0
1777.14,card,DEV_00499,GB,success,1046,2,1,1,1,4,1987.46,home,1777.14,0,1,0,0.894176486570799,0.5,0.5,0.5,1,0,0
1316.73,upi,DEV_00940,US,success,1405,5,2,0,2,1,638.51,grocery,1316.73,0,4,0,2.0621916649700083,0.4,0.0,0.4,0,0,0
3485.66,upi,DEV_00717,SG,success,1082,16,10,0,1,4,3261.64,home,3485.66,0,0,0,1.0686832391067072,0.625,0.0,0.0625,0,0,0
9092.18,card,DEV_02196,GB,success,406,35,35,1,1,1,5147.36,fashion,9092.18,0,4,0,1.7663773274066707,1.0,0.02857142857142857,0.02857142857142857,1,0,0
2846.73,upi,DEV_02155,US,success,408,24,24,0,2,4,1054.51,home,2846.73,0,3,0,2.6995761064380615,1.0,0.0,0.08333333333333333,0,0,0
624.17,card,DEV_00006,GB,success,1542,8,1,1,1,1,3529.35,grocery,624.17,0,5,1,0.17685126156374403,0.125,0.125,0.125,1,0,0
11135.33,netbanking,DEV_01853,SG,success,991,17,12,1,0,4,911.35,fashion,11135.33,0,5,1,12.218500027431832,0.7058823529411765,0.058823529411764705,0.0,1,0,0
3291.68,upi,DEV_01528,IN,success,701,8,0,1,1,4,3603.58,grocery,3291.68,0,1,0,0.9134471830790492,0.0,0.125,0.125,1,0,0
14270.32,upi,DEV_01422,IN,success,1839,4,1,0,2,2,2085.36,beauty,14270.32,0,4,0,6.843096635592895,0.25,0.0,0.5,0,0,1
3738.72,upi,DEV_01306,AE,success,1432,21,11,1,3,2,2265.44,home,3738.72,0,5,1,1.6503284130235185,0.5238095238095238,0.047619047619047616,0.14285714285714285,1,0,1
3763.36,upi,DEV_00032,AE,success,1484,29,26,1,1,2,1939.36,beauty,3763.36,0,0,0,1.9405164590380333,0.896551724137931,0.034482758620689655,0.034482758620689655,1,0,1
1533.72,netbanking,DEV_02005,SG,failed,102,45,44,0,1,3,605.29,beauty,1533.72,0,6,1,2.533859802739183,0.9777777777777777,0.0,0.022222222222222223,0,0,0
1509.21,upi,DEV_00120,US,success,1973,30,21,0,0,2,8526.49,software,1509.21,0,1,0,0.17700249457866016,0.7,0.0,0.0,0,0,0
11843.36,card,DEV_00098,GB,success,1597,21,17,1,1,4,520.63,grocery,11843.36,0,1,0,22.748132070760427,0.8095238095238095,0.047619047619047616,0.047619047619047616,1,0,0
7348.92,netbanking,DEV_00994,GB,success,1298,4,2,2,2,1,2824.1,electronics,7348.92,0,1,0,2.6022166353882654,0.5,0.5,0.5,1,0,0
5008.27,upi,DEV_02092,IN,success,1044,3,1,1,1,3,1326.47,fashion,5008.27,0,2,0,3.7756375945177805,0.3333333333333333,0.3333333333333333,0.3333333333333333,1,0,0
5853.29,netbanking,DEV_01924,SG,failed,749,44,43,1,4,2,13987.14,fashion,5853.29,0,2,0,0.41847654345348656,0.9772727272727273,0.022727272727272728,0.09090909090909091,1,0,1
5286.2,netbanking,DEV_02576,US,success,422,27,27,0,3,4,2277.45,grocery,5286.2,0,3,0,2.321104744341259,1.0,0.0,0.1111111111111111,0,0,0
3728.54,upi,DEV_00349,SG,success,772,36,30,0,1,1,1669.1,electronics,3728.54,0,0,0,2.2338625606614344,0.8333333333333334,0.0,0.027777777777777776,0,0,0
2449.06,card,DEV_01580,US,success,1817,48,38,0,1,2,5193.79,grocery,2449.06,0,0,0,0.47153619996187757,0.7916666666666666,0.0,0.020833333333333332,0,0,0
6659.14,wallet,DEV_02291,IN,success,690,16,7,0,1,3,3157.7,electronics,6659.14,0,0,0,2.1088577128922954,0.4375,0.0,0.0625,0,0,0
2146.22,wallet,DEV_02287,SG,success,1841,27,24,1,2,4,944.08,home,2146.22,0,4,0,2.273345479196678,0.8888888888888888,0.037037037037037035,0.07407407407407407,1,0,0
2254.85,upi,DEV_00399,US,failed,562,25,20,2,1,2,10252.54,fashion,2254.85,0,3,0,0.21993086591225197,0.8,0.08,0.04,1,0,1
2068.7,netbanking,DEV_00982,AE,success,404,48,48,0,0,2,3052.16,home,2068.7,0,1,0,0.6777822918850912,1.0,0.0,0.0,0,0,0
4723.3,netbanking,DEV_01360,SG,success,554,20,11,1,1,4,1475.86,fashion,4723.3,0,1,0,3.200371308931742,0.55,0.05,0.05,1,0,0
1873.44,wallet,DEV_01525,SG,success,1611,29,26,1,0,2,7370.8,electronics,1873.44,0,2,0,0.2541705106637,0.896551724137931,0.034482758620689655,0.0,1,0,0
1643.66,card,DEV_02232,GB,success,1852,33,31,0,1,2,1790.55,home,1643.66,0,1,0,0.9179637541537518,0.9393939393939394,0.0,0.030303030303030304,0,0,0
3136.58,wallet,DEV_02469,AE,success,1209,25,20,2,2,2,1447.56,home,3136.58,0,1,0,2.1668048301970213,0.8,0.08,0.08,1,0,0
32532.95,netbanking,DEV_01472,US,failed,856,28,25,1,1,4,4975.78,software,32532.95,0,3,0,6.538261337920889,0.8928571428571429,0.03571428571428571,0.03571428571428571,1,0,0
3273.02,card,DEV_01546,IN,success,36,47,41,0,5,2,6860.32,home,3273.02,0,0,0,0.47709436294516877,0.8723404255319149,0.0,0.10638297872340426,0,0,0
921.53,wallet,DEV_01359,AE,success,220,45,42,0,1,1,2328.83,beauty,921.53,0,1,0,0.3957051394906455,0.9333333333333333,0.0,0.022222222222222223,0,0,0
10869.12,upi,DEV_01853,GB,failed,1163,1,0,1,1,3,1722.83,travel,10869.12,0,0,0,6.308875512964136,0.0,1.0,1.0,1,0,1
6740.02,card,DEV_00340,AE,success,629,31,23,1,3,1,2130.7,electronics,6740.02,0,0,0,3.163289059933356,0.7419354838709677,0.03225806451612903,0.0967741935483871,1,0,0
11492.87,wallet,DEV_01698,IN,failed,381,40,37,1,2,3,3256.69,fashion,11492.87,0,4,0,3.5290033745919938,0.925,0.025,0.05,1,0,0
2304.87,card,DEV_01225,SG,success,1242,45,45,0,2,2,1879.69,grocery,2304.87,0,4,0,1.2261968728886146,1.0,0.0,0.044444444444444446,0,0,0
17393.5,upi,DEV_01466,US,success,1006,1,1,0,0,3,3651.49,fashion,17393.5,0,4,0,4.763397955355211,1.0,0.0,0.0,0,0,0
4193.58,netbanking,DEV_00797,AE,failed,1927,25,21,0,0,4,17633.7,beauty,4193.58,0,6,1,0.23781622688375098,0.84,0.0,0.0,0,0,0
3104.99,upi,DEV_02623,SG,failed,1102,41,41,0,1,3,4942.93,home,3104.99,0,3,0,0.6281679085077069,1.0,0.0,0.024390243902439025,0,0,0
4515.06,netbanking,DEV_01104,GB,failed,689,16,12,3,1,3,2364.48,beauty,4515.06,0,1,0,1.9095361347949655,0.75,0.1875,0.0625,1,0,0
4999.8,upi,DEV_01324,IN,success,1283,18,18,0,2,4,2267.32,home,4999.8,0,6,1,2.2051585131344495,1.0,0.0,0.1111111111111111,0,0,0
3062.87,upi,DEV_00985,US,success,1687,43,39,0,1,1,2916.07,beauty,3062.87,0,4,0,1.050341727050448,0.9069767441860465,0.0,0.023255813953488372,0,0,0
6291.41,upi,DEV_01235,SG,success,141,13,11,0,2,3,1815.92,grocery,6291.41,0,4,0,3.4645854442927,0.8461538461538461,0.0,0.15384615384615385,0,0,0
2826.45,netbanking,DEV_00328,AE,success,1722,46,45,0,0,1,1947.38,grocery,2826.45,0,2,0,1.4514116402551118,0.9782608695652174,0.0,0.0,0,0,0
3864.11,netbanking,DEV_00454,GB,success,1952,9,4,1,0,1,3841.94,electronics,3864.11,0,6,1,1.005770522184105,0.4444444444444444,0.1111111111111111,0.0,1,0,0
2311.32,wallet,DEV_02460,IN,success,707,18,8,0,0,2,1591.94,grocery,2311.32,0,2,0,1.4518888902848097,0.4444444444444444,0.0,0.0,0,0,0
8929.42,netbanking,DEV_01879,GB,success,76,37,31,0,2,2,11994.15,fashion,8929.42,0,2,0,0.7444812679514597,0.8378378378378378,0.0,0.05405405405405406,0,0,0
11979.24,wallet,DEV_00714,AE,failed,344,4,2,0,2,1,2776.94,software,11979.24,0,0,0,4.313827450359028,0.5,0.0,0.5,0,0,0
13716.61,card,DEV_00665,GB,success,1801,44,40,0,3,1,5358.73,electronics,13716.61,0,3,0,2.559675520132569,0.9090909090909091,0.0,0.06818181818181818,0,0,1
10374.87,wallet,DEV_00252,US,success,1871,35,34,0,1,1,1287.04,home,10374.87,0,2,0,8.061031514172054,0.9714285714285714,0.0,0.02857142857142857,0,0,0
15572.26,upi,DEV_02692,US,success,1801,44,40,0,3,1,5358.73,electronics,15572.26,0,0,0,2.9059609273092692,0.9090909090909091,0.0,0.06818181818181818,0,0,0
5878.55,netbanking,DEV_01470,US,success,1059,34,30,0,3,2,715.32,fashion,5878.55,0,3,0,8.218070234300733,0.8823529411764706,0.0,0.08823529411764706,0,0,0
9514.31,netbanking,DEV_02622,SG,success,1896,34,29,0,1,4,3045.81,fashion,9514.31,0,0,0,3.1237371996283416,0.8529411764705882,0.0,0.029411764705882353,0,0,0
4185.94,wallet,DEV_00928,IN,success,572,9,3,0,2,3,16718.47,electronics,4185.94,0,4,0,0.2503781745578393,0.3333333333333333,0.0,0.2222222222222222,0,0,0
2212.11,upi,DEV_02479,AE,success,1145,45,38,1,1,2,4650.5,beauty,2212.11,0,5,1,0.47567143317922805,0.8444444444444444,0.022222222222222223,0.022222222222222223,1,0,0
3255.11,card,DEV_01813,US,failed,1128,8,7,0,0,3,14795.49,beauty,3255.11,0,0,0,0.22000690751032917,0.875,0.0,0.0,0,0,0
4253.83,netbanking,DEV_00643,SG,success,171,34,26,0,2,4,15904.29,software,4253.83,0,3,0,0.2674643130878524,0.7647058823529411,0.0,0.058823529411764705,0,0,0
2487.04,card,DEV_01238,IN,failed,1520,15,5,0,0,1,1767.63,fashion,2487.04,0,2,0,1.4069912821122066,0.3333333333333333,0.0,0.0,0,0,0
2551.09,upi,DEV_00489,GB,success,581,42,38,1,1,1,4197.98,grocery,2551.09,0,3,0,0.6076946531427021,0.9047619047619048,0.023809523809523808,0.023809523809523808,1,0,0
2171.9,upi,DEV_01664,AE,success,615,23,13,0,1,3,2574.43,home,2171.9,0,3,0,0.8436430588518624,0.5652173913043478,0.0,0.043478260869565216,0,0,0
2502.47,wallet,DEV_00021,AE,success,1465,24,21,1,2,1,2001.56,electronics,2502.47,0,3,0,1.2502597973580607,0.875,0.041666666666666664,0.08333333333333333,1,0,0
4943.88,netbanking,DEV_00136,US,success,319,49,45,1,1,2,7270.39,home,4943.88,0,6,1,0.6800020356542084,0.9183673469387755,0.02040816326530612,0.02040816326530612,1,0,0
614.98,upi,DEV_02049,IN,success,1878,21,19,0,1,3,2064.47,software,614.98,0,3,0,0.29788759342591564,0.9047619047619048,0.0,0.047619047619047616,0,0,0
7280.26,card,DEV_00758,US,failed,1235,15,5,0,1,1,15066.98,fashion,7280.26,0,0,0,0.48319304864013896,0.3333333333333333,0.0,0.06666666666666667,0,0,1
1461.62,card,DEV_02751,SG,success,540,3,3,2,0,1,1697.09,travel,1461.62,0,1,0,0.8612507291893771,1.0,0.6666666666666666,0.0,1,0,0
2979.37,upi,DEV_02634,US,success,1687,9,1,1,0,3,8980.16,fashion,2979.37,0,1,0,0.3317724851227595,0.1111111111111111,0.1111111111111111,0.0,1,0,0
2312.34,upi,DEV_02005,SG,success,1566,11,5,1,2,3,3387.26,software,2312.34,0,1,0,0.6826579595307122,0.45454545454545453,0.09090909090909091,0.18181818181818182,1,0,0
22209.87,card,DEV_00009,IN,success,615,35,25,0,0,1,8640.69,beauty,22209.87,0,0,0,2.570381532030428,0.7142857142857143,0.0,0.0,0,0,0
5683.72,upi,DEV_02903,SG,success,1106,29,27,0,1,3,7588.83,travel,5683.72,0,0,0,0.7489586668827738,0.9310344827586207,0.0,0.034482758620689655,0,0,0
8493.92,wallet,DEV_00408,AE,success,592,1,0,1,3,4,1408.93,electronics,8493.92,0,5,1,6.028631656647243,0.0,1.0,3.0,1,0,0
2047.56,netbanking,DEV_01543,GB,failed,745,15,8,1,1,3,2181.08,grocery,2047.56,0,0,0,0.9387826214535918,0.5333333333333333,0.06666666666666667,0.06666666666666667,1,0,0
3266.19,card,DEV_02106,GB,success,922,38,34,0,1,1,4946.95,grocery,3266.19,0,2,0,0.6602431801412992,0.8947368421052632,0.0,0.02631578947368421,0,0,0
2817.06,card,DEV_02979,AE,success,1819,43,39,0,1,1,5139.32,home,2817.06,0,4,0,0.5481386642590849,0.9069767441860465,0.0,0.023255813953488372,0,0,0
4801.0,upi,DEV_00002,GB,success,785,19,10,0,0,1,2490.87,travel,4801.0,0,3,0,1.9274390072544936,0.5263157894736842,0.0,0.0,0,0,0
4343.71,upi,DEV_00560,US,failed,1559,26,24,1,1,3,1882.43,beauty,4343.71,0,3,0,2.3075014741584017,0.9230769230769231,0.038461538461538464,0.038461538461538464,1,0,1
5591.94,wallet,DEV_01907,SG,success,233,45,36,0,2,2,3171.26,beauty,5591.94,0,3,0,1.763318050238706,0.8,0.0,0.044444444444444446,0,0,0
4285.93,netbanking,DEV_01358,AE,failed,1811,13,9,1,0,2,3152.47,fashion,4285.93,0,0,0,1.3595466412051505,0.6923076923076923,0.07692307692307693,0.0,1,0,0
6068.75,netbanking,DEV_01004,AE,success,280,3,3,0,1,1,3041.64,grocery,6068.75,0,6,1,1.9952229718178351,1.0,0.0,0.3333333333333333,0,0,1
1313.08,netbanking,DEV_01445,US,success,1410,3,2,0,2,2,553.6,home,1313.08,0,1,0,2.3718930635838147,0.6666666666666666,0.0,0.6666666666666666,0,0,0
2870.49,card,DEV_02745,AE,failed,517,43,40,1,2,2,7488.48,beauty,2870.49,0,4,0,0.3833207807191847,0.9302325581395349,0.023255813953488372,0.046511627906976744,1,0,0
1634.4,wallet,DEV_02915,AE,success,961,30,22,1,2,4,2727.32,fashion,1634.4,0,6,1,0.5992696126600472,0.7333333333333333,0.03333333333333333,0.06666666666666667,1,0,0
2012.55,netbanking,DEV_00725,AE,failed,1084,30,27,1,4,3,5254.82,fashion,2012.55,0,0,0,0.382991234714034,0.9,0.03333333333333333,0.13333333333333333,1,0,0
1819.56,card,DEV_00513,IN,success,1504,20,18,0,1,3,1025.56,grocery,1819.56,0,0,0,1.774211162681852,0.9,0.0,0.05,0,0,1
5350.59,card,DEV_02869,GB,success,740,21,13,0,2,1,4551.51,software,5350.59,0,6,1,1.1755637140201822,0.6190476190476191,0.0,0.09523809523809523,0,0,0
1758.07,wallet,DEV_02713,IN,success,332,44,37,1,0,1,4802.72,home,1758.07,0,4,0,0.36605715094779623,0.8409090909090909,0.022727272727272728,0.0,1,0,1
15075.73,upi,DEV_00541,US,success,1802,11,6,0,0,3,7869.35,travel,15075.73,0,6,1,1.9157528893745988,0.5454545454545454,0.0,0.0,0,0,0
1571.25,wallet,DEV_01960,SG,failed,1367,23,13,1,0,2,1916.79,travel,1571.25,0,2,0,0.8197298608611272,0.5652173913043478,0.043478260869565216,0.0,1,0,1
5514.23,card,DEV_01583,AE,failed,1809,50,41,0,1,4,3799.77,grocery,5514.23,0,3,0,1.4512009937443582,0.82,0.0,0.02,0,0,0
4144.23,upi,DEV_01374,US,success,754,14,13,0,1,3,1678.07,grocery,4144.23,0,2,0,2.4696407182060343,0.9285714285714286,0.0,0.07142857142857142,0,0,0
2158.77,upi,DEV_02802,AE,success,596,35,30,0,2,4,4548.5,home,2158.77,0,6,1,0.4746114103550621,0.8571428571428571,0.0,0.05714285714285714,0,0,0
24527.62,upi,DEV_00294,US,success,1841,42,39,2,1,2,3109.33,beauty,24527.62,0,1,0,7.888393962686495,0.9285714285714286,0.047619047619047616,0.023809523809523808,1,0,0
5162.9,netbanking,DEV_01697,US,success,115,1,1,0,4,1,966.17,grocery,5162.9,0,4,0,5.34367657865593,1.0,0.0,4.0,0,0,0
7080.54,card,DEV_01172,US,success,1142,31,23,0,3,2,1942.57,beauty,7080.54,0,4,0,3.644934288082283,0.7419354838709677,0.0,0.0967741935483871,0,0,1
6884.52,upi,DEV_00089,IN,success,1048,12,4,1,1,1,2637.92,fashion,6884.52,0,3,0,2.609828956147268,0.3333333333333333,0.08333333333333333,0.08333333333333333,1,0,0
3607.78,wallet,DEV_01379,US,success,1368,23,14,0,1,2,3141.15,fashion,3607.78,0,1,0,1.1485538735813317,0.6086956521739131,0.0,0.043478260869565216,0,0,0
3968.7,upi,DEV_02880,IN,success,70,34,31,0,2,1,3279.01,grocery,3968.7,0,0,0,1.210334826670245,0.9117647058823529,0.0,0.058823529411764705,0,0,0
16321.45,netbanking,DEV_01792,GB,failed,550,40,33,0,0,2,4432.59,fashion,16321.45,0,2,0,3.682147457806835,0.825,0.0,0.0,0,0,0
10720.69,wallet,DEV_02510,US,failed,235,16,16,0,1,2,3152.22,home,10720.69,0,0,0,3.4009967578405065,1.0,0.0,0.0625,0,0,0
2455.7,netbanking,DEV_00424,AE,success,1165,6,4,1,0,3,389.6,software,2455.7,0,3,0,6.303131416837782,0.6666666666666666,0.16666666666666666,0.0,1,0,0
10815.19,wallet,DEV_01691,GB,success,1024,39,36,0,4,4,827.54,travel,10815.19,0,1,0,13.06908427387196,0.9230769230769231,0.0,0.10256410256410256,0,0,0
5014.74,netbanking,DEV_00862,SG,success,1191,35,30,0,1,3,3349.43,beauty,5014.74,0,3,0,1.4971920595444599,0.8571428571428571,0.0,0.02857142857142857,0,0,0
1780.34,card,DEV_00403,GB,success,1313,16,10,0,2,4,935.99,travel,1780.34,0,5,1,1.9020929710787506,0.625,0.0,0.125,0,0,0
2483.23,wallet,DEV_01447,US,failed,319,49,45,1,1,2,7270.39,travel,2483.23,0,0,0,0.3415538918820036,0.9183673469387755,0.02040816326530612,0.02040816326530612,1,0,0
488.32,wallet,DEV_01200,US,failed,1048,12,4,1,1,1,2637.92,fashion,488.32,0,1,0,0.18511554558136714,0.3333333333333333,0.08333333333333333,0.08333333333333333,1,0,0
8416.22,upi,DEV_01511,IN,success,633,2,1,0,3,3,1305.55,home,8416.22,0,6,1,6.4464938148672974,0.5,0.0,1.5,0,0,0
4350.98,wallet,DEV_00750,GB,success,64,34,28,0,0,3,4086.56,travel,4350.98,0,6,1,1.0647047883794682,0.8235294117647058,0.0,0.0,0,0,1
8099.46,upi,DEV_01020,AE,success,1507,4,4,0,1,4,2414.96,travel,8099.46,0,6,1,3.353869215225097,1.0,0.0,0.25,0,0,0
4221.94,wallet,DEV_01287,AE,failed,1598,15,6,1,2,3,1301.55,travel,4221.94,0,6,1,3.2437785717029692,0.4,0.06666666666666667,0.13333333333333333,1,0,0
2103.8,wallet,DEV_01066,SG,success,629,31,23,1,3,1,2130.7,beauty,2103.8,0,3,0,0.9873750410663164,0.7419354838709677,0.03225806451612903,0.0967741935483871,1,0,0
2170.54,wallet,DEV_00655,US,success,1856,35,30,0,1,4,2717.85,electronics,2170.54,0,4,0,0.7986239122836065,0.8571428571428571,0.0,0.02857142857142857,0,0,0
2908.7,netbanking,DEV_00493,IN,failed,371,12,10,1,0,4,9809.4,electronics,2908.7,0,4,0,0.2965217036719881,0.8333333333333334,0.08333333333333333,0.0,1,0,0
3689.27,upi,DEV_01290,IN,success,74,5,1,0,0,4,1918.08,home,3689.27,0,3,0,1.9234182098765433,0.2,0.0,0.0,0,0,0
4059.5,wallet,DEV_01340,AE,success,970,46,41,0,0,1,4575.15,home,4059.5,0,6,1,0.887293312787559,0.8913043478260869,0.0,0.0,0,0,0
2855.22,card,DEV_00586,IN,failed,1530,35,28,0,1,2,2567.2,beauty,2855.22,0,0,0,1.1121922717357433,0.8,0.0,0.02857142857142857,0,0,0
3606.72,upi,DEV_01833,AE,failed,1643,44,35,0,1,3,1853.28,software,3606.72,0,3,0,1.9461279461279462,0.7954545454545454,0.0,0.022727272727272728,0,0,1
4733.73,upi,DEV_02447,US,success,1051,48,41,1,0,2,3597.58,travel,4733.73,0,3,0,1.3158095163971335,0.8541666666666666,0.020833333333333332,0.0,1,0,0
4446.59,card,DEV_02515,AE,success,1310,20,13,0,2,3,888.59,beauty,4446.59,0,5,1,5.004096377406903,0.65,0.0,0.1,0,0,0
1861.47,netbanking,DEV_02806,GB,success,389,40,40,0,0,4,10577.82,travel,1861.47,0,0,0,0.17597860428708373,1.0,0.0,0.0,0,0,0
798.25,card,DEV_00537,SG,success,596,35,30,0,2,4,4548.5,beauty,798.25,0,3,0,0.17549741673079036,0.8571428571428571,0.0,0.05714285714285714,0,0,1
6315.23,wallet,DEV_02691,GB,success,617,14,10,0,3,3,1966.16,electronics,6315.23,0,4,0,3.2119613866623262,0.7142857142857143,0.0,0.21428571428571427,0,0,0
4598.73,upi,DEV_00803,GB,failed,564,12,8,0,2,1,1856.72,grocery,4598.73,0,3,0,2.476803179800939,0.6666666666666666,0.0,0.16666666666666666,0,0,0
7906.29,card,DEV_01176,GB,failed,1094,47,47,0,2,4,2451.49,fashion,7906.29,0,3,0,3.2250957580899784,1.0,0.0,0.0425531914893617,0,0,0
914.05,upi,DEV_01531,IN,success,363,24,19,0,4,2,6017.78,beauty,914.05,0,0,0,0.15189156133989612,0.7916666666666666,0.0,0.16666666666666666,0,0,0
1427.92,card,DEV_01880,IN,success,138,30,30,0,0,1,8606.73,software,1427.92,0,6,1,0.16590737713394055,1.0,0.0,0.0,0,0,1
4377.32,upi,DEV_00384,GB,success,231,49,49,0,3,1,1202.96,fashion,4377.32,0,6,1,3.6387909822437985,1.0,0.0,0.061224489795918366,0,0,0
2479.78,upi,DEV_00791,AE,success,242,37,35,0,2,2,2584.86,software,2479.78,0,0,0,0.959347895050409,0.9459459459459459,0.0,0.05405405405405406,0,0,0
1730.19,card,DEV_02325,GB,success,418,19,16,0,0,4,753.57,software,1730.19,0,0,0,2.2959910824475496,0.8421052631578947,0.0,0.0,0,0,0
5397.43,wallet,DEV_02000,AE,failed,1188,37,32,2,1,3,4730.52,beauty,5397.43,0,3,0,1.1409802727818505,0.8648648648648649,0.05405405405405406,0.02702702702702703,1,0,0
2483.1,card,DEV_01620,US,success,1142,35,31,0,1,1,3474.0,software,2483.1,0,2,0,0.7147668393782383,0.8857142857142857,0.0,0.02857142857142857,0,0,0
8028.83,upi,DEV_02131,AE,success,418,49,41,1,1,4,3880.04,travel,8028.83,0,5,1,2.0692647498479397,0.8367346938775511,0.02040816326530612,0.02040816326530612,1,0,1
3168.32,card,DEV_00276,US,success,709,40,33,0,2,2,476.05,beauty,3168.32,0,5,1,6.655435353429262,0.825,0.0,0.05,0,0,0
1945.71,card,DEV_00201,SG,success,538,19,10,0,2,4,3657.51,beauty,1945.71,0,0,0,0.5319766726543468,0.5263157894736842,0.0,0.10526315789473684,0,0,0
5953.36,upi,DEV_01589,GB,success,927,34,31,1,2,1,3090.08,beauty,5953.36,0,4,0,1.9266038419717288,0.9117647058823529,0.029411764705882353,0.058823529411764705,1,0,0
12030.83,upi,DEV_00871,AE,failed,1803,19,13,0,1,3,7385.28,beauty,12030.83,0,3,0,1.6290282832878376,0.6842105263157895,0.0,0.05263157894736842,0,0,0
1130.1,wallet,DEV_00094,SG,failed,1587,50,44,1,4,2,2447.56,software,1130.1,0,3,0,0.46172514667669023,0.88,0.02,0.08,1,0,0
3342.94,wallet,DEV_02965,IN,success,1484,42,34,0,1,3,3294.68,fashion,3342.94,0,6,1,1.01464785654449,0.8095238095238095,0.0,0.023809523809523808,0,0,1
2645.27,wallet,DEV_00036,GB,success,825,18,10,2,1,1,2659.1,software,2645.27,0,5,1,0.9947989921401978,0.5555555555555556,0.1111111111111111,0.05555555555555555,1,0,0
5687.9,netbanking,DEV_01782,SG,success,1305,49,46,0,0,4,687.73,home,5687.9,0,2,0,8.27054221860323,0.9387755102040817,0.0,0.0,0,0,0
6358.04,netbanking,DEV_01718,GB,success,585,3,0,0,1,3,7336.51,grocery,6358.04,0,1,0,0.8666300461663652,0.0,0.0,0.3333333333333333,0,0,0
1659.66,card,DEV_00770,US,success,1907,23,17,0,0,4,634.98,travel,1659.66,0,6,1,2.613720117169045,0.7391304347826086,0.0,0.0,0,0,0
2487.96,card,DEV_02310,US,success,1574,2,0,0,2,2,4386.58,fashion,2487.96,0,0,0,0.5671753393304123,0.0,0.0,1.0,0,0,0
17707.72,card,DEV_00318,IN,success,478,41,34,1,1,3,13480.78,electronics,17707.72,0,3,0,1.3135530733384864,0.8292682926829268,0.024390243902439025,0.024390243902439025,1,0,0
16278.27,wallet,DEV_00450,AE,success,1193,39,30,0,1,3,1064.61,beauty,16278.27,0,0,0,15.290359850085949,0.7692307692307693,0.0,0.02564102564102564,0,0,1
6153.91,card,DEV_00888,SG,success,1691,9,1,1,4,4,1679.95,home,6153.91,0,1,0,3.663150689008601,0.1111111111111111,0.1111111111111111,0.4444444444444444,1,0,0
1997.18,netbanking,DEV_01046,IN,success,697,36,36,1,3,1,1535.79,beauty,1997.18,0,4,0,1.3004251883395517,1.0,0.027777777777777776,0.08333333333333333,1,0,0
2968.12,card,DEV_01114,US,success,567,10,8,0,2,4,1264.59,grocery,2968.12,0,5,1,2.3471006413145763,0.8,0.0,0.2,0,0,0
4849.96,wallet,DEV_01577,SG,success,1504,20,18,0,1,3,1025.56,travel,4849.96,0,6,1,4.729084597683217,0.9,0.0,0.05,0,0,0
6247.08,upi,DEV_01353,US,success,451,35,31,1,4,1,1516.18,beauty,6247.08,0,3,0,4.120275956680605,0.8857142857142857,0.02857142857142857,0.11428571428571428,1,0,0
2277.99,netbanking,DEV_02110,US,success,1681,12,3,0,3,1,4709.02,beauty,2277.99,0,6,1,0.4837503344644957,0.25,0.0,0.25,0,0,0
3823.98,wallet,DEV_01310,GB,success,98,3,3,0,1,3,4342.75,beauty,3823.98,0,6,1,0.8805434344597317,1.0,0.0,0.3333333333333333,0,0,0
11154.71,upi,DEV_00173,SG,success,413,36,30,0,1,2,4910.94,software,11154.71,0,5,1,2.2714001800062715,0.8333333333333334,0.0,0.027777777777777776,0,0,0
17081.09,card,DEV_01652,SG,failed,1791,14,5,0,3,1,3136.97,fashion,17081.09,0,0,0,5.445091919909977,0.35714285714285715,0.0,0.21428571428571427,0,0,0
2518.67,netbanking,DEV_01833,IN,failed,1806,35,30,0,1,4,6348.92,beauty,2518.67,0,1,0,0.3967084165495864,0.8571428571428571,0.0,0.02857142857142857,0,0,0
1824.05,netbanking,DEV_00148,IN,success,1696,14,4,0,0,3,2005.62,electronics,1824.05,0,4,0,0.9094693910112583,0.2857142857142857,0.0,0.0,0,0,0
2958.19,upi,DEV_01895,IN,success,1611,44,43,0,0,2,1568.93,beauty,2958.19,0,1,0,1.8854824625700317,0.9772727272727273,0.0,0.0,0,0,0
3424.41,wallet,DEV_02875,IN,success,782,34,28,1,2,1,9413.23,fashion,3424.41,0,2,0,0.3637869254230482,0.8235294117647058,0.029411764705882353,0.058823529411764705,1,0,0
5396.79,card,DEV_01499,SG,failed,1094,1,1,0,2,2,5169.26,home,5396.79,0,4,0,1.0440159713382573,1.0,0.0,2.0,0,0,0
4722.42,wallet,DEV_00463,IN,failed,120,1,1,0,0,2,8768.84,electronics,4722.42,0,1,0,0.5385455772941461,1.0,0.0,0.0,0,0,1
4245.14,wallet,DEV_01797,GB,success,210,28,19,0,0,2,11582.5,fashion,4245.14,0,4,0,0.3665132743362832,0.6785714285714286,0.0,0.0,0,0,0
6940.04,upi,DEV_00655,AE,failed,1341,32,29,1,1,1,956.6,fashion,6940.04,0,5,1,7.25490278068158,0.90625,0.03125,0.03125,1,0,0
1426.91,card,DEV_02947,GB,success,63,17,15,0,1,4,2538.47,software,1426.91,0,0,0,0.5621141868921044,0.8823529411764706,0.0,0.058823529411764705,0,0,0
3306.24,netbanking,DEV_02197,US,success,1076,31,23,1,1,1,2467.25,electronics,3306.24,0,0,0,1.3400506636943965,0.7419354838709677,0.03225806451612903,0.03225806451612903,1,0,0
6088.85,netbanking,DEV_01461,SG,success,204,34,30,0,3,2,4903.63,fashion,6088.85,0,6,1,1.2417025754390116,0.8823529411764706,0.0,0.08823529411764706,0,0,0
2922.22,wallet,DEV_01341,AE,success,215,11,11,1,4,3,801.35,beauty,2922.22,0,1,0,3.6466213265115113,1.0,0.09090909090909091,0.36363636363636365,1,0,0
34361.75,netbanking,DEV_01012,GB,success,1400,20,12,0,2,4,3176.56,grocery,34361.75,0,1,0,10.817283476465107,0.6,0.0,0.1,0,0,0
5472.9,upi,DEV_01157,US,failed,193,39,29,0,3,4,4377.29,fashion,5472.9,0,4,0,1.2502941317573202,0.7435897435897436,0.0,0.07692307692307693,0,0,1
4153.72,upi,DEV_00387,AE,failed,1802,11,6,0,0,3,7869.35,travel,4153.72,0,5,1,0.5278352087529465,0.5454545454545454,0.0,0.0,0,0,0
3384.96,netbanking,DEV_02292,IN,success,1587,50,44,1,4,2,2447.56,electronics,3384.96,0,6,1,1.382993675333802,0.88,0.02,0.08,1,0,1
5859.23,netbanking,DEV_01743,AE,failed,944,45,37,3,0,1,1473.14,fashion,5859.23,0,3,0,3.9773748591444122,0.8222222222222222,0.06666666666666667,0.0,1,0,0
3299.81,upi,DEV_00018,US,success,1601,9,4,0,2,3,2493.2,grocery,3299.81,0,4,0,1.3235239852398524,0.4444444444444444,0.0,0.2222222222222222,0,0,0
3033.23,netbanking,DEV_00838,US,failed,958,5,5,0,2,1,12051.78,electronics,3033.23,0,4,0,0.25168315385777035,1.0,0.0,0.4,0,0,0
1628.9,upi,DEV_01962,AE,success,175,16,13,0,0,3,3108.64,software,1628.9,0,1,0,0.5239911987235576,0.8125,0.0,0.0,0,0,0
3449.62,netbanking,DEV_01298,IN,success,850,26,23,0,2,3,474.67,beauty,3449.62,0,5,1,7.267406830008216,0.8846153846153846,0.0,0.07692307692307693,0,0,0
2831.7,card,DEV_00675,GB,success,565,42,37,0,1,2,1534.8,beauty,2831.7,0,0,0,1.844996090695856,0.8809523809523809,0.0,0.023809523809523808,0,0,0
11745.76,netbanking,DEV_01747,IN,success,1537,42,35,0,1,3,2816.88,fashion,11745.76,0,1,0,4.169776490301326,0.8333333333333334,0.0,0.023809523809523808,0,0,0
1947.94,wallet,DEV_00781,IN,failed,871,35,34,0,0,3,1677.72,home,1947.94,0,0,0,1.1610638247144935,0.9714285714285714,0.0,0.0,0,0,0
2357.94,upi,DEV_02958,IN,failed,1722,46,45,0,0,1,1947.38,software,2357.94,0,5,1,1.210826854543027,0.9782608695652174,0.0,0.0,0,0,0
5105.86,upi,DEV_02276,US,failed,661,30,24,1,1,1,4633.67,travel,5105.86,0,0,0,1.1019041062483947,0.8,0.03333333333333333,0.03333333333333333,1,0,0
14163.72,wallet,DEV_01868,IN,success,335,6,6,0,1,1,3879.87,software,14163.72,0,5,1,3.6505656117344136,1.0,0.0,0.16666666666666666,0,0,0
4769.88,upi,DEV_01307,US,failed,833,15,14,0,2,3,1737.43,home,4769.88,0,5,1,2.7453652809034033,0.9333333333333333,0.0,0.13333333333333333,0,0,0
3695.96,wallet,DEV_00813,IN,success,1594,26,21,0,1,1,1176.36,fashion,3695.96,0,6,1,3.141861334965487,0.8076923076923077,0.0,0.038461538461538464,0,0,0
9214.21,card,DEV_01813,IN,success,1983,22,16,1,1,1,4528.11,travel,9214.21,0,5,1,2.034890936836782,0.7272727272727273,0.045454545454545456,0.045454545454545456,1,0,0
13235.12,card,DEV_00580,GB,success,367,26,16,1,1,2,2461.56,travel,13235.12,0,4,0,5.376720453696031,0.6153846153846154,0.038461538461538464,0.038461538461538464,1,0,0
1144.52,netbanking,DEV_02766,GB,success,1677,8,7,0,1,1,4536.68,travel,1144.52,0,2,0,0.2522814040223247,0.875,0.0,0.125,0,0,0
27371.4,card,DEV_01429,AE,failed,627,17,12,1,1,4,5794.51,beauty,27371.4,0,3,0,4.723678102203638,0.7058823529411765,0.058823529411764705,0.058823529411764705,1,0,0
1879.72,wallet,DEV_00385,SG,failed,1420,29,24,0,2,3,4224.92,travel,1879.72,0,6,1,0.44491256639178967,0.8275862068965517,0.0,0.06896551724137931,0,0,0
4370.92,card,DEV_02777,SG,failed,542,6,2,0,4,2,1058.27,grocery,4370.92,0,5,1,4.130250314192031,0.3333333333333333,0.0,0.6666666666666666,0,0,0
4837.76,card,DEV_01541,GB,failed,1253,25,17,0,2,2,1273.95,electronics,4837.76,0,2,0,3.797448879469367,0.68,0.0,0.08,0,0,1
2468.95,netbanking,DEV_01634,AE,failed,1131,19,11,0,2,4,2595.57,fashion,2468.95,0,4,0,0.9512168810704391,0.5789473684210527,0.0,0.10526315789473684,0,0,0
4609.32,wallet,DEV_01213,IN,failed,1721,47,42,0,3,2,1818.71,electronics,4609.32,0,4,0,2.5343897597747853,0.8936170212765957,0.0,0.06382978723404255,0,0,0
1766.05,upi,DEV_00798,GB,success,1103,3,0,0,0,1,955.89,grocery,1766.05,0,6,1,1.847545219638243,0.0,0.0,0.0,0,0,0
1708.73,card,DEV_00072,SG,success,1618,34,30,0,2,4,2781.03,fashion,1708.73,0,3,0,0.6144234330445913,0.8823529411764706,0.0,0.058823529411764705,0,0,0
960.07,upi,DEV_00662,GB,failed,1779,26,20,1,1,4,2635.18,home,960.07,0,3,0,0.36432805349160213,0.7692307692307693,0.038461538461538464,0.038461538461538464,1,0,0
25543.81,netbanking,DEV_00804,AE,success,1397,36,30,0,1,1,781.41,electronics,25543.81,0,1,0,32.68938201456342,0.8333333333333334,0.0,0.027777777777777776,0,0,1
4065.85,upi,DEV_00521,IN,success,372,50,48,0,2,1,5828.72,travel,4065.85,0,4,0,0.6975545231199989,0.96,0.0,0.04,0,0,0
4204.65,netbanking,DEV_00999,SG,success,879,22,13,0,1,4,4621.97,beauty,4204.65,0,1,0,0.9097094961672186,0.5909090909090909,0.0,0.045454545454545456,0,0,0
8538.13,wallet,DEV_00088,GB,success,1958,42,42,0,0,4,1578.05,home,8538.13,0,5,1,5.410557333417826,1.0,0.0,0.0,0,0,0
2204.27,wallet,DEV_02752,US,success,1495,17,8,0,1,1,1350.21,beauty,2204.27,0,5,1,1.632538642137149,0.47058823529411764,0.0,0.058823529411764705,0,0,0
2724.68,card,DEV_01371,AE,success,885,3,0,0,4,4,3788.78,beauty,2724.68,0,1,0,0.7191444211593176,0.0,0.0,1.3333333333333333,0,0,0
3040.79,card,DEV_01347,IN,success,1288,28,28,1,1,4,5720.94,electronics,3040.79,0,4,0,0.5315192957800642,1.0,0.03571428571428571,0.03571428571428571,1,0,0
87554.35,card,DEV_00284,AE,success,1010,29,24,1,0,2,6320.43,grocery,87554.35,0,2,0,13.852593889972676,0.8275862068965517,0.034482758620689655,0.0,1,0,0
1087.48,wallet,DEV_00037,IN,success,1649,26,16,1,4,3,4228.78,grocery,1087.48,0,6,1,0.2571616400001892,0.6153846153846154,0.038461538461538464,0.15384615384615385,1,0,0
15168.83,upi,DEV_01644,GB,success,543,13,13,0,2,3,4046.94,electronics,15168.83,0,6,1,3.7482221134980995,1.0,0.0,0.15384615384615385,0,0,0
1491.98,netbanking,DEV_01920,GB,failed,381,40,37,1,2,3,3256.69,beauty,1491.98,0,2,0,0.458127730916974,0.925,0.025,0.05,1,0,0
931.77,upi,DEV_00904,GB,success,929,8,7,0,2,3,10597.63,electronics,931.77,0,6,1,0.08792248832993793,0.875,0.0,0.25,0,0,0
7744.85,netbanking,DEV_02016,IN,success,310,46,41,0,2,4,3618.28,grocery,7744.85,0,2,0,2.1404783488287253,0.8913043478260869,0.0,0.043478260869565216,0,0,0
2788.82,card,DEV_01162,SG,failed,1458,34,30,1,0,2,1933.87,home,2788.82,0,1,0,1.4420927983783813,0.8823529411764706,0.029411764705882353,0.0,1,0,0
2563.64,card,DEV_01033,AE,failed,1791,14,5,0,3,1,3136.97,electronics,2563.64,0,2,0,0.8172344651048623,0.35714285714285715,0.0,0.21428571428571427,0,0,0
1530.68,wallet,DEV_01162,US,success,144,11,5,0,2,2,5806.44,home,1530.68,0,0,0,0.26361763834638785,0.45454545454545453,0.0,0.18181818181818182,0,0,0
10888.99,card,DEV_00851,IN,success,769,36,32,1,2,3,2655.65,grocery,10888.99,0,3,0,4.100310658407546,0.8888888888888888,0.027777777777777776,0.05555555555555555,1,0,0
2076.78,wallet,DEV_01734,GB,success,1155,19,17,0,1,3,608.72,home,2076.78,0,5,1,3.4117163884873176,0.8947368421052632,0.0,0.05263157894736842,0,0,0
5052.84,netbanking,DEV_01610,SG,success,1865,7,5,0,2,4,8328.97,travel,5052.84,0,4,0,0.6066584463625154,0.7142857142857143,0.0,0.2857142857142857,0,0,0
2790.24,upi,DEV_02952,AE,success,910,29,22,0,0,4,8385.6,grocery,2790.24,0,6,1,0.3327418431597023,0.7586206896551724,0.0,0.0,0,0,0
4016.29,netbanking,DEV_00011,IN,success,1520,15,5,0,0,1,1767.63,grocery,4016.29,0,0,0,2.272132742711993,0.3333333333333333,0.0,0.0,0,0,0
11943.01,upi,DEV_00086,SG,success,264,38,37,0,2,4,4597.96,home,11943.01,0,5,1,2.5974584380899355,0.9736842105263158,0.0,0.05263157894736842,0,0,0
5073.47,card,DEV_01246,AE,success,44,12,3,0,3,3,2522.17,software,5073.47,0,2,0,2.011549578339287,0.25,0.0,0.25,0,0,0
7803.55,netbanking,DEV_00353,SG,success,434,47,46,2,2,4,951.07,software,7803.55,0,2,0,8.2050217123871,0.9787234042553191,0.0425531914893617,0.0425531914893617,1,0,0
5508.89,netbanking,DEV_00854,US,success,1187,47,47,0,3,3,4407.69,electronics,5508.89,0,3,0,1.249836081938612,1.0,0.0,0.06382978723404255,0,0,0
714.92,wallet,DEV_02670,US,success,311,7,3,1,2,2,11044.37,software,714.92,0,0,0,0.06473162344253225,0.42857142857142855,0.14285714285714285,0.2857142857142857,1,0,0
576.57,upi,DEV_00961,GB,success,1407,48,48,1,0,3,1314.12,software,576.57,0,5,1,0.4387498858551731,1.0,0.020833333333333332,0.0,1,0,0
2876.68,wallet,DEV_02451,US,success,434,47,46,2,2,4,951.07,software,2876.68,0,0,0,3.0246774685354385,0.9787234042553191,0.0425531914893617,0.0425531914893617,1,0,0
1394.9,card,DEV_00239,IN,success,914,45,44,1,0,4,7753.26,beauty,1394.9,0,5,1,0.1799114179067902,0.9777777777777777,0.022222222222222223,0.0,1,0,1
5349.94,card,DEV_02156,SG,success,363,29,20,1,2,1,998.12,electronics,5349.94,0,6,1,5.360016831643489,0.6896551724137931,0.034482758620689655,0.06896551724137931,1,0,0
2013.87,card,DEV_02266,AE,success,1381,13,9,0,1,3,1755.58,grocery,2013.87,0,3,0,1.147125166611604,0.6923076923076923,0.0,0.07692307692307693,0,0,0
592.63,card,DEV_01269,SG,success,739,29,29,0,0,3,4013.73,grocery,592.63,0,0,0,0.14765068900997327,1.0,0.0,0.0,0,0,1
949.81,upi,DEV_01376,GB,success,542,6,2,0,4,2,1058.27,travel,949.81,0,5,1,0.8975119770946922,0.3333333333333333,0.0,0.6666666666666666,0,0,0
2656.55,upi,DEV_02560,IN,success,1509,33,24,0,1,2,1308.12,travel,2656.55,0,1,0,2.030815215729444,0.7272727272727273,0.0,0.030303030303030304,0,0,0
4351.92,card,DEV_01076,US,failed,752,23,20,0,3,4,618.95,software,4351.92,0,4,0,7.0311333710315855,0.8695652173913043,0.0,0.13043478260869565,0,0,0
2195.04,wallet,DEV_01740,IN,failed,1625,45,35,1,1,3,5988.33,home,2195.04,0,2,0,0.36655294547895656,0.7777777777777778,0.022222222222222223,0.022222222222222223,1,0,0
3437.8,wallet,DEV_00698,SG,success,1644,5,2,1,1,2,4409.93,beauty,3437.8,0,6,1,0.7795588592109172,0.4,0.2,0.2,1,0,0
10131.11,card,DEV_00575,US,failed,856,28,25,1,1,4,4975.78,fashion,10131.11,0,0,0,2.0360847947457485,0.8928571428571429,0.03571428571428571,0.03571428571428571,1,0,0
5673.31,card,DEV_01429,SG,failed,1655,24,22,0,0,2,3823.53,fashion,5673.31,0,3,0,1.483788540955609,0.9166666666666666,0.0,0.0,0,0,0
6850.58,netbanking,DEV_01876,IN,success,578,5,1,0,0,3,4093.09,beauty,6850.58,0,2,0,1.673693957376945,0.2,0.0,0.0,0,0,0
6578.23,upi,DEV_00302,IN,success,834,40,34,1,0,3,2932.22,beauty,6578.23,0,5,1,2.2434298927092784,0.85,0.025,0.0,1,0,0
910.8,upi,DEV_02763,US,failed,392,50,50,0,0,4,796.61,grocery,910.8,0,5,1,1.1433449241159412,1.0,0.0,0.0,0,0,0
3957.95,wallet,DEV_00831,SG,success,1684,36,27,0,1,1,1199.75,home,3957.95,0,5,1,3.298978953948739,0.75,0.0,0.027777777777777776,0,0,0
2516.67,upi,DEV_00388,SG,success,553,11,1,2,3,3,3111.06,home,2516.67,0,5,1,0.8089429326338933,0.09090909090909091,0.18181818181818182,0.2727272727272727,1,0,0
8642.86,netbanking,DEV_00574,AE,success,490,13,5,0,2,1,5303.77,home,8642.86,0,4,0,1.6295691555252207,0.38461538461538464,0.0,0.15384615384615385,0,0,0
14486.81,wallet,DEV_01672,GB,success,688,14,4,0,1,2,1689.12,beauty,14486.81,0,0,0,8.57654281519371,0.2857142857142857,0.0,0.07142857142857142,0,0,0
10339.76,card,DEV_01662,AE,failed,1571,22,18,0,2,1,2365.91,fashion,10339.76,0,0,0,4.370309944165248,0.8181818181818182,0.0,0.09090909090909091,0,0,0
5181.68,card,DEV_02086,AE,failed,1313,16,10,0,2,4,935.99,beauty,5181.68,0,6,1,5.5360420517313225,0.625,0.0,0.125,0,0,0
813.34,upi,DEV_02696,SG,success,1287,1,0,0,2,4,1075.34,electronics,813.34,0,1,0,0.7563561292242454,0.0,0.0,2.0,0,0,0
696.2,wallet,DEV_00968,AE,success,1811,50,43,0,0,1,1484.5,electronics,696.2,0,2,0,0.468979454361738,0.86,0.0,0.0,0,0,0
1159.47,card,DEV_00360,AE,success,1212,44,39,0,1,3,1230.03,travel,1159.47,0,4,0,0.9426355454745007,0.8863636363636364,0.0,0.022727272727272728,0,0,0
3063.34,wallet,DEV_01645,US,success,1734,12,5,0,2,3,783.41,home,3063.34,0,0,0,3.9102641018113125,0.4166666666666667,0.0,0.16666666666666666,0,0,0
1704.29,upi,DEV_01742,AE,failed,687,13,6,1,0,3,2649.45,grocery,1704.29,0,2,0,0.6432618090547095,0.46153846153846156,0.07692307692307693,0.0,1,0,0
891.31,card,DEV_02335,US,failed,671,36,26,0,2,1,2348.76,home,891.31,0,5,1,0.37948108789318613,0.7222222222222222,0.0,0.05555555555555555,0,0,0
2564.57,card,DEV_01619,GB,success,299,12,2,1,3,3,2742.27,electronics,2564.57,0,4,0,0.9351996703461002,0.16666666666666666,0.08333333333333333,0.25,1,0,0
2980.55,card,DEV_01900,GB,success,1519,42,34,0,3,2,3406.19,travel,2980.55,0,4,0,0.8750392667467171,0.8095238095238095,0.0,0.07142857142857142,0,0,0
3382.37,netbanking,DEV_02317,SG,success,718,2,1,0,1,3,5195.56,grocery,3382.37,0,2,0,0.6510116330097236,0.5,0.0,0.5,0,0,0
2064.93,netbanking,DEV_01399,SG,failed,180,31,30,1,1,4,3731.82,travel,2064.93,0,6,1,0.5533305464893804,0.967741935483871,0.03225806451612903,0.03225806451612903,1,0,0
4452.62,wallet,DEV_00624,AE,failed,928,16,15,0,2,1,9860.33,travel,4452.62,0,1,0,0.45156906513270856,0.9375,0.0,0.125,0,0,0
3527.34,wallet,DEV_01214,IN,success,1197,41,33,0,2,4,1855.08,electronics,3527.34,0,3,0,1.9014489941134616,0.8048780487804879,0.0,0.04878048780487805,0,0,0
939.06,netbanking,DEV_02180,IN,success,1655,24,22,0,0,2,3823.53,electronics,939.06,0,0,0,0.24560026990765077,0.9166666666666666,0.0,0.0,0,0,1
10085.94,card,DEV_02911,GB,failed,940,24,18,0,2,1,5802.74,software,10085.94,0,6,1,1.7381340539124621,0.75,0.0,0.08333333333333333,0,0,0
2393.89,card,DEV_01588,GB,success,474,22,18,0,1,3,1804.12,electronics,2393.89,0,0,0,1.3269017581979026,0.8181818181818182,0.0,0.045454545454545456,0,0,0
9153.38,card,DEV_00570,SG,success,541,10,5,0,2,2,2993.95,grocery,9153.38,0,6,1,3.057292205948663,0.5,0.0,0.2,0,0,0
879.61,wallet,DEV_01438,IN,failed,425,3,0,0,3,1,3177.46,software,879.61,0,6,1,0.276828032453595,0.0,0.0,1.0,0,0,0
6314.42,card,DEV_02656,IN,success,438,30,25,0,1,3,5409.88,home,6314.42,0,1,0,1.1672014906060764,0.8333333333333334,0.0,0.03333333333333333,0,0,0
1380.9,wallet,DEV_00162,IN,success,1727,31,30,0,2,2,2897.53,grocery,1380.9,0,2,0,0.47657832705787345,0.967741935483871,0.0,0.06451612903225806,0,0,0
4605.81,card,DEV_00018,SG,success,749,28,23,0,4,2,10557.32,electronics,4605.81,0,1,0,0.436266969268716,0.8214285714285714,0.0,0.14285714285714285,0,0,0
1928.3,netbanking,DEV_02435,US,failed,324,35,31,2,0,2,2587.71,home,1928.3,0,3,0,0.7451762369044445,0.8857142857142857,0.05714285714285714,0.0,1,0,1
4258.37,wallet,DEV_01432,AE,success,1648,32,22,0,2,3,4551.27,beauty,4258.37,0,1,0,0.9356443366357081,0.6875,0.0,0.0625,0,0,0
1164.32,card,DEV_00579,SG,success,955,20,13,0,1,3,771.13,grocery,1164.32,0,4,0,1.5098880863148885,0.65,0.0,0.05,0,0,1
2484.79,card,DEV_00417,US,success,647,31,29,1,0,2,1352.87,beauty,2484.79,0,6,1,1.836680538410934,0.9354838709677419,0.03225806451612903,0.0,1,0,0
17499.71,card,DEV_02637,SG,success,35,1,0,0,1,1,2275.65,software,17499.71,0,5,1,7.68998308175686,0.0,0.0,1.0,0,0,0
1691.25,wallet,DEV_01128,US,success,341,50,43,0,2,1,3416.77,grocery,1691.25,0,2,0,0.49498502972105235,0.86,0.0,0.04,0,0,0
4009.59,wallet,DEV_02710,SG,success,1876,32,27,0,2,2,3060.51,grocery,4009.59,0,0,0,1.3101051785486733,0.84375,0.0,0.0625,0,0,0
3945.15,upi,DEV_00664,US,success,374,37,33,0,0,4,2820.45,electronics,3945.15,0,3,0,1.398766154337074,0.8918918918918919,0.0,0.0,0,0,0
4703.06,wallet,DEV_02477,US,success,1690,22,13,0,0,2,6368.6,electronics,4703.06,0,3,0,0.7384762742203939,0.5909090909090909,0.0,0.0,0,0,0
12732.39,card,DEV_01575,US,success,443,7,7,0,3,2,4921.84,travel,12732.39,0,5,1,2.5869166815662434,1.0,0.0,0.42857142857142855,0,0,0
5063.11,card,DEV_02042,US,success,962,21,14,0,1,2,1604.21,software,5063.11,0,1,0,3.1561391588383065,0.6666666666666666,0.0,0.047619047619047616,0,0,0
3820.25,netbanking,DEV_00708,AE,failed,784,30,28,0,1,4,4084.4,travel,3820.25,0,1,0,0.9353270982274018,0.9333333333333333,0.0,0.03333333333333333,0,0,0
1986.23,upi,DEV_01064,SG,success,1878,21,19,0,1,3,2064.47,beauty,1986.23,0,6,1,0.962101653208814,0.9047619047619048,0.0,0.047619047619047616,0,0,0
5089.31,upi,DEV_01924,GB,success,1686,31,29,1,1,3,2314.29,home,5089.31,0,2,0,2.1990804955299468,0.9354838709677419,0.03225806451612903,0.03225806451612903,1,0,0
774.74,wallet,DEV_02828,IN,success,929,8,7,0,2,3,10597.63,software,774.74,0,6,1,0.07310502442527245,0.875,0.0,0.25,0,0,0
6220.33,netbanking,DEV_01602,SG,failed,963,20,20,0,0,4,778.88,grocery,6220.33,0,6,1,7.9862494864420706,1.0,0.0,0.0,0,0,1
2306.36,wallet,DEV_01048,IN,failed,1665,12,3,1,0,1,3044.88,electronics,2306.36,0,5,1,0.7574551378051023,0.25,0.08333333333333333,0.0,1,0,0
3686.7,wallet,DEV_00854,GB,success,592,1,0,1,3,4,1408.93,beauty,3686.7,0,0,0,2.6166665483735883,0.0,1.0,3.0,1,0,0
3397.69,netbanking,DEV_01527,US,success,1153,29,21,1,3,2,8520.18,software,3397.69,0,5,1,0.3987814811424172,0.7241379310344828,0.034482758620689655,0.10344827586206896,1,0,1
3847.5,card,DEV_01150,AE,failed,961,6,2,1,1,3,5116.31,beauty,3847.5,0,2,0,0.7520068174133311,0.3333333333333333,0.16666666666666666,0.16666666666666666,1,0,0
891.21,wallet,DEV_01450,SG,success,351,16,8,0,2,1,1774.75,travel,891.21,0,4,0,0.502160867727849,0.5,0.0,0.125,0,0,0
3716.76,upi,DEV_01216,SG,success,352,24,18,0,2,3,12584.82,beauty,3716.76,0,3,0,0.2953367628619242,0.75,0.0,0.08333333333333333,0,0,1
1753.65,netbanking,DEV_02683,SG,success,531,48,38,0,0,4,5151.04,electronics,1753.65,0,0,0,0.3404458128843884,0.7916666666666666,0.0,0.0,0,0,0
2734.04,wallet,DEV_02026,US,failed,1851,26,23,1,2,4,12999.48,home,2734.04,0,2,0,0.21031918199804917,0.8846153846153846,0.038461538461538464,0.07692307692307693,1,0,0
1561.68,netbanking,DEV_02121,GB,success,1420,29,24,0,2,3,4224.92,software,1561.68,0,1,0,0.3696354013803812,0.8275862068965517,0.0,0.06896551724137931,0,0,0
1450.95,card,DEV_02716,AE,success,1839,4,1,0,2,2,2085.36,beauty,1450.95,0,5,1,0.6957791460467257,0.25,0.0,0.5,0,0,0
6171.1,wallet,DEV_00019,SG,success,867,50,45,2,1,1,843.7,home,6171.1,0,4,0,7.314329738058552,0.9,0.04,0.02,1,0,0
5695.74,upi,DEV_00652,AE,success,1622,13,4,1,2,4,7137.87,electronics,5695.74,0,4,0,0.797960736186005,0.3076923076923077,0.07692307692307693,0.15384615384615385,1,0,0
5914.59,netbanking,DEV_01232,US,failed,996,24,20,0,1,2,2713.78,beauty,5914.59,0,2,0,2.179465542527397,0.8333333333333334,0.0,0.041666666666666664,0,0,0
1741.35,netbanking,DEV_02194,IN,success,120,1,0,0,3,1,4403.32,travel,1741.35,0,3,0,0.39546296885077625,0.0,0.0,3.0,0,0,0
3087.04,netbanking,DEV_01308,IN,success,1841,42,39,2,1,2,3109.33,electronics,3087.04,0,4,0,0.9928312530352198,0.9285714285714286,0.047619047619047616,0.023809523809523808,1,0,0
2954.48,upi,DEV_02180,GB,failed,599,30,30,0,2,3,2834.42,fashion,2954.48,0,0,0,1.0423578721572668,1.0,0.0,0.06666666666666667,0,0,0
4080.45,upi,DEV_00034,IN,success,428,3,1,1,0,2,2382.56,home,4080.45,0,1,0,1.7126326304479216,0.3333333333333333,0.3333333333333333,0.0,1,0,0
2269.95,netbanking,DEV_00706,SG,success,1213,36,29,0,0,1,2288.91,travel,2269.95,0,1,0,0.9917165812548331,0.8055555555555556,0.0,0.0,0,0,0
1787.64,card,DEV_02855,AE,success,1466,35,26,0,2,2,3836.47,electronics,1787.64,0,5,1,0.4659595930634151,0.7428571428571429,0.0,0.05714285714285714,0,0,0
1340.61,wallet,DEV_00582,SG,success,340,10,9,0,3,3,1081.81,electronics,1340.61,0,6,1,1.2392287000489919,0.9,0.0,0.3,0,0,0
3141.56,netbanking,DEV_02732,IN,success,531,36,30,0,2,2,6730.22,fashion,3141.56,0,1,0,0.46678414672923024,0.8333333333333334,0.0,0.05555555555555555,0,0,0
12623.57,card,DEV_01728,US,success,308,6,1,0,0,4,6723.78,software,12623.57,0,4,0,1.8774513740782715,0.16666666666666666,0.0,0.0,0,0,0
7540.68,card,DEV_01452,IN,success,994,32,32,1,0,3,6937.01,grocery,7540.68,0,1,0,1.0870216418889407,1.0,0.03125,0.0,1,0,0
4288.41,card,DEV_01229,GB,success,545,16,16,0,1,4,4553.52,beauty,4288.41,0,1,0,0.9417791071522689,1.0,0.0,0.0625,0,0,0
2439.44,card,DEV_01277,US,success,1925,41,39,2,2,2,2098.06,home,2439.44,0,6,1,1.162712219860252,0.9512195121951219,0.04878048780487805,0.04878048780487805,1,0,1
1915.68,card,DEV_00571,AE,success,1299,44,37,0,3,4,9389.82,travel,1915.68,0,1,0,0.20401669041579074,0.8409090909090909,0.0,0.06818181818181818,0,0,0
14661.1,upi,DEV_00917,AE,success,180,35,28,1,1,3,3129.9,home,14661.1,0,0,0,4.6842071631681526,0.8,0.02857142857142857,0.02857142857142857,1,0,1
2619.19,upi,DEV_00323,IN,success,565,35,31,0,2,3,6054.5,grocery,2619.19,0,3,0,0.43260219671318856,0.8857142857142857,0.0,0.05714285714285714,0,0,1
2792.22,upi,DEV_02691,GB,success,1902,14,9,3,1,3,6652.95,beauty,2792.22,0,3,0,0.4196965256014249,0.6428571428571429,0.21428571428571427,0.07142857142857142,1,0,1
6563.51,netbanking,DEV_00684,AE,success,869,42,34,0,1,1,3629.44,beauty,6563.51,0,3,0,1.8084084597072827,0.8095238095238095,0.0,0.023809523809523808,0,0,0
6338.57,wallet,DEV_01083,US,failed,1524,7,5,3,2,4,1146.16,electronics,6338.57,0,4,0,5.5302662804495,0.7142857142857143,0.42857142857142855,0.2857142857142857,1,0,0
6676.8,wallet,DEV_00751,GB,success,939,37,34,1,0,1,3691.06,grocery,6676.8,0,3,0,1.8089112612637022,0.918918918918919,0.02702702702702703,0.0,1,0,0
2503.1,netbanking,DEV_02032,US,success,1197,40,40,0,4,4,1618.34,travel,2503.1,0,5,1,1.5467083554753636,1.0,0.0,0.1,0,0,0
2044.87,netbanking,DEV_01428,GB,success,951,37,37,0,0,2,1183.21,grocery,2044.87,0,6,1,1.7282392812772034,1.0,0.0,0.0,0,0,0
13717.2,netbanking,DEV_02589,AE,success,1339,8,0,0,3,3,3623.98,travel,13717.2,0,6,1,3.7851202269328197,0.0,0.0,0.375,0,0,0
3944.42,upi,DEV_01328,IN,failed,316,47,45,0,1,4,1422.84,electronics,3944.42,0,2,0,2.772216131118046,0.9574468085106383,0.0,0.02127659574468085,0,0,0
6200.05,netbanking,DEV_01410,GB,success,1787,37,36,0,3,1,895.54,grocery,6200.05,0,6,1,6.923253009357484,0.972972972972973,0.0,0.08108108108108109,0,0,0
3702.97,wallet,DEV_02862,IN,failed,395,38,32,0,2,1,2271.85,beauty,3702.97,0,2,0,1.6299359552787376,0.8421052631578947,0.0,0.05263157894736842,0,0,0
1437.56,upi,DEV_01942,US,success,740,44,39,1,2,3,2179.71,beauty,1437.56,0,2,0,0.6595189268297158,0.8863636363636364,0.022727272727272728,0.045454545454545456,1,0,0
8059.96,wallet,DEV_01867,US,failed,148,16,7,0,1,4,6010.59,home,8059.96,0,3,0,1.3409598724917187,0.4375,0.0,0.0625,0,0,0
13869.24,netbanking,DEV_01579,IN,success,1817,48,38,0,1,2,5193.79,software,13869.24,0,1,0,2.67035055325687,0.7916666666666666,0.0,0.020833333333333332,0,0,0
9828.82,card,DEV_02736,GB,failed,364,30,26,1,0,3,1692.66,travel,9828.82,0,5,1,5.806730235251025,0.8666666666666667,0.03333333333333333,0.0,1,0,0
1955.1,netbanking,DEV_01734,US,failed,553,11,1,2,3,3,3111.06,grocery,1955.1,0,1,0,0.6284353242946134,0.09090909090909091,0.18181818181818182,0.2727272727272727,1,0,0
3002.62,netbanking,DEV_00416,US,failed,1507,4,4,0,1,4,2414.96,travel,3002.62,0,6,1,1.2433415046211944,1.0,0.0,0.25,0,0,1
12464.73,card,DEV_02105,GB,success,683,19,19,1,1,4,7780.5,home,12464.73,0,4,0,1.6020474262579525,1.0,0.05263157894736842,0.05263157894736842,1,0,0
989.47,wallet,DEV_01607,US,success,922,38,34,0,1,1,4946.95,travel,989.47,0,6,1,0.20001617158046878,0.8947368421052632,0.0,0.02631578947368421,0,0,0
3856.65,wallet,DEV_02339,US,failed,1635,16,13,0,2,4,1239.78,grocery,3856.65,0,3,0,3.1107535207859462,0.8125,0.0,0.125,0,0,0
11063.98,upi,DEV_00083,US,success,848,16,8,1,2,1,2133.76,beauty,11063.98,0,0,0,5.185203584283142,0.5,0.0625,0.125,1,0,0
3433.44,card,DEV_01786,AE,success,516,33,27,0,0,1,2129.3,travel,3433.44,0,4,0,1.612473582867609,0.8181818181818182,0.0,0.0,0,0,0
10446.98,netbanking,DEV_00134,GB,success,824,36,32,0,0,3,6233.82,travel,10446.98,0,5,1,1.6758552540817668,0.8888888888888888,0.0,0.0,0,0,0
12316.23,upi,DEV_02774,AE,success,133,22,15,1,1,2,10503.78,electronics,12316.23,0,3,0,1.1725521669341894,0.6818181818181818,0.045454545454545456,0.045454545454545456,1,0,1
5061.36,card,DEV_00710,US,success,711,4,2,0,1,3,1174.31,grocery,5061.36,0,4,0,4.310071446210967,0.5,0.0,0.25,0,0,0
10990.9,card,DEV_01264,SG,success,775,28,19,0,3,3,5727.92,home,10990.9,0,0,0,1.91882917359181,0.6785714285714286,0.0,0.10714285714285714,0,0,0
1876.41,netbanking,DEV_02664,US,success,736,22,20,0,0,4,3254.86,home,1876.41,0,3,0,0.5764948415600056,0.9090909090909091,0.0,0.0,0,0,0
7631.72,netbanking,DEV_02490,US,success,1951,31,27,0,2,3,4729.96,fashion,7631.72,0,0,0,1.6134851034681055,0.8709677419354839,0.0,0.06451612903225806,0,0,0
7378.21,netbanking,DEV_00190,US,success,1122,42,37,1,3,3,3192.78,travel,7378.21,0,4,0,2.310904603511673,0.8809523809523809,0.023809523809523808,0.07142857142857142,1,0,0
12103.2,upi,DEV_00439,US,success,1875,19,19,0,3,2,4870.55,grocery,12103.2,0,5,1,2.484976029401197,1.0,0.0,0.15789473684210525,0,0,0
1882.63,wallet,DEV_01482,GB,failed,522,42,41,0,3,2,6713.58,electronics,1882.63,0,4,0,0.28042117618319884,0.9761904761904762,0.0,0.07142857142857142,0,0,0
3675.61,wallet,DEV_00757,SG,success,1793,19,9,0,2,2,3893.05,electronics,3675.61,0,5,1,0.9441466202591798,0.47368421052631576,0.0,0.10526315789473684,0,0,0
9206.86,card,DEV_02943,GB,success,1864,17,13,0,0,1,1164.23,grocery,9206.86,0,0,0,7.9081109402781244,0.7647058823529411,0.0,0.0,0,0,0
3215.62,netbanking,DEV_02576,GB,success,1122,42,37,1,3,3,3192.78,travel,3215.62,0,3,0,1.007153640401155,0.8809523809523809,0.023809523809523808,0.07142857142857142,1,0,0
1767.51,upi,DEV_02650,GB,failed,1618,19,15,0,1,4,2119.61,grocery,1767.51,0,3,0,0.8338845353626374,0.7894736842105263,0.0,0.05263157894736842,0,0,1
2234.63,netbanking,DEV_00922,IN,success,774,4,1,1,0,4,7166.65,home,2234.63,0,5,1,0.3118095623478194,0.25,0.25,0.0,1,0,0
10929.72,upi,DEV_02722,SG,failed,1872,4,4,2,1,4,1260.89,travel,10929.72,0,0,0,8.668258135126774,1.0,0.5,0.25,1,0,0
4217.89,card,DEV_02778,IN,success,1353,43,39,0,1,3,3216.32,travel,4217.89,0,1,0,1.3114024723908069,0.9069767441860465,0.0,0.023255813953488372,0,0,0
3123.72,wallet,DEV_00603,SG,failed,1781,24,15,0,0,3,6836.24,beauty,3123.72,0,4,0,0.4569353913847378,0.625,0.0,0.0,0,0,0
2158.87,upi,DEV_01597,GB,success,1239,28,18,0,1,1,781.1,home,2158.87,0,0,0,2.7638842657790295,0.6428571428571429,0.0,0.03571428571428571,0,0,0
1206.25,wallet,DEV_00876,US,success,1609,29,22,0,2,1,2856.16,fashion,1206.25,0,0,0,0.42233278247717215,0.7586206896551724,0.0,0.06896551724137931,0,0,0
1668.12,wallet,DEV_00579,SG,success,1675,36,28,0,1,1,2507.6,beauty,1668.12,0,3,0,0.6652257138299569,0.7777777777777778,0.0,0.027777777777777776,0,0,0
3432.14,wallet,DEV_00937,SG,success,1569,16,16,2,4,3,2729.71,electronics,3432.14,0,0,0,1.2573277014774462,1.0,0.125,0.25,1,0,0
5377.03,card,DEV_02432,SG,failed,256,7,1,0,1,1,5138.88,grocery,5377.03,0,3,0,1.046342782863192,0.14285714285714285,0.0,0.14285714285714285,0,0,0
5965.03,card,DEV_01320,AE,failed,184,41,32,0,0,4,1152.0,travel,5965.03,0,2,0,5.177977430555555,0.7804878048780488,0.0,0.0,0,0,1
1429.38,wallet,DEV_01983,IN,success,425,3,0,0,3,1,3177.46,fashion,1429.38,0,4,0,0.44984988009290444,0.0,0.0,1.0,0,0,0
4683.22,netbanking,DEV_00561,SG,failed,804,20,14,1,0,2,2344.87,home,4683.22,0,1,0,1.9972194620597306,0.7,0.05,0.0,1,0,0
1060.67,wallet,DEV_00005,AE,success,1602,9,6,1,2,1,4819.49,travel,1060.67,0,6,1,0.22007930299679015,0.6666666666666666,0.1111111111111111,0.2222222222222222,1,0,0
6483.15,netbanking,DEV_02437,SG,success,478,41,34,1,1,3,13480.78,beauty,6483.15,0,1,0,0.4809180180968757,0.8292682926829268,0.024390243902439025,0.024390243902439025,1,0,0
6696.96,netbanking,DEV_00805,IN,success,1557,36,31,0,1,3,5535.13,grocery,6696.96,0,5,1,1.2099011224668617,0.8611111111111112,0.0,0.027777777777777776,0,0,0
8569.72,netbanking,DEV_00210,IN,success,1185,14,11,1,1,3,2336.46,beauty,8569.72,0,0,0,3.6678222610273656,0.7857142857142857,0.07142857142857142,0.07142857142857142,1,0,0
20020.95,card,DEV_00537,AE,success,1606,20,12,2,3,3,3245.76,beauty,20020.95,0,4,0,6.168339618456078,0.6,0.1,0.15,1,0,0
4399.47,wallet,DEV_02274,SG,success,1263,12,10,1,1,3,3239.95,travel,4399.47,0,4,0,1.357882066081267,0.8333333333333334,0.08333333333333333,0.08333333333333333,1,0,0
9703.4,netbanking,DEV_02614,GB,success,1928,9,9,1,1,4,1988.72,beauty,9703.4,0,4,0,4.87921879399815,1.0,0.1111111111111111,0.1111111111111111,1,0,0
5042.0,upi,DEV_02435,GB,failed,570,30,20,1,1,1,2347.01,home,5042.0,0,5,1,2.148265239602728,0.6666666666666666,0.03333333333333333,0.03333333333333333,1,0,0
2823.28,wallet,DEV_01625,IN,success,958,5,5,0,2,1,12051.78,electronics,2823.28,0,0,0,0.23426249068602314,1.0,0.0,0.4,0,0,0
1782.79,netbanking,DEV_00035,SG,success,491,10,5,0,1,4,2390.63,home,1782.79,0,6,1,0.7457406625031895,0.5,0.0,0.1,0,0,0
5357.33,netbanking,DEV_01672,AE,success,1367,23,13,1,0,2,1916.79,fashion,5357.33,0,1,0,2.79494884676986,0.5652173913043478,0.043478260869565216,0.0,1,0,0
1737.37,netbanking,DEV_02562,IN,success,318,49,42,0,2,4,2009.11,grocery,1737.37,0,0,0,0.8647460815983197,0.8571428571428571,0.0,0.04081632653061224,0,0,0
2411.01,upi,DEV_01737,SG,success,1067,19,19,0,0,4,3353.1,grocery,2411.01,0,6,1,0.7190390981479825,1.0,0.0,0.0,0,0,0
4145.74,card,DEV_00310,US,success,724,12,9,0,2,4,1296.48,travel,4145.74,0,5,1,3.1976891274836476,0.75,0.0,0.16666666666666666,0,0,0
5589.02,wallet,DEV_00707,IN,success,1145,45,38,1,1,2,4650.5,grocery,5589.02,0,1,0,1.2018105580045157,0.8444444444444444,0.022222222222222223,0.022222222222222223,1,0,1
3063.16,card,DEV_00999,US,failed,1643,47,37,2,0,4,6874.06,home,3063.16,0,4,0,0.4456114726959031,0.7872340425531915,0.0425531914893617,0.0,1,0,0
4019.52,card,DEV_00412,SG,success,1886,43,38,0,2,3,5671.68,software,4019.52,0,5,1,0.708700067704807,0.8837209302325582,0.0,0.046511627906976744,0,0,1
3986.15,upi,DEV_00012,IN,success,821,33,30,0,1,3,1874.41,beauty,3986.15,0,0,0,2.1266158417848815,0.9090909090909091,0.0,0.030303030303030304,0,0,0
8197.94,netbanking,DEV_00967,US,success,1802,10,7,0,3,4,2683.73,software,8197.94,0,4,0,3.0546813576626564,0.7,0.0,0.3,0,0,0
4953.99,card,DEV_02753,AE,success,1522,27,26,0,0,1,4173.55,grocery,4953.99,0,3,0,1.1869966814821913,0.9629629629629629,0.0,0.0,0,0,0
8282.88,wallet,DEV_00911,AE,success,1443,46,43,1,4,3,4152.82,fashion,8282.88,0,1,0,1.9945193868263011,0.9347826086956522,0.021739130434782608,0.08695652173913043,1,0,0
5783.18,upi,DEV_02202,SG,success,1531,8,0,1,1,3,4186.0,fashion,5783.18,0,1,0,1.381552795031056,0.0,0.125,0.125,1,0,1
4760.46,wallet,DEV_01006,AE,success,242,27,26,0,1,4,3407.18,software,4760.46,0,2,0,1.397184768635646,0.9629629629629629,0.0,0.037037037037037035,0,0,1
5056.03,wallet,DEV_02091,SG,success,1376,35,32,0,2,4,6473.06,electronics,5056.03,0,1,0,0.781088078899315,0.9142857142857143,0.0,0.05714285714285714,0,0,0
4848.25,wallet,DEV_01755,AE,success,478,41,34,1,1,3,13480.78,software,4848.25,0,1,0,0.3596416527827025,0.8292682926829268,0.024390243902439025,0.024390243902439025,1,0,0
2743.43,card,DEV_00095,GB,success,1614,49,41,2,0,2,3759.49,grocery,2743.43,0,1,0,0.7297346182593916,0.8367346938775511,0.04081632653061224,0.0,1,0,0
13690.69,netbanking,DEV_02863,IN,success,1737,35,29,0,1,1,5904.18,beauty,13690.69,0,6,1,2.3188131120663664,0.8285714285714286,0.0,0.02857142857142857,0,0,1
4092.64,wallet,DEV_00037,AE,failed,577,29,22,1,3,2,5559.53,beauty,4092.64,0,4,0,0.736148559320662,0.7586206896551724,0.034482758620689655,0.10344827586206896,1,0,1
2032.92,upi,DEV_01102,SG,success,232,45,37,0,2,1,4061.16,fashion,2032.92,0,5,1,0.5005761900540733,0.8222222222222222,0.0,0.044444444444444446,0,0,0
4768.65,netbanking,DEV_00427,US,failed,499,16,10,0,0,4,910.07,home,4768.65,0,2,0,5.239871658224092,0.625,0.0,0.0,0,0,0
4052.54,card,DEV_02168,GB,success,1487,48,46,0,3,2,2935.33,travel,4052.54,0,2,0,1.3806079725277907,0.9583333333333334,0.0,0.0625,0,0,0
3630.23,card,DEV_02549,GB,success,389,32,22,0,1,1,1325.04,beauty,3630.23,0,4,0,2.739713518082473,0.6875,0.0,0.03125,0,0,1
1229.1,netbanking,DEV_01064,GB,failed,1438,32,29,0,0,3,1881.74,home,1229.1,0,5,1,0.6531720641533899,0.90625,0.0,0.0,0,0,0
1392.23,upi,DEV_02527,AE,success,274,33,33,0,2,1,2256.81,travel,1392.23,0,0,0,0.6169017329770783,1.0,0.0,0.06060606060606061,0,0,1
3724.27,wallet,DEV_00471,SG,failed,1721,45,44,0,0,1,4322.02,beauty,3724.27,0,1,0,0.8616966140832295,0.9777777777777777,0.0,0.0,0,0,0
1005.36,wallet,DEV_02042,IN,failed,1084,30,27,1,4,3,5254.82,electronics,1005.36,0,0,0,0.19132149150684516,0.9,0.03333333333333333,0.13333333333333333,1,0,0
2293.67,wallet,DEV_02804,IN,failed,201,49,41,0,0,3,18978.09,software,2293.67,0,4,0,0.12085884301317994,0.8367346938775511,0.0,0.0,0,0,0
6022.65,upi,DEV_01744,US,success,1331,30,24,0,2,4,4471.61,software,6022.65,0,5,1,1.3468638812418794,0.8,0.0,0.06666666666666667,0,0,0
1009.05,wallet,DEV_00437,US,failed,394,29,20,1,1,4,3512.1,fashion,1009.05,0,3,0,0.28730673955752967,0.6896551724137931,0.034482758620689655,0.034482758620689655,1,0,0
3668.56,wallet,DEV_01805,SG,success,538,36,35,0,1,3,3762.45,software,3668.56,0,3,0,0.9750455155550241,0.9722222222222222,0.0,0.027777777777777776,0,0,0
1693.22,netbanking,DEV_01489,AE,failed,1066,2,1,0,2,2,2133.49,software,1693.22,0,0,0,0.793638592165888,0.5,0.0,1.0,0,0,0
5187.26,card,DEV_00802,SG,failed,592,41,31,0,1,1,1773.02,grocery,5187.26,0,2,0,2.925663557094675,0.7560975609756098,0.0,0.024390243902439025,0,0,0
3828.3,netbanking,DEV_00191,US,success,105,19,12,1,2,1,8070.12,grocery,3828.3,0,0,0,0.47437956312917284,0.631578947368421,0.05263157894736842,0.10526315789473684,1,0,0
6390.13,upi,DEV_02816,GB,failed,1180,33,33,0,0,4,4463.8,software,6390.13,0,5,1,1.4315448720820825,1.0,0.0,0.0,0,0,0
2184.44,card,DEV_01237,GB,failed,999,8,4,0,0,4,6929.67,fashion,2184.44,0,1,0,0.3152300181682533,0.5,0.0,0.0,0,0,0
3873.43,wallet,DEV_00721,AE,success,1576,10,3,0,1,4,8747.75,home,3873.43,0,6,1,0.44279157497642246,0.3,0.0,0.1,0,0,0
15410.42,upi,DEV_00004,GB,success,390,16,15,0,1,3,6964.01,software,15410.42,0,2,0,2.212865863202379,0.9375,0.0,0.0625,0,0,0
9969.11,card,DEV_01873,AE,success,701,34,31,0,0,1,6521.9,electronics,9969.11,0,6,1,1.5285591622073325,0.9117647058823529,0.0,0.0,0,0,0
5787.22,netbanking,DEV_00714,IN,success,808,35,28,1,1,3,2103.05,grocery,5787.22,0,0,0,2.7518223532488526,0.8,0.02857142857142857,0.02857142857142857,1,0,0
3916.17,netbanking,DEV_02095,US,failed,478,41,34,1,1,3,13480.78,software,3916.17,0,3,0,0.2905002529527223,0.8292682926829268,0.024390243902439025,0.024390243902439025,1,0,0
11892.62,wallet,DEV_00849,AE,failed,1817,48,38,0,1,2,5193.79,grocery,11892.62,0,0,0,2.289776829636932,0.7916666666666666,0.0,0.020833333333333332,0,0,0
3222.26,card,DEV_01026,AE,failed,152,23,23,0,0,2,1756.07,electronics,3222.26,0,6,1,1.834926853713121,1.0,0.0,0.0,0,0,0
6269.72,wallet,DEV_02430,SG,success,1033,26,18,1,3,1,8736.89,grocery,6269.72,0,0,0,0.7176146203053948,0.6923076923076923,0.038461538461538464,0.11538461538461539,1,0,0
9614.06,upi,DEV_01546,SG,success,1973,11,4,0,3,2,4696.63,beauty,9614.06,0,6,1,2.047012432318492,0.36363636363636365,0.0,0.2727272727272727,0,0,0
1823.51,card,DEV_00116,GB,success,1106,40,39,0,2,3,4597.75,fashion,1823.51,0,1,0,0.3966092110271328,0.975,0.0,0.05,0,0,0
13318.34,wallet,DEV_02798,SG,success,1126,44,41,0,1,2,3358.14,fashion,13318.34,0,6,1,3.9659871238244984,0.9318181818181818,0.0,0.022727272727272728,0,0,0
2525.06,wallet,DEV_02986,US,success,1699,35,32,0,0,3,2442.36,software,2525.06,0,4,0,1.03386069211746,0.9142857142857143,0.0,0.0,0,0,0
3387.74,netbanking,DEV_02362,US,success,1009,10,7,0,3,3,3768.91,electronics,3387.74,0,5,1,0.8988646584821606,0.7,0.0,0.3,0,0,0
4699.27,card,DEV_02709,US,success,525,17,17,0,1,2,2641.33,home,4699.27,0,0,0,1.7791302109164704,1.0,0.0,0.058823529411764705,0,0,0
3289.19,wallet,DEV_01351,SG,success,301,40,34,0,1,3,2507.05,fashion,3289.19,0,4,0,1.311976227039748,0.85,0.0,0.025,0,0,0
1966.4,card,DEV_00179,GB,failed,958,9,8,1,1,4,2988.68,software,1966.4,0,1,0,0.6579493288006746,0.8888888888888888,0.1111111111111111,0.1111111111111111,1,0,0
4236.94,upi,DEV_02372,IN,failed,1635,16,13,0,2,4,1239.78,home,4236.94,0,2,0,3.4174934262530448,0.8125,0.0,0.125,0,0,0
3294.09,upi,DEV_00526,SG,success,1140,49,39,0,0,4,1169.45,software,3294.09,0,1,0,2.8167856684766344,0.7959183673469388,0.0,0.0,0,0,0
3725.76,wallet,DEV_00509,SG,success,1384,15,9,0,0,1,3758.91,software,3725.76,0,3,0,0.9911809540531697,0.6,0.0,0.0,0,0,0
4216.29,card,DEV_02198,IN,failed,1580,27,17,0,1,1,7639.01,grocery,4216.29,0,5,1,0.551941940120513,0.6296296296296297,0.0,0.037037037037037035,0,0,0
3379.24,card,DEV_01968,GB,failed,975,50,44,2,2,4,4316.8,grocery,3379.24,0,1,0,0.7828113417346182,0.88,0.04,0.04,1,0,1
4593.83,netbanking,DEV_02362,AE,failed,577,26,17,0,2,3,3406.01,home,4593.83,0,5,1,1.348742370104609,0.6538461538461539,0.0,0.07692307692307693,0,0,0
7852.22,card,DEV_01294,US,success,130,12,4,0,2,1,3569.43,beauty,7852.22,0,1,0,2.1998526375359653,0.3333333333333333,0.0,0.16666666666666666,0,0,0
6530.18,card,DEV_02009,IN,success,1410,3,2,0,2,2,553.6,beauty,6530.18,0,3,0,11.795845375722543,0.6666666666666666,0.0,0.6666666666666666,0,0,0
16220.84,wallet,DEV_01376,AE,success,1097,31,26,0,1,4,1583.12,software,16220.84,0,3,0,10.246121582697459,0.8387096774193549,0.0,0.03225806451612903,0,0,0
37118.38,card,DEV_00039,AE,failed,59,47,43,0,2,2,1532.29,software,37118.38,0,1,0,24.22412206566642,0.9148936170212766,0.0,0.0425531914893617,0,0,0
2826.23,upi,DEV_02589,GB,success,268,9,0,0,1,1,6753.07,electronics,2826.23,0,2,0,0.41851039601248025,0.0,0.0,0.1111111111111111,0,0,0
5867.22,card,DEV_01671,US,success,1379,29,24,1,2,2,7205.46,electronics,5867.22,0,5,1,0.8142741754169754,0.8275862068965517,0.034482758620689655,0.06896551724137931,1,0,0
12547.39,upi,DEV_02443,AE,success,1319,12,4,0,2,4,3472.46,beauty,12547.39,0,5,1,3.613400874308127,0.3333333333333333,0.0,0.16666666666666666,0,0,0
6065.74,wallet,DEV_00730,AE,failed,1710,15,8,1,1,1,1492.85,software,6065.74,0,1,0,4.063194560739525,0.5333333333333333,0.06666666666666667,0.06666666666666667,1,0,0
941.39,netbanking,DEV_02494,AE,failed,879,22,13,0,1,4,4621.97,grocery,941.39,0,2,0,0.20367721988675824,0.5909090909090909,0.0,0.045454545454545456,0,0,0
1910.89,card,DEV_00364,SG,success,965,37,27,0,1,4,2256.58,beauty,1910.89,0,0,0,0.846808001488979,0.7297297297297297,0.0,0.02702702702702703,0,0,0
5596.86,card,DEV_01606,SG,success,652,11,3,0,0,3,8585.31,home,5596.86,0,3,0,0.6519112297633982,0.2727272727272727,0.0,0.0,0,0,0
4451.74,card,DEV_00849,IN,success,1641,37,30,0,1,1,1434.59,grocery,4451.74,0,4,0,3.1031444524219465,0.8108108108108109,0.0,0.02702702702702703,0,0,0
11985.67,wallet,DEV_02023,GB,success,617,32,23,0,0,2,1269.65,beauty,11985.67,0,2,0,9.4401370456425,0.71875,0.0,0.0,0,0,0
4905.52,card,DEV_01594,US,success,256,7,1,0,1,1,5138.88,beauty,4905.52,0,5,1,0.9545893268572141,0.14285714285714285,0.0,0.14285714285714285,0,0,0
8354.97,wallet,DEV_00494,US,failed,167,20,10,2,2,1,1010.29,travel,8354.97,0,1,0,8.269873006760434,0.5,0.1,0.1,1,0,0
2527.88,netbanking,DEV_01097,SG,success,1989,1,0,0,3,2,670.89,beauty,2527.88,0,5,1,3.7679500365186547,0.0,0.0,3.0,0,0,1
5732.74,netbanking,DEV_02824,SG,success,1526,7,1,1,1,3,1490.74,software,5732.74,0,6,1,3.8455666313374564,0.14285714285714285,0.14285714285714285,0.14285714285714285,1,0,1
7433.75,upi,DEV_01951,US,success,1918,25,16,0,1,3,2045.3,travel,7433.75,0,2,0,3.6345523884026796,0.64,0.0,0.04,0,0,0
5269.88,netbanking,DEV_01522,SG,success,543,13,13,0,2,3,4046.94,beauty,5269.88,0,5,1,1.302188814264605,1.0,0.0,0.15384615384615385,0,0,0
3328.35,upi,DEV_01400,AE,success,1059,42,34,1,1,2,4832.72,electronics,3328.35,0,3,0,0.6887115330497111,0.8095238095238095,0.023809523809523808,0.023809523809523808,1,0,1
12521.64,card,DEV_00628,AE,success,1365,35,25,0,3,1,2587.07,home,12521.64,0,3,0,4.840085502131755,0.7142857142857143,0.0,0.08571428571428572,0,0,0
2292.02,upi,DEV_02473,US,success,487,43,42,0,3,2,10608.23,travel,2292.02,0,5,1,0.21606054921509055,0.9767441860465116,0.0,0.06976744186046512,0,0,0
1506.15,netbanking,DEV_00434,AE,success,1252,31,25,0,1,2,9833.1,software,1506.15,0,0,0,0.15317143118650273,0.8064516129032258,0.0,0.03225806451612903,0,0,0
2500.36,card,DEV_02459,US,success,1927,30,24,1,2,4,8240.24,beauty,2500.36,0,1,0,0.3034329097210761,0.8,0.03333333333333333,0.06666666666666667,1,0,0
3678.24,netbanking,DEV_02022,AE,success,1735,19,12,0,0,3,1599.07,home,3678.24,0,6,1,2.300237012763669,0.631578947368421,0.0,0.0,0,0,0
3549.43,upi,DEV_02895,US,success,776,3,2,0,2,2,2867.27,fashion,3549.43,0,1,0,1.2379127183697385,0.6666666666666666,0.0,0.6666666666666666,0,0,0
2744.32,card,DEV_02852,SG,success,1334,17,9,1,3,4,6115.65,fashion,2744.32,0,6,1,0.44873725605618375,0.5294117647058824,0.058823529411764705,0.17647058823529413,1,0,0
2041.27,netbanking,DEV_01467,GB,success,1438,21,18,1,2,2,2801.8,software,2041.27,0,0,0,0.7285566421586123,0.8571428571428571,0.047619047619047616,0.09523809523809523,1,0,0
4748.62,netbanking,DEV_01304,US,success,1408,8,8,0,1,1,1064.92,travel,4748.62,0,6,1,4.459133080419186,1.0,0.0,0.125,0,0,0
15173.93,wallet,DEV_00892,IN,success,1650,13,3,0,0,3,5700.74,software,15173.93,0,3,0,2.661747422264478,0.23076923076923078,0.0,0.0,0,0,1
17634.42,card,DEV_01927,SG,success,957,18,11,1,0,1,1298.25,grocery,17634.42,0,0,0,13.58322357019064,0.6111111111111112,0.05555555555555555,0.0,1,0,0
2458.78,card,DEV_02665,SG,success,539,13,6,0,0,4,4067.05,software,2458.78,0,0,0,0.6045610454752216,0.46153846153846156,0.0,0.0,0,0,0
2182.25,netbanking,DEV_02373,SG,success,1145,42,37,0,0,1,4930.85,beauty,2182.25,0,2,0,0.4425707535211981,0.8809523809523809,0.0,0.0,0,0,0
2477.83,netbanking,DEV_02988,IN,success,1311,14,8,0,0,1,4204.8,fashion,2477.83,0,6,1,0.5892860540334856,0.5714285714285714,0.0,0.0,0,0,0
9180.23,card,DEV_01888,AE,success,1580,33,25,0,1,4,5059.21,grocery,9180.23,0,4,0,1.814558004115267,0.7575757575757576,0.0,0.030303030303030304,0,0,0
933.28,netbanking,DEV_02666,IN,failed,380,5,2,0,1,3,8456.74,grocery,933.28,0,5,1,0.11035931103474861,0.4,0.0,0.2,0,0,1
1358.31,card,DEV_00273,US,failed,635,17,13,0,3,4,2351.76,software,1358.31,0,2,0,0.5775716909888763,0.7647058823529411,0.0,0.17647058823529413,0,0,0
4347.5,upi,DEV_01757,AE,failed,297,13,9,0,3,3,696.13,electronics,4347.5,0,3,0,6.245241549710543,0.6923076923076923,0.0,0.23076923076923078,0,0,0
5259.12,upi,DEV_00496,AE,success,1762,36,31,0,1,1,2235.79,travel,5259.12,0,3,0,2.3522423841237323,0.8611111111111112,0.0,0.027777777777777776,0,0,0
12413.27,netbanking,DEV_00046,US,success,911,42,41,1,0,2,5330.15,fashion,12413.27,0,4,0,2.3288781741602023,0.9761904761904762,0.023809523809523808,0.0,1,0,0
1852.25,upi,DEV_02648,US,success,1811,13,9,1,0,2,3152.47,fashion,1852.25,0,2,0,0.587555155164046,0.6923076923076923,0.07692307692307693,0.0,1,0,0
735.52,card,DEV_02820,SG,success,1189,43,39,1,1,1,1690.57,grocery,735.52,0,4,0,0.43507219458525825,0.9069767441860465,0.023255813953488372,0.023255813953488372,1,0,0
2800.86,card,DEV_01687,US,success,1696,42,34,0,1,4,1446.63,beauty,2800.86,0,1,0,1.9361274133676198,0.8095238095238095,0.0,0.023809523809523808,0,0,0
2063.02,wallet,DEV_01281,GB,success,850,26,23,0,2,3,474.67,travel,2063.02,0,6,1,4.346219478795795,0.8846153846153846,0.0,0.07692307692307693,0,0,0
5435.64,card,DEV_02658,GB,success,671,41,31,0,0,1,1576.07,electronics,5435.64,0,0,0,3.448856967012887,0.7560975609756098,0.0,0.0,0,0,0
5501.53,upi,DEV_01215,SG,success,1481,37,31,0,1,4,10144.72,grocery,5501.53,0,2,0,0.54230476543463,0.8378378378378378,0.0,0.02702702702702703,0,0,0
3322.78,upi,DEV_02742,IN,success,413,36,30,0,1,2,4910.94,travel,3322.78,0,1,0,0.6766077370116517,0.8333333333333334,0.0,0.027777777777777776,0,0,0
4374.94,upi,DEV_01507,IN,success,1410,3,2,0,2,2,553.6,travel,4374.94,0,6,1,7.902709537572253,0.6666666666666666,0.0,0.6666666666666666,0,0,1
8263.67,wallet,DEV_01685,GB,success,261,16,16,0,2,4,11017.31,fashion,8263.67,0,0,0,0.7500624018022548,1.0,0.0,0.125,0,0,0
16015.13,card,DEV_02738,SG,success,1408,32,24,0,1,3,5747.62,beauty,16015.13,0,0,0,2.7863933245412884,0.75,0.0,0.03125,0,0,0
4612.27,netbanking,DEV_01707,GB,success,1665,12,3,1,0,1,3044.88,electronics,4612.27,0,5,1,1.5147624865347733,0.25,0.08333333333333333,0.0,1,0,0
16109.87,card,DEV_01266,AE,success,1150,6,2,0,2,4,6328.01,home,16109.87,0,1,0,2.5458034990463037,0.3333333333333333,0.0,0.3333333333333333,0,0,0
9896.32,card,DEV_00789,AE,success,181,37,37,0,0,1,2063.04,electronics,9896.32,0,5,1,4.7969598262757875,1.0,0.0,0.0,0,0,0
10297.43,netbanking,DEV_02607,US,success,585,3,0,0,1,3,7336.51,home,10297.43,0,2,0,1.4035869916349872,0.0,0.0,0.3333333333333333,0,0,0
2369.41,card,DEV_02804,SG,success,1163,34,29,0,5,4,4485.75,home,2369.41,0,3,0,0.5282082149027476,0.8529411764705882,0.0,0.14705882352941177,0,0,0
1799.4,wallet,DEV_00312,IN,success,1127,23,16,0,1,4,4022.79,grocery,1799.4,0,2,0,0.4473014997054284,0.6956521739130435,0.0,0.043478260869565216,0,0,0
3160.16,netbanking,DEV_01571,GB,success,221,49,42,0,2,3,2521.41,travel,3160.16,0,6,1,1.2533304777882217,0.8571428571428571,0.0,0.04081632653061224,0,0,0
18475.41,upi,DEV_02368,SG,success,1401,26,22,0,1,2,25923.96,software,18475.41,0,5,1,0.7126769984215374,0.8461538461538461,0.0,0.038461538461538464,0,0,1
4005.61,upi,DEV_00991,AE,failed,1871,35,34,0,1,1,1287.04,electronics,4005.61,0,2,0,3.1122653530581803,0.9714285714285714,0.0,0.02857142857142857,0,0,0
16199.15,wallet,DEV_02389,AE,success,1970,34,28,0,0,1,2220.45,fashion,16199.15,0,2,0,7.295435609898894,0.8235294117647058,0.0,0.0,0,0,0
2769.33,upi,DEV_02335,GB,success,120,46,42,0,0,1,517.01,travel,2769.33,0,6,1,5.356434111525889,0.9130434782608695,0.0,0.0,0,0,0
3034.05,wallet,DEV_00383,SG,success,109,26,21,1,1,2,3073.31,fashion,3034.05,0,4,0,0.9872254995428382,0.8076923076923077,0.038461538461538464,0.038461538461538464,1,0,0
4577.59,card,DEV_02561,SG,success,596,24,16,0,2,3,1034.04,fashion,4577.59,0,0,0,4.426898379172953,0.6666666666666666,0.0,0.08333333333333333,0,0,0
1108.05,card,DEV_02545,US,success,774,4,1,1,0,4,7166.65,fashion,1108.05,0,0,0,0.1546119874697383,0.25,0.25,0.0,1,0,0
8576.58,upi,DEV_01149,US,success,1453,44,44,0,2,1,1225.37,travel,8576.58,0,1,0,6.999175759158459,1.0,0.0,0.045454545454545456,0,0,0
1236.05,wallet,DEV_01740,US,success,883,36,34,0,0,2,3667.73,grocery,1236.05,0,1,0,0.33700681347863665,0.9444444444444444,0.0,0.0,0,0,0
6709.44,netbanking,DEV_01680,US,success,259,24,18,0,4,2,5171.71,grocery,6709.44,0,5,1,1.297334924038664,0.75,0.0,0.16666666666666666,0,0,0
4380.35,upi,DEV_00976,GB,failed,1800,11,3,0,0,4,1711.27,grocery,4380.35,0,0,0,2.5597071181052673,0.2727272727272727,0.0,0.0,0,0,0
1774.09,netbanking,DEV_00420,SG,failed,537,21,17,0,1,2,11475.14,beauty,1774.09,0,2,0,0.15460290680549432,0.8095238095238095,0.0,0.047619047619047616,0,0,0
2704.85,netbanking,DEV_02997,IN,failed,1410,14,10,0,0,1,554.15,travel,2704.85,0,6,1,4.881079130199405,0.7142857142857143,0.0,0.0,0,0,0
3556.49,netbanking,DEV_01180,US,success,585,29,24,0,0,4,1044.34,fashion,3556.49,0,5,1,3.4054905490549054,0.8275862068965517,0.0,0.0,0,0,0
3347.5,upi,DEV_01572,SG,success,1725,35,29,0,0,3,1968.35,grocery,3347.5,0,2,0,1.7006629918459624,0.8285714285714286,0.0,0.0,0,0,0
1141.91,netbanking,DEV_00086,AE,success,116,47,42,0,2,4,5922.99,beauty,1141.91,0,1,0,0.19279282929736502,0.8936170212765957,0.0,0.0425531914893617,0,0,0
7616.43,netbanking,DEV_00089,SG,success,1663,17,12,1,2,3,1280.27,home,7616.43,0,6,1,5.9490810532153375,0.7058823529411765,0.058823529411764705,0.11764705882352941,1,0,0
3659.21,upi,DEV_02292,SG,success,955,18,11,1,0,2,13029.65,electronics,3659.21,0,6,1,0.2808371675371173,0.6111111111111112,0.05555555555555555,0.0,1,0,0
2126.93,netbanking,DEV_01965,IN,failed,683,16,13,1,0,1,2050.19,beauty,2126.93,0,3,0,1.0374306771567512,0.8125,0.0625,0.0,1,0,0
4878.68,wallet,DEV_01161,GB,success,420,39,37,0,3,2,1390.31,grocery,4878.68,0,0,0,3.5090591306974708,0.9487179487179487,0.0,0.07692307692307693,0,0,0
1317.61,card,DEV_01927,AE,success,526,5,2,0,0,4,2076.36,grocery,1317.61,0,3,0,0.6345768556512358,0.4,0.0,0.0,0,0,0
5225.05,netbanking,DEV_01876,IN,success,404,48,48,0,0,2,3052.16,software,5225.05,0,5,1,1.711918772279304,1.0,0.0,0.0,0,0,0
6285.56,card,DEV_00155,SG,success,593,18,15,0,0,2,2385.67,electronics,6285.56,0,4,0,2.6347147761425513,0.8333333333333334,0.0,0.0,0,0,0
4663.88,netbanking,DEV_00559,SG,failed,1780,29,27,0,0,2,3825.15,beauty,4663.88,0,0,0,1.2192672182790218,0.9310344827586207,0.0,0.0,0,0,0
2051.12,upi,DEV_01126,GB,failed,339,49,49,1,0,1,893.53,home,2051.12,0,3,0,2.2955244927422696,1.0,0.02040816326530612,0.0,1,0,1
5739.49,wallet,DEV_02115,AE,failed,1097,31,26,0,1,4,1583.12,fashion,5739.49,0,1,0,3.6254295315579363,0.8387096774193549,0.0,0.03225806451612903,0,0,0
14374.56,netbanking,DEV_01872,IN,success,1154,9,4,1,0,4,2380.0,software,14374.56,0,2,0,6.039731092436974,0.4444444444444444,0.1111111111111111,0.0,1,0,0
629.5,wallet,DEV_02869,IN,failed,462,45,44,0,1,4,6701.87,electronics,629.5,0,2,0,0.09392900787392176,0.9777777777777777,0.0,0.022222222222222223,0,0,0
1837.09,card,DEV_00349,GB,failed,1408,8,8,0,1,1,1064.92,home,1837.09,0,1,0,1.7250967208804415,1.0,0.0,0.125,0,0,0
1670.68,card,DEV_00331,IN,success,1147,3,2,0,2,2,870.34,software,1670.68,0,1,0,1.9195716616494702,0.6666666666666666,0.0,0.6666666666666666,0,0,0
2981.76,netbanking,DEV_02933,AE,success,62,32,23,0,2,1,1183.16,travel,2981.76,0,1,0,2.5201663342236045,0.71875,0.0,0.0625,0,0,0
1772.97,wallet,DEV_01968,GB,failed,1709,12,2,0,2,4,705.86,grocery,1772.97,0,5,1,2.5117870399229307,0.16666666666666666,0.0,0.16666666666666666,0,0,0
4036.44,netbanking,DEV_00001,GB,failed,1618,34,30,0,2,4,2781.03,electronics,4036.44,0,1,0,1.451419078542842,0.8823529411764706,0.0,0.058823529411764705,0,0,0
4458.61,card,DEV_02811,IN,failed,1011,14,9,0,1,3,3290.78,home,4458.61,0,3,0,1.3548793902965253,0.6428571428571429,0.0,0.07142857142857142,0,0,0
1543.99,netbanking,DEV_01069,SG,success,1801,44,40,0,3,1,5358.73,travel,1543.99,0,6,1,0.28812610450610504,0.9090909090909091,0.0,0.06818181818181818,0,0,0
10171.55,upi,DEV_01164,US,failed,641,44,35,0,1,4,2535.77,beauty,10171.55,0,6,1,4.01122735894817,0.7954545454545454,0.0,0.022727272727272728,0,0,0
3037.61,netbanking,DEV_00077,GB,success,1246,4,0,0,1,1,340.44,fashion,3037.61,0,1,0,8.922600164493009,0.0,0.0,0.25,0,0,0
2404.18,netbanking,DEV_01676,AE,success,1189,32,27,0,4,1,3086.71,fashion,2404.18,0,5,1,0.7788810740237987,0.84375,0.0,0.125,0,0,0
1711.86,wallet,DEV_01406,GB,success,286,21,21,0,2,1,3010.89,software,1711.86,0,0,0,0.568556141207417,1.0,0.0,0.09523809523809523,0,0,0
6969.91,netbanking,DEV_00729,SG,success,1750,27,19,1,0,3,2939.68,grocery,6969.91,0,2,0,2.370975752462853,0.7037037037037037,0.037037037037037035,0.0,1,0,0
5507.5,wallet,DEV_02880,SG,success,203,41,38,0,3,2,2918.47,grocery,5507.5,0,6,1,1.8871189356066707,0.926829268292683,0.0,0.07317073170731707,0,0,0
6833.17,netbanking,DEV_01826,IN,success,1661,47,47,0,1,1,4436.23,software,6833.17,0,2,0,1.5403101281944356,1.0,0.0,0.02127659574468085,0,0,0
6380.97,upi,DEV_01354,IN,success,1255,35,31,0,4,3,1775.18,fashion,6380.97,0,6,1,3.594548158496603,0.8857142857142857,0.0,0.11428571428571428,0,0,1
3872.7,netbanking,DEV_02891,AE,success,930,5,3,1,0,4,5899.59,electronics,3872.7,0,0,0,0.6564354472090433,0.6,0.2,0.0,1,0,0
626.99,wallet,DEV_01233,SG,success,1213,36,29,0,0,1,2288.91,beauty,626.99,0,2,0,0.2739251434088715,0.8055555555555556,0.0,0.0,0,0,0
2891.96,wallet,DEV_01022,SG,success,179,46,41,0,0,2,5893.09,fashion,2891.96,0,0,0,0.49073745691988413,0.8913043478260869,0.0,0.0,0,0,0
5258.49,upi,DEV_01668,SG,success,569,47,47,2,1,1,1297.98,fashion,5258.49,0,1,0,4.051287385013636,1.0,0.0425531914893617,0.02127659574468085,1,0,0
2886.62,wallet,DEV_00803,GB,success,1975,49,46,0,2,4,10378.74,grocery,2886.62,0,1,0,0.27812817355478603,0.9387755102040817,0.0,0.04081632653061224,0,0,0
3240.05,upi,DEV_00078,IN,success,1249,42,36,0,1,1,1873.56,home,3240.05,0,1,0,1.729354811161639,0.8571428571428571,0.0,0.023809523809523808,0,0,0
8240.27,upi,DEV_01800,SG,failed,668,22,19,1,2,2,3419.64,fashion,8240.27,0,3,0,2.4096893240224118,0.8636363636363636,0.045454545454545456,0.09090909090909091,1,0,0
1876.35,netbanking,DEV_00345,SG,success,1800,50,50,0,0,1,7715.67,electronics,1876.35,0,1,0,0.24318691701433576,1.0,0.0,0.0,0,0,0
10365.38,card,DEV_01205,SG,success,1423,14,13,1,0,4,4378.76,electronics,10365.38,0,6,1,2.367195279028766,0.9285714285714286,0.07142857142857142,0.0,1,0,0
3160.33,upi,DEV_02901,AE,success,216,33,30,0,2,1,11775.91,electronics,3160.33,0,1,0,0.2683724654824977,0.9090909090909091,0.0,0.06060606060606061,0,0,0
2713.22,wallet,DEV_01945,IN,failed,1881,21,18,0,2,1,975.65,beauty,2713.22,0,2,0,2.780935786398811,0.8571428571428571,0.0,0.09523809523809523,0,0,0
11183.44,netbanking,DEV_01700,US,success,1592,49,41,1,2,4,3061.32,software,11183.44,0,2,0,3.6531430886023024,0.8367346938775511,0.02040816326530612,0.04081632653061224,1,0,0
3922.59,wallet,DEV_00884,GB,success,1042,42,42,0,1,1,1587.14,software,3922.59,0,3,0,2.4714832969996343,1.0,0.0,0.023809523809523808,0,0,0
5043.49,upi,DEV_02576,SG,failed,1478,10,0,0,2,2,1351.35,software,5043.49,0,6,1,3.7321863321863322,0.0,0.0,0.2,0,0,0
4698.15,wallet,DEV_02944,US,success,104,49,49,0,2,2,1086.77,beauty,4698.15,0,6,1,4.323039833635452,1.0,0.0,0.04081632653061224,0,0,1
2564.87,card,DEV_02762,US,success,201,49,41,0,0,3,18978.09,home,2564.87,0,4,0,0.1351490060380154,0.8367346938775511,0.0,0.0,0,0,0
2617.18,netbanking,DEV_01802,AE,failed,1922,17,17,0,1,2,2883.04,software,2617.18,0,4,0,0.9077848382263166,1.0,0.0,0.058823529411764705,0,0,0
2002.37,card,DEV_01838,US,success,201,49,41,0,0,3,18978.09,grocery,2002.37,0,0,0,0.10550956392345066,0.8367346938775511,0.0,0.0,0,0,0
2632.64,wallet,DEV_01235,GB,success,1988,28,27,1,0,3,4755.57,grocery,2632.64,0,0,0,0.5535908418969756,0.9642857142857143,0.03571428571428571,0.0,1,0,0
4757.94,wallet,DEV_01891,AE,failed,372,5,0,0,4,3,5834.88,electronics,4757.94,0,5,1,0.8154306515301085,0.0,0.0,0.8,0,0,0
2795.2,upi,DEV_01590,US,failed,304,33,32,0,2,4,765.79,software,2795.2,0,5,1,3.65008683842829,0.9696969696969697,0.0,0.06060606060606061,0,0,0
4757.9,netbanking,DEV_02854,IN,failed,56,14,14,0,4,4,3161.7,grocery,4757.9,0,0,0,1.5048549830787235,1.0,0.0,0.2857142857142857,0,0,0
14678.6,wallet,DEV_01086,AE,success,164,20,16,2,2,4,3544.88,software,14678.6,0,4,0,4.140788968879059,0.8,0.1,0.1,1,0,0
4023.76,netbanking,DEV_02803,GB,success,1875,36,26,1,0,1,4053.78,grocery,4023.76,0,1,0,0.9925945660593323,0.7222222222222222,0.027777777777777776,0.0,1,0,0
925.66,netbanking,DEV_02058,GB,success,537,15,6,1,3,3,4445.39,travel,925.66,0,3,0,0.20822919923786212,0.4,0.06666666666666667,0.2,1,0,0
13710.25,upi,DEV_01828,AE,success,130,24,17,0,0,1,2751.24,software,13710.25,0,1,0,4.983298439976156,0.7083333333333334,0.0,0.0,0,0,1
1645.76,card,DEV_00984,AE,failed,1001,45,37,1,1,2,2242.13,beauty,1645.76,0,4,0,0.7340163148434747,0.8222222222222222,0.022222222222222223,0.022222222222222223,1,0,1
895.96,wallet,DEV_02284,AE,success,1557,36,31,0,1,3,5535.13,home,895.96,0,5,1,0.16186792360793695,0.8611111111111112,0.0,0.027777777777777776,0,0,0
11427.3,netbanking,DEV_00616,IN,failed,1610,38,33,0,2,2,1535.72,grocery,11427.3,0,0,0,7.44100487067955,0.868421052631579,0.0,0.05263157894736842,0,0,0
1785.84,wallet,DEV_01914,GB,success,1410,48,46,2,3,3,1003.49,software,1785.84,0,2,0,1.7796290944603332,0.9583333333333334,0.041666666666666664,0.0625,1,0,1
2701.3,wallet,DEV_01437,US,success,903,26,18,0,0,4,1360.3,beauty,2701.3,0,2,0,1.9858119532456078,0.6923076923076923,0.0,0.0,0,0,0
796.42,card,DEV_01299,AE,success,1747,38,35,0,3,2,3026.94,electronics,796.42,0,3,0,0.26311060014403986,0.9210526315789473,0.0,0.07894736842105263,0,0,0
4526.8,upi,DEV_00244,SG,success,1155,19,17,0,1,3,608.72,fashion,4526.8,0,6,1,7.436588250755684,0.8947368421052632,0.0,0.05263157894736842,0,0,0
2944.03,card,DEV_02636,IN,success,1597,21,17,1,1,4,520.63,travel,2944.03,0,2,0,5.6547452125309725,0.8095238095238095,0.047619047619047616,0.047619047619047616,1,0,1
2584.2,card,DEV_01676,GB,success,1777,31,22,0,3,2,2404.88,electronics,2584.2,0,6,1,1.0745650510628388,0.7096774193548387,0.0,0.0967741935483871,0,0,0
10278.35,upi,DEV_00992,GB,success,124,21,11,0,0,3,13381.18,grocery,10278.35,0,5,1,0.7681198519114159,0.5238095238095238,0.0,0.0,0,0,0
862.68,netbanking,DEV_01001,SG,success,1740,37,37,0,1,4,2780.98,fashion,862.68,0,4,0,0.31020719314773926,1.0,0.0,0.02702702702702703,0,0,0
3431.44,wallet,DEV_01497,US,success,253,50,43,0,2,3,3644.57,travel,3431.44,0,6,1,0.9415212219822915,0.86,0.0,0.04,0,0,0
9608.53,upi,DEV_02773,US,failed,369,40,32,0,3,2,1123.63,electronics,9608.53,0,3,0,8.551329174194352,0.8,0.0,0.075,0,0,0
2078.24,card,DEV_02586,IN,success,815,16,13,0,1,3,4526.7,fashion,2078.24,0,6,1,0.45910707579472904,0.8125,0.0,0.0625,0,0,0
4850.02,netbanking,DEV_01911,IN,success,1851,28,23,1,0,3,13735.72,grocery,4850.02,0,4,0,0.35309543292961715,0.8214285714285714,0.03571428571428571,0.0,1,0,0
5488.55,card,DEV_00246,US,success,207,32,25,0,2,3,3370.01,beauty,5488.55,0,1,0,1.6286450188575108,0.78125,0.0,0.0625,0,0,0
5609.89,netbanking,DEV_01727,IN,failed,1605,38,31,1,1,1,2066.26,home,5609.89,0,2,0,2.714997144599421,0.8157894736842105,0.02631578947368421,0.02631578947368421,1,0,0
1226.24,netbanking,DEV_00330,IN,success,1799,41,36,1,4,2,2648.7,travel,1226.24,0,3,0,0.46295918752595616,0.8780487804878049,0.024390243902439025,0.0975609756097561,1,0,0
1519.8,netbanking,DEV_02058,US,failed,1895,47,38,0,2,1,3149.96,software,1519.8,0,5,1,0.4824823172357744,0.8085106382978723,0.0,0.0425531914893617,0,0,0
6607.44,netbanking,DEV_01646,AE,success,1471,41,31,2,1,1,2772.7,beauty,6607.44,0,1,0,2.383034587225448,0.7560975609756098,0.04878048780487805,0.024390243902439025,1,0,1
6695.32,netbanking,DEV_01927,AE,success,961,32,27,0,3,1,1402.25,electronics,6695.32,0,6,1,4.774697807095738,0.84375,0.0,0.09375,0,0,0
16332.88,wallet,DEV_02094,AE,success,294,7,6,0,2,3,1046.06,beauty,16332.88,0,6,1,15.613712406554118,0.8571428571428571,0.0,0.2857142857142857,0,0,0
4110.13,netbanking,DEV_02952,AE,failed,372,50,48,0,2,1,5828.72,home,4110.13,0,1,0,0.7051513882979453,0.96,0.0,0.04,0,0,0
3823.13,wallet,DEV_02750,AE,success,1299,34,28,1,3,3,410.55,beauty,3823.13,0,3,0,9.312215320910973,0.8235294117647058,0.029411764705882353,0.08823529411764706,1,0,0
1201.01,card,DEV_01528,US,failed,412,29,19,0,1,3,1802.74,software,1201.01,0,6,1,0.6662136525511166,0.6551724137931034,0.0,0.034482758620689655,0,0,0
4729.1,netbanking,DEV_02460,SG,success,474,29,26,0,2,2,1510.01,travel,4729.1,0,0,0,3.1318335640161328,0.896551724137931,0.0,0.06896551724137931,0,0,0
4981.01,card,DEV_01132,US,success,1532,34,34,0,0,3,4233.24,grocery,4981.01,0,0,0,1.1766424771569768,1.0,0.0,0.0,0,0,0
12167.78,upi,DEV_00015,US,success,1573,25,21,1,1,2,2493.96,travel,12167.78,0,3,0,4.878899421001139,0.84,0.04,0.04,1,0,0
3139.13,wallet,DEV_01732,GB,success,1999,29,26,0,2,4,7419.1,grocery,3139.13,0,4,0,0.42311466350365945,0.896551724137931,0.0,0.06896551724137931,0,0,0
2037.35,netbanking,DEV_01140,AE,success,887,7,1,1,0,3,2497.55,software,2037.35,0,2,0,0.8157394246361434,0.14285714285714285,0.14285714285714285,0.0,1,0,0
5013.31,wallet,DEV_00716,US,success,1084,30,27,1,4,3,5254.82,travel,5013.31,0,6,1,0.9540402906284137,0.9,0.03333333333333333,0.13333333333333333,1,0,0
3833.85,card,DEV_01453,IN,success,984,7,7,1,2,3,1312.14,electronics,3833.85,0,2,0,2.9218299876537563,1.0,0.14285714285714285,0.2857142857142857,1,0,0
4394.62,wallet,DEV_01541,IN,failed,1702,13,12,0,1,2,1232.72,beauty,4394.62,0,4,0,3.5649782594587576,0.9230769230769231,0.0,0.07692307692307693,0,0,0
1407.88,netbanking,DEV_01848,US,success,959,1,1,0,3,2,3058.04,fashion,1407.88,0,1,0,0.46038639128330566,1.0,0.0,3.0,0,0,0
8346.99,netbanking,DEV_01859,SG,success,260,48,38,1,2,2,2145.58,home,8346.99,0,5,1,3.890318701703036,0.7916666666666666,0.020833333333333332,0.041666666666666664,1,0,0
8187.36,netbanking,DEV_01865,GB,success,416,27,25,0,3,4,3509.15,home,8187.36,0,0,0,2.333146203496573,0.9259259259259259,0.0,0.1111111111111111,0,0,0
3747.25,upi,DEV_00011,US,success,1690,22,13,0,0,2,6368.6,home,3747.25,0,2,0,0.5883946236221461,0.5909090909090909,0.0,0.0,0,0,1
552.26,netbanking,DEV_00423,IN,success,1726,25,18,0,0,3,1592.81,grocery,552.26,0,5,1,0.346720575586542,0.72,0.0,0.0,0,0,0
39995.61,upi,DEV_02067,AE,success,1661,10,10,1,1,4,3292.45,software,39995.61,0,0,0,12.147674224361799,1.0,0.1,0.1,1,0,0
2580.25,netbanking,DEV_00337,SG,failed,1131,19,11,0,2,4,2595.57,fashion,2580.25,0,5,1,0.9940976355867882,0.5789473684210527,0.0,0.10526315789473684,0,0,0
3611.54,wallet,DEV_01271,AE,success,349,9,4,0,2,3,2158.38,fashion,3611.54,0,6,1,1.6732642074148203,0.4444444444444444,0.0,0.2222222222222222,0,0,0
486.0,card,DEV_00835,IN,success,1989,12,10,2,1,1,1333.82,travel,486.0,0,6,1,0.3643670060427944,0.8333333333333334,0.16666666666666666,0.08333333333333333,1,0,0
3631.6,card,DEV_02071,US,success,552,43,33,0,0,4,1928.94,software,3631.6,0,5,1,1.8826920484825862,0.7674418604651163,0.0,0.0,0,0,0
3311.65,netbanking,DEV_02106,GB,success,418,19,16,0,0,4,753.57,travel,3311.65,0,4,0,4.394614966094722,0.8421052631578947,0.0,0.0,0,0,1
2967.68,wallet,DEV_01304,SG,success,827,50,49,0,2,1,2493.68,software,2967.68,0,1,0,1.1900805235635687,0.98,0.0,0.04,0,0,0
2906.49,netbanking,DEV_00861,SG,success,1867,24,14,0,0,3,2293.48,electronics,2906.49,0,4,0,1.2672837783630115,0.5833333333333334,0.0,0.0,0,0,0
13503.63,upi,DEV_02842,IN,success,1246,4,0,0,1,1,340.44,electronics,13503.63,0,2,0,39.665227352837505,0.0,0.0,0.25,0,0,0
5592.73,netbanking,DEV_02551,SG,success,1382,21,21,2,1,2,5251.37,software,5592.73,0,3,0,1.0650039894351377,1.0,0.09523809523809523,0.047619047619047616,1,0,0
3146.12,card,DEV_00700,SG,success,1721,47,42,0,3,2,1818.71,fashion,3146.12,0,1,0,1.729863474660611,0.8936170212765957,0.0,0.06382978723404255,0,0,0
1281.17,netbanking,DEV_02126,IN,failed,1973,11,4,0,3,2,4696.63,travel,1281.17,0,1,0,0.27278495431830907,0.36363636363636365,0.0,0.2727272727272727,0,0,0
2271.19,netbanking,DEV_02543,US,success,1107,30,20,1,2,2,5070.78,home,2271.19,0,2,0,0.4478975621107601,0.6666666666666666,0.03333333333333333,0.06666666666666667,1,0,0
2527.24,card,DEV_02407,US,success,927,34,31,1,2,1,3090.08,beauty,2527.24,0,5,1,0.8178558483922745,0.9117647058823529,0.029411764705882353,0.058823529411764705,1,0,0
1969.49,card,DEV_03000,IN,success,309,19,10,0,3,4,3453.89,software,1969.49,0,4,0,0.5702237187634812,0.5263157894736842,0.0,0.15789473684210525,0,0,0
9992.62,netbanking,DEV_01578,US,success,565,35,31,0,2,3,6054.5,travel,9992.62,0,6,1,1.650445123461888,0.8857142857142857,0.0,0.05714285714285714,0,0,0
9288.64,upi,DEV_01277,US,success,1941,20,18,1,4,4,3436.85,software,9288.64,0,1,0,2.7026608667820824,0.9,0.05,0.2,1,0,0
3544.48,wallet,DEV_00992,IN,success,1688,45,36,0,1,4,985.86,software,3544.48,0,1,0,3.5953177936015255,0.8,0.0,0.022222222222222223,0,0,0
2191.28,upi,DEV_00260,SG,success,1973,11,4,0,3,2,4696.63,home,2191.28,0,6,1,0.46656432378109414,0.36363636363636365,0.0,0.2727272727272727,0,0,0
8131.33,wallet,DEV_00792,GB,success,399,18,12,0,3,3,4433.47,travel,8131.33,0,5,1,1.834078047218093,0.6666666666666666,0.0,0.16666666666666666,0,0,0
2438.06,netbanking,DEV_02965,AE,success,1553,29,24,0,2,3,4798.99,home,2438.06,0,4,0,0.5080360659222045,0.8275862068965517,0.0,0.06896551724137931,0,0,0
7681.21,upi,DEV_00344,GB,success,389,40,40,0,0,4,10577.82,beauty,7681.21,0,4,0,0.7261619123789212,1.0,0.0,0.0,0,0,1
1729.21,netbanking,DEV_00802,IN,success,968,42,32,1,1,1,4692.85,grocery,1729.21,0,5,1,0.3684775775914423,0.7619047619047619,0.023809523809523808,0.023809523809523808,1,0,0
5758.18,upi,DEV_00160,US,success,1179,42,41,1,1,3,3973.43,electronics,5758.18,0,4,0,1.449171119159014,0.9761904761904762,0.023809523809523808,0.023809523809523808,1,0,0
5252.07,netbanking,DEV_00043,AE,success,1226,31,29,0,4,2,1827.3,beauty,5252.07,0,3,0,2.874224265309473,0.9354838709677419,0.0,0.12903225806451613,0,0,0
2814.11,card,DEV_00195,SG,failed,1014,36,29,2,0,4,1699.86,beauty,2814.11,0,3,0,1.6554951584248117,0.8055555555555556,0.05555555555555555,0.0,1,0,0
1757.25,netbanking,DEV_02515,SG,success,1956,48,39,1,2,2,1659.11,beauty,1757.25,0,3,0,1.0591521960569221,0.8125,0.020833333333333332,0.041666666666666664,1,0,0
3331.58,netbanking,DEV_01871,AE,failed,1799,41,36,1,4,2,2648.7,beauty,3331.58,0,3,0,1.257817042322649,0.8780487804878049,0.024390243902439025,0.0975609756097561,1,0,0
1892.02,upi,DEV_01252,GB,success,575,50,46,0,1,1,9005.64,fashion,1892.02,0,5,1,0.21009278629836414,0.92,0.0,0.02,0,0,1
694.29,card,DEV_02288,US,success,1695,12,2,1,1,3,5470.01,beauty,694.29,0,1,0,0.1269266418160113,0.16666666666666666,0.08333333333333333,0.08333333333333333,1,0,0
3321.92,upi,DEV_01666,SG,success,1594,26,21,0,1,1,1176.36,home,3321.92,0,5,1,2.823897446359958,0.8076923076923077,0.0,0.038461538461538464,0,0,0
5996.23,netbanking,DEV_00626,IN,success,1869,37,31,0,1,4,1598.36,software,5996.23,0,4,0,3.751489026251908,0.8378378378378378,0.0,0.02702702702702703,0,0,0
6177.03,card,DEV_02532,IN,failed,1407,20,10,0,1,4,10656.91,grocery,6177.03,0,1,0,0.5796267398335915,0.5,0.0,0.05,0,0,0
977.65,card,DEV_02846,AE,failed,672,12,9,2,0,3,1440.58,grocery,977.65,0,6,1,0.6786502658651377,0.75,0.16666666666666666,0.0,1,0,0
10510.39,card,DEV_00071,IN,success,876,22,19,0,0,1,3564.46,electronics,10510.39,0,6,1,2.9486626305246797,0.8636363636363636,0.0,0.0,0,0,0
7541.0,upi,DEV_02721,GB,success,1753,18,10,0,2,2,1060.48,home,7541.0,0,2,0,7.110930899215449,0.5555555555555556,0.0,0.1111111111111111,0,0,0
10567.92,wallet,DEV_02194,US,success,671,36,26,0,2,1,2348.76,fashion,10567.92,0,4,0,4.499361365145864,0.7222222222222222,0.0,0.05555555555555555,0,0,0
14269.77,upi,DEV_02815,IN,failed,754,50,48,0,3,4,4193.84,home,14269.77,0,4,0,3.4025546992732196,0.96,0.0,0.06,0,0,0
3184.69,netbanking,DEV_02614,AE,failed,484,14,9,1,0,1,4246.01,grocery,3184.69,0,4,0,0.7500429815285409,0.6428571428571429,0.07142857142857142,0.0,1,0,0
8478.4,wallet,DEV_00599,IN,success,939,37,34,1,0,1,3691.06,fashion,8478.4,0,5,1,2.297009531137397,0.918918918918919,0.02702702702702703,0.0,1,0,0
9801.36,netbanking,DEV_02034,SG,success,799,43,43,0,1,2,1359.89,beauty,9801.36,0,4,0,7.207465309694166,1.0,0.0,0.023255813953488372,0,0,0
7110.66,card,DEV_00046,GB,success,388,8,5,1,2,1,2644.38,electronics,7110.66,0,1,0,2.6889705715517436,0.625,0.125,0.25,1,0,0
8831.39,upi,DEV_02712,GB,success,1029,15,9,0,0,4,4186.92,electronics,8831.39,0,3,0,2.1092808078492062,0.6,0.0,0.0,0,0,0
1594.7,upi,DEV_02258,AE,success,1209,16,11,0,0,4,4849.55,electronics,1594.7,0,1,0,0.3288346341413121,0.6875,0.0,0.0,0,0,1
6433.87,upi,DEV_00598,IN,failed,1748,2,2,0,0,2,9268.47,software,6433.87,0,0,0,0.694167430007326,1.0,0.0,0.0,0,0,0
3563.38,netbanking,DEV_02290,GB,failed,381,40,37,1,2,3,3256.69,travel,3563.38,0,6,1,1.0941723037808326,0.925,0.025,0.05,1,0,0
1938.85,upi,DEV_01041,US,failed,676,45,35,0,2,1,1575.85,electronics,1938.85,0,5,1,1.2303518735920298,0.7777777777777778,0.0,0.044444444444444446,0,0,0
6999.9,card,DEV_00593,SG,success,1982,10,10,0,1,4,8780.34,home,6999.9,0,1,0,0.7972242532749301,1.0,0.0,0.1,0,0,0
3663.09,netbanking,DEV_01371,US,success,1157,11,7,0,1,4,3574.93,electronics,3663.09,0,4,0,1.02466062272548,0.6363636363636364,0.0,0.09090909090909091,0,0,0
2452.48,netbanking,DEV_02773,SG,success,398,37,29,0,3,2,391.64,electronics,2452.48,0,5,1,6.262077418036973,0.7837837837837838,0.0,0.08108108108108109,0,0,0
10925.46,upi,DEV_02588,SG,success,1076,31,23,1,1,1,2467.25,grocery,10925.46,0,0,0,4.428193332657817,0.7419354838709677,0.03225806451612903,0.03225806451612903,1,0,0
2449.86,wallet,DEV_00180,GB,success,1946,16,6,0,2,3,6475.86,grocery,2449.86,0,4,0,0.37830651064105775,0.375,0.0,0.125,0,0,0
873.64,upi,DEV_00746,GB,failed,646,8,0,0,3,2,5054.35,fashion,873.64,0,6,1,0.17284912995736346,0.0,0.0,0.375,0,0,0
2611.26,netbanking,DEV_01231,AE,failed,882,45,42,0,3,2,1292.16,fashion,2611.26,0,0,0,2.020848811292719,0.9333333333333333,0.0,0.06666666666666667,0,0,0
5327.28,wallet,DEV_02837,SG,success,1811,13,9,1,0,2,3152.47,grocery,5327.28,0,6,1,1.6898749234727055,0.6923076923076923,0.07692307692307693,0.0,1,0,0
3255.32,card,DEV_01054,IN,success,585,3,0,0,1,3,7336.51,electronics,3255.32,0,4,0,0.44371506342934175,0.0,0.0,0.3333333333333333,0,0,0
6840.81,wallet,DEV_01607,GB,success,635,27,18,1,0,1,12838.87,travel,6840.81,0,6,1,0.5328202559882607,0.6666666666666666,0.037037037037037035,0.0,1,0,0
2376.61,card,DEV_01594,GB,success,1453,45,45,0,2,1,3439.53,beauty,2376.61,0,2,0,0.6909694057036863,1.0,0.0,0.044444444444444446,0,0,0
5102.44,wallet,DEV_00552,US,failed,1253,25,17,0,2,2,1273.95,beauty,5102.44,0,1,0,4.005212135484124,0.68,0.0,0.08,0,0,0
6147.69,wallet,DEV_02982,AE,failed,985,46,38,0,0,1,5960.83,travel,6147.69,0,0,0,1.0313479834184165,0.8260869565217391,0.0,0.0,0,0,1
8326.27,upi,DEV_00304,US,success,94,19,15,0,0,2,6496.6,beauty,8326.27,0,4,0,1.2816350090816735,0.7894736842105263,0.0,0.0,0,0,0
4516.96,wallet,DEV_02651,US,success,123,11,8,0,4,2,5546.69,home,4516.96,0,5,1,0.814352343469709,0.7272727272727273,0.0,0.36363636363636365,0,0,0
2339.58,card,DEV_00362,IN,success,930,11,4,0,0,1,506.62,electronics,2339.58,0,4,0,4.618017448975563,0.36363636363636365,0.0,0.0,0,0,0
9528.42,wallet,DEV_00038,GB,success,232,3,3,2,1,4,2076.02,beauty,9528.42,0,0,0,4.589753470583135,1.0,0.6666666666666666,0.3333333333333333,1,0,0
1234.27,wallet,DEV_00327,SG,success,329,4,2,0,1,2,1219.95,electronics,1234.27,0,6,1,1.011738185991229,0.5,0.0,0.25,0,0,0
2241.95,upi,DEV_02085,IN,success,1356,10,4,0,1,2,713.93,software,2241.95,0,0,0,3.14029386634544,0.4,0.0,0.1,0,0,0
7583.49,card,DEV_02954,GB,success,1142,35,31,0,1,1,3474.0,travel,7583.49,0,5,1,2.1829274611398963,0.8857142857142857,0.0,0.02857142857142857,0,0,0
1164.88,upi,DEV_02295,US,success,692,44,43,0,2,1,1456.4,beauty,1164.88,0,4,0,0.7998352101071134,0.9772727272727273,0.0,0.045454545454545456,0,0,0
1826.77,netbanking,DEV_00301,SG,success,1875,19,19,0,3,2,4870.55,travel,1826.77,0,3,0,0.3750644177762265,1.0,0.0,0.15789473684210525,0,0,0
4314.79,netbanking,DEV_01883,SG,success,1827,35,33,0,2,1,6551.52,home,4314.79,0,1,0,0.6585937309204581,0.9428571428571428,0.0,0.05714285714285714,0,0,0
2466.25,netbanking,DEV_00956,GB,success,469,33,29,1,1,3,3082.44,software,2466.25,0,3,0,0.8000966766587508,0.8787878787878788,0.030303030303030304,0.030303030303030304,1,0,1
6140.98,upi,DEV_02411,GB,success,1832,39,33,0,4,1,3349.33,electronics,6140.98,0,4,0,1.8334950572203992,0.8461538461538461,0.0,0.10256410256410256,0,0,0
16137.54,wallet,DEV_01943,US,success,1906,31,21,0,1,2,11698.02,fashion,16137.54,0,5,1,1.379510378679469,0.6774193548387096,0.0,0.03225806451612903,0,0,0
9376.85,netbanking,DEV_02985,US,failed,358,3,3,1,1,2,3996.02,fashion,9376.85,0,0,0,2.346547314578005,1.0,0.3333333333333333,0.3333333333333333,1,0,0
20679.93,wallet,DEV_00033,SG,failed,1483,11,5,0,0,1,3091.35,grocery,20679.93,0,5,1,6.689611334853705,0.45454545454545453,0.0,0.0,0,0,0
7688.51,wallet,DEV_01359,AE,success,1275,32,25,1,0,2,1319.71,home,7688.51,0,4,0,5.825908722370824,0.78125,0.03125,0.0,1,0,0
2203.1,upi,DEV_01506,SG,success,38,20,10,1,2,1,2275.95,beauty,2203.1,0,4,0,0.9679913882115161,0.5,0.05,0.1,1,0,0
2581.55,upi,DEV_02153,US,success,962,48,47,0,1,3,6044.89,home,2581.55,0,4,0,0.4270631889083176,0.9791666666666666,0.0,0.020833333333333332,0,0,0
7878.06,card,DEV_02159,US,success,481,26,25,0,1,1,4009.89,home,7878.06,0,0,0,1.9646573846165358,0.9615384615384616,0.0,0.038461538461538464,0,0,0
4853.01,netbanking,DEV_00859,IN,success,1650,10,2,1,2,1,2583.45,fashion,4853.01,0,2,0,1.8784996806595833,0.2,0.1,0.2,1,0,0
3502.29,wallet,DEV_02193,GB,failed,1246,3,3,0,1,1,1098.32,fashion,3502.29,0,2,0,3.1887701216403235,1.0,0.0,0.3333333333333333,0,0,0
18703.28,wallet,DEV_01678,AE,success,380,5,2,0,1,3,8456.74,grocery,18703.28,0,5,1,2.2116418383443266,0.4,0.0,0.2,0,0,0
4195.52,wallet,DEV_01141,GB,success,1989,44,39,0,2,1,9617.65,software,4195.52,0,5,1,0.4362313039048001,0.8863636363636364,0.0,0.045454545454545456,0,0,0
1776.36,wallet,DEV_01102,GB,success,825,16,10,0,1,2,3876.36,beauty,1776.36,0,3,0,0.45825465127077974,0.625,0.0,0.0625,0,0,1
4831.92,wallet,DEV_01372,US,success,427,8,2,1,2,1,3772.82,software,4831.92,0,2,0,1.2807184016200084,0.25,0.125,0.25,1,0,0
1097.31,netbanking,DEV_02606,US,failed,1443,46,43,1,4,3,4152.82,travel,1097.31,0,2,0,0.2642324974354776,0.9347826086956522,0.021739130434782608,0.08695652173913043,1,0,0
1576.44,netbanking,DEV_01412,GB,success,1816,3,3,0,2,2,1992.07,grocery,1576.44,0,2,0,0.7913577334129825,1.0,0.0,0.6666666666666666,0,0,0
2280.18,wallet,DEV_01125,SG,failed,1385,22,21,0,3,2,2496.69,beauty,2280.18,0,2,0,0.9132811842879972,0.9545454545454546,0.0,0.13636363636363635,0,0,1
5844.44,netbanking,DEV_00357,IN,success,1250,2,2,1,3,2,1919.71,software,5844.44,0,1,0,3.0444390038078666,1.0,0.5,1.5,1,0,0
7764.64,wallet,DEV_02802,US,failed,738,43,43,0,2,4,2217.42,electronics,7764.64,0,0,0,3.501655076620577,1.0,0.0,0.046511627906976744,0,0,0
14897.64,netbanking,DEV_00493,IN,failed,1157,11,7,0,1,4,3574.93,travel,14897.64,0,2,0,4.167253624546495,0.6363636363636364,0.0,0.09090909090909091,0,0,0
11050.53,wallet,DEV_01054,GB,success,1993,28,20,0,1,1,1406.38,software,11050.53,0,4,0,7.8574282910735365,0.7142857142857143,0.0,0.03571428571428571,0,0,0
11446.5,wallet,DEV_01457,GB,success,790,40,35,0,1,4,11004.85,electronics,11446.5,0,0,0,1.0401323053017533,0.875,0.0,0.025,0,0,0
2426.07,wallet,DEV_01273,IN,failed,1791,30,29,0,1,4,5154.68,software,2426.07,0,5,1,0.4706538524214888,0.9666666666666667,0.0,0.03333333333333333,0,0,0
1020.39,wallet,DEV_02169,SG,success,1178,46,36,1,2,1,10585.38,electronics,1020.39,0,0,0,0.09639616149821736,0.782608695652174,0.021739130434782608,0.043478260869565216,1,0,0
5127.69,card,DEV_00205,SG,success,1070,7,6,1,2,1,2962.31,beauty,5127.69,0,6,1,1.730976839020899,0.8571428571428571,0.14285714285714285,0.2857142857142857,1,0,1
8563.74,upi,DEV_00250,IN,success,89,31,31,1,1,1,4423.35,beauty,8563.74,0,6,1,1.9360303842110616,1.0,0.03225806451612903,0.03225806451612903,1,0,0
8100.73,card,DEV_00352,GB,failed,1972,19,16,1,2,3,1947.21,beauty,8100.73,0,3,0,4.160172760000205,0.8421052631578947,0.05263157894736842,0.10526315789473684,1,0,0
3450.19,upi,DEV_00707,GB,success,522,14,5,0,2,1,1645.99,travel,3450.19,0,5,1,2.096118445434055,0.35714285714285715,0.0,0.14285714285714285,0,0,0
4400.45,netbanking,DEV_02218,US,success,1432,21,11,1,3,2,2265.44,home,4400.45,0,4,0,1.942426195352779,0.5238095238095238,0.047619047619047616,0.14285714285714285,1,0,0
3135.22,wallet,DEV_01563,AE,success,567,10,8,0,2,4,1264.59,electronics,3135.22,0,4,0,2.479238330209791,0.8,0.0,0.2,0,0,0
3558.89,netbanking,DEV_01786,IN,success,1188,37,32,2,1,3,4730.52,software,3558.89,0,3,0,0.7523253257569992,0.8648648648648649,0.05405405405405406,0.02702702702702703,1,0,0
1758.7,netbanking,DEV_00034,US,success,1640,33,25,0,2,4,3566.2,home,1758.7,0,4,0,0.49315798328753296,0.7575757575757576,0.0,0.06060606060606061,0,0,0
2280.77,card,DEV_00295,GB,success,407,21,13,1,4,1,3764.46,electronics,2280.77,0,1,0,0.6058691020757293,0.6190476190476191,0.047619047619047616,0.19047619047619047,1,0,0
1654.0,wallet,DEV_00992,GB,failed,958,9,8,1,1,4,2988.68,home,1654.0,0,3,0,0.5534215774187936,0.8888888888888888,0.1111111111111111,0.1111111111111111,1,0,0
6518.54,wallet,DEV_01991,IN,success,1972,19,16,1,2,3,1947.21,home,6518.54,0,0,0,3.3476307126606786,0.8421052631578947,0.05263157894736842,0.10526315789473684,1,0,1
1480.74,netbanking,DEV_01117,AE,success,604,9,1,0,0,4,5474.8,electronics,1480.74,0,4,0,0.27046467450865785,0.1111111111111111,0.0,0.0,0,0,0
2882.46,netbanking,DEV_01004,SG,failed,1618,34,30,0,2,4,2781.03,grocery,2882.46,0,0,0,1.0364720984671147,0.8823529411764706,0.0,0.058823529411764705,0,0,0
921.19,card,DEV_02520,AE,success,569,47,47,2,1,1,1297.98,travel,921.19,0,1,0,0.7097104731968136,1.0,0.0425531914893617,0.02127659574468085,1,0,0
2535.96,wallet,DEV_02593,US,success,1292,43,37,0,4,2,2842.64,grocery,2535.96,0,3,0,0.8921143725550897,0.8604651162790697,0.0,0.09302325581395349,0,0,0
924.41,card,DEV_02577,GB,success,1469,30,24,0,0,3,1532.29,software,924.41,0,5,1,0.6032865841322465,0.8,0.0,0.0,0,0,0
1988.31,wallet,DEV_02854,GB,success,1066,2,1,0,2,2,2133.49,software,1988.31,0,1,0,0.9319518722843791,0.5,0.0,1.0,0,0,0
3724.43,card,DEV_02455,US,success,1618,21,13,0,1,1,1806.82,beauty,3724.43,0,2,0,2.061317674145737,0.6190476190476191,0.0,0.047619047619047616,0,0,0
4663.41,wallet,DEV_01821,US,success,1643,47,37,2,0,4,6874.06,fashion,4663.41,0,5,1,0.6784069385486888,0.7872340425531915,0.0425531914893617,0.0,1,0,1
757.92,card,DEV_00700,IN,success,1931,6,3,0,2,1,2695.77,home,757.92,0,4,0,0.28115158192279016,0.5,0.0,0.3333333333333333,0,0,0
4180.08,netbanking,DEV_02960,US,success,68,17,10,0,2,2,5809.14,electronics,4180.08,0,5,1,0.7195695059853954,0.5882352941176471,0.0,0.11764705882352941,0,0,0
12238.04,card,DEV_02759,AE,success,1379,29,24,1,2,2,7205.46,home,12238.04,0,0,0,1.6984397942671252,0.8275862068965517,0.034482758620689655,0.06896551724137931,1,0,0
3844.44,netbanking,DEV_02249,US,success,1768,5,0,0,2,2,3924.68,grocery,3844.44,0,4,0,0.9795550210463019,0.0,0.0,0.4,0,0,0
2537.97,wallet,DEV_00748,AE,success,1651,41,38,0,0,3,5945.94,fashion,2537.97,0,6,1,0.42684083593174504,0.926829268292683,0.0,0.0,0,0,0
4297.77,netbanking,DEV_01629,AE,success,1841,27,24,1,2,4,944.08,travel,4297.77,0,6,1,4.552336666384205,0.8888888888888888,0.037037037037037035,0.07407407407407407,1,0,0
1973.59,netbanking,DEV_01620,IN,success,516,33,27,0,0,1,2129.3,travel,1973.59,0,5,1,0.9268726811628234,0.8181818181818182,0.0,0.0,0,0,0
6016.32,wallet,DEV_01407,IN,success,1927,25,21,0,0,4,17633.7,software,6016.32,0,5,1,0.34118307558822025,0.84,0.0,0.0,0,0,0
3911.61,card,DEV_01869,AE,success,1281,11,10,1,0,1,1480.41,grocery,3911.61,0,0,0,2.642247755689302,0.9090909090909091,0.09090909090909091,0.0,1,0,0
1994.16,card,DEV_00628,SG,success,883,12,4,0,4,3,2206.7,grocery,1994.16,0,1,0,0.9036842343771243,0.3333333333333333,0.0,0.3333333333333333,0,0,0
4335.08,netbanking,DEV_00394,GB,success,1426,16,16,0,1,1,1379.01,electronics,4335.08,0,3,0,3.143617522715571,1.0,0.0,0.0625,0,0,0
1474.01,netbanking,DEV_00844,IN,success,68,17,10,0,2,2,5809.14,travel,1474.01,0,0,0,0.253739796252113,0.5882352941176471,0.0,0.11764705882352941,0,0,0
1763.63,upi,DEV_02130,US,success,1777,31,22,0,3,2,2404.88,home,1763.63,0,2,0,0.7333546788197333,0.7096774193548387,0.0,0.0967741935483871,0,0,0
2166.9,wallet,DEV_01115,AE,failed,1946,16,6,0,2,3,6475.86,beauty,2166.9,0,4,0,0.33461192799103134,0.375,0.0,0.125,0,0,0
4794.3,netbanking,DEV_01554,GB,success,1253,25,17,0,2,2,1273.95,home,4794.3,0,5,1,3.763334510773578,0.68,0.0,0.08,0,0,0
11101.96,wallet,DEV_00077,GB,success,573,4,1,0,4,4,2501.57,grocery,11101.96,0,2,0,4.437996937922984,0.25,0.0,1.0,0,0,0
12488.64,netbanking,DEV_02657,US,success,484,14,9,1,0,1,4246.01,beauty,12488.64,0,5,1,2.9412648580667495,0.6428571428571429,0.07142857142857142,0.0,1,0,0
1439.13,upi,DEV_01770,SG,failed,133,22,15,1,1,2,10503.78,home,1439.13,0,4,0,0.13701067615658363,0.6818181818181818,0.045454545454545456,0.045454545454545456,1,0,0
2332.58,card,DEV_01378,AE,success,1399,44,40,0,1,2,2064.9,fashion,2332.58,0,4,0,1.129633396290377,0.9090909090909091,0.0,0.022727272727272728,0,0,0
755.59,upi,DEV_02974,IN,success,1851,38,31,1,1,2,1038.4,fashion,755.59,0,5,1,0.7276483050847458,0.8157894736842105,0.02631578947368421,0.02631578947368421,1,0,0
7944.33,card,DEV_01995,AE,success,683,35,34,1,0,2,879.02,electronics,7944.33,0,5,1,9.037712452503925,0.9714285714285714,0.02857142857142857,0.0,1,0,0
2815.85,netbanking,DEV_00462,GB,success,785,13,7,0,1,3,1795.8,travel,2815.85,0,0,0,1.5680198240338568,0.5384615384615384,0.0,0.07692307692307693,0,0,0
2847.37,wallet,DEV_01912,IN,success,608,50,45,0,2,2,2545.13,beauty,2847.37,0,2,0,1.118752283773324,0.9,0.0,0.04,0,0,0
11680.56,card,DEV_00505,GB,success,876,22,19,0,0,1,3564.46,home,11680.56,0,6,1,3.2769507863743734,0.8636363636363636,0.0,0.0,0,0,0
931.3,wallet,DEV_01864,US,success,775,24,18,0,2,4,3597.75,travel,931.3,0,3,0,0.2588562295879369,0.75,0.0,0.08333333333333333,0,0,0
1211.01,netbanking,DEV_00985,IN,success,202,10,9,0,0,2,2397.89,software,1211.01,0,2,0,0.5050315068664535,0.9,0.0,0.0,0,0,0
2552.54,wallet,DEV_00547,US,success,1125,48,38,1,0,2,2164.38,travel,2552.54,0,2,0,1.1793400419519677,0.7916666666666666,0.020833333333333332,0.0,1,0,0
6090.71,wallet,DEV_02050,GB,success,572,9,3,0,2,3,16718.47,software,6090.71,0,0,0,0.3643102508782203,0.3333333333333333,0.0,0.2222222222222222,0,0,0
6120.25,card,DEV_00915,GB,failed,566,50,44,0,2,4,2009.04,travel,6120.25,0,2,0,3.046355473260861,0.88,0.0,0.04,0,0,0
2649.09,netbanking,DEV_00391,AE,success,1207,15,9,1,0,4,1622.72,grocery,2649.09,0,6,1,1.6324997535002959,0.6,0.06666666666666667,0.0,1,0,0
7982.26,netbanking,DEV_01916,US,success,740,44,39,1,2,3,2179.71,electronics,7982.26,0,0,0,3.6620743126379196,0.8863636363636364,0.022727272727272728,0.045454545454545456,1,0,0
4889.9,upi,DEV_00974,US,success,204,34,30,0,3,2,4903.63,travel,4889.9,0,0,0,0.9972000334446114,0.8823529411764706,0.0,0.08823529411764706,0,0,0
2579.6,netbanking,DEV_01432,SG,success,1435,41,41,1,2,1,2382.23,beauty,2579.6,0,0,0,1.0828509421844237,1.0,0.024390243902439025,0.04878048780487805,1,0,0
4283.11,wallet,DEV_02449,GB,failed,184,41,32,0,0,4,1152.0,software,4283.11,0,6,1,3.717977430555555,0.7804878048780488,0.0,0.0,0,0,0
3626.44,netbanking,DEV_02055,IN,failed,1171,36,26,1,4,1,2458.3,home,3626.44,0,2,0,1.4751820363665946,0.7222222222222222,0.027777777777777776,0.1111111111111111,1,0,0
1288.58,wallet,DEV_00182,US,success,1531,8,0,1,1,3,4186.0,home,1288.58,0,1,0,0.3078308647873865,0.0,0.125,0.125,1,0,0
1942.85,card,DEV_00793,AE,success,687,19,19,2,2,1,3269.57,electronics,1942.85,0,3,0,0.5942218701541793,1.0,0.10526315789473684,0.10526315789473684,1,0,0
2165.99,upi,DEV_02684,GB,success,1504,20,18,0,1,3,1025.56,home,2165.99,0,4,0,2.1120070985607864,0.9,0.0,0.05,0,0,0
910.7,netbanking,DEV_00075,AE,success,959,1,1,0,3,2,3058.04,electronics,910.7,0,1,0,0.2978051300833214,1.0,0.0,3.0,0,0,0
2321.74,wallet,DEV_02429,AE,success,301,23,14,1,3,2,5934.0,fashion,2321.74,0,4,0,0.39126053252443543,0.6086956521739131,0.043478260869565216,0.13043478260869565,1,0,0
8160.99,netbanking,DEV_02989,AE,failed,1169,17,9,1,2,2,6251.74,home,8160.99,0,6,1,1.3053949780381142,0.5294117647058824,0.058823529411764705,0.11764705882352941,1,0,0
2600.28,upi,DEV_01192,IN,success,1687,9,1,1,0,3,8980.16,software,2600.28,0,5,1,0.28955831521932796,0.1111111111111111,0.1111111111111111,0.0,1,0,0
5912.39,netbanking,DEV_02343,GB,success,83,48,40,0,2,4,3061.02,electronics,5912.39,0,6,1,1.9315097581851801,0.8333333333333334,0.0,0.041666666666666664,0,0,1
1473.5,wallet,DEV_01161,GB,failed,243,48,38,0,4,2,4257.0,home,1473.5,0,3,0,0.3461357763683345,0.7916666666666666,0.0,0.08333333333333333,0,0,0
2113.84,card,DEV_00503,AE,success,59,12,12,1,1,1,2860.69,home,2113.84,0,2,0,0.7389266225980445,1.0,0.08333333333333333,0.08333333333333333,1,0,0
4823.71,wallet,DEV_00413,IN,failed,372,5,0,0,4,3,5834.88,beauty,4823.71,0,1,0,0.8267025200175496,0.0,0.0,0.8,0,0,0
2327.11,netbanking,DEV_02523,IN,success,1376,35,32,0,2,4,6473.06,software,2327.11,0,3,0,0.3595069410757818,0.9142857142857143,0.0,0.05714285714285714,0,0,0
1026.69,card,DEV_01796,IN,failed,1816,35,25,0,1,1,977.41,software,1026.69,0,3,0,1.05041896440593,0.7142857142857143,0.0,0.02857142857142857,0,0,0
1778.09,netbanking,DEV_02354,IN,failed,775,24,18,0,2,4,3597.75,grocery,1778.09,0,2,0,0.49422277812521714,0.75,0.0,0.08333333333333333,0,0,0
1927.36,upi,DEV_02167,GB,success,1919,49,46,0,1,2,2613.19,fashion,1927.36,0,6,1,0.7375506564773322,0.9387755102040817,0.0,0.02040816326530612,0,0,0
4099.49,wallet,DEV_02883,US,success,709,40,33,0,2,2,476.05,home,4099.49,0,3,0,8.611469383468123,0.825,0.0,0.05,0,0,0
1519.29,upi,DEV_02723,SG,failed,423,15,7,1,2,2,4314.12,electronics,1519.29,0,4,0,0.352166838196434,0.4666666666666667,0.06666666666666667,0.13333333333333333,1,0,1
2358.77,wallet,DEV_01646,US,success,709,40,33,0,2,2,476.05,beauty,2358.77,0,2,0,4.954878689213317,0.825,0.0,0.05,0,0,0
4382.55,wallet,DEV_01994,US,success,621,41,33,0,1,1,3503.4,grocery,4382.55,0,6,1,1.2509419421133756,0.8048780487804879,0.0,0.024390243902439025,0,0,0
2660.18,wallet,DEV_00187,AE,failed,1383,19,13,0,2,4,470.05,fashion,2660.18,0,3,0,5.65935538772471,0.6842105263157895,0.0,0.10526315789473684,0,0,0
2370.87,upi,DEV_00545,SG,success,680,32,29,0,2,3,1383.88,electronics,2370.87,0,0,0,1.7132049021591464,0.90625,0.0,0.0625,0,0,0
1685.12,netbanking,DEV_00350,US,success,1478,10,0,0,2,2,1351.35,travel,1685.12,0,6,1,1.246990046990047,0.0,0.0,0.2,0,0,0
1873.83,card,DEV_00795,SG,success,1881,21,18,0,2,1,975.65,fashion,1873.83,0,4,0,1.9205965253933275,0.8571428571428571,0.0,0.09523809523809523,0,0,0
1776.91,netbanking,DEV_00777,IN,failed,166,25,25,0,1,3,3973.78,grocery,1776.91,0,3,0,0.44715862478546875,1.0,0.0,0.04,0,0,0
8340.89,netbanking,DEV_00676,AE,success,1977,22,12,0,1,4,3681.92,grocery,8340.89,0,4,0,2.2653642664696676,0.5454545454545454,0.0,0.045454545454545456,0,0,0
877.71,upi,DEV_01771,AE,success,404,49,47,1,1,3,4625.44,electronics,877.71,0,3,0,0.18975708256944207,0.9591836734693877,0.02040816326530612,0.02040816326530612,1,0,0
1630.56,netbanking,DEV_01966,SG,failed,461,27,22,0,2,3,6401.35,home,1630.56,0,3,0,0.25472126973216586,0.8148148148148148,0.0,0.07407407407407407,0,0,0
12201.98,card,DEV_02845,GB,success,1802,10,7,0,3,4,2683.73,travel,12201.98,0,3,0,4.546649625707504,0.7,0.0,0.3,0,0,0
3208.18,upi,DEV_02882,IN,success,371,24,16,0,0,3,1420.9,software,3208.18,0,5,1,2.2578506580336404,0.6666666666666666,0.0,0.0,0,0,0
8047.45,wallet,DEV_02759,US,success,712,21,21,1,2,1,2768.96,fashion,8047.45,0,5,1,2.906307783427713,1.0,0.047619047619047616,0.09523809523809523,1,0,0
10285.45,wallet,DEV_01495,SG,success,349,9,4,0,2,3,2158.38,grocery,10285.45,0,1,0,4.765356424725952,0.4444444444444444,0.0,0.2222222222222222,0,0,0
1544.58,wallet,DEV_00104,SG,success,1197,40,40,0,4,4,1618.34,home,1544.58,0,5,1,0.9544224328633044,1.0,0.0,0.1,0,0,0
7228.8,upi,DEV_02742,AE,failed,1387,43,38,0,0,1,2263.42,electronics,7228.8,0,0,0,3.1937510492970813,0.8837209302325582,0.0,0.0,0,0,0
10070.1,netbanking,DEV_02899,IN,failed,1103,3,0,0,0,1,955.89,software,10070.1,0,4,0,10.534789567837304,0.0,0.0,0.0,0,0,0
3624.53,wallet,DEV_02390,IN,success,910,29,22,0,0,4,8385.6,fashion,3624.53,0,4,0,0.4322326369013547,0.7586206896551724,0.0,0.0,0,0,0
9891.09,upi,DEV_00804,US,success,596,24,16,0,2,3,1034.04,home,9891.09,0,1,0,9.565481025879077,0.6666666666666666,0.0,0.08333333333333333,0,0,0
11650.59,upi,DEV_01321,US,failed,320,48,48,1,0,1,3887.95,beauty,11650.59,0,6,1,2.9965894623130445,1.0,0.020833333333333332,0.0,1,0,0
1253.97,card,DEV_00444,SG,success,1165,6,4,1,0,3,389.6,home,1253.97,0,2,0,3.2186088295687885,0.6666666666666666,0.16666666666666666,0.0,1,0,0
1156.72,netbanking,DEV_02535,GB,success,1484,8,5,0,2,4,3493.64,electronics,1156.72,0,5,1,0.3310930719822306,0.625,0.0,0.25,0,0,0
3601.13,wallet,DEV_01082,GB,success,958,9,8,1,1,4,2988.68,grocery,3601.13,0,1,0,1.2049232437062516,0.8888888888888888,0.1111111111111111,0.1111111111111111,1,0,0
7386.44,upi,DEV_00741,GB,success,1761,20,13,1,1,4,9031.06,grocery,7386.44,0,3,0,0.8178929162246735,0.65,0.05,0.05,1,0,1
5703.17,netbanking,DEV_01174,IN,success,692,46,40,2,2,3,1189.72,home,5703.17,0,3,0,4.793707763171167,0.8695652173913043,0.043478260869565216,0.043478260869565216,1,0,0
3764.3,netbanking,DEV_00350,US,failed,117,43,36,0,2,3,4730.35,beauty,3764.3,0,2,0,0.7957762110626063,0.8372093023255814,0.0,0.046511627906976744,0,0,1
1201.07,upi,DEV_02094,IN,success,1376,35,32,0,2,4,6473.06,home,1201.07,0,3,0,0.1855490293616929,0.9142857142857143,0.0,0.05714285714285714,0,0,1
1359.54,upi,DEV_00238,US,success,2000,48,39,0,2,4,1005.07,software,1359.54,0,4,0,1.352681902753042,0.8125,0.0,0.041666666666666664,0,0,0
2383.14,upi,DEV_01821,AE,success,553,11,1,2,3,3,3111.06,beauty,2383.14,0,1,0,0.7660218703592987,0.09090909090909091,0.18181818181818182,0.2727272727272727,1,0,0
5971.75,card,DEV_02200,GB,failed,1430,41,39,1,5,3,11418.89,fashion,5971.75,0,6,1,0.5229711469328455,0.9512195121951219,0.024390243902439025,0.12195121951219512,1,0,0
2717.8,card,DEV_01066,AE,success,1106,40,39,0,2,3,4597.75,travel,2717.8,0,6,1,0.5911152194007939,0.975,0.0,0.05,0,0,0
16655.35,upi,DEV_00115,IN,success,385,13,6,1,1,1,3897.76,home,16655.35,0,6,1,4.273056832642338,0.46153846153846156,0.07692307692307693,0.07692307692307693,1,0,0
6893.04,upi,DEV_00996,GB,success,982,29,26,0,0,2,4499.99,grocery,6893.04,0,1,0,1.5317900706446015,0.896551724137931,0.0,0.0,0,0,0
5164.02,card,DEV_00456,US,success,1836,42,36,0,2,2,3183.98,travel,5164.02,0,4,0,1.6218757655512912,0.8571428571428571,0.0,0.047619047619047616,0,0,0
3662.22,upi,DEV_01595,IN,success,485,23,16,0,4,3,3099.84,grocery,3662.22,0,4,0,1.1814222669557137,0.6956521739130435,0.0,0.17391304347826086,0,0,0
6622.4,wallet,DEV_01618,GB,failed,1246,3,3,0,1,1,1098.32,electronics,6622.4,0,3,0,6.0295724379051645,1.0,0.0,0.3333333333333333,0,0,0
2222.7,card,DEV_03000,SG,failed,1292,43,37,0,4,2,2842.64,beauty,2222.7,0,5,1,0.7819139954408577,0.8604651162790697,0.0,0.09302325581395349,0,0,1
2551.21,wallet,DEV_01784,IN,success,489,42,33,2,0,1,952.69,software,2551.21,0,2,0,2.6779015209564494,0.7857142857142857,0.047619047619047616,0.0,1,0,0
4536.6,wallet,DEV_01546,US,success,552,42,41,2,1,4,5247.16,travel,4536.6,0,3,0,0.8645819833967328,0.9761904761904762,0.047619047619047616,0.023809523809523808,1,0,1
1135.16,card,DEV_01980,AE,failed,805,36,32,0,1,1,1631.16,fashion,1135.16,0,2,0,0.6959219205963854,0.8888888888888888,0.0,0.027777777777777776,0,0,0
3226.45,card,DEV_02608,AE,success,1677,8,7,0,1,1,4536.68,beauty,3226.45,0,1,0,0.7111918848144457,0.875,0.0,0.125,0,0,0
3636.06,wallet,DEV_00604,IN,failed,1292,43,37,0,4,2,2842.64,travel,3636.06,0,5,1,1.279113781555174,0.8604651162790697,0.0,0.09302325581395349,0,0,0
8544.9,card,DEV_02691,GB,failed,1953,2,0,1,1,3,5638.62,travel,8544.9,0,1,0,1.5154239867201549,0.0,0.5,0.5,1,0,1
1122.54,upi,DEV_00184,US,success,635,17,13,0,3,4,2351.76,home,1122.54,0,5,1,0.47731911419532597,0.7647058823529411,0.0,0.17647058823529413,0,0,0
4871.93,wallet,DEV_01219,GB,failed,1380,32,22,0,0,1,12791.5,travel,4871.93,0,3,0,0.3808724543642263,0.6875,0.0,0.0,0,0,0
4207.24,netbanking,DEV_02519,AE,success,1279,31,24,0,3,2,7124.36,fashion,4207.24,0,3,0,0.5905428698156747,0.7741935483870968,0.0,0.0967741935483871,0,0,0
