order_id,transaction_id,product_category,product_value,shipping_address,delivery_status,delivery_date,refund_status
ORD_000001,TXN_000001,electronics,1074.45,"Address_2365, India",pending,2026-07-13,none
ORD_000002,TXN_000002,software,26291.41,"Address_4779, India",failed,2026-05-15,none
ORD_000003,TXN_000003,home,255.47,"Address_5098, India",failed,2026-04-07,processed
ORD_000004,TXN_000004,software,2270.65,"Address_8971, India",delivered,2026-05-17,none
ORD_000005,TXN_000005,fashion,2066.71,"Address_6509, India",delivered,2026-06-29,processed
ORD_000006,TXN_000006,home,3870.98,"Address_1869, India",delivered,2026-07-29,none
ORD_000007,TXN_000007,software,4191.61,"Address_7123, India",failed,2026-01-26,none
ORD_000008,TXN_000008,fashion,2147.1,"Address_7506, India",failed,2026-01-30,processed
ORD_000009,TXN_000009,home,1341.26,"Address_8611, India",delivered,2026-05-12,none
ORD_000010,TXN_000010,fashion,4475.46,"Address_2931, India",delivered,2026-03-19,none
ORD_000011,TXN_000011,beauty,3510.32,"Address_5079, India",pending,2026-04-24,none
ORD_000012,TXN_000012,travel,2574.71,"Address_6585, India",delivered,2026-01-21,none
ORD_000013,TXN_000013,fashion,7760.82,"Address_3854, India",delivered,2026-04-20,processed
ORD_000014,TXN_000014,software,9569.79,"Address_1410, India",failed,2026-06-26,processed
ORD_000015,TXN_000015,home,4328.23,"Address_7010, India",delivered,2026-02-08,none
ORD_000016,TXN_000016,fashion,1800.22,"Address_4799, India",delivered,2026-05-11,none
ORD_000017,TXN_000017,beauty,1906.82,"Address_4781, India",failed,2026-04-08,none
ORD_000018,TXN_000018,fashion,9009.84,"Address_2354, India",delivered,2026-02-15,none
ORD_000019,TXN_000019,home,2272.3,"Address_4920, India",delivered,2026-02-18,none
ORD_000020,TXN_000020,home,2329.02,"Address_6103, India",delivered,2026-05-31,requested
ORD_000021,TXN_000021,beauty,9119.52,"Address_4566, India",delivered,2026-02-18,none
ORD_000022,TXN_000022,fashion,6118.24,"Address_2335, India",delivered,2026-03-31,none
ORD_000023,TXN_000023,fashion,5615.29,"Address_9897, India",delivered,2026-02-13,none
ORD_000024,TXN_000024,beauty,8899.77,"Address_6413, India",delivered,2026-05-13,processed
ORD_000025,TXN_000025,software,3636.46,"Address_8900, India",failed,2026-01-07,none
ORD_000026,TXN_000026,fashion,21023.18,"Address_6552, India",failed,2026-07-17,none
ORD_000027,TXN_000027,home,3507.13,"Address_9076, India",delivered,2026-07-14,requested
ORD_000028,TXN_000028,software,4157.9,"Address_1439, India",delivered,2026-01-31,none
ORD_000029,TXN_000029,home,9740.28,"Address_9197, India",pending,2026-08-05,processed
ORD_000030,TXN_000030,grocery,8598.41,"Address_2207, India",delivered,2026-03-28,requested
ORD_000031,TXN_000031,electronics,1476.16,"Address_6406, India",delivered,2026-03-02,none
ORD_000032,TXN_000032,beauty,2585.51,"Address_4798, India",failed,2026-05-23,none
ORD_000033,TXN_000033,fashion,2123.7,"Address_4916, India",pending,2026-02-23,processed
ORD_000034,TXN_000034,grocery,8148.57,"Address_2889, India",failed,2026-05-15,requested
ORD_000035,TXN_000035,home,2586.76,"Address_8615, India",pending,2026-07-10,none
ORD_000036,TXN_000036,electronics,3257.73,"Address_7353, India",delivered,2026-01-06,none
ORD_000037,TXN_000037,grocery,6842.8,"Address_8455, India",delivered,2026-05-02,none
ORD_000038,TXN_000038,software,3372.22,"Address_8740, India",delivered,2026-07-10,none
ORD_000039,TXN_000039,fashion,5323.74,"Address_3900, India",delivered,2026-07-31,requested
ORD_000040,TXN_000040,software,5216.87,"Address_8392, India",delivered,2026-06-10,requested
ORD_000041,TXN_000041,grocery,14561.34,"Address_6575, India",delivered,2026-05-09,none
ORD_000042,TXN_000042,grocery,2206.63,"Address_9893, India",delivered,2026-01-28,none
ORD_000043,TXN_000043,beauty,4994.41,"Address_5972, India",pending,2026-04-23,none
ORD_000044,TXN_000044,travel,35518.74,"Address_2918, India",failed,2026-07-14,none
ORD_000045,TXN_000045,home,2884.82,"Address_1320, India",delivered,2026-03-23,none
ORD_000046,TXN_000046,fashion,7232.85,"Address_8924, India",delivered,2026-03-23,processed
ORD_000047,TXN_000047,travel,2762.9,"Address_6896, India",failed,2026-07-28,none
ORD_000048,TXN_000048,travel,4041.71,"Address_8820, India",pending,2026-06-20,none
ORD_000049,TXN_000049,electronics,3683.13,"Address_2761, India",delivered,2026-04-21,processed
ORD_000050,TXN_000050,home,915.16,"Address_7425, India",delivered,2026-01-12,none
ORD_000051,TXN_000051,grocery,548.43,"Address_6752, India",pending,2026-06-06,requested
ORD_000052,TXN_000052,fashion,6998.93,"Address_9384, India",failed,2026-08-18,requested
ORD_000053,TXN_000053,fashion,10732.28,"Address_3726, India",pending,2026-04-12,processed
ORD_000054,TXN_000054,fashion,2495.77,"Address_5850, India",failed,2026-01-18,none
ORD_000055,TXN_000055,software,3709.28,"Address_1405, India",delivered,2026-04-07,none
ORD_000056,TXN_000056,beauty,4826.11,"Address_9314, India",delivered,2026-04-24,requested
ORD_000057,TXN_000057,beauty,18200.98,"Address_6715, India",pending,2026-05-17,requested
ORD_000058,TXN_000058,home,5043.15,"Address_3981, India",pending,2026-07-16,none
ORD_000059,TXN_000059,beauty,1512.88,"Address_3166, India",pending,2026-08-19,processed
ORD_000060,TXN_000060,home,3649.34,"Address_1553, India",failed,2026-02-01,requested
ORD_000061,TXN_000061,home,3767.02,"Address_8474, India",pending,2026-05-18,none
ORD_000062,TXN_000062,home,5446.95,"Address_1669, India",delivered,2026-04-03,processed
ORD_000063,TXN_000063,travel,1705.78,"Address_7656, India",delivered,2026-05-13,none
ORD_000064,TXN_000064,home,2300.01,"Address_8674, India",failed,2026-06-28,requested
ORD_000065,TXN_000065,electronics,2192.72,"Address_2399, India",delivered,2026-02-03,none
ORD_000066,TXN_000066,grocery,1589.86,"Address_3018, India",delivered,2026-03-26,processed
ORD_000067,TXN_000067,home,2229.95,"Address_3824, India",delivered,2026-05-20,none
ORD_000068,TXN_000068,home,11207.81,"Address_9841, India",delivered,2026-01-11,none
ORD_000069,TXN_000069,fashion,16274.14,"Address_4798, India",delivered,2026-07-02,none
ORD_000070,TXN_000070,electronics,947.44,"Address_3344, India",delivered,2026-02-08,processed
ORD_000071,TXN_000071,fashion,3248.82,"Address_5132, India",delivered,2026-01-24,none
ORD_000072,TXN_000072,travel,8708.01,"Address_7572, India",delivered,2026-02-27,requested
ORD_000073,TXN_000073,beauty,1156.41,"Address_5236, India",delivered,2026-06-07,none
ORD_000074,TXN_000074,home,23478.32,"Address_6632, India",delivered,2026-01-14,none
ORD_000075,TXN_000075,home,4376.18,"Address_9809, India",pending,2026-07-16,none
ORD_000076,TXN_000076,beauty,18234.86,"Address_6005, India",delivered,2026-06-02,processed
ORD_000077,TXN_000077,grocery,600.83,"Address_4972, India",pending,2026-01-14,none
ORD_000078,TXN_000078,electronics,2795.91,"Address_7267, India",delivered,2026-04-03,processed
ORD_000079,TXN_000079,travel,9598.44,"Address_6510, India",delivered,2026-03-08,requested
ORD_000080,TXN_000080,travel,8243.88,"Address_6581, India",delivered,2026-05-17,none
ORD_000081,TXN_000081,beauty,6793.29,"Address_9524, India",delivered,2026-07-16,none
ORD_000082,TXN_000082,grocery,2603.13,"Address_6735, India",delivered,2026-08-08,processed
ORD_000083,TXN_000083,travel,5477.25,"Address_1105, India",delivered,2026-02-19,requested
ORD_000084,TXN_000084,home,3004.93,"Address_5959, India",delivered,2026-04-11,none
ORD_000085,TXN_000085,travel,1356.72,"Address_1489, India",pending,2026-04-20,requested
ORD_000086,TXN_000086,beauty,1817.59,"Address_9684, India",pending,2026-02-03,requested
ORD_000087,TXN_000087,electronics,5865.87,"Address_3956, India",delivered,2026-05-25,processed
ORD_000088,TXN_000088,fashion,4615.99,"Address_3765, India",delivered,2026-02-01,none
ORD_000089,TXN_000089,home,1168.57,"Address_1560, India",delivered,2026-07-13,none
ORD_000090,TXN_000090,beauty,3017.4,"Address_7574, India",pending,2026-04-17,processed
ORD_000091,TXN_000091,travel,1862.87,"Address_3158, India",failed,2026-08-11,requested
ORD_000092,TXN_000092,beauty,1026.72,"Address_9593, India",pending,2026-06-24,processed
ORD_000093,TXN_000093,home,5288.77,"Address_4325, India",delivered,2026-05-17,none
ORD_000094,TXN_000094,travel,11426.85,"Address_6074, India",failed,2026-04-16,requested
ORD_000095,TXN_000095,fashion,5873.8,"Address_2853, India",pending,2026-02-26,processed
ORD_000096,TXN_000096,home,7429.95,"Address_6074, India",delivered,2026-02-02,requested
ORD_000097,TXN_000097,electronics,1680.77,"Address_4841, India",delivered,2026-03-20,none
ORD_000098,TXN_000098,beauty,2941.66,"Address_9299, India",delivered,2026-06-24,none
ORD_000099,TXN_000099,electronics,5330.48,"Address_6311, India",delivered,2026-02-13,none
ORD_000100,TXN_000100,fashion,10017.16,"Address_9635, India",pending,2026-05-09,none
ORD_000101,TXN_000101,software,2737.49,"Address_2299, India",delivered,2026-01-09,none
ORD_000102,TXN_000102,software,1999.19,"Address_3608, India",delivered,2026-06-24,requested
ORD_000103,TXN_000103,grocery,5348.31,"Address_5875, India",delivered,2026-06-26,none
ORD_000104,TXN_000104,home,1479.8,"Address_5512, India",failed,2026-06-13,processed
ORD_000105,TXN_000105,fashion,5932.47,"Address_2116, India",delivered,2026-07-23,none
ORD_000106,TXN_000106,home,3599.78,"Address_7800, India",delivered,2026-06-26,requested
ORD_000107,TXN_000107,grocery,2729.94,"Address_1293, India",delivered,2026-05-22,none
ORD_000108,TXN_000108,home,6041.62,"Address_8328, India",delivered,2026-08-17,none
ORD_000109,TXN_000109,travel,7459.32,"Address_1832, India",delivered,2026-08-14,requested
ORD_000110,TXN_000110,electronics,8473.71,"Address_8885, India",failed,2026-01-16,none
ORD_000111,TXN_000111,grocery,1124.0,"Address_9894, India",delivered,2026-05-08,none
ORD_000112,TXN_000112,beauty,3345.18,"Address_7102, India",failed,2026-05-09,none
ORD_000113,TXN_000113,fashion,8558.02,"Address_4541, India",pending,2026-06-30,none
ORD_000114,TXN_000114,home,5289.67,"Address_1802, India",delivered,2026-05-17,none
ORD_000115,TXN_000115,grocery,5516.77,"Address_8297, India",failed,2026-06-03,none
ORD_000116,TXN_000116,fashion,3352.92,"Address_7575, India",pending,2026-01-17,none
ORD_000117,TXN_000117,software,5437.98,"Address_9708, India",delivered,2026-04-05,none
ORD_000118,TXN_000118,beauty,9890.12,"Address_8541, India",delivered,2026-04-21,none
ORD_000119,TXN_000119,electronics,20878.81,"Address_2750, India",failed,2026-01-19,requested
ORD_000120,TXN_000120,beauty,8243.4,"Address_8919, India",delivered,2026-06-02,processed
ORD_000121,TXN_000121,fashion,1752.44,"Address_6740, India",delivered,2026-04-02,none
ORD_000122,TXN_000122,electronics,6444.69,"Address_2952, India",failed,2026-01-12,processed
ORD_000123,TXN_000123,software,2063.29,"Address_6780, India",delivered,2026-04-20,none
ORD_000124,TXN_000124,software,7503.48,"Address_3447, India",failed,2026-06-04,none
ORD_000125,TXN_000125,travel,5966.44,"Address_5401, India",failed,2026-04-16,none
ORD_000126,TXN_000126,travel,3362.04,"Address_8808, India",failed,2026-06-29,processed
ORD_000127,TXN_000127,fashion,1828.06,"Address_2689, India",delivered,2026-08-01,none
ORD_000128,TXN_000128,grocery,7286.52,"Address_3046, India",delivered,2026-04-08,none
ORD_000129,TXN_000129,travel,1073.97,"Address_8268, India",delivered,2026-08-07,processed
ORD_000130,TXN_000130,fashion,1500.41,"Address_1317, India",pending,2026-03-21,requested
ORD_000131,TXN_000131,grocery,2383.37,"Address_2813, India",delivered,2026-07-05,none
ORD_000132,TXN_000132,beauty,1504.71,"Address_8663, India",delivered,2026-05-31,requested
ORD_000133,TXN_000133,fashion,7730.03,"Address_7315, India",delivered,2026-07-26,processed
ORD_000134,TXN_000134,electronics,695.92,"Address_9472, India",failed,2026-04-23,none
ORD_000135,TXN_000135,fashion,3467.32,"Address_5921, India",failed,2026-03-13,requested
ORD_000136,TXN_000136,software,3271.86,"Address_8365, India",delivered,2026-08-16,requested
ORD_000137,TXN_000137,software,1120.49,"Address_8554, India",pending,2026-03-12,none
ORD_000138,TXN_000138,grocery,2840.81,"Address_4133, India",delivered,2026-04-06,none
ORD_000139,TXN_000139,travel,1661.78,"Address_5985, India",failed,2026-07-15,processed
ORD_000140,TXN_000140,home,3969.9,"Address_3699, India",failed,2026-08-16,requested
ORD_000141,TXN_000141,grocery,1446.08,"Address_8807, India",delivered,2026-08-02,requested
ORD_000142,TXN_000142,travel,2372.54,"Address_6036, India",delivered,2026-03-07,none
ORD_000143,TXN_000143,travel,1951.76,"Address_3567, India",failed,2026-02-24,none
ORD_000144,TXN_000144,travel,1619.64,"Address_4709, India",delivered,2026-05-10,none
ORD_000145,TXN_000145,software,482.35,"Address_5863, India",delivered,2026-02-24,requested
ORD_000146,TXN_000146,beauty,3834.78,"Address_7860, India",delivered,2026-03-14,none
ORD_000147,TXN_000147,software,4185.77,"Address_1816, India",failed,2026-07-07,none
ORD_000148,TXN_000148,beauty,2631.81,"Address_2078, India",pending,2026-03-28,none
ORD_000149,TXN_000149,home,4100.62,"Address_4736, India",pending,2026-06-25,none
ORD_000150,TXN_000150,grocery,14407.13,"Address_3749, India",pending,2026-03-06,none
ORD_000151,TXN_000151,fashion,4460.08,"Address_6996, India",delivered,2026-07-23,none
ORD_000152,TXN_000152,electronics,674.14,"Address_4617, India",pending,2026-06-10,processed
ORD_000153,TXN_000153,fashion,1100.87,"Address_1869, India",failed,2026-07-15,none
ORD_000154,TXN_000154,software,8301.83,"Address_5397, India",delivered,2026-02-07,none
ORD_000155,TXN_000155,fashion,4545.47,"Address_8647, India",delivered,2026-04-24,none
ORD_000156,TXN_000156,travel,1701.48,"Address_8538, India",delivered,2026-05-13,none
ORD_000157,TXN_000157,home,6101.16,"Address_6091, India",delivered,2026-04-22,requested
ORD_000158,TXN_000158,travel,2051.32,"Address_6378, India",pending,2026-04-08,none
ORD_000159,TXN_000159,electronics,1229.06,"Address_2077, India",failed,2026-06-18,none
ORD_000160,TXN_000160,beauty,7207.04,"Address_4649, India",delivered,2026-03-09,processed
ORD_000161,TXN_000161,beauty,2323.35,"Address_5471, India",pending,2026-08-03,none
ORD_000162,TXN_000162,fashion,3574.18,"Address_3587, India",failed,2026-01-08,none
ORD_000163,TXN_000163,travel,2086.62,"Address_6292, India",failed,2026-08-03,requested
ORD_000164,TXN_000164,software,2157.48,"Address_8885, India",pending,2026-04-30,none
ORD_000165,TXN_000165,grocery,6222.1,"Address_5082, India",failed,2026-08-11,none
ORD_000166,TXN_000166,fashion,3720.06,"Address_8066, India",delivered,2026-08-10,none
ORD_000167,TXN_000167,home,7931.88,"Address_4871, India",pending,2026-07-01,none
ORD_000168,TXN_000168,electronics,9462.05,"Address_4322, India",delivered,2026-06-09,processed
ORD_000169,TXN_000169,electronics,4567.2,"Address_1621, India",delivered,2026-07-19,none
ORD_000170,TXN_000170,travel,1359.13,"Address_8426, India",pending,2026-07-23,none
ORD_000171,TXN_000171,grocery,8100.44,"Address_3386, India",pending,2026-06-15,requested
ORD_000172,TXN_000172,fashion,6117.69,"Address_6322, India",delivered,2026-02-01,none
ORD_000173,TXN_000173,software,639.86,"Address_5655, India",delivered,2026-08-11,none
ORD_000174,TXN_000174,electronics,5890.03,"Address_7562, India",failed,2026-08-16,processed
ORD_000175,TXN_000175,fashion,5724.62,"Address_2002, India",pending,2026-08-04,none
ORD_000176,TXN_000176,travel,3469.38,"Address_5385, India",failed,2026-04-19,processed
ORD_000177,TXN_000177,fashion,7437.86,"Address_6009, India",delivered,2026-08-08,processed
ORD_000178,TXN_000178,home,1955.92,"Address_1314, India",delivered,2026-06-18,none
ORD_000179,TXN_000179,software,876.24,"Address_4001, India",delivered,2026-03-11,processed
ORD_000180,TXN_000180,home,9492.07,"Address_4644, India",delivered,2026-04-24,none
ORD_000181,TXN_000181,fashion,11089.63,"Address_9371, India",delivered,2026-02-15,none
ORD_000182,TXN_000182,electronics,2030.05,"Address_8887, India",delivered,2026-04-25,none
ORD_000183,TXN_000183,fashion,1008.76,"Address_4411, India",delivered,2026-07-04,none
ORD_000184,TXN_000184,home,9431.43,"Address_6082, India",delivered,2026-07-18,none
ORD_000185,TXN_000185,fashion,1782.93,"Address_5802, India",pending,2026-08-11,none
ORD_000186,TXN_000186,software,6396.39,"Address_9826, India",delivered,2026-04-20,requested
ORD_000187,TXN_000187,fashion,8631.39,"Address_1900, India",delivered,2026-03-18,none
ORD_000188,TXN_000188,electronics,7856.97,"Address_6311, India",delivered,2026-03-09,none
ORD_000189,TXN_000189,fashion,2219.85,"Address_5072, India",delivered,2026-05-04,none
ORD_000190,TXN_000190,travel,2163.96,"Address_1464, India",pending,2026-07-01,none
ORD_000191,TXN_000191,grocery,1084.62,"Address_6840, India",delivered,2026-07-13,requested
ORD_000192,TXN_000192,electronics,6270.2,"Address_5370, India",delivered,2026-01-19,none
ORD_000193,TXN_000193,fashion,2033.7,"Address_5901, India",delivered,2026-04-05,none
ORD_000194,TXN_000194,electronics,11636.06,"Address_2289, India",failed,2026-06-13,none
ORD_000195,TXN_000195,grocery,4956.13,"Address_7099, India",delivered,2026-02-05,none
ORD_000196,TXN_000196,fashion,750.38,"Address_9367, India",delivered,2026-05-13,processed
ORD_000197,TXN_000197,electronics,3535.21,"Address_2493, India",delivered,2026-01-30,none
ORD_000198,TXN_000198,electronics,2369.86,"Address_6722, India",delivered,2026-02-05,none
ORD_000199,TXN_000199,beauty,558.13,"Address_5160, India",delivered,2026-08-17,requested
ORD_000200,TXN_000200,electronics,2124.83,"Address_6458, India",pending,2026-08-20,none
ORD_000201,TXN_000201,grocery,1174.61,"Address_9129, India",delivered,2026-04-26,requested
ORD_000202,TXN_000202,travel,11364.65,"Address_4778, India",delivered,2026-05-28,none
ORD_000203,TXN_000203,grocery,4083.57,"Address_7710, India",delivered,2026-01-15,requested
ORD_000204,TXN_000204,electronics,4770.72,"Address_7725, India",delivered,2026-03-15,none
ORD_000205,TXN_000205,software,2946.61,"Address_9789, India",delivered,2026-05-13,requested
ORD_000206,TXN_000206,fashion,2786.99,"Address_6176, India",delivered,2026-05-06,none
ORD_000207,TXN_000207,home,4367.7,"Address_8140, India",delivered,2026-02-04,none
ORD_000208,TXN_000208,grocery,2450.42,"Address_3520, India",delivered,2026-02-19,processed
ORD_000209,TXN_000209,beauty,2100.69,"Address_7314, India",failed,2026-03-03,none
ORD_000210,TXN_000210,software,2399.22,"Address_7881, India",failed,2026-03-09,requested
ORD_000211,TXN_000211,electronics,4049.94,"Address_6014, India",delivered,2026-03-20,none
ORD_000212,TXN_000212,software,4975.42,"Address_7921, India",delivered,2026-02-02,none
ORD_000213,TXN_000213,software,3170.02,"Address_1621, India",delivered,2026-04-29,none
ORD_000214,TXN_000214,grocery,18182.41,"Address_7841, India",delivered,2026-06-09,none
ORD_000215,TXN_000215,software,1406.83,"Address_4547, India",failed,2026-04-28,requested
ORD_000216,TXN_000216,travel,4936.06,"Address_9412, India",failed,2026-07-30,processed
ORD_000217,TXN_000217,electronics,1205.08,"Address_9813, India",failed,2026-05-23,none
ORD_000218,TXN_000218,grocery,3135.25,"Address_7401, India",delivered,2026-02-19,none
ORD_000219,TXN_000219,beauty,2115.88,"Address_9568, India",delivered,2026-08-11,processed
ORD_000220,TXN_000220,home,12363.48,"Address_9776, India",delivered,2026-03-15,processed
ORD_000221,TXN_000221,travel,4161.44,"Address_6787, India",pending,2026-07-30,none
ORD_000222,TXN_000222,grocery,2349.41,"Address_1576, India",failed,2026-02-07,none
ORD_000223,TXN_000223,home,8687.15,"Address_9786, India",delivered,2026-02-25,requested
ORD_000224,TXN_000224,fashion,5056.23,"Address_9585, India",delivered,2026-03-11,requested
ORD_000225,TXN_000225,fashion,5084.73,"Address_8999, India",delivered,2026-06-14,none
ORD_000226,TXN_000226,software,2437.71,"Address_2839, India",delivered,2026-01-28,none
ORD_000227,TXN_000227,software,1595.78,"Address_4164, India",pending,2026-06-17,none
ORD_000228,TXN_000228,home,2577.39,"Address_5632, India",delivered,2026-01-26,processed
ORD_000229,TXN_000229,fashion,2332.69,"Address_1471, India",failed,2026-07-27,none
ORD_000230,TXN_000230,travel,1856.79,"Address_7559, India",failed,2026-06-29,processed
ORD_000231,TXN_000231,travel,1472.61,"Address_7082, India",delivered,2026-03-23,none
ORD_000232,TXN_000232,grocery,454.46,"Address_5653, India",failed,2026-02-02,none
ORD_000233,TXN_000233,home,5024.42,"Address_8560, India",delivered,2026-06-22,requested
ORD_000234,TXN_000234,home,3338.38,"Address_5316, India",failed,2026-01-22,requested
ORD_000235,TXN_000235,home,668.32,"Address_9631, India",failed,2026-02-21,requested
ORD_000236,TXN_000236,home,4898.4,"Address_7104, India",delivered,2026-04-24,processed
ORD_000237,TXN_000237,grocery,1541.64,"Address_9051, India",delivered,2026-07-14,requested
ORD_000238,TXN_000238,grocery,13590.83,"Address_6805, India",pending,2026-02-25,none
ORD_000239,TXN_000239,software,6328.87,"Address_6987, India",pending,2026-08-14,none
ORD_000240,TXN_000240,fashion,2303.33,"Address_2464, India",failed,2026-01-03,requested
ORD_000241,TXN_000241,fashion,32792.99,"Address_3401, India",delivered,2026-06-23,none
ORD_000242,TXN_000242,fashion,6489.84,"Address_6726, India",failed,2026-08-18,none
ORD_000243,TXN_000243,home,24903.09,"Address_6427, India",delivered,2026-04-05,requested
ORD_000244,TXN_000244,software,4353.68,"Address_8812, India",pending,2026-02-11,none
ORD_000245,TXN_000245,electronics,6811.68,"Address_4277, India",delivered,2026-07-02,requested
ORD_000246,TXN_000246,software,15068.84,"Address_8881, India",delivered,2026-06-21,none
ORD_000247,TXN_000247,travel,7172.39,"Address_7810, India",delivered,2026-02-21,none
ORD_000248,TXN_000248,beauty,6903.37,"Address_8872, India",delivered,2026-05-03,none
ORD_000249,TXN_000249,fashion,14064.73,"Address_5302, India",delivered,2026-02-11,none
ORD_000250,TXN_000250,travel,16687.93,"Address_5752, India",delivered,2026-08-12,none
ORD_000251,TXN_000251,software,1741.71,"Address_1947, India",delivered,2026-05-29,processed
ORD_000252,TXN_000252,electronics,4264.32,"Address_9311, India",delivered,2026-02-02,processed
ORD_000253,TXN_000253,beauty,2987.43,"Address_4420, India",failed,2026-06-09,requested
ORD_000254,TXN_000254,home,5770.16,"Address_8507, India",delivered,2026-05-10,processed
ORD_000255,TXN_000255,home,8537.75,"Address_3213, India",delivered,2026-05-20,none
ORD_000256,TXN_000256,home,5636.48,"Address_4515, India",delivered,2026-05-24,none
ORD_000257,TXN_000257,fashion,4658.68,"Address_9620, India",delivered,2026-05-09,none
ORD_000258,TXN_000258,electronics,4223.26,"Address_1490, India",failed,2026-04-26,none
ORD_000259,TXN_000259,fashion,10393.31,"Address_6126, India",delivered,2026-07-10,none
ORD_000260,TXN_000260,beauty,5746.37,"Address_4703, India",delivered,2026-03-05,none
ORD_000261,TXN_000261,electronics,5874.44,"Address_8170, India",failed,2026-02-08,requested
ORD_000262,TXN_000262,grocery,667.88,"Address_5447, India",pending,2026-07-30,requested
ORD_000263,TXN_000263,fashion,2549.79,"Address_9388, India",failed,2026-03-18,none
ORD_000264,TXN_000264,grocery,3335.67,"Address_2634, India",failed,2026-02-26,requested
ORD_000265,TXN_000265,fashion,8837.0,"Address_3380, India",delivered,2026-05-09,requested
ORD_000266,TXN_000266,travel,2391.26,"Address_6362, India",pending,2026-01-14,none
ORD_000267,TXN_000267,fashion,869.52,"Address_3087, India",delivered,2026-06-24,none
ORD_000268,TXN_000268,fashion,2295.69,"Address_5701, India",delivered,2026-07-29,requested
ORD_000269,TXN_000269,software,7398.21,"Address_8669, India",pending,2026-06-15,none
ORD_000270,TXN_000270,fashion,1984.4,"Address_6888, India",delivered,2026-05-11,none
ORD_000271,TXN_000271,beauty,5721.31,"Address_1712, India",delivered,2026-07-18,processed
ORD_000272,TXN_000272,travel,3683.41,"Address_3719, India",failed,2026-06-05,none
ORD_000273,TXN_000273,electronics,9921.37,"Address_7763, India",pending,2026-08-08,none
ORD_000274,TXN_000274,software,2391.15,"Address_9884, India",delivered,2026-07-27,none
ORD_000275,TXN_000275,fashion,6368.48,"Address_3082, India",pending,2026-02-17,processed
ORD_000276,TXN_000276,grocery,3740.28,"Address_5512, India",pending,2026-07-12,processed
ORD_000277,TXN_000277,electronics,2811.93,"Address_7252, India",delivered,2026-07-11,none
ORD_000278,TXN_000278,grocery,539.35,"Address_3302, India",pending,2026-03-31,processed
ORD_000279,TXN_000279,grocery,6311.36,"Address_5617, India",delivered,2026-04-20,none
ORD_000280,TXN_000280,electronics,2428.83,"Address_3371, India",delivered,2026-03-22,none
ORD_000281,TXN_000281,software,2018.91,"Address_3444, India",delivered,2026-07-08,processed
ORD_000282,TXN_000282,travel,1815.97,"Address_7437, India",delivered,2026-02-14,none
ORD_000283,TXN_000283,fashion,2552.62,"Address_8561, India",delivered,2026-04-20,none
ORD_000284,TXN_000284,grocery,2719.64,"Address_7012, India",delivered,2026-01-10,none
ORD_000285,TXN_000285,travel,6269.54,"Address_2800, India",failed,2026-01-19,none
ORD_000286,TXN_000286,home,10177.39,"Address_7236, India",failed,2026-07-24,none
ORD_000287,TXN_000287,grocery,2674.28,"Address_2991, India",failed,2026-07-21,none
ORD_000288,TXN_000288,software,7681.63,"Address_7697, India",delivered,2026-06-15,none
ORD_000289,TXN_000289,electronics,12508.05,"Address_5320, India",pending,2026-08-19,none
ORD_000290,TXN_000290,travel,7245.93,"Address_9214, India",failed,2026-08-07,none
ORD_000291,TXN_000291,travel,11810.62,"Address_2670, India",failed,2026-05-02,processed
ORD_000292,TXN_000292,fashion,1986.16,"Address_6166, India",pending,2026-08-02,processed
ORD_000293,TXN_000293,fashion,1917.21,"Address_5977, India",pending,2026-01-14,processed
ORD_000294,TXN_000294,beauty,3111.78,"Address_4463, India",delivered,2026-05-15,none
ORD_000295,TXN_000295,fashion,7396.06,"Address_5289, India",delivered,2026-05-25,none
ORD_000296,TXN_000296,fashion,3257.21,"Address_2142, India",failed,2026-01-07,none
ORD_000297,TXN_000297,travel,3425.56,"Address_2696, India",delivered,2026-07-06,none
ORD_000298,TXN_000298,electronics,16681.87,"Address_4792, India",delivered,2026-08-07,none
ORD_000299,TXN_000299,home,2393.83,"Address_1036, India",delivered,2026-04-04,requested
ORD_000300,TXN_000300,electronics,2121.39,"Address_9230, India",delivered,2026-04-29,none
ORD_000301,TXN_000301,beauty,1114.93,"Address_5503, India",delivered,2026-03-09,requested
ORD_000302,TXN_000302,home,7095.19,"Address_2639, India",delivered,2026-06-26,processed
ORD_000303,TXN_000303,home,1632.4,"Address_9627, India",delivered,2026-01-28,none
ORD_000304,TXN_000304,fashion,5196.38,"Address_2713, India",delivered,2026-02-02,none
ORD_000305,TXN_000305,travel,752.05,"Address_7385, India",delivered,2026-01-27,requested
ORD_000306,TXN_000306,fashion,2483.77,"Address_3498, India",pending,2026-02-27,requested
ORD_000307,TXN_000307,beauty,3118.43,"Address_5403, India",delivered,2026-04-18,none
ORD_000308,TXN_000308,electronics,1494.45,"Address_4645, India",delivered,2026-06-19,requested
ORD_000309,TXN_000309,grocery,1842.37,"Address_5231, India",failed,2026-07-13,processed
ORD_000310,TXN_000310,beauty,5318.18,"Address_9605, India",pending,2026-02-03,processed
ORD_000311,TXN_000311,fashion,7877.4,"Address_5045, India",failed,2026-08-10,none
ORD_000312,TXN_000312,home,3294.72,"Address_5733, India",delivered,2026-01-11,requested
ORD_000313,TXN_000313,grocery,2404.04,"Address_2160, India",delivered,2026-08-14,requested
ORD_000314,TXN_000314,electronics,1674.36,"Address_4672, India",delivered,2026-05-31,requested
ORD_000315,TXN_000315,grocery,2835.15,"Address_4829, India",delivered,2026-02-06,processed
ORD_000316,TXN_000316,electronics,3099.75,"Address_6696, India",pending,2026-03-21,none
ORD_000317,TXN_000317,electronics,11061.85,"Address_1593, India",delivered,2026-07-21,processed
ORD_000318,TXN_000318,beauty,7698.05,"Address_7652, India",delivered,2026-02-28,requested
ORD_000319,TXN_000319,travel,1583.43,"Address_2550, India",delivered,2026-05-24,none
ORD_000320,TXN_000320,home,10209.82,"Address_1613, India",pending,2026-05-07,none
ORD_000321,TXN_000321,electronics,7942.0,"Address_5602, India",pending,2026-05-05,processed
ORD_000322,TXN_000322,home,3238.41,"Address_8600, India",failed,2026-07-17,processed
ORD_000323,TXN_000323,home,2032.85,"Address_9500, India",failed,2026-01-26,processed
ORD_000324,TXN_000324,grocery,1426.95,"Address_9466, India",delivered,2026-04-01,none
ORD_000325,TXN_000325,software,1850.1,"Address_5037, India",pending,2026-08-17,none
ORD_000326,TXN_000326,electronics,6316.58,"Address_1877, India",pending,2026-05-31,requested
ORD_000327,TXN_000327,electronics,3381.16,"Address_2176, India",pending,2026-05-23,none
ORD_000328,TXN_000328,software,2502.45,"Address_8872, India",delivered,2026-01-10,none
ORD_000329,TXN_000329,beauty,6599.48,"Address_4232, India",delivered,2026-07-28,none
ORD_000330,TXN_000330,home,5648.13,"Address_9647, India",delivered,2026-04-25,none
ORD_000331,TXN_000331,home,5926.86,"Address_2746, India",failed,2026-01-18,requested
ORD_000332,TXN_000332,travel,1782.59,"Address_1853, India",delivered,2026-02-19,processed
ORD_000333,TXN_000333,electronics,1538.68,"Address_3788, India",delivered,2026-04-11,none
ORD_000334,TXN_000334,grocery,8492.8,"Address_2411, India",delivered,2026-05-22,processed
ORD_000335,TXN_000335,home,11963.14,"Address_8335, India",delivered,2026-03-09,none
ORD_000336,TXN_000336,fashion,3442.69,"Address_9503, India",delivered,2026-06-29,processed
ORD_000337,TXN_000337,software,1389.97,"Address_7670, India",delivered,2026-02-19,none
ORD_000338,TXN_000338,fashion,1098.63,"Address_2784, India",pending,2026-02-02,none
ORD_000339,TXN_000339,travel,14212.46,"Address_4458, India",delivered,2026-03-11,none
ORD_000340,TXN_000340,electronics,3637.71,"Address_1907, India",delivered,2026-03-08,processed
ORD_000341,TXN_000341,beauty,1768.3,"Address_3950, India",pending,2026-04-15,requested
ORD_000342,TXN_000342,grocery,6543.34,"Address_4513, India",pending,2026-05-05,none
ORD_000343,TXN_000343,software,2162.42,"Address_8825, India",pending,2026-04-17,none
ORD_000344,TXN_000344,home,3852.27,"Address_4546, India",failed,2026-06-07,none
ORD_000345,TXN_000345,travel,7434.2,"Address_8005, India",delivered,2026-03-22,processed
ORD_000346,TXN_000346,home,5338.52,"Address_3494, India",delivered,2026-03-01,processed
ORD_000347,TXN_000347,travel,4408.33,"Address_6717, India",failed,2026-07-24,none
ORD_000348,TXN_000348,software,5750.87,"Address_4991, India",failed,2026-01-13,requested
ORD_000349,TXN_000349,software,10704.76,"Address_7357, India",failed,2026-06-21,none
ORD_000350,TXN_000350,grocery,3220.49,"Address_2281, India",delivered,2026-03-14,processed
ORD_000351,TXN_000351,fashion,11688.61,"Address_3037, India",pending,2026-06-04,requested
ORD_000352,TXN_000352,home,5021.97,"Address_1546, India",pending,2026-05-26,none
ORD_000353,TXN_000353,grocery,4476.29,"Address_2659, India",pending,2026-07-05,none
ORD_000354,TXN_000354,travel,7504.96,"Address_6233, India",pending,2026-03-18,none
ORD_000355,TXN_000355,electronics,2552.92,"Address_2989, India",pending,2026-07-27,none
ORD_000356,TXN_000356,electronics,7436.12,"Address_7442, India",failed,2026-07-17,processed
ORD_000357,TXN_000357,fashion,5925.96,"Address_7078, India",delivered,2026-04-02,none
ORD_000358,TXN_000358,home,2015.38,"Address_4418, India",failed,2026-01-10,processed
ORD_000359,TXN_000359,home,1462.34,"Address_1255, India",delivered,2026-01-05,none
ORD_000360,TXN_000360,grocery,1647.77,"Address_8962, India",delivered,2026-07-05,none
ORD_000361,TXN_000361,beauty,5141.35,"Address_4888, India",delivered,2026-07-27,none
ORD_000362,TXN_000362,home,5949.92,"Address_2622, India",failed,2026-06-26,requested
ORD_000363,TXN_000363,software,2467.36,"Address_3472, India",delivered,2026-04-05,none
ORD_000364,TXN_000364,beauty,3526.79,"Address_1897, India",delivered,2026-02-02,processed
ORD_000365,TXN_000365,fashion,3139.35,"Address_7380, India",delivered,2026-01-04,none
ORD_000366,TXN_000366,software,679.15,"Address_2314, India",delivered,2026-02-25,none
ORD_000367,TXN_000367,electronics,4551.85,"Address_6352, India",pending,2026-03-02,requested
ORD_000368,TXN_000368,electronics,6941.15,"Address_8531, India",delivered,2026-05-12,none
ORD_000369,TXN_000369,travel,1129.04,"Address_5134, India",failed,2026-02-04,processed
ORD_000370,TXN_000370,electronics,3789.01,"Address_3282, India",delivered,2026-02-26,none
ORD_000371,TXN_000371,electronics,2991.17,"Address_1768, India",failed,2026-07-15,none
ORD_000372,TXN_000372,software,725.19,"Address_4165, India",failed,2026-08-15,none
ORD_000373,TXN_000373,software,2606.96,"Address_7151, India",failed,2026-07-02,none
ORD_000374,TXN_000374,travel,1281.06,"Address_7633, India",pending,2026-06-16,none
ORD_000375,TXN_000375,software,2356.29,"Address_4572, India",delivered,2026-03-13,none
ORD_000376,TXN_000376,software,28427.9,"Address_5299, India",failed,2026-05-14,requested
ORD_000377,TXN_000377,software,1487.76,"Address_8638, India",delivered,2026-04-24,requested
ORD_000378,TXN_000378,travel,5651.65,"Address_6944, India",delivered,2026-02-25,requested
ORD_000379,TXN_000379,electronics,1013.78,"Address_3269, India",delivered,2026-07-09,processed
ORD_000380,TXN_000380,beauty,12006.7,"Address_3231, India",delivered,2026-02-21,requested
ORD_000381,TXN_000381,fashion,3195.42,"Address_2337, India",failed,2026-06-16,requested
ORD_000382,TXN_000382,travel,1848.98,"Address_5709, India",delivered,2026-07-30,requested
ORD_000383,TXN_000383,electronics,3354.23,"Address_4659, India",delivered,2026-01-30,none
ORD_000384,TXN_000384,home,2943.61,"Address_5289, India",delivered,2026-08-05,requested
ORD_000385,TXN_000385,beauty,12432.36,"Address_4911, India",pending,2026-06-13,none
ORD_000386,TXN_000386,grocery,3010.48,"Address_2083, India",pending,2026-06-05,requested
ORD_000387,TXN_000387,home,7561.32,"Address_5487, India",delivered,2026-04-14,none
ORD_000388,TXN_000388,fashion,4753.28,"Address_4691, India",failed,2026-07-31,none
ORD_000389,TXN_000389,software,4421.59,"Address_4737, India",delivered,2026-06-13,none
ORD_000390,TXN_000390,travel,7047.97,"Address_9743, India",delivered,2026-05-30,requested
ORD_000391,TXN_000391,travel,3518.22,"Address_8441, India",delivered,2026-01-27,requested
ORD_000392,TXN_000392,beauty,3150.22,"Address_4938, India",pending,2026-01-08,none
ORD_000393,TXN_000393,beauty,13251.25,"Address_6257, India",delivered,2026-08-16,none
ORD_000394,TXN_000394,fashion,5235.62,"Address_7790, India",delivered,2026-04-30,none
ORD_000395,TXN_000395,software,4097.39,"Address_9523, India",delivered,2026-01-11,none
ORD_000396,TXN_000396,travel,1396.12,"Address_8032, India",failed,2026-06-17,processed
ORD_000397,TXN_000397,electronics,1883.23,"Address_2902, India",delivered,2026-07-08,none
ORD_000398,TXN_000398,fashion,2511.45,"Address_1759, India",pending,2026-07-27,none
ORD_000399,TXN_000399,beauty,3456.23,"Address_9515, India",delivered,2026-06-02,processed
ORD_000400,TXN_000400,home,4675.98,"Address_8846, India",delivered,2026-08-22,none
ORD_000401,TXN_000401,grocery,10651.42,"Address_6697, India",failed,2026-06-10,none
ORD_000402,TXN_000402,travel,2781.79,"Address_7367, India",delivered,2026-05-20,requested
ORD_000403,TXN_000403,beauty,1305.68,"Address_8846, India",failed,2026-07-30,none
ORD_000404,TXN_000404,grocery,1344.65,"Address_2605, India",delivered,2026-02-22,none
ORD_000405,TXN_000405,home,7508.99,"Address_4856, India",pending,2026-06-22,none
ORD_000406,TXN_000406,home,2553.93,"Address_3925, India",pending,2026-08-11,none
ORD_000407,TXN_000407,fashion,1622.37,"Address_3388, India",delivered,2026-02-14,processed
ORD_000408,TXN_000408,grocery,2084.95,"Address_2187, India",failed,2026-03-05,none
ORD_000409,TXN_000409,fashion,7226.87,"Address_6234, India",delivered,2026-05-06,processed
ORD_000410,TXN_000410,beauty,1368.51,"Address_9023, India",pending,2026-08-02,none
ORD_000411,TXN_000411,software,7627.69,"Address_8460, India",failed,2026-08-02,processed
ORD_000412,TXN_000412,travel,15988.07,"Address_6881, India",pending,2026-04-09,processed
ORD_000413,TXN_000413,grocery,1224.79,"Address_6673, India",delivered,2026-04-28,none
ORD_000414,TXN_000414,grocery,2438.6,"Address_8396, India",delivered,2026-02-26,none
ORD_000415,TXN_000415,electronics,2562.14,"Address_2054, India",pending,2026-08-21,none
ORD_000416,TXN_000416,home,1560.89,"Address_8471, India",delivered,2026-03-06,processed
ORD_000417,TXN_000417,home,2710.14,"Address_3431, India",delivered,2026-08-08,requested
ORD_000418,TXN_000418,travel,1737.3,"Address_8062, India",delivered,2026-04-09,none
ORD_000419,TXN_000419,grocery,1560.52,"Address_5778, India",delivered,2026-04-29,none
ORD_000420,TXN_000420,electronics,8771.94,"Address_1236, India",failed,2026-05-16,none
ORD_000421,TXN_000421,home,2495.06,"Address_5083, India",delivered,2026-08-20,processed
ORD_000422,TXN_000422,software,3438.95,"Address_3394, India",failed,2026-04-09,none
ORD_000423,TXN_000423,software,3313.88,"Address_3282, India",failed,2026-06-16,none
ORD_000424,TXN_000424,travel,3428.8,"Address_3806, India",delivered,2026-02-19,requested
ORD_000425,TXN_000425,software,2663.01,"Address_9547, India",failed,2026-01-16,none
ORD_000426,TXN_000426,fashion,4965.36,"Address_8231, India",delivered,2026-08-21,requested
ORD_000427,TXN_000427,grocery,4256.74,"Address_5761, India",failed,2026-07-23,none
ORD_000428,TXN_000428,fashion,4053.48,"Address_1043, India",pending,2026-04-12,none
ORD_000429,TXN_000429,electronics,5280.8,"Address_8359, India",delivered,2026-02-20,none
ORD_000430,TXN_000430,fashion,5021.39,"Address_9925, India",pending,2026-07-06,none
ORD_000431,TXN_000431,home,6352.49,"Address_3624, India",pending,2026-04-18,requested
ORD_000432,TXN_000432,travel,4246.34,"Address_4429, India",pending,2026-04-29,none
ORD_000433,TXN_000433,fashion,4675.73,"Address_6361, India",delivered,2026-04-22,none
ORD_000434,TXN_000434,software,8781.06,"Address_1319, India",delivered,2026-05-24,none
ORD_000435,TXN_000435,electronics,4351.87,"Address_9409, India",delivered,2026-04-29,none
ORD_000436,TXN_000436,software,6616.89,"Address_9810, India",delivered,2026-05-06,none
ORD_000437,TXN_000437,fashion,3239.51,"Address_8033, India",delivered,2026-04-23,none
ORD_000438,TXN_000438,electronics,2662.37,"Address_4437, India",pending,2026-03-12,requested
ORD_000439,TXN_000439,fashion,4121.03,"Address_3113, India",delivered,2026-03-04,none
ORD_000440,TXN_000440,fashion,11836.13,"Address_9666, India",delivered,2026-03-18,none
ORD_000441,TXN_000441,software,5310.58,"Address_5451, India",delivered,2026-02-07,none
ORD_000442,TXN_000442,fashion,1926.7,"Address_8485, India",delivered,2026-02-28,none
ORD_000443,TXN_000443,beauty,3248.66,"Address_2879, India",pending,2026-03-13,processed
ORD_000444,TXN_000444,fashion,4585.15,"Address_1493, India",failed,2026-02-06,requested
ORD_000445,TXN_000445,software,1177.05,"Address_7494, India",delivered,2026-07-31,requested
ORD_000446,TXN_000446,travel,7287.96,"Address_7984, India",failed,2026-07-17,processed
ORD_000447,TXN_000447,home,3611.2,"Address_6006, India",delivered,2026-07-16,none
ORD_000448,TXN_000448,travel,5497.93,"Address_1023, India",delivered,2026-07-08,none
ORD_000449,TXN_000449,grocery,2619.75,"Address_2053, India",delivered,2026-06-04,none
ORD_000450,TXN_000450,home,2716.01,"Address_7405, India",delivered,2026-03-27,requested
ORD_000451,TXN_000451,electronics,21787.4,"Address_1501, India",failed,2026-02-26,none
ORD_000452,TXN_000452,travel,3622.79,"Address_6427, India",failed,2026-04-07,none
ORD_000453,TXN_000453,grocery,1445.03,"Address_2556, India",pending,2026-05-12,none
ORD_000454,TXN_000454,fashion,3527.33,"Address_7764, India",delivered,2026-04-24,none
ORD_000455,TXN_000455,beauty,2171.09,"Address_3123, India",delivered,2026-01-07,none
ORD_000456,TXN_000456,grocery,9602.79,"Address_1099, India",delivered,2026-06-02,none
ORD_000457,TXN_000457,software,3587.84,"Address_7683, India",failed,2026-01-22,requested
ORD_000458,TXN_000458,electronics,6942.22,"Address_4197, India",delivered,2026-03-29,none
ORD_000459,TXN_000459,software,952.4,"Address_6429, India",delivered,2026-01-29,none
ORD_000460,TXN_000460,software,3870.25,"Address_3664, India",delivered,2026-05-12,processed
ORD_000461,TXN_000461,electronics,2657.88,"Address_6314, India",failed,2026-04-16,processed
ORD_000462,TXN_000462,fashion,13211.13,"Address_8471, India",pending,2026-06-24,none
ORD_000463,TXN_000463,fashion,4435.87,"Address_6731, India",delivered,2026-05-19,none
ORD_000464,TXN_000464,software,11578.17,"Address_6014, India",pending,2026-04-15,none
ORD_000465,TXN_000465,grocery,1534.6,"Address_4251, India",failed,2026-04-21,none
ORD_000466,TXN_000466,travel,597.13,"Address_2745, India",delivered,2026-02-04,none
ORD_000467,TXN_000467,travel,8444.2,"Address_3607, India",delivered,2026-02-13,processed
ORD_000468,TXN_000468,software,3781.94,"Address_8133, India",delivered,2026-03-16,requested
ORD_000469,TXN_000469,software,3586.9,"Address_9901, India",failed,2026-01-22,none
ORD_000470,TXN_000470,home,3751.95,"Address_1661, India",delivered,2026-05-27,requested
ORD_000471,TXN_000471,grocery,1033.41,"Address_9708, India",failed,2026-01-12,none
ORD_000472,TXN_000472,electronics,9695.48,"Address_5173, India",delivered,2026-04-06,processed
ORD_000473,TXN_000473,travel,3578.99,"Address_9314, India",delivered,2026-04-23,processed
ORD_000474,TXN_000474,home,6437.71,"Address_2928, India",failed,2026-05-02,none
ORD_000475,TXN_000475,travel,9802.87,"Address_6070, India",delivered,2026-01-27,processed
ORD_000476,TXN_000476,fashion,4057.52,"Address_7028, India",delivered,2026-03-18,none
ORD_000477,TXN_000477,software,17908.41,"Address_6971, India",failed,2026-05-09,none
ORD_000478,TXN_000478,grocery,3878.25,"Address_6777, India",failed,2026-07-17,requested
ORD_000479,TXN_000479,grocery,4078.3,"Address_8289, India",pending,2026-02-17,processed
ORD_000480,TXN_000480,travel,1436.74,"Address_2446, India",delivered,2026-05-05,none
ORD_000481,TXN_000481,travel,6742.03,"Address_8359, India",failed,2026-04-15,processed
ORD_000482,TXN_000482,fashion,3110.92,"Address_1300, India",delivered,2026-01-17,none
ORD_000483,TXN_000483,home,1591.82,"Address_7744, India",delivered,2026-03-29,none
ORD_000484,TXN_000484,grocery,1565.0,"Address_2705, India",delivered,2026-01-26,none
ORD_000485,TXN_000485,beauty,3646.49,"Address_6843, India",failed,2026-08-04,requested
ORD_000486,TXN_000486,electronics,1510.16,"Address_2786, India",delivered,2026-06-11,none
ORD_000487,TXN_000487,fashion,481.47,"Address_2905, India",delivered,2026-05-19,requested
ORD_000488,TXN_000488,software,2241.72,"Address_9547, India",failed,2026-06-30,requested
ORD_000489,TXN_000489,electronics,4295.16,"Address_1127, India",failed,2026-02-17,none
ORD_000490,TXN_000490,home,2474.64,"Address_8088, India",delivered,2026-02-27,processed
ORD_000491,TXN_000491,software,896.37,"Address_9457, India",failed,2026-06-19,none
ORD_000492,TXN_000492,electronics,4867.41,"Address_9123, India",delivered,2026-04-28,none
ORD_000493,TXN_000493,software,5453.02,"Address_2914, India",delivered,2026-07-22,processed
ORD_000494,TXN_000494,beauty,5311.47,"Address_8850, India",failed,2026-02-28,processed
ORD_000495,TXN_000495,fashion,1402.96,"Address_8643, India",delivered,2026-01-10,none
ORD_000496,TXN_000496,software,7136.17,"Address_7454, India",delivered,2026-03-05,none
ORD_000497,TXN_000497,fashion,8668.97,"Address_9533, India",pending,2026-01-18,processed
ORD_000498,TXN_000498,beauty,7162.33,"Address_6779, India",delivered,2026-05-29,none
ORD_000499,TXN_000499,software,20239.6,"Address_9390, India",pending,2026-04-25,none
ORD_000500,TXN_000500,beauty,6700.96,"Address_5230, India",delivered,2026-04-07,requested
ORD_000501,TXN_000501,home,8678.01,"Address_4976, India",delivered,2026-06-23,processed
ORD_000502,TXN_000502,electronics,3540.89,"Address_1066, India",pending,2026-04-30,requested
ORD_000503,TXN_000503,beauty,4468.6,"Address_5662, India",failed,2026-06-21,processed
ORD_000504,TXN_000504,travel,5568.77,"Address_5869, India",delivered,2026-04-19,requested
ORD_000505,TXN_000505,software,3676.59,"Address_5139, India",delivered,2026-07-25,none
ORD_000506,TXN_000506,travel,1556.96,"Address_1708, India",pending,2026-03-29,processed
ORD_000507,TXN_000507,travel,1127.78,"Address_3791, India",pending,2026-06-14,requested
ORD_000508,TXN_000508,software,2605.75,"Address_6625, India",delivered,2026-01-11,none
ORD_000509,TXN_000509,grocery,1319.15,"Address_8404, India",delivered,2026-05-14,none
ORD_000510,TXN_000510,software,8183.27,"Address_7406, India",delivered,2026-07-21,none
ORD_000511,TXN_000511,fashion,1555.17,"Address_6585, India",failed,2026-07-19,processed
ORD_000512,TXN_000512,fashion,3201.91,"Address_9449, India",delivered,2026-04-12,processed
ORD_000513,TXN_000513,software,2803.12,"Address_1887, India",pending,2026-04-14,processed
ORD_000514,TXN_000514,software,4154.34,"Address_8031, India",delivered,2026-04-29,none
ORD_000515,TXN_000515,home,9495.01,"Address_9312, India",delivered,2026-06-20,requested
ORD_000516,TXN_000516,grocery,2608.81,"Address_7826, India",failed,2026-07-13,requested
ORD_000517,TXN_000517,home,6123.89,"Address_9622, India",delivered,2026-03-11,none
ORD_000518,TXN_000518,grocery,1629.79,"Address_1638, India",pending,2026-08-01,none
ORD_000519,TXN_000519,electronics,21692.14,"Address_8255, India",delivered,2026-02-23,requested
ORD_000520,TXN_000520,home,1716.63,"Address_7355, India",delivered,2026-01-24,none
ORD_000521,TXN_000521,grocery,5687.39,"Address_1418, India",delivered,2026-02-26,processed
ORD_000522,TXN_000522,beauty,5885.42,"Address_4570, India",pending,2026-05-26,none
ORD_000523,TXN_000523,fashion,2833.54,"Address_4125, India",delivered,2026-04-26,processed
ORD_000524,TXN_000524,grocery,2246.36,"Address_5628, India",delivered,2026-03-06,none
ORD_000525,TXN_000525,home,8227.64,"Address_6571, India",delivered,2026-03-24,none
ORD_000526,TXN_000526,software,8701.67,"Address_1708, India",delivered,2026-03-13,none
ORD_000527,TXN_000527,travel,4070.24,"Address_3264, India",pending,2026-04-10,none
ORD_000528,TXN_000528,fashion,2459.83,"Address_8513, India",delivered,2026-05-13,none
ORD_000529,TXN_000529,travel,4318.94,"Address_2947, India",delivered,2026-07-20,requested
ORD_000530,TXN_000530,fashion,7264.19,"Address_5300, India",failed,2026-06-08,none
ORD_000531,TXN_000531,fashion,3246.47,"Address_3288, India",delivered,2026-05-01,none
ORD_000532,TXN_000532,home,9765.51,"Address_8983, India",delivered,2026-05-27,requested
ORD_000533,TXN_000533,travel,4182.11,"Address_6402, India",delivered,2026-07-08,none
ORD_000534,TXN_000534,software,3555.54,"Address_6848, India",delivered,2026-01-05,none
ORD_000535,TXN_000535,software,1296.68,"Address_8397, India",delivered,2026-04-19,none
ORD_000536,TXN_000536,electronics,1355.22,"Address_7735, India",delivered,2026-03-24,none
ORD_000537,TXN_000537,electronics,2554.82,"Address_4187, India",pending,2026-04-12,none
ORD_000538,TXN_000538,travel,37874.28,"Address_6905, India",failed,2026-07-20,requested
ORD_000539,TXN_000539,travel,3299.11,"Address_7416, India",delivered,2026-07-05,none
ORD_000540,TXN_000540,electronics,1056.74,"Address_5084, India",failed,2026-03-05,none
ORD_000541,TXN_000541,home,4933.18,"Address_1233, India",pending,2026-07-01,none
ORD_000542,TXN_000542,home,2769.41,"Address_7639, India",delivered,2026-06-26,none
ORD_000543,TXN_000543,travel,1190.35,"Address_3448, India",failed,2026-06-04,none
ORD_000544,TXN_000544,software,7379.19,"Address_1432, India",delivered,2026-06-18,none
ORD_000545,TXN_000545,grocery,835.24,"Address_7868, India",failed,2026-01-27,none
ORD_000546,TXN_000546,fashion,6969.34,"Address_1071, India",delivered,2026-03-09,none
ORD_000547,TXN_000547,grocery,2952.25,"Address_6572, India",failed,2026-07-10,none
ORD_000548,TXN_000548,fashion,6006.58,"Address_7682, India",delivered,2026-07-24,none
ORD_000549,TXN_000549,home,1759.03,"Address_1108, India",pending,2026-07-15,requested
ORD_000550,TXN_000550,travel,2325.13,"Address_9829, India",failed,2026-08-04,none
ORD_000551,TXN_000551,travel,2004.76,"Address_4545, India",delivered,2026-07-24,none
ORD_000552,TXN_000552,home,3669.29,"Address_7716, India",delivered,2026-07-12,processed
ORD_000553,TXN_000553,electronics,2734.62,"Address_5306, India",pending,2026-02-18,none
ORD_000554,TXN_000554,beauty,11959.2,"Address_3915, India",delivered,2026-05-13,processed
ORD_000555,TXN_000555,home,1371.84,"Address_3328, India",pending,2026-02-22,none
ORD_000556,TXN_000556,fashion,1909.22,"Address_4010, India",delivered,2026-03-09,processed
ORD_000557,TXN_000557,home,3729.14,"Address_7136, India",delivered,2026-02-03,none
ORD_000558,TXN_000558,home,3052.36,"Address_2706, India",pending,2026-04-14,processed
ORD_000559,TXN_000559,electronics,872.49,"Address_8072, India",pending,2026-01-09,none
ORD_000560,TXN_000560,grocery,4081.11,"Address_2766, India",delivered,2026-01-04,none
ORD_000561,TXN_000561,fashion,2316.44,"Address_4420, India",delivered,2026-07-25,processed
ORD_000562,TXN_000562,electronics,2894.56,"Address_8489, India",pending,2026-07-27,requested
ORD_000563,TXN_000563,fashion,2485.28,"Address_2876, India",pending,2026-07-16,none
ORD_000564,TXN_000564,beauty,2990.52,"Address_4172, India",delivered,2026-06-11,none
ORD_000565,TXN_000565,beauty,3893.83,"Address_2188, India",failed,2026-03-24,processed
ORD_000566,TXN_000566,home,5010.27,"Address_3403, India",delivered,2026-04-08,none
ORD_000567,TXN_000567,fashion,1206.08,"Address_1407, India",pending,2026-01-02,none
ORD_000568,TXN_000568,fashion,4918.79,"Address_7846, India",delivered,2026-01-14,none
ORD_000569,TXN_000569,beauty,6491.63,"Address_3063, India",delivered,2026-04-10,none
ORD_000570,TXN_000570,software,658.97,"Address_8590, India",pending,2026-06-25,none
ORD_000571,TXN_000571,fashion,1046.17,"Address_8438, India",delivered,2026-01-08,none
ORD_000572,TXN_000572,beauty,2992.36,"Address_6310, India",pending,2026-03-07,processed
ORD_000573,TXN_000573,beauty,5724.12,"Address_8289, India",delivered,2026-04-05,none
ORD_000574,TXN_000574,electronics,2621.72,"Address_7557, India",delivered,2026-07-09,none
ORD_000575,TXN_000575,software,1105.91,"Address_9495, India",delivered,2026-07-03,none
ORD_000576,TXN_000576,home,2826.79,"Address_1868, India",delivered,2026-07-26,requested
ORD_000577,TXN_000577,software,10382.18,"Address_7866, India",delivered,2026-08-17,processed
ORD_000578,TXN_000578,grocery,1247.67,"Address_3250, India",delivered,2026-05-08,requested
ORD_000579,TXN_000579,electronics,7846.98,"Address_7831, India",delivered,2026-07-18,requested
ORD_000580,TXN_000580,travel,1254.76,"Address_5346, India",pending,2026-02-13,none
ORD_000581,TXN_000581,travel,1411.3,"Address_6613, India",delivered,2026-07-07,requested
ORD_000582,TXN_000582,fashion,9364.59,"Address_8422, India",failed,2026-06-24,none
ORD_000583,TXN_000583,home,15143.7,"Address_9107, India",failed,2026-08-17,none
ORD_000584,TXN_000584,electronics,3475.64,"Address_8233, India",delivered,2026-04-14,processed
ORD_000585,TXN_000585,grocery,1897.65,"Address_7825, India",delivered,2026-03-12,requested
ORD_000586,TXN_000586,home,2306.53,"Address_1866, India",pending,2026-01-24,none
ORD_000587,TXN_000587,beauty,1246.22,"Address_9420, India",failed,2026-04-10,requested
ORD_000588,TXN_000588,fashion,2418.81,"Address_9941, India",delivered,2026-07-10,requested
ORD_000589,TXN_000589,beauty,2399.66,"Address_2004, India",failed,2026-05-20,processed
ORD_000590,TXN_000590,travel,4360.92,"Address_3402, India",pending,2026-07-23,none
ORD_000591,TXN_000591,software,3081.67,"Address_7187, India",delivered,2026-06-02,requested
ORD_000592,TXN_000592,electronics,5025.88,"Address_1021, India",delivered,2026-05-20,requested
ORD_000593,TXN_000593,electronics,6737.8,"Address_9453, India",pending,2026-08-04,none
ORD_000594,TXN_000594,home,1953.04,"Address_7517, India",failed,2026-02-12,none
ORD_000595,TXN_000595,travel,6541.1,"Address_4297, India",delivered,2026-06-09,requested
ORD_000596,TXN_000596,home,5298.61,"Address_6007, India",pending,2026-03-19,processed
ORD_000597,TXN_000597,travel,3595.71,"Address_7024, India",delivered,2026-07-02,requested
ORD_000598,TXN_000598,beauty,4810.92,"Address_9580, India",delivered,2026-08-01,none
ORD_000599,TXN_000599,travel,561.94,"Address_5300, India",delivered,2026-08-15,none
ORD_000600,TXN_000600,fashion,3650.26,"Address_7112, India",delivered,2026-03-19,requested
ORD_000601,TXN_000601,travel,1888.48,"Address_1295, India",delivered,2026-04-02,processed
ORD_000602,TXN_000602,electronics,2815.96,"Address_5287, India",failed,2026-04-12,processed
ORD_000603,TXN_000603,home,5652.7,"Address_1045, India",delivered,2026-07-03,none
ORD_000604,TXN_000604,software,11640.45,"Address_9428, India",pending,2026-07-16,none
ORD_000605,TXN_000605,grocery,7750.36,"Address_3794, India",delivered,2026-06-01,requested
ORD_000606,TXN_000606,software,3924.31,"Address_2695, India",delivered,2026-03-20,none
ORD_000607,TXN_000607,electronics,964.91,"Address_5669, India",delivered,2026-07-10,requested
ORD_000608,TXN_000608,beauty,4558.25,"Address_7111, India",pending,2026-02-01,requested
ORD_000609,TXN_000609,home,2982.75,"Address_3484, India",delivered,2026-01-19,none
ORD_000610,TXN_000610,software,3531.5,"Address_1879, India",delivered,2026-01-15,none
ORD_000611,TXN_000611,electronics,7165.69,"Address_1008, India",delivered,2026-02-14,requested
ORD_000612,TXN_000612,electronics,2910.81,"Address_2738, India",pending,2026-03-08,none
ORD_000613,TXN_000613,electronics,5977.74,"Address_3893, India",delivered,2026-02-17,none
ORD_000614,TXN_000614,fashion,3660.65,"Address_6701, India",delivered,2026-03-17,requested
ORD_000615,TXN_000615,fashion,1045.57,"Address_4762, India",failed,2026-02-01,none
ORD_000616,TXN_000616,electronics,352.54,"Address_1195, India",delivered,2026-03-04,requested
ORD_000617,TXN_000617,grocery,2183.91,"Address_8755, India",delivered,2026-07-29,requested
ORD_000618,TXN_000618,software,6530.9,"Address_6468, India",delivered,2026-03-25,processed
ORD_000619,TXN_000619,home,4276.48,"Address_6264, India",failed,2026-07-09,requested
ORD_000620,TXN_000620,software,3712.7,"Address_6066, India",delivered,2026-04-18,none
ORD_000621,TXN_000621,grocery,3337.98,"Address_3479, India",pending,2026-05-24,processed
ORD_000622,TXN_000622,travel,3455.69,"Address_5225, India",delivered,2026-02-17,none
ORD_000623,TXN_000623,electronics,5947.06,"Address_7626, India",delivered,2026-07-25,none
ORD_000624,TXN_000624,travel,12721.82,"Address_4460, India",pending,2026-05-31,none
ORD_000625,TXN_000625,travel,5537.33,"Address_7002, India",delivered,2026-03-09,none
ORD_000626,TXN_000626,home,6220.0,"Address_4764, India",pending,2026-03-25,requested
ORD_000627,TXN_000627,travel,846.07,"Address_7479, India",failed,2026-03-12,processed
ORD_000628,TXN_000628,home,5262.36,"Address_7214, India",failed,2026-06-19,requested
ORD_000629,TXN_000629,travel,11820.58,"Address_1078, India",failed,2026-06-30,none
ORD_000630,TXN_000630,home,3968.62,"Address_2448, India",pending,2026-05-14,processed
ORD_000631,TXN_000631,software,3608.47,"Address_1760, India",delivered,2026-03-07,none
ORD_000632,TXN_000632,beauty,2270.38,"Address_7405, India",failed,2026-08-13,none
ORD_000633,TXN_000633,grocery,874.45,"Address_5470, India",failed,2026-03-02,none
ORD_000634,TXN_000634,beauty,2743.39,"Address_1955, India",delivered,2026-04-26,none
ORD_000635,TXN_000635,beauty,860.71,"Address_7566, India",delivered,2026-06-19,none
ORD_000636,TXN_000636,software,2866.37,"Address_6824, India",pending,2026-03-10,none
ORD_000637,TXN_000637,grocery,6186.46,"Address_1439, India",failed,2026-01-24,processed
ORD_000638,TXN_000638,beauty,2179.15,"Address_8155, India",delivered,2026-05-27,none
ORD_000639,TXN_000639,grocery,1692.88,"Address_4989, India",delivered,2026-07-23,requested
ORD_000640,TXN_000640,software,5689.63,"Address_2790, India",delivered,2026-03-06,none
ORD_000641,TXN_000641,software,2238.97,"Address_1929, India",failed,2026-02-01,none
ORD_000642,TXN_000642,beauty,1619.23,"Address_5100, India",pending,2026-04-09,requested
ORD_000643,TXN_000643,beauty,25091.8,"Address_6267, India",failed,2026-03-14,none
ORD_000644,TXN_000644,electronics,4611.81,"Address_4977, India",delivered,2026-04-14,processed
ORD_000645,TXN_000645,home,2526.28,"Address_2929, India",failed,2026-07-12,none
ORD_000646,TXN_000646,electronics,2140.3,"Address_8437, India",delivered,2026-04-06,none
ORD_000647,TXN_000647,software,2915.51,"Address_9714, India",delivered,2026-01-20,none
ORD_000648,TXN_000648,fashion,3028.58,"Address_3421, India",pending,2026-04-02,none
ORD_000649,TXN_000649,grocery,6899.41,"Address_9115, India",delivered,2026-03-09,none
ORD_000650,TXN_000650,travel,16677.59,"Address_6437, India",delivered,2026-02-11,none
ORD_000651,TXN_000651,travel,1628.58,"Address_9471, India",pending,2026-07-08,processed
ORD_000652,TXN_000652,travel,1544.86,"Address_2670, India",failed,2026-02-18,none
ORD_000653,TXN_000653,travel,511.81,"Address_5618, India",pending,2026-03-21,none
ORD_000654,TXN_000654,beauty,2420.99,"Address_9844, India",delivered,2026-03-24,none
ORD_000655,TXN_000655,home,2746.17,"Address_1080, India",delivered,2026-08-07,processed
ORD_000656,TXN_000656,fashion,888.45,"Address_8465, India",delivered,2026-01-28,processed
ORD_000657,TXN_000657,grocery,6498.28,"Address_8773, India",delivered,2026-05-23,none
ORD_000658,TXN_000658,home,1226.77,"Address_2286, India",pending,2026-07-09,requested
ORD_000659,TXN_000659,grocery,11285.97,"Address_9770, India",delivered,2026-07-02,none
ORD_000660,TXN_000660,grocery,2322.1,"Address_3360, India",failed,2026-02-25,none
ORD_000661,TXN_000661,home,12069.8,"Address_8307, India",pending,2026-07-16,processed
ORD_000662,TXN_000662,beauty,1298.58,"Address_8454, India",failed,2026-06-30,processed
ORD_000663,TXN_000663,home,3643.3,"Address_8710, India",delivered,2026-03-02,none
ORD_000664,TXN_000664,grocery,2996.86,"Address_9400, India",delivered,2026-05-16,none
ORD_000665,TXN_000665,electronics,2658.01,"Address_4860, India",delivered,2026-04-09,none
ORD_000666,TXN_000666,beauty,8725.33,"Address_3231, India",failed,2026-06-29,none
ORD_000667,TXN_000667,home,3809.96,"Address_1053, India",delivered,2026-05-09,requested
ORD_000668,TXN_000668,fashion,1945.67,"Address_8433, India",delivered,2026-07-14,none
ORD_000669,TXN_000669,software,3354.15,"Address_4420, India",delivered,2026-08-04,none
ORD_000670,TXN_000670,beauty,3171.36,"Address_1445, India",delivered,2026-01-17,none
ORD_000671,TXN_000671,travel,8362.06,"Address_9650, India",delivered,2026-04-02,none
ORD_000672,TXN_000672,home,7779.44,"Address_4971, India",pending,2026-04-06,none
ORD_000673,TXN_000673,home,3754.04,"Address_2946, India",delivered,2026-01-29,requested
ORD_000674,TXN_000674,beauty,1710.3,"Address_7587, India",delivered,2026-05-22,none
ORD_000675,TXN_000675,software,2499.9,"Address_4932, India",delivered,2026-01-09,requested
ORD_000676,TXN_000676,electronics,1554.13,"Address_7863, India",delivered,2026-04-17,none
ORD_000677,TXN_000677,beauty,12419.42,"Address_1495, India",delivered,2026-02-18,none
ORD_000678,TXN_000678,home,2984.5,"Address_1575, India",delivered,2026-02-17,none
ORD_000679,TXN_000679,home,1877.89,"Address_5907, India",delivered,2026-04-04,none
ORD_000680,TXN_000680,fashion,2251.37,"Address_8208, India",delivered,2026-01-18,requested
ORD_000681,TXN_000681,electronics,5908.99,"Address_9796, India",pending,2026-01-15,none
ORD_000682,TXN_000682,grocery,7099.91,"Address_5886, India",pending,2026-02-07,none
ORD_000683,TXN_000683,home,2250.43,"Address_4081, India",delivered,2026-07-31,none
ORD_000684,TXN_000684,fashion,6562.26,"Address_2253, India",delivered,2026-07-10,none
ORD_000685,TXN_000685,home,852.56,"Address_9921, India",delivered,2026-07-27,requested
ORD_000686,TXN_000686,beauty,1429.31,"Address_1778, India",pending,2026-05-13,none
ORD_000687,TXN_000687,grocery,3409.07,"Address_5895, India",delivered,2026-04-25,processed
ORD_000688,TXN_000688,grocery,1785.55,"Address_9414, India",pending,2026-03-18,none
ORD_000689,TXN_000689,grocery,5079.76,"Address_8094, India",delivered,2026-06-14,none
ORD_000690,TXN_000690,electronics,3118.73,"Address_9566, India",delivered,2026-07-18,processed
ORD_000691,TXN_000691,software,4250.84,"Address_9556, India",delivered,2026-06-23,none
ORD_000692,TXN_000692,electronics,3718.23,"Address_3807, India",failed,2026-07-05,processed
ORD_000693,TXN_000693,home,2656.41,"Address_8090, India",failed,2026-03-01,none
ORD_000694,TXN_000694,travel,2578.91,"Address_5464, India",pending,2026-03-17,processed
ORD_000695,TXN_000695,beauty,5094.64,"Address_6081, India",delivered,2026-06-12,processed
ORD_000696,TXN_000696,fashion,4537.89,"Address_9726, India",delivered,2026-04-19,none
ORD_000697,TXN_000697,grocery,3307.87,"Address_3525, India",delivered,2026-04-22,none
ORD_000698,TXN_000698,software,5096.55,"Address_4608, India",delivered,2026-06-21,processed
ORD_000699,TXN_000699,beauty,2120.1,"Address_8541, India",delivered,2026-04-11,none
ORD_000700,TXN_000700,fashion,14056.85,"Address_3610, India",delivered,2026-03-07,requested
ORD_000701,TXN_000701,home,1493.11,"Address_9568, India",pending,2026-01-04,none
ORD_000702,TXN_000702,travel,867.81,"Address_8250, India",pending,2026-05-06,requested
ORD_000703,TXN_000703,fashion,1756.85,"Address_8003, India",failed,2026-03-12,none
ORD_000704,TXN_000704,fashion,3246.38,"Address_8720, India",delivered,2026-02-03,requested
ORD_000705,TXN_000705,software,2529.21,"Address_7204, India",delivered,2026-07-23,none
ORD_000706,TXN_000706,fashion,6259.65,"Address_1103, India",failed,2026-07-14,requested
ORD_000707,TXN_000707,beauty,5672.79,"Address_4710, India",delivered,2026-02-27,none
ORD_000708,TXN_000708,software,3977.63,"Address_1118, India",pending,2026-06-13,processed
ORD_000709,TXN_000709,fashion,589.5,"Address_4635, India",delivered,2026-02-25,none
ORD_000710,TXN_000710,travel,4199.93,"Address_7033, India",pending,2026-06-10,none
ORD_000711,TXN_000711,home,5446.05,"Address_3842, India",delivered,2026-07-20,none
ORD_000712,TXN_000712,travel,4660.79,"Address_8420, India",pending,2026-02-25,none
ORD_000713,TXN_000713,electronics,5500.34,"Address_5172, India",delivered,2026-04-06,none
ORD_000714,TXN_000714,beauty,26795.36,"Address_6840, India",failed,2026-05-08,none
ORD_000715,TXN_000715,electronics,3629.41,"Address_3061, India",pending,2026-03-14,none
ORD_000716,TXN_000716,fashion,1636.3,"Address_6642, India",pending,2026-01-17,none
ORD_000717,TXN_000717,software,1767.31,"Address_3674, India",delivered,2026-08-12,none
ORD_000718,TXN_000718,grocery,6390.14,"Address_6606, India",delivered,2026-04-12,requested
ORD_000719,TXN_000719,beauty,1248.66,"Address_4652, India",failed,2026-03-01,requested
ORD_000720,TXN_000720,home,3743.92,"Address_1633, India",delivered,2026-02-26,none
ORD_000721,TXN_000721,home,2072.42,"Address_8809, India",failed,2026-03-13,none
ORD_000722,TXN_000722,grocery,990.5,"Address_7903, India",delivered,2026-05-26,requested
ORD_000723,TXN_000723,fashion,16682.07,"Address_9644, India",pending,2026-05-24,none
ORD_000724,TXN_000724,home,2773.06,"Address_1166, India",delivered,2026-08-18,processed
ORD_000725,TXN_000725,software,1716.7,"Address_5334, India",pending,2026-06-18,none
ORD_000726,TXN_000726,fashion,1341.25,"Address_4070, India",delivered,2026-01-06,none
ORD_000727,TXN_000727,software,6698.33,"Address_3671, India",delivered,2026-07-05,processed
ORD_000728,TXN_000728,grocery,2142.87,"Address_6771, India",failed,2026-03-21,requested
ORD_000729,TXN_000729,electronics,19708.94,"Address_1173, India",pending,2026-08-01,none
ORD_000730,TXN_000730,software,5822.66,"Address_5288, India",delivered,2026-02-20,processed
ORD_000731,TXN_000731,software,1254.57,"Address_5571, India",delivered,2026-02-01,none
ORD_000732,TXN_000732,electronics,2736.94,"Address_8998, India",pending,2026-05-23,processed
ORD_000733,TXN_000733,beauty,3153.61,"Address_6292, India",delivered,2026-03-11,none
ORD_000734,TXN_000734,fashion,10734.94,"Address_1773, India",delivered,2026-03-08,none
ORD_000735,TXN_000735,beauty,4554.68,"Address_9382, India",delivered,2026-01-30,none
ORD_000736,TXN_000736,fashion,1020.01,"Address_9266, India",pending,2026-07-29,requested
ORD_000737,TXN_000737,fashion,1953.97,"Address_9917, India",delivered,2026-07-08,none
ORD_000738,TXN_000738,home,4871.26,"Address_1873, India",delivered,2026-02-16,none
ORD_000739,TXN_000739,electronics,7400.95,"Address_9861, India",delivered,2026-02-19,none
ORD_000740,TXN_000740,travel,9289.22,"Address_4579, India",delivered,2026-03-08,none
ORD_000741,TXN_000741,travel,3870.38,"Address_4239, India",delivered,2026-02-09,requested
ORD_000742,TXN_000742,electronics,4329.18,"Address_3118, India",pending,2026-01-10,none
ORD_000743,TXN_000743,beauty,5266.36,"Address_8549, India",delivered,2026-02-06,requested
ORD_000744,TXN_000744,grocery,3233.1,"Address_8069, India",failed,2026-06-13,requested
ORD_000745,TXN_000745,software,2905.12,"Address_5846, India",delivered,2026-07-12,none
ORD_000746,TXN_000746,beauty,16901.66,"Address_6623, India",failed,2026-05-08,none
ORD_000747,TXN_000747,grocery,2639.57,"Address_1416, India",delivered,2026-05-06,none
ORD_000748,TXN_000748,software,1407.53,"Address_7336, India",delivered,2026-07-02,none
ORD_000749,TXN_000749,home,610.45,"Address_2879, India",delivered,2026-02-01,none
ORD_000750,TXN_000750,travel,7992.77,"Address_5689, India",delivered,2026-02-11,none
ORD_000751,TXN_000751,beauty,1223.09,"Address_6652, India",delivered,2026-04-26,none
ORD_000752,TXN_000752,fashion,2113.18,"Address_7012, India",delivered,2026-03-06,none
ORD_000753,TXN_000753,home,6494.94,"Address_9676, India",failed,2026-01-31,none
ORD_000754,TXN_000754,home,4260.54,"Address_6133, India",delivered,2026-01-27,none
ORD_000755,TXN_000755,beauty,33091.93,"Address_4030, India",delivered,2026-01-15,none
ORD_000756,TXN_000756,home,3798.59,"Address_5839, India",delivered,2026-03-30,none
ORD_000757,TXN_000757,electronics,9523.06,"Address_4350, India",delivered,2026-06-16,none
ORD_000758,TXN_000758,home,2646.43,"Address_7319, India",failed,2026-05-11,requested
ORD_000759,TXN_000759,fashion,5407.45,"Address_1421, India",failed,2026-07-27,processed
ORD_000760,TXN_000760,fashion,3745.3,"Address_5918, India",delivered,2026-03-25,none
ORD_000761,TXN_000761,software,14082.75,"Address_4964, India",delivered,2026-08-03,none
ORD_000762,TXN_000762,travel,3366.86,"Address_3761, India",delivered,2026-07-09,none
ORD_000763,TXN_000763,software,4707.74,"Address_3832, India",failed,2026-02-04,requested
ORD_000764,TXN_000764,fashion,4423.34,"Address_5744, India",delivered,2026-05-12,none
ORD_000765,TXN_000765,electronics,899.83,"Address_3884, India",delivered,2026-06-11,processed
ORD_000766,TXN_000766,electronics,23312.17,"Address_6926, India",delivered,2026-04-12,requested
ORD_000767,TXN_000767,beauty,5086.03,"Address_6193, India",failed,2026-05-12,none
ORD_000768,TXN_000768,software,14268.51,"Address_1440, India",delivered,2026-07-10,requested
ORD_000769,TXN_000769,beauty,2367.27,"Address_5143, India",delivered,2026-03-04,none
ORD_000770,TXN_000770,fashion,1993.98,"Address_6323, India",delivered,2026-04-07,none
ORD_000771,TXN_000771,electronics,4180.08,"Address_2424, India",delivered,2026-04-02,none
ORD_000772,TXN_000772,software,16722.37,"Address_4821, India",delivered,2026-02-13,processed
ORD_000773,TXN_000773,software,8791.62,"Address_7011, India",pending,2026-01-16,none
ORD_000774,TXN_000774,fashion,1439.93,"Address_8084, India",delivered,2026-04-11,requested
ORD_000775,TXN_000775,beauty,2691.8,"Address_7815, India",delivered,2026-07-01,requested
ORD_000776,TXN_000776,fashion,5854.5,"Address_5757, India",delivered,2026-08-12,none
ORD_000777,TXN_000777,fashion,2665.12,"Address_1424, India",delivered,2026-02-11,none
ORD_000778,TXN_000778,software,4736.94,"Address_4339, India",failed,2026-05-27,none
ORD_000779,TXN_000779,electronics,1777.05,"Address_2511, India",delivered,2026-07-15,none
ORD_000780,TXN_000780,beauty,1581.82,"Address_1563, India",delivered,2026-07-09,processed
ORD_000781,TXN_000781,beauty,3473.01,"Address_1831, India",failed,2026-03-20,processed
ORD_000782,TXN_000782,software,2650.6,"Address_2150, India",failed,2026-06-08,requested
ORD_000783,TXN_000783,grocery,31738.51,"Address_6905, India",delivered,2026-08-04,none
ORD_000784,TXN_000784,travel,1633.04,"Address_2764, India",failed,2026-06-03,processed
ORD_000785,TXN_000785,electronics,2828.41,"Address_9407, India",delivered,2026-03-12,none
ORD_000786,TXN_000786,fashion,4218.34,"Address_6258, India",pending,2026-04-18,none
ORD_000787,TXN_000787,electronics,4097.35,"Address_8246, India",delivered,2026-08-01,requested
ORD_000788,TXN_000788,travel,2342.63,"Address_7532, India",pending,2026-06-18,none
ORD_000789,TXN_000789,software,1848.81,"Address_2133, India",pending,2026-07-26,none
ORD_000790,TXN_000790,travel,3612.85,"Address_4566, India",failed,2026-02-02,none
ORD_000791,TXN_000791,beauty,9579.51,"Address_2886, India",failed,2026-07-26,requested
ORD_000792,TXN_000792,grocery,9308.22,"Address_1585, India",delivered,2026-02-18,none
ORD_000793,TXN_000793,electronics,7119.85,"Address_4918, India",delivered,2026-01-10,none
ORD_000794,TXN_000794,electronics,3726.84,"Address_5079, India",delivered,2026-06-20,none
ORD_000795,TXN_000795,beauty,1112.61,"Address_7027, India",pending,2026-05-27,requested
ORD_000796,TXN_000796,electronics,2275.99,"Address_5195, India",failed,2026-03-26,requested
ORD_000797,TXN_000797,grocery,1536.25,"Address_1950, India",pending,2026-07-16,none
ORD_000798,TXN_000798,travel,6341.27,"Address_3514, India",delivered,2026-03-28,requested
ORD_000799,TXN_000799,fashion,1816.13,"Address_4704, India",delivered,2026-04-02,requested
ORD_000800,TXN_000800,travel,3537.6,"Address_4423, India",delivered,2026-01-11,none
ORD_000801,TXN_000801,travel,6850.12,"Address_4208, India",pending,2026-03-22,processed
ORD_000802,TXN_000802,software,2228.98,"Address_2258, India",delivered,2026-01-27,none
ORD_000803,TXN_000803,grocery,7241.8,"Address_8200, India",delivered,2026-07-18,processed
ORD_000804,TXN_000804,beauty,6037.43,"Address_7211, India",delivered,2026-03-29,requested
ORD_000805,TXN_000805,home,8451.24,"Address_8563, India",delivered,2026-01-12,none
ORD_000806,TXN_000806,beauty,3223.37,"Address_5602, India",pending,2026-06-10,requested
ORD_000807,TXN_000807,home,3436.74,"Address_5023, India",delivered,2026-02-01,none
ORD_000808,TXN_000808,fashion,3378.45,"Address_8556, India",delivered,2026-08-12,requested
ORD_000809,TXN_000809,electronics,879.07,"Address_6214, India",failed,2026-03-29,none
ORD_000810,TXN_000810,travel,1439.54,"Address_1432, India",failed,2026-03-17,none
ORD_000811,TXN_000811,grocery,3578.64,"Address_1795, India",failed,2026-02-19,none
ORD_000812,TXN_000812,fashion,1628.6,"Address_3991, India",delivered,2026-07-18,none
ORD_000813,TXN_000813,travel,19863.76,"Address_1501, India",pending,2026-05-08,processed
ORD_000814,TXN_000814,travel,1664.98,"Address_9043, India",delivered,2026-04-18,processed
ORD_000815,TXN_000815,software,14717.99,"Address_9620, India",failed,2026-08-07,processed
ORD_000816,TXN_000816,software,2472.38,"Address_3803, India",delivered,2026-05-14,none
ORD_000817,TXN_000817,beauty,1833.6,"Address_1085, India",failed,2026-06-12,none
ORD_000818,TXN_000818,fashion,2493.95,"Address_9595, India",delivered,2026-01-08,none
ORD_000819,TXN_000819,software,1448.41,"Address_7124, India",failed,2026-02-13,none
ORD_000820,TXN_000820,grocery,7917.87,"Address_6183, India",delivered,2026-08-14,processed
ORD_000821,TXN_000821,travel,4022.77,"Address_2873, India",failed,2026-05-04,none
ORD_000822,TXN_000822,fashion,4894.29,"Address_6092, India",failed,2026-07-14,none
ORD_000823,TXN_000823,travel,1793.15,"Address_4853, India",pending,2026-04-17,processed
ORD_000824,TXN_000824,beauty,4562.53,"Address_4378, India",failed,2026-06-10,requested
ORD_000825,TXN_000825,fashion,6145.93,"Address_7494, India",failed,2026-02-06,none
ORD_000826,TXN_000826,fashion,3274.28,"Address_4940, India",failed,2026-02-10,none
ORD_000827,TXN_000827,grocery,2682.93,"Address_4856, India",pending,2026-03-26,requested
ORD_000828,TXN_000828,grocery,1395.42,"Address_9501, India",delivered,2026-07-26,requested
ORD_000829,TXN_000829,travel,4676.82,"Address_5480, India",failed,2026-02-28,requested
ORD_000830,TXN_000830,software,950.34,"Address_5354, India",delivered,2026-06-16,none
ORD_000831,TXN_000831,home,9535.0,"Address_2447, India",delivered,2026-03-13,requested
ORD_000832,TXN_000832,fashion,9243.11,"Address_2730, India",pending,2026-08-15,none
ORD_000833,TXN_000833,fashion,3939.87,"Address_8246, India",pending,2026-02-21,none
ORD_000834,TXN_000834,electronics,3092.02,"Address_5262, India",delivered,2026-07-17,none
ORD_000835,TXN_000835,electronics,1719.69,"Address_9402, India",delivered,2026-04-19,none
ORD_000836,TXN_000836,grocery,9904.37,"Address_2302, India",delivered,2026-07-02,none
ORD_000837,TXN_000837,beauty,3102.64,"Address_2847, India",delivered,2026-04-16,none
ORD_000838,TXN_000838,software,4427.79,"Address_7213, India",delivered,2026-06-08,requested
ORD_000839,TXN_000839,beauty,7240.36,"Address_7245, India",delivered,2026-01-05,none
ORD_000840,TXN_000840,home,3614.56,"Address_1508, India",delivered,2026-08-14,none
ORD_000841,TXN_000841,electronics,6325.38,"Address_9460, India",failed,2026-03-11,requested
ORD_000842,TXN_000842,software,22765.66,"Address_1362, India",delivered,2026-06-16,none
ORD_000843,TXN_000843,software,22411.77,"Address_5417, India",pending,2026-04-21,none
ORD_000844,TXN_000844,fashion,7952.92,"Address_7524, India",failed,2026-02-25,requested
ORD_000845,TXN_000845,beauty,17077.71,"Address_5185, India",delivered,2026-01-09,requested
ORD_000846,TXN_000846,electronics,3347.72,"Address_5373, India",delivered,2026-07-01,none
ORD_000847,TXN_000847,travel,3051.78,"Address_5467, India",delivered,2026-04-04,none
ORD_000848,TXN_000848,travel,4331.85,"Address_6802, India",pending,2026-02-06,requested
ORD_000849,TXN_000849,electronics,4166.76,"Address_1145, India",delivered,2026-02-16,none
ORD_000850,TXN_000850,electronics,4339.88,"Address_7777, India",delivered,2026-08-07,requested
ORD_000851,TXN_000851,travel,2916.13,"Address_3454, India",delivered,2026-08-13,requested
ORD_000852,TXN_000852,travel,1332.22,"Address_8726, India",delivered,2026-06-22,none
ORD_000853,TXN_000853,software,4131.69,"Address_2621, India",pending,2026-07-17,none
ORD_000854,TXN_000854,home,3185.15,"Address_9689, India",delivered,2026-07-31,none
ORD_000855,TXN_000855,software,3051.78,"Address_1906, India",failed,2026-03-02,requested
ORD_000856,TXN_000856,electronics,1988.85,"Address_4173, India",delivered,2026-08-09,processed
ORD_000857,TXN_000857,beauty,2038.06,"Address_2393, India",pending,2026-04-22,none
ORD_000858,TXN_000858,electronics,4885.4,"Address_9906, India",delivered,2026-05-11,none
ORD_000859,TXN_000859,home,3932.61,"Address_5253, India",delivered,2026-03-22,none
ORD_000860,TXN_000860,travel,2251.22,"Address_9645, India",delivered,2026-01-14,none
ORD_000861,TXN_000861,fashion,5345.49,"Address_8763, India",pending,2026-08-05,none
ORD_000862,TXN_000862,software,1425.47,"Address_7880, India",delivered,2026-04-28,requested
ORD_000863,TXN_000863,beauty,1318.09,"Address_6418, India",failed,2026-06-17,none
ORD_000864,TXN_000864,grocery,4757.93,"Address_3969, India",failed,2026-02-05,none
ORD_000865,TXN_000865,grocery,1512.32,"Address_7343, India",pending,2026-05-18,none
ORD_000866,TXN_000866,grocery,2423.66,"Address_3264, India",delivered,2026-07-07,requested
ORD_000867,TXN_000867,travel,21059.92,"Address_6795, India",pending,2026-07-22,requested
ORD_000868,TXN_000868,grocery,2181.75,"Address_3761, India",failed,2026-03-25,none
ORD_000869,TXN_000869,electronics,2686.59,"Address_7797, India",delivered,2026-04-28,requested
ORD_000870,TXN_000870,fashion,14039.96,"Address_5438, India",delivered,2026-07-05,processed
ORD_000871,TXN_000871,software,2498.15,"Address_5662, India",delivered,2026-05-02,none
ORD_000872,TXN_000872,fashion,1438.57,"Address_6128, India",delivered,2026-03-25,requested
ORD_000873,TXN_000873,software,4414.87,"Address_4487, India",failed,2026-07-19,none
ORD_000874,TXN_000874,home,1976.08,"Address_5562, India",failed,2026-02-11,requested
ORD_000875,TXN_000875,software,3214.14,"Address_2492, India",delivered,2026-06-03,none
ORD_000876,TXN_000876,home,3021.29,"Address_1209, India",pending,2026-03-14,none
ORD_000877,TXN_000877,fashion,2266.3,"Address_5650, India",delivered,2026-08-09,requested
ORD_000878,TXN_000878,electronics,3868.85,"Address_4922, India",delivered,2026-05-13,none
ORD_000879,TXN_000879,travel,5795.42,"Address_5943, India",failed,2026-06-13,none
ORD_000880,TXN_000880,software,7149.33,"Address_5725, India",delivered,2026-04-13,none
ORD_000881,TXN_000881,grocery,6305.01,"Address_6744, India",delivered,2026-03-25,processed
ORD_000882,TXN_000882,fashion,3839.74,"Address_4494, India",pending,2026-06-13,processed
ORD_000883,TXN_000883,travel,10226.02,"Address_8731, India",delivered,2026-05-11,requested
ORD_000884,TXN_000884,software,4385.42,"Address_9059, India",failed,2026-02-06,none
ORD_000885,TXN_000885,software,5203.54,"Address_4409, India",delivered,2026-05-15,requested
ORD_000886,TXN_000886,grocery,1405.52,"Address_7199, India",delivered,2026-03-03,requested
ORD_000887,TXN_000887,software,1190.65,"Address_8739, India",delivered,2026-01-29,none
ORD_000888,TXN_000888,grocery,5572.19,"Address_9481, India",failed,2026-02-23,none
ORD_000889,TXN_000889,travel,3269.78,"Address_9596, India",pending,2026-06-17,processed
ORD_000890,TXN_000890,travel,3325.85,"Address_5548, India",delivered,2026-05-18,none
ORD_000891,TXN_000891,home,5437.9,"Address_2979, India",delivered,2026-02-24,none
ORD_000892,TXN_000892,electronics,988.87,"Address_5926, India",pending,2026-07-26,none
ORD_000893,TXN_000893,home,6871.9,"Address_2338, India",delivered,2026-04-26,processed
ORD_000894,TXN_000894,fashion,2649.72,"Address_1988, India",failed,2026-08-01,none
ORD_000895,TXN_000895,travel,4740.28,"Address_5971, India",delivered,2026-04-26,none
ORD_000896,TXN_000896,travel,5987.32,"Address_9019, India",delivered,2026-05-02,processed
ORD_000897,TXN_000897,beauty,1676.57,"Address_6512, India",delivered,2026-06-02,requested
ORD_000898,TXN_000898,software,3337.29,"Address_8911, India",delivered,2026-04-06,requested
ORD_000899,TXN_000899,home,4960.06,"Address_1077, India",delivered,2026-07-31,processed
ORD_000900,TXN_000900,beauty,6135.61,"Address_2982, India",delivered,2026-03-07,none
ORD_000901,TXN_000901,fashion,34373.28,"Address_6477, India",delivered,2026-04-08,none
ORD_000902,TXN_000902,travel,3536.84,"Address_1504, India",failed,2026-03-25,none
ORD_000903,TXN_000903,home,4573.15,"Address_8914, India",failed,2026-05-31,none
ORD_000904,TXN_000904,beauty,4934.53,"Address_7702, India",pending,2026-04-13,none
ORD_000905,TXN_000905,fashion,9027.48,"Address_9866, India",pending,2026-01-30,none
ORD_000906,TXN_000906,beauty,4895.89,"Address_4522, India",failed,2026-06-30,none
ORD_000907,TXN_000907,home,15824.79,"Address_2035, India",pending,2026-02-23,requested
ORD_000908,TXN_000908,travel,1428.19,"Address_9677, India",delivered,2026-03-13,none
ORD_000909,TXN_000909,travel,7394.23,"Address_1227, India",delivered,2026-02-19,requested
ORD_000910,TXN_000910,electronics,3411.73,"Address_1346, India",pending,2026-01-07,none
ORD_000911,TXN_000911,home,2069.82,"Address_9522, India",delivered,2026-01-07,processed
ORD_000912,TXN_000912,travel,7739.06,"Address_7830, India",pending,2026-01-17,processed
ORD_000913,TXN_000913,fashion,8253.9,"Address_3690, India",delivered,2026-01-22,none
ORD_000914,TXN_000914,beauty,10434.16,"Address_9435, India",delivered,2026-03-15,processed
ORD_000915,TXN_000915,grocery,1521.19,"Address_3532, India",pending,2026-05-27,none
ORD_000916,TXN_000916,beauty,1658.9,"Address_8213, India",pending,2026-04-17,none
ORD_000917,TXN_000917,beauty,5667.87,"Address_7714, India",delivered,2026-08-05,requested
ORD_000918,TXN_000918,travel,7824.75,"Address_5692, India",delivered,2026-01-20,none
ORD_000919,TXN_000919,home,10276.33,"Address_6188, India",pending,2026-08-11,requested
ORD_000920,TXN_000920,home,5374.13,"Address_7474, India",delivered,2026-02-24,none
ORD_000921,TXN_000921,electronics,7018.16,"Address_9353, India",delivered,2026-03-13,none
ORD_000922,TXN_000922,home,7431.96,"Address_5447, India",pending,2026-01-24,processed
ORD_000923,TXN_000923,grocery,4363.92,"Address_1057, India",delivered,2026-07-24,none
ORD_000924,TXN_000924,grocery,3389.18,"Address_3168, India",delivered,2026-02-06,none
ORD_000925,TXN_000925,home,3261.11,"Address_3941, India",pending,2026-08-14,none
ORD_000926,TXN_000926,electronics,3408.67,"Address_4550, India",delivered,2026-06-28,requested
ORD_000927,TXN_000927,software,3431.94,"Address_5189, India",delivered,2026-06-21,none
ORD_000928,TXN_000928,home,3362.3,"Address_4648, India",delivered,2026-02-28,processed
ORD_000929,TXN_000929,software,7925.58,"Address_1540, India",pending,2026-04-08,none
ORD_000930,TXN_000930,travel,6411.3,"Address_1642, India",pending,2026-01-22,none
ORD_000931,TXN_000931,electronics,6815.22,"Address_8089, India",failed,2026-06-24,none
ORD_000932,TXN_000932,software,5842.96,"Address_3432, India",delivered,2026-05-09,requested
ORD_000933,TXN_000933,software,4927.99,"Address_8841, India",delivered,2026-07-15,none
ORD_000934,TXN_000934,grocery,1750.86,"Address_4278, India",pending,2026-06-24,processed
ORD_000935,TXN_000935,beauty,2292.57,"Address_1405, India",delivered,2026-04-10,none
ORD_000936,TXN_000936,travel,1735.26,"Address_4439, India",pending,2026-02-27,requested
ORD_000937,TXN_000937,beauty,3249.34,"Address_4422, India",delivered,2026-04-21,requested
ORD_000938,TXN_000938,home,2850.11,"Address_4777, India",delivered,2026-02-10,none
ORD_000939,TXN_000939,fashion,5484.47,"Address_9729, India",delivered,2026-01-11,requested
ORD_000940,TXN_000940,fashion,4653.69,"Address_9513, India",delivered,2026-05-06,none
ORD_000941,TXN_000941,travel,8203.63,"Address_4589, India",pending,2026-05-27,none
ORD_000942,TXN_000942,fashion,1994.47,"Address_6521, India",failed,2026-02-10,none
ORD_000943,TXN_000943,electronics,1915.34,"Address_4818, India",delivered,2026-01-20,requested
ORD_000944,TXN_000944,travel,2385.38,"Address_1871, India",delivered,2026-01-18,processed
ORD_000945,TXN_000945,grocery,4198.94,"Address_3335, India",delivered,2026-02-21,none
ORD_000946,TXN_000946,fashion,3422.97,"Address_8303, India",delivered,2026-05-19,none
ORD_000947,TXN_000947,fashion,7583.56,"Address_4821, India",delivered,2026-06-21,none
ORD_000948,TXN_000948,software,4018.05,"Address_9804, India",failed,2026-01-16,processed
ORD_000949,TXN_000949,grocery,4672.84,"Address_7015, India",pending,2026-05-23,none
ORD_000950,TXN_000950,fashion,6225.14,"Address_6899, India",pending,2026-07-04,none
ORD_000951,TXN_000951,grocery,8623.58,"Address_8614, India",delivered,2026-03-02,none
ORD_000952,TXN_000952,beauty,2268.65,"Address_9581, India",delivered,2026-07-28,none
ORD_000953,TXN_000953,home,1395.53,"Address_7897, India",failed,2026-07-06,requested
ORD_000954,TXN_000954,beauty,6437.36,"Address_1271, India",pending,2026-05-12,none
ORD_000955,TXN_000955,travel,17345.41,"Address_6841, India",delivered,2026-02-16,none
ORD_000956,TXN_000956,electronics,2605.93,"Address_7023, India",pending,2026-04-02,processed
ORD_000957,TXN_000957,travel,923.61,"Address_4644, India",pending,2026-04-25,none
ORD_000958,TXN_000958,home,3615.26,"Address_5740, India",delivered,2026-08-17,none
ORD_000959,TXN_000959,software,2789.92,"Address_3383, India",pending,2026-06-04,processed
ORD_000960,TXN_000960,home,3378.33,"Address_9558, India",failed,2026-05-09,processed
ORD_000961,TXN_000961,fashion,862.97,"Address_5310, India",delivered,2026-08-03,processed
ORD_000962,TXN_000962,fashion,4017.33,"Address_1622, India",delivered,2026-05-14,requested
ORD_000963,TXN_000963,beauty,4887.67,"Address_8679, India",failed,2026-03-26,none
ORD_000964,TXN_000964,software,6048.02,"Address_4460, India",delivered,2026-05-26,none
ORD_000965,TXN_000965,electronics,4174.7,"Address_4899, India",delivered,2026-04-29,processed
ORD_000966,TXN_000966,beauty,2427.14,"Address_7129, India",failed,2026-05-20,requested
ORD_000967,TXN_000967,grocery,2672.38,"Address_6944, India",delivered,2026-07-12,none
ORD_000968,TXN_000968,fashion,2519.83,"Address_6433, India",delivered,2026-06-22,requested
ORD_000969,TXN_000969,home,5159.36,"Address_9585, India",pending,2026-03-10,none
ORD_000970,TXN_000970,home,6118.69,"Address_8499, India",delivered,2026-02-22,requested
ORD_000971,TXN_000971,home,5247.86,"Address_8717, India",delivered,2026-05-03,none
ORD_000972,TXN_000972,travel,4337.34,"Address_9714, India",pending,2026-03-28,none
ORD_000973,TXN_000973,beauty,4388.23,"Address_6871, India",failed,2026-02-19,none
ORD_000974,TXN_000974,fashion,621.95,"Address_9646, India",delivered,2026-04-23,none
ORD_000975,TXN_000975,fashion,3676.62,"Address_8695, India",pending,2026-01-05,none
ORD_000976,TXN_000976,electronics,2742.59,"Address_6328, India",delivered,2026-05-19,requested
ORD_000977,TXN_000977,fashion,1506.97,"Address_8237, India",delivered,2026-03-17,processed
ORD_000978,TXN_000978,software,3429.27,"Address_7793, India",delivered,2026-01-16,processed
ORD_000979,TXN_000979,grocery,3141.9,"Address_6518, India",failed,2026-01-17,none
ORD_000980,TXN_000980,fashion,44397.53,"Address_6699, India",delivered,2026-04-08,none
ORD_000981,TXN_000981,home,12986.52,"Address_6935, India",pending,2026-04-07,none
ORD_000982,TXN_000982,fashion,17350.82,"Address_2220, India",pending,2026-02-07,processed
ORD_000983,TXN_000983,home,4563.82,"Address_4558, India",delivered,2026-03-17,none
ORD_000984,TXN_000984,software,6483.41,"Address_2491, India",delivered,2026-03-11,none
ORD_000985,TXN_000985,software,14127.59,"Address_8663, India",delivered,2026-03-12,requested
ORD_000986,TXN_000986,fashion,1369.99,"Address_3748, India",delivered,2026-04-28,requested
ORD_000987,TXN_000987,software,1037.38,"Address_8556, India",delivered,2026-03-12,none
ORD_000988,TXN_000988,fashion,4094.66,"Address_4350, India",delivered,2026-03-24,requested
ORD_000989,TXN_000989,grocery,5724.46,"Address_4503, India",failed,2026-06-11,requested
ORD_000990,TXN_000990,software,8696.51,"Address_7413, India",delivered,2026-02-01,none
ORD_000991,TXN_000991,beauty,20396.12,"Address_3029, India",delivered,2026-05-14,none
ORD_000992,TXN_000992,grocery,786.95,"Address_9990, India",failed,2026-05-04,requested
ORD_000993,TXN_000993,software,2834.37,"Address_1375, India",pending,2026-05-26,none
ORD_000994,TXN_000994,home,8045.72,"Address_6071, India",delivered,2026-06-14,requested
ORD_000995,TXN_000995,travel,2220.2,"Address_4239, India",pending,2026-04-11,none
ORD_000996,TXN_000996,beauty,2733.55,"Address_6948, India",delivered,2026-02-03,requested
ORD_000997,TXN_000997,home,1826.41,"Address_1954, India",failed,2026-05-04,none
ORD_000998,TXN_000998,beauty,3083.25,"Address_4241, India",pending,2026-08-02,requested
ORD_000999,TXN_000999,grocery,5315.69,"Address_6992, India",failed,2026-07-31,none
ORD_001000,TXN_001000,grocery,834.68,"Address_6735, India",pending,2026-08-17,none
ORD_001001,TXN_001001,software,1399.34,"Address_5454, India",pending,2026-07-13,processed
ORD_001002,TXN_001002,travel,4706.31,"Address_5917, India",delivered,2026-05-28,none
ORD_001003,TXN_001003,software,2147.18,"Address_4830, India",failed,2026-03-23,processed
ORD_001004,TXN_001004,electronics,12376.5,"Address_6334, India",delivered,2026-07-01,processed
ORD_001005,TXN_001005,electronics,3748.21,"Address_6435, India",pending,2026-02-13,none
ORD_001006,TXN_001006,electronics,17253.17,"Address_4135, India",pending,2026-02-01,none
ORD_001007,TXN_001007,software,3165.35,"Address_8362, India",pending,2026-04-12,processed
ORD_001008,TXN_001008,beauty,12514.09,"Address_9843, India",failed,2026-05-06,requested
ORD_001009,TXN_001009,grocery,7038.54,"Address_5022, India",delivered,2026-08-02,none
ORD_001010,TXN_001010,beauty,1783.33,"Address_7607, India",failed,2026-06-15,processed
ORD_001011,TXN_001011,fashion,3755.04,"Address_9247, India",delivered,2026-02-17,none
ORD_001012,TXN_001012,software,15301.56,"Address_6298, India",delivered,2026-03-18,none
ORD_001013,TXN_001013,electronics,8973.67,"Address_9380, India",failed,2026-04-17,processed
ORD_001014,TXN_001014,travel,2599.38,"Address_7388, India",delivered,2026-08-01,processed
ORD_001015,TXN_001015,software,3187.58,"Address_3709, India",delivered,2026-04-30,none
ORD_001016,TXN_001016,travel,5065.96,"Address_4804, India",delivered,2026-03-22,processed
ORD_001017,TXN_001017,home,1093.12,"Address_6406, India",delivered,2026-02-06,none
ORD_001018,TXN_001018,travel,3415.78,"Address_2673, India",delivered,2026-02-14,none
ORD_001019,TXN_001019,travel,1918.84,"Address_4852, India",failed,2026-04-14,none
ORD_001020,TXN_001020,electronics,2125.75,"Address_9537, India",failed,2026-04-02,none
ORD_001021,TXN_001021,grocery,3841.54,"Address_6084, India",pending,2026-03-18,none
ORD_001022,TXN_001022,home,2064.72,"Address_7998, India",delivered,2026-04-10,processed
ORD_001023,TXN_001023,travel,4546.1,"Address_1960, India",delivered,2026-07-22,requested
ORD_001024,TXN_001024,grocery,1242.36,"Address_8230, India",delivered,2026-06-04,requested
ORD_001025,TXN_001025,software,16726.71,"Address_3007, India",delivered,2026-01-12,none
ORD_001026,TXN_001026,fashion,3063.09,"Address_3906, India",delivered,2026-05-15,none
ORD_001027,TXN_001027,electronics,2007.24,"Address_4895, India",failed,2026-02-03,requested
ORD_001028,TXN_001028,software,6196.86,"Address_6128, India",delivered,2026-01-21,requested
ORD_001029,TXN_001029,software,5389.47,"Address_9236, India",delivered,2026-04-30,processed
ORD_001030,TXN_001030,software,8532.57,"Address_1727, India",delivered,2026-02-04,none
ORD_001031,TXN_001031,electronics,5617.9,"Address_6142, India",failed,2026-05-28,none
ORD_001032,TXN_001032,fashion,1885.37,"Address_4550, India",delivered,2026-04-25,processed
ORD_001033,TXN_001033,home,4083.29,"Address_7571, India",delivered,2026-04-23,none
ORD_001034,TXN_001034,beauty,5817.1,"Address_6141, India",delivered,2026-06-17,none
ORD_001035,TXN_001035,travel,2277.62,"Address_1424, India",delivered,2026-01-07,none
ORD_001036,TXN_001036,travel,928.4,"Address_8895, India",delivered,2026-08-17,processed
ORD_001037,TXN_001037,electronics,2383.31,"Address_2735, India",delivered,2026-05-09,none
ORD_001038,TXN_001038,travel,1505.61,"Address_5821, India",delivered,2026-05-16,requested
ORD_001039,TXN_001039,electronics,3604.41,"Address_9879, India",delivered,2026-08-10,processed
ORD_001040,TXN_001040,electronics,2330.68,"Address_7304, India",delivered,2026-06-15,none
ORD_001041,TXN_001041,beauty,6471.11,"Address_2899, India",delivered,2026-02-06,none
ORD_001042,TXN_001042,electronics,3943.21,"Address_6836, India",delivered,2026-03-02,processed
ORD_001043,TXN_001043,electronics,7468.7,"Address_4647, India",failed,2026-08-03,processed
ORD_001044,TXN_001044,home,6393.53,"Address_2335, India",failed,2026-01-22,requested
ORD_001045,TXN_001045,electronics,1025.47,"Address_8913, India",delivered,2026-06-02,none
ORD_001046,TXN_001046,software,15081.2,"Address_6098, India",failed,2026-01-17,processed
ORD_001047,TXN_001047,travel,5456.95,"Address_4342, India",delivered,2026-01-16,processed
ORD_001048,TXN_001048,software,5489.57,"Address_6990, India",delivered,2026-03-31,none
ORD_001049,TXN_001049,beauty,2889.99,"Address_7923, India",delivered,2026-07-31,processed
ORD_001050,TXN_001050,fashion,3916.53,"Address_4400, India",delivered,2026-01-20,none
ORD_001051,TXN_001051,grocery,9919.96,"Address_6783, India",delivered,2026-06-05,none
ORD_001052,TXN_001052,beauty,3412.33,"Address_5344, India",delivered,2026-07-11,none
ORD_001053,TXN_001053,travel,17493.85,"Address_4493, India",pending,2026-05-17,none
ORD_001054,TXN_001054,home,1770.73,"Address_9126, India",delivered,2026-03-24,processed
ORD_001055,TXN_001055,grocery,4833.02,"Address_7313, India",delivered,2026-07-24,requested
ORD_001056,TXN_001056,grocery,2594.13,"Address_9862, India",delivered,2026-05-26,requested
ORD_001057,TXN_001057,electronics,3148.85,"Address_2118, India",delivered,2026-07-02,none
ORD_001058,TXN_001058,software,2516.54,"Address_1537, India",delivered,2026-05-22,requested
ORD_001059,TXN_001059,beauty,5810.63,"Address_7071, India",delivered,2026-06-11,none
ORD_001060,TXN_001060,home,4559.21,"Address_2528, India",delivered,2026-04-23,none
ORD_001061,TXN_001061,beauty,808.5,"Address_8071, India",delivered,2026-06-07,none
ORD_001062,TXN_001062,beauty,13504.99,"Address_2341, India",delivered,2026-06-01,none
ORD_001063,TXN_001063,travel,10661.89,"Address_4768, India",failed,2026-08-04,processed
ORD_001064,TXN_001064,fashion,5084.19,"Address_4205, India",delivered,2026-04-25,none
ORD_001065,TXN_001065,grocery,4392.38,"Address_9322, India",pending,2026-04-05,none
ORD_001066,TXN_001066,electronics,1271.44,"Address_8031, India",delivered,2026-04-14,none
ORD_001067,TXN_001067,travel,3395.4,"Address_5661, India",delivered,2026-01-25,requested
ORD_001068,TXN_001068,beauty,5433.16,"Address_9272, India",failed,2026-08-15,none
ORD_001069,TXN_001069,travel,4537.54,"Address_1330, India",failed,2026-04-10,requested
ORD_001070,TXN_001070,software,9102.49,"Address_2765, India",failed,2026-03-30,requested
ORD_001071,TXN_001071,travel,10395.94,"Address_9971, India",delivered,2026-07-03,none
ORD_001072,TXN_001072,electronics,18237.24,"Address_6632, India",delivered,2026-02-06,none
ORD_001073,TXN_001073,fashion,14466.49,"Address_1802, India",delivered,2026-02-08,requested
ORD_001074,TXN_001074,electronics,1808.19,"Address_9501, India",delivered,2026-07-02,none
ORD_001075,TXN_001075,travel,2785.53,"Address_2691, India",failed,2026-05-15,none
ORD_001076,TXN_001076,grocery,1830.43,"Address_5179, India",pending,2026-04-16,none
ORD_001077,TXN_001077,beauty,927.37,"Address_2234, India",failed,2026-08-11,none
ORD_001078,TXN_001078,grocery,2613.78,"Address_1624, India",failed,2026-04-16,none
ORD_001079,TXN_001079,grocery,3948.34,"Address_7960, India",failed,2026-04-11,none
ORD_001080,TXN_001080,grocery,7842.51,"Address_6773, India",delivered,2026-06-26,requested
ORD_001081,TXN_001081,electronics,5618.66,"Address_6446, India",failed,2026-01-08,requested
ORD_001082,TXN_001082,travel,5430.72,"Address_3157, India",pending,2026-07-16,none
ORD_001083,TXN_001083,home,10629.54,"Address_8081, India",failed,2026-04-27,none
ORD_001084,TXN_001084,software,9216.64,"Address_9951, India",delivered,2026-04-15,none
ORD_001085,TXN_001085,home,3258.76,"Address_5225, India",delivered,2026-07-09,none
ORD_001086,TXN_001086,electronics,1066.77,"Address_5997, India",delivered,2026-07-16,processed
ORD_001087,TXN_001087,software,3733.04,"Address_1263, India",delivered,2026-07-29,none
ORD_001088,TXN_001088,home,1843.15,"Address_8259, India",pending,2026-03-19,none
ORD_001089,TXN_001089,travel,3935.05,"Address_4121, India",failed,2026-03-15,requested
ORD_001090,TXN_001090,home,5186.31,"Address_7398, India",failed,2026-07-21,processed
ORD_001091,TXN_001091,travel,4404.64,"Address_6658, India",delivered,2026-06-20,none
ORD_001092,TXN_001092,home,10682.82,"Address_5680, India",pending,2026-05-01,processed
ORD_001093,TXN_001093,software,1690.62,"Address_7567, India",delivered,2026-01-14,none
ORD_001094,TXN_001094,software,2419.71,"Address_7149, India",failed,2026-02-28,processed
ORD_001095,TXN_001095,electronics,6671.89,"Address_3207, India",pending,2026-03-14,processed
ORD_001096,TXN_001096,travel,10141.93,"Address_8307, India",pending,2026-03-09,none
ORD_001097,TXN_001097,travel,8487.31,"Address_7393, India",pending,2026-03-02,processed
ORD_001098,TXN_001098,home,1823.04,"Address_8133, India",delivered,2026-03-08,none
ORD_001099,TXN_001099,grocery,2331.74,"Address_9553, India",delivered,2026-08-12,requested
ORD_001100,TXN_001100,beauty,4117.23,"Address_7767, India",pending,2026-07-09,none
ORD_001101,TXN_001101,electronics,4487.99,"Address_7485, India",delivered,2026-03-11,none
ORD_001102,TXN_001102,travel,923.07,"Address_9153, India",pending,2026-06-10,none
ORD_001103,TXN_001103,electronics,3867.51,"Address_3590, India",delivered,2026-05-13,requested
ORD_001104,TXN_001104,fashion,2359.06,"Address_4379, India",delivered,2026-03-08,none
ORD_001105,TXN_001105,grocery,2560.37,"Address_3424, India",delivered,2026-08-03,none
ORD_001106,TXN_001106,grocery,3180.41,"Address_3480, India",delivered,2026-08-20,requested
ORD_001107,TXN_001107,travel,4665.36,"Address_1554, India",delivered,2026-06-10,none
ORD_001108,TXN_001108,software,723.47,"Address_9560, India",failed,2026-05-04,processed
ORD_001109,TXN_001109,home,4823.09,"Address_2024, India",pending,2026-01-14,none
ORD_001110,TXN_001110,grocery,3131.91,"Address_1926, India",delivered,2026-02-04,none
ORD_001111,TXN_001111,electronics,5058.27,"Address_6897, India",delivered,2026-07-23,none
ORD_001112,TXN_001112,travel,5043.77,"Address_2436, India",delivered,2026-01-15,none
ORD_001113,TXN_001113,beauty,2146.67,"Address_5459, India",delivered,2026-01-24,none
ORD_001114,TXN_001114,grocery,19603.08,"Address_4767, India",delivered,2026-08-11,none
ORD_001115,TXN_001115,fashion,2491.53,"Address_3448, India",delivered,2026-05-20,none
ORD_001116,TXN_001116,electronics,832.51,"Address_2395, India",delivered,2026-08-08,none
ORD_001117,TXN_001117,grocery,593.75,"Address_4706, India",delivered,2026-07-31,none
ORD_001118,TXN_001118,software,3542.99,"Address_2230, India",delivered,2026-07-18,none
ORD_001119,TXN_001119,travel,7565.91,"Address_9818, India",pending,2026-04-08,none
ORD_001120,TXN_001120,grocery,1328.71,"Address_4224, India",pending,2026-01-27,requested
ORD_001121,TXN_001121,beauty,1586.39,"Address_9912, India",delivered,2026-05-01,none
ORD_001122,TXN_001122,electronics,1702.41,"Address_3434, India",delivered,2026-05-19,requested
ORD_001123,TXN_001123,beauty,3500.84,"Address_3412, India",delivered,2026-06-21,none
ORD_001124,TXN_001124,home,4689.57,"Address_9471, India",delivered,2026-03-27,none
ORD_001125,TXN_001125,software,1610.62,"Address_1253, India",delivered,2026-05-17,processed
ORD_001126,TXN_001126,home,12760.24,"Address_3467, India",delivered,2026-02-18,requested
ORD_001127,TXN_001127,grocery,5159.97,"Address_8588, India",failed,2026-04-25,processed
ORD_001128,TXN_001128,travel,10243.48,"Address_8130, India",delivered,2026-08-17,none
ORD_001129,TXN_001129,grocery,1044.84,"Address_9256, India",pending,2026-01-23,none
ORD_001130,TXN_001130,travel,2377.11,"Address_6682, India",delivered,2026-02-06,none
ORD_001131,TXN_001131,travel,1726.65,"Address_5923, India",failed,2026-02-05,processed
ORD_001132,TXN_001132,fashion,4578.23,"Address_4201, India",pending,2026-06-14,none
ORD_001133,TXN_001133,grocery,3283.5,"Address_6092, India",delivered,2026-05-01,none
ORD_001134,TXN_001134,fashion,8795.01,"Address_6274, India",delivered,2026-07-16,none
ORD_001135,TXN_001135,electronics,2416.19,"Address_8633, India",failed,2026-08-04,processed
ORD_001136,TXN_001136,travel,1944.37,"Address_4056, India",failed,2026-06-02,none
ORD_001137,TXN_001137,electronics,6546.29,"Address_5088, India",delivered,2026-04-26,none
ORD_001138,TXN_001138,fashion,3457.03,"Address_9638, India",delivered,2026-03-23,requested
ORD_001139,TXN_001139,fashion,2388.99,"Address_1116, India",delivered,2026-05-17,requested
ORD_001140,TXN_001140,home,1610.51,"Address_8129, India",pending,2026-03-27,none
ORD_001141,TXN_001141,beauty,10758.7,"Address_3105, India",failed,2026-04-26,requested
ORD_001142,TXN_001142,grocery,6337.81,"Address_6258, India",failed,2026-03-18,none
ORD_001143,TXN_001143,software,833.61,"Address_3119, India",delivered,2026-05-11,requested
ORD_001144,TXN_001144,grocery,2698.5,"Address_4401, India",delivered,2026-03-14,none
ORD_001145,TXN_001145,software,4971.35,"Address_7390, India",failed,2026-02-09,processed
ORD_001146,TXN_001146,fashion,8963.07,"Address_2683, India",delivered,2026-07-20,none
ORD_001147,TXN_001147,home,18077.1,"Address_3103, India",delivered,2026-05-25,none
ORD_001148,TXN_001148,home,373.34,"Address_5842, India",delivered,2026-04-08,none
ORD_001149,TXN_001149,fashion,1125.08,"Address_1062, India",delivered,2026-07-08,requested
ORD_001150,TXN_001150,electronics,1966.37,"Address_5544, India",delivered,2026-02-01,none
ORD_001151,TXN_001151,beauty,9867.03,"Address_7257, India",delivered,2026-03-12,requested
ORD_001152,TXN_001152,grocery,4043.11,"Address_5443, India",delivered,2026-04-03,none
ORD_001153,TXN_001153,beauty,2596.03,"Address_8845, India",delivered,2026-04-01,none
ORD_001154,TXN_001154,software,5957.16,"Address_6937, India",delivered,2026-06-13,none
ORD_001155,TXN_001155,grocery,19171.49,"Address_8387, India",delivered,2026-01-31,requested
ORD_001156,TXN_001156,travel,1258.5,"Address_8657, India",delivered,2026-06-13,none
ORD_001157,TXN_001157,travel,3974.07,"Address_1748, India",delivered,2026-04-14,none
ORD_001158,TXN_001158,fashion,807.1,"Address_5824, India",delivered,2026-02-13,processed
ORD_001159,TXN_001159,home,4334.02,"Address_6968, India",failed,2026-02-09,none
ORD_001160,TXN_001160,travel,4198.97,"Address_7772, India",delivered,2026-01-07,processed
ORD_001161,TXN_001161,beauty,4591.73,"Address_9299, India",delivered,2026-06-13,requested
ORD_001162,TXN_001162,beauty,4557.05,"Address_7610, India",delivered,2026-07-02,none
ORD_001163,TXN_001163,electronics,7742.58,"Address_7002, India",failed,2026-03-07,none
ORD_001164,TXN_001164,home,1503.01,"Address_5180, India",delivered,2026-08-17,requested
ORD_001165,TXN_001165,fashion,6610.42,"Address_9437, India",delivered,2026-05-10,none
ORD_001166,TXN_001166,beauty,26060.16,"Address_1737, India",delivered,2026-03-19,none
ORD_001167,TXN_001167,fashion,22651.3,"Address_3742, India",delivered,2026-04-20,processed
ORD_001168,TXN_001168,grocery,4328.07,"Address_5326, India",failed,2026-01-31,requested
ORD_001169,TXN_001169,electronics,7454.03,"Address_5748, India",pending,2026-04-01,none
ORD_001170,TXN_001170,grocery,1379.48,"Address_9607, India",delivered,2026-06-10,requested
ORD_001171,TXN_001171,beauty,7988.0,"Address_8591, India",delivered,2026-03-14,requested
ORD_001172,TXN_001172,software,2543.48,"Address_9132, India",delivered,2026-07-18,requested
ORD_001173,TXN_001173,electronics,1310.56,"Address_4623, India",pending,2026-04-20,requested
ORD_001174,TXN_001174,travel,18951.0,"Address_6787, India",pending,2026-03-09,none
ORD_001175,TXN_001175,software,7619.05,"Address_8361, India",pending,2026-04-03,none
ORD_001176,TXN_001176,fashion,747.46,"Address_3533, India",delivered,2026-03-05,none
ORD_001177,TXN_001177,travel,4468.14,"Address_9827, India",delivered,2026-06-08,processed
ORD_001178,TXN_001178,travel,6207.52,"Address_4482, India",failed,2026-01-10,processed
ORD_001179,TXN_001179,fashion,2130.98,"Address_8876, India",failed,2026-04-08,none
ORD_001180,TXN_001180,travel,7554.09,"Address_8214, India",delivered,2026-04-07,none
ORD_001181,TXN_001181,software,3677.69,"Address_4530, India",failed,2026-08-11,none
ORD_001182,TXN_001182,travel,14997.54,"Address_1181, India",delivered,2026-04-01,none
ORD_001183,TXN_001183,software,1462.89,"Address_8059, India",failed,2026-01-06,none
ORD_001184,TXN_001184,home,5236.64,"Address_7568, India",pending,2026-05-10,none
ORD_001185,TXN_001185,beauty,14705.42,"Address_6772, India",delivered,2026-03-15,none
ORD_001186,TXN_001186,fashion,5485.38,"Address_5134, India",delivered,2026-01-11,none
ORD_001187,TXN_001187,beauty,3732.56,"Address_5540, India",failed,2026-02-08,none
ORD_001188,TXN_001188,electronics,1308.43,"Address_9533, India",delivered,2026-05-17,requested
ORD_001189,TXN_001189,grocery,940.67,"Address_2606, India",delivered,2026-06-07,none
ORD_001190,TXN_001190,electronics,4214.54,"Address_1476, India",pending,2026-02-25,none
ORD_001191,TXN_001191,home,1658.65,"Address_2447, India",pending,2026-07-17,none
ORD_001192,TXN_001192,grocery,1278.11,"Address_4694, India",pending,2026-02-24,processed
ORD_001193,TXN_001193,electronics,2959.5,"Address_2362, India",pending,2026-05-07,none
ORD_001194,TXN_001194,beauty,5127.79,"Address_6728, India",delivered,2026-03-04,processed
ORD_001195,TXN_001195,travel,3805.25,"Address_7099, India",failed,2026-07-02,none
ORD_001196,TXN_001196,electronics,1653.41,"Address_5042, India",pending,2026-07-11,none
ORD_001197,TXN_001197,electronics,3861.3,"Address_4417, India",pending,2026-04-28,requested
ORD_001198,TXN_001198,grocery,6418.37,"Address_9135, India",delivered,2026-04-29,requested
ORD_001199,TXN_001199,home,2369.33,"Address_8006, India",failed,2026-06-18,requested
ORD_001200,TXN_001200,home,3399.46,"Address_6998, India",failed,2026-01-27,none
ORD_001201,TXN_001201,travel,15534.65,"Address_7965, India",delivered,2026-03-07,none
ORD_001202,TXN_001202,electronics,2245.92,"Address_8954, India",delivered,2026-08-08,none
ORD_001203,TXN_001203,beauty,7328.36,"Address_6669, India",delivered,2026-03-13,processed
ORD_001204,TXN_001204,electronics,2213.96,"Address_9973, India",failed,2026-01-17,none
ORD_001205,TXN_001205,fashion,5367.92,"Address_8083, India",pending,2026-07-03,none
ORD_001206,TXN_001206,fashion,1128.93,"Address_4284, India",failed,2026-03-27,none
ORD_001207,TXN_001207,software,1964.61,"Address_9028, India",pending,2026-05-13,none
ORD_001208,TXN_001208,travel,1909.86,"Address_1451, India",delivered,2026-04-08,none
ORD_001209,TXN_001209,electronics,3236.19,"Address_4669, India",failed,2026-07-12,none
ORD_001210,TXN_001210,grocery,7740.82,"Address_9612, India",delivered,2026-08-14,none
ORD_001211,TXN_001211,fashion,6258.73,"Address_4257, India",pending,2026-02-16,requested
ORD_001212,TXN_001212,beauty,4827.26,"Address_3560, India",delivered,2026-04-16,processed
ORD_001213,TXN_001213,beauty,690.15,"Address_1209, India",delivered,2026-03-18,processed
ORD_001214,TXN_001214,home,23884.61,"Address_2593, India",pending,2026-06-01,none
ORD_001215,TXN_001215,travel,2608.2,"Address_8541, India",failed,2026-06-26,none
ORD_001216,TXN_001216,travel,4499.46,"Address_2467, India",delivered,2026-03-10,none
ORD_001217,TXN_001217,beauty,1501.86,"Address_1438, India",pending,2026-07-15,processed
ORD_001218,TXN_001218,beauty,4368.53,"Address_7240, India",pending,2026-01-09,none
ORD_001219,TXN_001219,home,4749.9,"Address_8407, India",delivered,2026-05-02,processed
ORD_001220,TXN_001220,software,1417.06,"Address_7461, India",delivered,2026-02-22,none
ORD_001221,TXN_001221,travel,2430.83,"Address_4173, India",pending,2026-01-18,requested
ORD_001222,TXN_001222,grocery,1317.91,"Address_4665, India",delivered,2026-06-13,none
ORD_001223,TXN_001223,beauty,5579.85,"Address_7339, India",failed,2026-02-24,requested
ORD_001224,TXN_001224,fashion,760.29,"Address_5373, India",delivered,2026-07-11,requested
ORD_001225,TXN_001225,electronics,7197.07,"Address_6964, India",delivered,2026-03-13,requested
ORD_001226,TXN_001226,beauty,4838.49,"Address_4202, India",delivered,2026-02-03,requested
ORD_001227,TXN_001227,home,4122.47,"Address_1116, India",delivered,2026-05-26,none
ORD_001228,TXN_001228,grocery,2042.26,"Address_2570, India",pending,2026-06-21,requested
ORD_001229,TXN_001229,fashion,3373.17,"Address_3996, India",pending,2026-06-05,processed
ORD_001230,TXN_001230,home,3425.51,"Address_9322, India",delivered,2026-01-05,processed
ORD_001231,TXN_001231,beauty,2727.65,"Address_9782, India",failed,2026-02-11,none
ORD_001232,TXN_001232,electronics,3825.08,"Address_9581, India",delivered,2026-03-30,processed
ORD_001233,TXN_001233,home,7227.66,"Address_4284, India",delivered,2026-07-31,requested
ORD_001234,TXN_001234,home,3687.6,"Address_5806, India",delivered,2026-03-31,none
ORD_001235,TXN_001235,travel,13540.73,"Address_7729, India",delivered,2026-04-14,requested
ORD_001236,TXN_001236,electronics,2768.39,"Address_3756, India",pending,2026-04-03,none
ORD_001237,TXN_001237,home,1844.43,"Address_7481, India",pending,2026-08-21,requested
ORD_001238,TXN_001238,travel,4546.98,"Address_6745, India",failed,2026-07-06,none
ORD_001239,TXN_001239,software,2537.73,"Address_6485, India",failed,2026-05-10,requested
ORD_001240,TXN_001240,home,14678.28,"Address_5248, India",failed,2026-06-22,none
ORD_001241,TXN_001241,home,4181.67,"Address_2282, India",delivered,2026-08-10,none
ORD_001242,TXN_001242,grocery,7231.95,"Address_8263, India",delivered,2026-03-03,none
ORD_001243,TXN_001243,software,5443.2,"Address_1591, India",delivered,2026-07-14,none
ORD_001244,TXN_001244,travel,1397.36,"Address_6972, India",delivered,2026-05-19,requested
ORD_001245,TXN_001245,fashion,1990.96,"Address_1091, India",failed,2026-04-01,none
ORD_001246,TXN_001246,software,12444.74,"Address_9588, India",failed,2026-01-08,none
ORD_001247,TXN_001247,fashion,3579.47,"Address_5238, India",delivered,2026-06-15,none
ORD_001248,TXN_001248,home,2008.95,"Address_6724, India",delivered,2026-03-17,none
ORD_001249,TXN_001249,travel,2912.73,"Address_8897, India",failed,2026-06-06,none
ORD_001250,TXN_001250,fashion,1759.84,"Address_9717, India",delivered,2026-07-13,processed
ORD_001251,TXN_001251,grocery,1837.08,"Address_7601, India",failed,2026-06-08,none
ORD_001252,TXN_001252,software,8104.65,"Address_2980, India",delivered,2026-04-22,processed
ORD_001253,TXN_001253,home,3222.74,"Address_5963, India",failed,2026-03-23,none
ORD_001254,TXN_001254,travel,1077.55,"Address_1478, India",pending,2026-07-10,requested
ORD_001255,TXN_001255,fashion,7539.22,"Address_1907, India",delivered,2026-07-02,none
ORD_001256,TXN_001256,electronics,3583.44,"Address_7329, India",delivered,2026-06-22,none
ORD_001257,TXN_001257,travel,2655.28,"Address_1480, India",delivered,2026-01-18,none
ORD_001258,TXN_001258,travel,3160.07,"Address_3312, India",pending,2026-01-25,processed
ORD_001259,TXN_001259,fashion,3678.76,"Address_9732, India",pending,2026-06-11,processed
ORD_001260,TXN_001260,home,2419.78,"Address_4374, India",delivered,2026-03-24,requested
ORD_001261,TXN_001261,home,2177.9,"Address_5606, India",pending,2026-05-03,requested
ORD_001262,TXN_001262,travel,3883.51,"Address_8075, India",delivered,2026-01-26,none
ORD_001263,TXN_001263,travel,1997.27,"Address_3236, India",pending,2026-06-03,processed
ORD_001264,TXN_001264,beauty,4462.81,"Address_8774, India",delivered,2026-06-14,none
ORD_001265,TXN_001265,beauty,1137.69,"Address_3402, India",delivered,2026-03-26,processed
ORD_001266,TXN_001266,grocery,2588.49,"Address_2143, India",delivered,2026-04-09,none
ORD_001267,TXN_001267,fashion,2647.21,"Address_9015, India",pending,2026-05-26,requested
ORD_001268,TXN_001268,travel,3129.47,"Address_9737, India",delivered,2026-03-17,processed
ORD_001269,TXN_001269,grocery,6053.26,"Address_2883, India",pending,2026-07-01,processed
ORD_001270,TXN_001270,grocery,12617.1,"Address_8560, India",pending,2026-04-06,requested
ORD_001271,TXN_001271,fashion,3200.54,"Address_9492, India",delivered,2026-04-28,none
ORD_001272,TXN_001272,home,9302.08,"Address_2428, India",delivered,2026-02-12,none
ORD_001273,TXN_001273,grocery,20293.36,"Address_8326, India",delivered,2026-02-26,requested
ORD_001274,TXN_001274,beauty,7014.03,"Address_4446, India",delivered,2026-07-18,none
ORD_001275,TXN_001275,software,2184.21,"Address_4005, India",pending,2026-03-09,none
ORD_001276,TXN_001276,travel,2798.74,"Address_8656, India",delivered,2026-05-08,requested
ORD_001277,TXN_001277,travel,4236.85,"Address_9648, India",pending,2026-04-09,requested
ORD_001278,TXN_001278,travel,3994.56,"Address_8707, India",delivered,2026-06-15,none
ORD_001279,TXN_001279,software,4850.4,"Address_9876, India",delivered,2026-05-04,processed
ORD_001280,TXN_001280,fashion,1912.74,"Address_4918, India",pending,2026-02-18,none
ORD_001281,TXN_001281,beauty,4712.61,"Address_2798, India",delivered,2026-05-22,requested
ORD_001282,TXN_001282,home,12245.51,"Address_5154, India",delivered,2026-05-02,processed
ORD_001283,TXN_001283,beauty,52050.2,"Address_5875, India",delivered,2026-03-12,none
ORD_001284,TXN_001284,fashion,5375.48,"Address_9162, India",pending,2026-03-23,requested
ORD_001285,TXN_001285,electronics,2038.0,"Address_6479, India",failed,2026-04-25,none
ORD_001286,TXN_001286,home,8535.13,"Address_2083, India",delivered,2026-06-07,requested
ORD_001287,TXN_001287,travel,2573.69,"Address_6953, India",delivered,2026-03-19,requested
ORD_001288,TXN_001288,grocery,2222.98,"Address_1668, India",pending,2026-07-22,requested
ORD_001289,TXN_001289,beauty,4090.48,"Address_4358, India",failed,2026-07-31,none
ORD_001290,TXN_001290,home,2276.99,"Address_9698, India",delivered,2026-05-03,none
ORD_001291,TXN_001291,travel,7012.75,"Address_1174, India",delivered,2026-03-22,processed
ORD_001292,TXN_001292,travel,3001.19,"Address_6755, India",pending,2026-08-10,requested
ORD_001293,TXN_001293,travel,1819.95,"Address_6383, India",delivered,2026-02-15,none
ORD_001294,TXN_001294,travel,6260.08,"Address_5768, India",delivered,2026-04-04,none
ORD_001295,TXN_001295,home,1415.76,"Address_4026, India",failed,2026-06-29,processed
ORD_001296,TXN_001296,electronics,525.52,"Address_4098, India",delivered,2026-08-08,requested
ORD_001297,TXN_001297,beauty,4423.66,"Address_9291, India",delivered,2026-02-09,requested
ORD_001298,TXN_001298,travel,8400.2,"Address_5199, India",delivered,2026-03-20,none
ORD_001299,TXN_001299,home,14920.84,"Address_9068, India",failed,2026-04-02,processed
ORD_001300,TXN_001300,beauty,2042.32,"Address_5374, India",delivered,2026-02-18,none
ORD_001301,TXN_001301,beauty,1065.66,"Address_6168, India",failed,2026-05-11,none
ORD_001302,TXN_001302,fashion,10846.55,"Address_4050, India",delivered,2026-02-09,none
ORD_001303,TXN_001303,home,21175.98,"Address_1083, India",delivered,2026-03-21,requested
ORD_001304,TXN_001304,beauty,3287.99,"Address_1886, India",delivered,2026-06-23,none
ORD_001305,TXN_001305,fashion,2868.96,"Address_4386, India",delivered,2026-03-23,processed
ORD_001306,TXN_001306,beauty,5032.0,"Address_7589, India",pending,2026-04-20,none
ORD_001307,TXN_001307,electronics,5784.06,"Address_3705, India",delivered,2026-08-05,requested
ORD_001308,TXN_001308,grocery,4214.02,"Address_5337, India",delivered,2026-06-27,none
ORD_001309,TXN_001309,home,4601.51,"Address_2922, India",delivered,2026-03-26,none
ORD_001310,TXN_001310,travel,4599.15,"Address_3949, India",pending,2026-01-05,none
ORD_001311,TXN_001311,electronics,4448.9,"Address_2924, India",delivered,2026-03-26,processed
ORD_001312,TXN_001312,grocery,5565.06,"Address_4522, India",delivered,2026-06-09,none
ORD_001313,TXN_001313,electronics,1303.92,"Address_1360, India",delivered,2026-08-07,none
ORD_001314,TXN_001314,electronics,622.02,"Address_9711, India",delivered,2026-05-23,none
ORD_001315,TXN_001315,travel,8673.67,"Address_7299, India",failed,2026-03-30,none
ORD_001316,TXN_001316,grocery,6536.71,"Address_9656, India",delivered,2026-07-13,none
ORD_001317,TXN_001317,beauty,1356.45,"Address_4891, India",delivered,2026-03-17,none
ORD_001318,TXN_001318,beauty,3892.21,"Address_5716, India",pending,2026-04-06,processed
ORD_001319,TXN_001319,grocery,1575.94,"Address_8265, India",pending,2026-04-02,requested
ORD_001320,TXN_001320,fashion,2594.57,"Address_9608, India",delivered,2026-02-18,none
ORD_001321,TXN_001321,software,1686.22,"Address_6364, India",delivered,2026-04-30,none
ORD_001322,TXN_001322,grocery,3774.55,"Address_2386, India",failed,2026-06-04,requested
ORD_001323,TXN_001323,fashion,3885.09,"Address_4076, India",failed,2026-05-24,none
ORD_001324,TXN_001324,home,1381.63,"Address_5497, India",delivered,2026-05-22,none
ORD_001325,TXN_001325,travel,2004.72,"Address_2613, India",failed,2026-06-15,none
ORD_001326,TXN_001326,travel,9049.42,"Address_6936, India",delivered,2026-05-04,requested
ORD_001327,TXN_001327,software,5544.65,"Address_7861, India",failed,2026-04-01,processed
ORD_001328,TXN_001328,software,8206.09,"Address_2298, India",delivered,2026-07-08,processed
ORD_001329,TXN_001329,electronics,7214.79,"Address_4992, India",delivered,2026-04-02,none
ORD_001330,TXN_001330,beauty,11924.66,"Address_7934, India",failed,2026-02-20,none
ORD_001331,TXN_001331,grocery,4122.33,"Address_9221, India",pending,2026-07-27,none
ORD_001332,TXN_001332,software,6455.87,"Address_6547, India",delivered,2026-05-19,none
ORD_001333,TXN_001333,beauty,3105.72,"Address_5615, India",failed,2026-05-08,none
ORD_001334,TXN_001334,software,2859.13,"Address_6330, India",delivered,2026-03-17,processed
ORD_001335,TXN_001335,fashion,3615.73,"Address_5182, India",delivered,2026-03-15,none
ORD_001336,TXN_001336,electronics,5213.23,"Address_4888, India",delivered,2026-07-21,requested
ORD_001337,TXN_001337,travel,4962.16,"Address_7766, India",failed,2026-05-02,none
ORD_001338,TXN_001338,travel,833.28,"Address_6772, India",failed,2026-01-11,none
ORD_001339,TXN_001339,grocery,1866.92,"Address_6449, India",failed,2026-03-20,none
ORD_001340,TXN_001340,travel,25662.31,"Address_2015, India",failed,2026-04-02,none
ORD_001341,TXN_001341,software,2678.02,"Address_3499, India",pending,2026-04-02,none
ORD_001342,TXN_001342,grocery,4676.31,"Address_8324, India",pending,2026-02-14,requested
ORD_001343,TXN_001343,home,4813.25,"Address_5448, India",delivered,2026-07-03,none
ORD_001344,TXN_001344,grocery,1563.19,"Address_5650, India",delivered,2026-01-11,none
ORD_001345,TXN_001345,beauty,4045.33,"Address_8329, India",delivered,2026-01-29,none
ORD_001346,TXN_001346,software,2269.48,"Address_5068, India",pending,2026-07-17,requested
ORD_001347,TXN_001347,beauty,8004.3,"Address_1631, India",delivered,2026-01-12,none
ORD_001348,TXN_001348,software,4965.17,"Address_5669, India",delivered,2026-05-28,processed
ORD_001349,TXN_001349,grocery,1269.5,"Address_9968, India",delivered,2026-05-28,requested
ORD_001350,TXN_001350,home,5592.98,"Address_5344, India",delivered,2026-02-07,requested
ORD_001351,TXN_001351,fashion,3295.95,"Address_4235, India",failed,2026-02-28,requested
ORD_001352,TXN_001352,software,3348.73,"Address_9004, India",delivered,2026-02-17,none
ORD_001353,TXN_001353,grocery,1585.94,"Address_4620, India",delivered,2026-04-02,none
ORD_001354,TXN_001354,travel,1145.39,"Address_8379, India",pending,2026-03-27,none
ORD_001355,TXN_001355,beauty,1540.86,"Address_1341, India",pending,2026-05-12,none
ORD_001356,TXN_001356,travel,13086.93,"Address_3537, India",delivered,2026-07-17,none
ORD_001357,TXN_001357,software,2050.58,"Address_8908, India",pending,2026-08-15,none
ORD_001358,TXN_001358,travel,12216.31,"Address_2028, India",delivered,2026-05-24,none
ORD_001359,TXN_001359,electronics,6983.11,"Address_4308, India",delivered,2026-06-25,requested
ORD_001360,TXN_001360,software,8077.18,"Address_1809, India",delivered,2026-04-21,none
ORD_001361,TXN_001361,grocery,6187.32,"Address_6511, India",failed,2026-06-10,none
ORD_001362,TXN_001362,grocery,8635.67,"Address_6826, India",failed,2026-05-12,none
ORD_001363,TXN_001363,home,15149.73,"Address_4069, India",delivered,2026-06-10,processed
ORD_001364,TXN_001364,software,5106.82,"Address_4517, India",delivered,2026-06-28,requested
ORD_001365,TXN_001365,software,1561.33,"Address_7793, India",pending,2026-08-20,none
ORD_001366,TXN_001366,beauty,6304.58,"Address_6834, India",delivered,2026-04-08,processed
ORD_001367,TXN_001367,electronics,5822.62,"Address_1491, India",failed,2026-03-28,none
ORD_001368,TXN_001368,grocery,2195.99,"Address_4291, India",delivered,2026-02-26,none
ORD_001369,TXN_001369,grocery,1405.79,"Address_6400, India",pending,2026-04-29,none
ORD_001370,TXN_001370,travel,7654.16,"Address_3599, India",delivered,2026-06-20,processed
ORD_001371,TXN_001371,home,944.48,"Address_4793, India",delivered,2026-05-03,processed
ORD_001372,TXN_001372,home,12151.68,"Address_1757, India",failed,2026-08-16,none
ORD_001373,TXN_001373,travel,2120.62,"Address_2123, India",pending,2026-03-09,processed
ORD_001374,TXN_001374,beauty,1943.43,"Address_9481, India",failed,2026-08-05,none
ORD_001375,TXN_001375,software,3085.45,"Address_1400, India",delivered,2026-04-05,none
ORD_001376,TXN_001376,grocery,4947.61,"Address_4226, India",failed,2026-01-28,none
ORD_001377,TXN_001377,electronics,4329.63,"Address_7052, India",delivered,2026-07-06,none
ORD_001378,TXN_001378,fashion,4324.37,"Address_7650, India",delivered,2026-02-07,none
ORD_001379,TXN_001379,beauty,8459.24,"Address_4110, India",delivered,2026-01-31,none
ORD_001380,TXN_001380,beauty,4236.17,"Address_8101, India",delivered,2026-07-16,processed
ORD_001381,TXN_001381,electronics,2658.19,"Address_4030, India",delivered,2026-07-02,none
ORD_001382,TXN_001382,beauty,3209.75,"Address_8332, India",failed,2026-05-28,none
ORD_001383,TXN_001383,beauty,3234.58,"Address_9721, India",failed,2026-05-16,processed
ORD_001384,TXN_001384,grocery,2776.09,"Address_5642, India",pending,2026-05-30,none
ORD_001385,TXN_001385,travel,3056.79,"Address_7753, India",pending,2026-05-30,requested
ORD_001386,TXN_001386,fashion,4362.97,"Address_5472, India",delivered,2026-06-28,none
ORD_001387,TXN_001387,beauty,4262.04,"Address_4810, India",delivered,2026-02-12,none
ORD_001388,TXN_001388,fashion,6369.9,"Address_5816, India",delivered,2026-01-14,requested
ORD_001389,TXN_001389,home,6928.92,"Address_5785, India",pending,2026-01-07,none
ORD_001390,TXN_001390,software,2382.78,"Address_7767, India",delivered,2026-07-13,none
ORD_001391,TXN_001391,grocery,2374.1,"Address_8587, India",failed,2026-04-01,none
ORD_001392,TXN_001392,travel,7034.06,"Address_9108, India",failed,2026-04-14,requested
ORD_001393,TXN_001393,home,1056.16,"Address_4925, India",pending,2026-02-19,none
ORD_001394,TXN_001394,beauty,2748.17,"Address_2522, India",failed,2026-04-02,requested
ORD_001395,TXN_001395,travel,2754.04,"Address_5953, India",delivered,2026-02-13,processed
ORD_001396,TXN_001396,fashion,3867.21,"Address_6097, India",pending,2026-04-07,requested
ORD_001397,TXN_001397,software,5080.09,"Address_2446, India",delivered,2026-08-07,requested
ORD_001398,TXN_001398,travel,6877.04,"Address_4559, India",failed,2026-04-18,none
ORD_001399,TXN_001399,fashion,1289.5,"Address_2504, India",delivered,2026-03-14,requested
ORD_001400,TXN_001400,home,7499.4,"Address_6094, India",delivered,2026-05-16,processed
ORD_001401,TXN_001401,grocery,1247.9,"Address_1167, India",delivered,2026-07-02,requested
ORD_001402,TXN_001402,travel,4037.23,"Address_1182, India",failed,2026-02-20,requested
ORD_001403,TXN_001403,grocery,237.82,"Address_7366, India",pending,2026-01-28,processed
ORD_001404,TXN_001404,electronics,1353.24,"Address_2994, India",failed,2026-03-21,none
ORD_001405,TXN_001405,beauty,1870.13,"Address_3390, India",delivered,2026-06-05,none
ORD_001406,TXN_001406,grocery,4979.67,"Address_7286, India",failed,2026-08-18,none
ORD_001407,TXN_001407,fashion,3551.83,"Address_1859, India",delivered,2026-02-24,none
ORD_001408,TXN_001408,fashion,7890.78,"Address_8962, India",failed,2026-05-09,none
ORD_001409,TXN_001409,electronics,10402.91,"Address_7337, India",delivered,2026-02-27,processed
ORD_001410,TXN_001410,home,1181.0,"Address_9059, India",delivered,2026-06-04,processed
ORD_001411,TXN_001411,grocery,1900.02,"Address_9122, India",failed,2026-07-21,none
ORD_001412,TXN_001412,grocery,1115.11,"Address_6401, India",delivered,2026-07-18,requested
ORD_001413,TXN_001413,software,753.03,"Address_6333, India",pending,2026-04-01,requested
ORD_001414,TXN_001414,software,4323.74,"Address_7092, India",pending,2026-03-14,requested
ORD_001415,TXN_001415,beauty,1301.7,"Address_1034, India",delivered,2026-05-12,none
ORD_001416,TXN_001416,electronics,8659.35,"Address_3158, India",pending,2026-05-11,requested
ORD_001417,TXN_001417,software,2895.3,"Address_7952, India",delivered,2026-05-13,none
ORD_001418,TXN_001418,beauty,1395.73,"Address_5324, India",delivered,2026-06-26,none
ORD_001419,TXN_001419,fashion,27261.83,"Address_8649, India",delivered,2026-06-16,requested
ORD_001420,TXN_001420,electronics,7178.82,"Address_5183, India",pending,2026-02-27,none
ORD_001421,TXN_001421,grocery,5529.62,"Address_5148, India",delivered,2026-05-02,none
ORD_001422,TXN_001422,grocery,4821.81,"Address_3472, India",delivered,2026-06-02,processed
ORD_001423,TXN_001423,home,1893.59,"Address_8259, India",delivered,2026-07-20,none
ORD_001424,TXN_001424,travel,3529.8,"Address_7040, India",delivered,2026-06-20,none
ORD_001425,TXN_001425,grocery,4840.18,"Address_2356, India",failed,2026-06-18,processed
ORD_001426,TXN_001426,beauty,11155.25,"Address_6695, India",delivered,2026-05-08,none
ORD_001427,TXN_001427,home,9111.61,"Address_7128, India",delivered,2026-03-29,none
ORD_001428,TXN_001428,grocery,1144.69,"Address_9967, India",delivered,2026-04-20,processed
ORD_001429,TXN_001429,electronics,20763.88,"Address_5310, India",delivered,2026-01-17,none
ORD_001430,TXN_001430,software,2981.02,"Address_9203, India",pending,2026-05-01,requested
ORD_001431,TXN_001431,software,3600.46,"Address_4355, India",delivered,2026-03-02,requested
ORD_001432,TXN_001432,software,4694.79,"Address_1780, India",delivered,2026-03-26,none
ORD_001433,TXN_001433,fashion,2434.84,"Address_9977, India",delivered,2026-05-25,requested
ORD_001434,TXN_001434,electronics,2323.54,"Address_9280, India",failed,2026-04-24,requested
ORD_001435,TXN_001435,electronics,1822.75,"Address_1625, India",delivered,2026-02-13,none
ORD_001436,TXN_001436,beauty,971.18,"Address_2335, India",failed,2026-05-04,none
ORD_001437,TXN_001437,home,1863.48,"Address_5841, India",failed,2026-03-12,requested
ORD_001438,TXN_001438,grocery,1847.99,"Address_1342, India",delivered,2026-01-22,none
ORD_001439,TXN_001439,home,1416.18,"Address_1310, India",delivered,2026-04-26,processed
ORD_001440,TXN_001440,beauty,2375.04,"Address_8032, India",delivered,2026-08-15,none
ORD_001441,TXN_001441,fashion,2538.05,"Address_6186, India",failed,2026-08-19,none
ORD_001442,TXN_001442,electronics,1494.81,"Address_6113, India",delivered,2026-05-30,requested
ORD_001443,TXN_001443,home,788.81,"Address_7001, India",delivered,2026-05-29,none
ORD_001444,TXN_001444,home,2496.0,"Address_2258, India",delivered,2026-02-10,none
ORD_001445,TXN_001445,fashion,2982.16,"Address_2781, India",pending,2026-07-16,processed
ORD_001446,TXN_001446,home,854.42,"Address_5710, India",delivered,2026-03-07,none
ORD_001447,TXN_001447,travel,5083.09,"Address_8535, India",delivered,2026-06-26,requested
ORD_001448,TXN_001448,fashion,1962.25,"Address_3539, India",delivered,2026-02-08,none
ORD_001449,TXN_001449,electronics,1786.97,"Address_3068, India",pending,2026-07-29,none
ORD_001450,TXN_001450,travel,1087.69,"Address_2425, India",delivered,2026-05-16,requested
ORD_001451,TXN_001451,home,5678.21,"Address_6757, India",pending,2026-01-16,none
ORD_001452,TXN_001452,fashion,1120.53,"Address_4631, India",delivered,2026-03-31,none
ORD_001453,TXN_001453,home,7839.41,"Address_6829, India",delivered,2026-05-28,none
ORD_001454,TXN_001454,home,454.78,"Address_3384, India",delivered,2026-05-31,none
ORD_001455,TXN_001455,grocery,3020.46,"Address_6543, India",delivered,2026-08-02,requested
ORD_001456,TXN_001456,fashion,5558.78,"Address_1887, India",delivered,2026-06-20,requested
ORD_001457,TXN_001457,software,3406.34,"Address_1941, India",delivered,2026-04-01,none
ORD_001458,TXN_001458,electronics,12584.27,"Address_1126, India",delivered,2026-05-31,requested
ORD_001459,TXN_001459,beauty,6936.45,"Address_8986, India",delivered,2026-01-09,processed
ORD_001460,TXN_001460,electronics,5399.74,"Address_6229, India",pending,2026-02-09,none
ORD_001461,TXN_001461,fashion,7911.98,"Address_2363, India",failed,2026-05-18,requested
ORD_001462,TXN_001462,home,7534.05,"Address_4319, India",delivered,2026-08-16,none
ORD_001463,TXN_001463,travel,1473.25,"Address_4074, India",failed,2026-03-27,none
ORD_001464,TXN_001464,travel,4088.02,"Address_4790, India",delivered,2026-06-10,none
ORD_001465,TXN_001465,grocery,1860.05,"Address_9679, India",delivered,2026-01-24,processed
ORD_001466,TXN_001466,software,3321.52,"Address_6237, India",delivered,2026-02-28,requested
ORD_001467,TXN_001467,grocery,1928.5,"Address_8750, India",delivered,2026-03-05,processed
ORD_001468,TXN_001468,grocery,3809.89,"Address_4085, India",delivered,2026-08-20,none
ORD_001469,TXN_001469,software,2042.92,"Address_9650, India",delivered,2026-04-25,none
ORD_001470,TXN_001470,grocery,1894.09,"Address_3894, India",pending,2026-04-29,none
ORD_001471,TXN_001471,home,5660.98,"Address_9656, India",delivered,2026-06-07,none
ORD_001472,TXN_001472,software,2551.88,"Address_2808, India",failed,2026-05-30,none
ORD_001473,TXN_001473,software,978.47,"Address_1565, India",delivered,2026-05-07,none
ORD_001474,TXN_001474,grocery,4113.81,"Address_5993, India",failed,2026-02-28,none
ORD_001475,TXN_001475,travel,8084.94,"Address_6178, India",delivered,2026-05-12,processed
ORD_001476,TXN_001476,fashion,2350.9,"Address_4118, India",delivered,2026-04-12,none
ORD_001477,TXN_001477,software,3168.93,"Address_5060, India",delivered,2026-04-07,none
ORD_001478,TXN_001478,travel,9223.77,"Address_4901, India",delivered,2026-03-03,requested
ORD_001479,TXN_001479,software,1406.13,"Address_7034, India",delivered,2026-03-14,requested
ORD_001480,TXN_001480,software,2659.02,"Address_1867, India",delivered,2026-02-20,processed
ORD_001481,TXN_001481,grocery,19926.56,"Address_2958, India",pending,2026-02-12,none
ORD_001482,TXN_001482,fashion,3064.54,"Address_8386, India",pending,2026-07-26,none
ORD_001483,TXN_001483,electronics,3788.83,"Address_8576, India",delivered,2026-04-24,none
ORD_001484,TXN_001484,home,3633.08,"Address_2007, India",delivered,2026-05-20,none
ORD_001485,TXN_001485,grocery,2099.25,"Address_3779, India",failed,2026-07-27,none
ORD_001486,TXN_001486,travel,3189.59,"Address_4476, India",failed,2026-03-26,requested
ORD_001487,TXN_001487,electronics,2390.1,"Address_8357, India",failed,2026-03-27,requested
ORD_001488,TXN_001488,beauty,5629.39,"Address_2776, India",pending,2026-05-05,processed
ORD_001489,TXN_001489,home,4861.68,"Address_7143, India",delivered,2026-05-22,processed
ORD_001490,TXN_001490,electronics,14380.66,"Address_9086, India",delivered,2026-01-10,processed
ORD_001491,TXN_001491,fashion,2586.33,"Address_1500, India",delivered,2026-01-18,none
ORD_001492,TXN_001492,software,2407.68,"Address_6948, India",failed,2026-08-09,requested
ORD_001493,TXN_001493,beauty,7590.66,"Address_9981, India",delivered,2026-03-23,none
ORD_001494,TXN_001494,home,2081.91,"Address_4471, India",pending,2026-03-27,requested
ORD_001495,TXN_001495,electronics,3505.24,"Address_9505, India",failed,2026-07-17,none
ORD_001496,TXN_001496,software,11948.96,"Address_5914, India",delivered,2026-02-07,none
ORD_001497,TXN_001497,software,959.22,"Address_5849, India",delivered,2026-07-17,none
ORD_001498,TXN_001498,software,1178.91,"Address_6473, India",failed,2026-01-29,none
ORD_001499,TXN_001499,home,340.26,"Address_1351, India",pending,2026-07-13,requested
ORD_001500,TXN_001500,travel,10202.51,"Address_7040, India",delivered,2026-06-26,none
ORD_001501,TXN_001501,home,2489.94,"Address_3947, India",delivered,2026-04-10,processed
ORD_001502,TXN_001502,software,5331.37,"Address_6248, India",pending,2026-07-25,none
ORD_001503,TXN_001503,home,9817.57,"Address_2813, India",failed,2026-06-18,none
ORD_001504,TXN_001504,home,8340.49,"Address_1427, India",delivered,2026-03-31,requested
ORD_001505,TXN_001505,travel,2007.98,"Address_2062, India",delivered,2026-02-23,requested
ORD_001506,TXN_001506,beauty,1093.62,"Address_1327, India",delivered,2026-06-10,processed
ORD_001507,TXN_001507,travel,10724.99,"Address_4609, India",pending,2026-06-24,none
ORD_001508,TXN_001508,beauty,7496.27,"Address_2114, India",failed,2026-04-01,processed
ORD_001509,TXN_001509,electronics,1016.55,"Address_2101, India",pending,2026-06-22,none
ORD_001510,TXN_001510,travel,5139.6,"Address_4216, India",delivered,2026-04-24,requested
ORD_001511,TXN_001511,software,3840.97,"Address_3753, India",failed,2026-04-29,none
ORD_001512,TXN_001512,travel,4739.42,"Address_9583, India",pending,2026-02-06,requested
ORD_001513,TXN_001513,travel,1404.07,"Address_9122, India",delivered,2026-05-23,none
ORD_001514,TXN_001514,software,6594.31,"Address_8604, India",delivered,2026-02-25,requested
ORD_001515,TXN_001515,beauty,3644.95,"Address_3120, India",delivered,2026-07-08,processed
ORD_001516,TXN_001516,grocery,600.97,"Address_7992, India",failed,2026-05-19,none
ORD_001517,TXN_001517,home,5351.78,"Address_1461, India",pending,2026-07-01,none
ORD_001518,TXN_001518,software,6666.74,"Address_6209, India",failed,2026-06-27,requested
ORD_001519,TXN_001519,software,20551.86,"Address_2836, India",failed,2026-05-26,none
ORD_001520,TXN_001520,fashion,3531.77,"Address_1604, India",delivered,2026-04-20,none
ORD_001521,TXN_001521,fashion,6155.47,"Address_7035, India",pending,2026-05-04,processed
ORD_001522,TXN_001522,software,11670.77,"Address_8529, India",delivered,2026-01-07,processed
ORD_001523,TXN_001523,travel,2508.29,"Address_3862, India",delivered,2026-06-22,none
ORD_001524,TXN_001524,home,7603.67,"Address_6847, India",delivered,2026-01-22,requested
ORD_001525,TXN_001525,software,3638.26,"Address_5352, India",failed,2026-05-08,requested
ORD_001526,TXN_001526,fashion,1737.55,"Address_6949, India",failed,2026-06-16,processed
ORD_001527,TXN_001527,fashion,3302.96,"Address_2851, India",pending,2026-03-11,requested
ORD_001528,TXN_001528,grocery,4926.77,"Address_9349, India",pending,2026-02-08,requested
ORD_001529,TXN_001529,home,4400.43,"Address_4911, India",delivered,2026-06-29,processed
ORD_001530,TXN_001530,beauty,1237.49,"Address_6457, India",failed,2026-06-25,none
ORD_001531,TXN_001531,beauty,1004.69,"Address_4853, India",delivered,2026-05-18,processed
ORD_001532,TXN_001532,beauty,10898.03,"Address_8695, India",delivered,2026-05-03,none
ORD_001533,TXN_001533,fashion,6142.32,"Address_1591, India",delivered,2026-05-24,none
ORD_001534,TXN_001534,electronics,1370.02,"Address_7225, India",delivered,2026-08-17,processed
ORD_001535,TXN_001535,electronics,2295.1,"Address_3436, India",pending,2026-02-05,requested
ORD_001536,TXN_001536,electronics,2023.9,"Address_2458, India",failed,2026-08-17,processed
ORD_001537,TXN_001537,beauty,2948.36,"Address_4099, India",delivered,2026-01-30,none
ORD_001538,TXN_001538,software,5784.51,"Address_1615, India",delivered,2026-08-09,none
ORD_001539,TXN_001539,fashion,3944.75,"Address_8837, India",failed,2026-08-12,none
ORD_001540,TXN_001540,grocery,3603.5,"Address_7444, India",failed,2026-03-28,processed
ORD_001541,TXN_001541,travel,9139.95,"Address_8822, India",delivered,2026-01-06,none
ORD_001542,TXN_001542,grocery,6859.95,"Address_6431, India",delivered,2026-05-11,none
ORD_001543,TXN_001543,electronics,1520.84,"Address_3224, India",failed,2026-02-02,none
ORD_001544,TXN_001544,travel,11960.76,"Address_9992, India",pending,2026-08-14,requested
ORD_001545,TXN_001545,beauty,2122.29,"Address_3029, India",delivered,2026-06-03,processed
ORD_001546,TXN_001546,fashion,7825.4,"Address_7606, India",failed,2026-04-10,processed
ORD_001547,TXN_001547,fashion,5263.53,"Address_5757, India",delivered,2026-03-31,requested
ORD_001548,TXN_001548,fashion,1868.95,"Address_3706, India",delivered,2026-01-12,processed
ORD_001549,TXN_001549,fashion,1816.17,"Address_2355, India",pending,2026-03-03,requested
ORD_001550,TXN_001550,beauty,1372.07,"Address_8069, India",delivered,2026-01-27,none
ORD_001551,TXN_001551,beauty,5907.5,"Address_5536, India",pending,2026-08-09,none
ORD_001552,TXN_001552,grocery,1605.94,"Address_6335, India",pending,2026-04-07,requested
ORD_001553,TXN_001553,software,2527.99,"Address_8905, India",failed,2026-03-26,requested
ORD_001554,TXN_001554,grocery,9325.37,"Address_4339, India",delivered,2026-05-25,none
ORD_001555,TXN_001555,fashion,2008.3,"Address_5944, India",delivered,2026-08-07,none
ORD_001556,TXN_001556,fashion,2919.85,"Address_9239, India",delivered,2026-06-08,none
ORD_001557,TXN_001557,home,1469.04,"Address_6762, India",delivered,2026-07-11,processed
ORD_001558,TXN_001558,fashion,10317.77,"Address_8527, India",delivered,2026-05-09,processed
ORD_001559,TXN_001559,grocery,11889.34,"Address_9447, India",delivered,2026-08-14,none
ORD_001560,TXN_001560,home,2047.77,"Address_7113, India",pending,2026-04-09,none
ORD_001561,TXN_001561,home,1218.65,"Address_4054, India",failed,2026-02-01,none
ORD_001562,TXN_001562,fashion,5295.26,"Address_2645, India",pending,2026-03-22,requested
ORD_001563,TXN_001563,travel,8649.15,"Address_8546, India",delivered,2026-02-27,processed
ORD_001564,TXN_001564,beauty,6127.0,"Address_6167, India",delivered,2026-08-14,requested
ORD_001565,TXN_001565,beauty,20262.78,"Address_5460, India",delivered,2026-05-24,processed
ORD_001566,TXN_001566,software,10399.85,"Address_5466, India",delivered,2026-02-03,none
ORD_001567,TXN_001567,electronics,1904.27,"Address_2105, India",delivered,2026-04-27,none
ORD_001568,TXN_001568,travel,1543.82,"Address_8975, India",failed,2026-06-24,none
ORD_001569,TXN_001569,beauty,3872.89,"Address_4161, India",delivered,2026-08-05,processed
ORD_001570,TXN_001570,fashion,6097.92,"Address_2879, India",delivered,2026-06-16,processed
ORD_001571,TXN_001571,travel,6449.24,"Address_2163, India",failed,2026-03-09,processed
ORD_001572,TXN_001572,home,2502.99,"Address_2861, India",delivered,2026-05-25,processed
ORD_001573,TXN_001573,fashion,3250.0,"Address_7057, India",pending,2026-06-01,none
ORD_001574,TXN_001574,beauty,2046.38,"Address_6024, India",failed,2026-07-31,none
ORD_001575,TXN_001575,electronics,2581.93,"Address_2460, India",delivered,2026-03-08,requested
ORD_001576,TXN_001576,electronics,1727.78,"Address_4090, India",delivered,2026-03-28,none
ORD_001577,TXN_001577,home,683.52,"Address_1871, India",delivered,2026-07-08,requested
ORD_001578,TXN_001578,grocery,1365.8,"Address_3643, India",pending,2026-03-02,none
ORD_001579,TXN_001579,travel,1727.39,"Address_6477, India",delivered,2026-05-31,requested
ORD_001580,TXN_001580,fashion,3286.89,"Address_1053, India",delivered,2026-05-09,none
ORD_001581,TXN_001581,grocery,1258.59,"Address_5106, India",pending,2026-05-29,none
ORD_001582,TXN_001582,fashion,10860.59,"Address_5095, India",failed,2026-08-14,none
ORD_001583,TXN_001583,home,6982.3,"Address_2365, India",pending,2026-01-19,none
ORD_001584,TXN_001584,fashion,2739.08,"Address_5525, India",pending,2026-07-06,none
ORD_001585,TXN_001585,travel,3107.98,"Address_6579, India",delivered,2026-04-16,none
ORD_001586,TXN_001586,software,1659.42,"Address_1829, India",pending,2026-06-29,none
ORD_001587,TXN_001587,beauty,3618.96,"Address_9609, India",delivered,2026-07-25,requested
ORD_001588,TXN_001588,beauty,3177.61,"Address_6856, India",delivered,2026-03-26,none
ORD_001589,TXN_001589,grocery,3279.72,"Address_3186, India",delivered,2026-06-03,none
ORD_001590,TXN_001590,software,2123.75,"Address_3905, India",delivered,2026-05-18,none
ORD_001591,TXN_001591,grocery,4403.32,"Address_2748, India",pending,2026-06-06,requested
ORD_001592,TXN_001592,electronics,5502.17,"Address_7274, India",failed,2026-07-07,processed
ORD_001593,TXN_001593,grocery,6500.6,"Address_8145, India",delivered,2026-04-20,none
ORD_001594,TXN_001594,beauty,2574.96,"Address_6501, India",delivered,2026-02-06,none
ORD_001595,TXN_001595,fashion,2217.16,"Address_4228, India",pending,2026-04-05,none
ORD_001596,TXN_001596,software,2008.58,"Address_1202, India",delivered,2026-01-29,none
ORD_001597,TXN_001597,beauty,2511.58,"Address_2103, India",delivered,2026-03-04,none
ORD_001598,TXN_001598,beauty,5091.24,"Address_2909, India",pending,2026-07-18,processed
ORD_001599,TXN_001599,electronics,1381.55,"Address_7114, India",pending,2026-01-21,none
ORD_001600,TXN_001600,beauty,2741.8,"Address_1975, India",delivered,2026-01-03,none
ORD_001601,TXN_001601,beauty,3279.33,"Address_3920, India",delivered,2026-03-21,processed
ORD_001602,TXN_001602,travel,1063.95,"Address_2902, India",delivered,2026-02-24,none
ORD_001603,TXN_001603,fashion,9061.99,"Address_5429, India",failed,2026-03-31,none
ORD_001604,TXN_001604,electronics,5723.62,"Address_5657, India",delivered,2026-06-03,none
ORD_001605,TXN_001605,fashion,2185.44,"Address_9408, India",delivered,2026-05-16,requested
ORD_001606,TXN_001606,beauty,2624.65,"Address_4105, India",failed,2026-01-11,none
ORD_001607,TXN_001607,travel,51376.64,"Address_3759, India",pending,2026-04-03,none
ORD_001608,TXN_001608,electronics,3885.51,"Address_2977, India",delivered,2026-02-26,none
ORD_001609,TXN_001609,electronics,11981.29,"Address_8376, India",delivered,2026-08-02,none
ORD_001610,TXN_001610,electronics,1686.45,"Address_9291, India",delivered,2026-01-23,none
ORD_001611,TXN_001611,home,33568.53,"Address_9244, India",failed,2026-03-08,requested
ORD_001612,TXN_001612,home,11721.28,"Address_6963, India",failed,2026-04-05,processed
ORD_001613,TXN_001613,electronics,12786.18,"Address_9887, India",delivered,2026-01-30,none
ORD_001614,TXN_001614,travel,986.06,"Address_3041, India",delivered,2026-06-03,requested
ORD_001615,TXN_001615,home,5135.57,"Address_6356, India",failed,2026-02-05,requested
ORD_001616,TXN_001616,grocery,1120.84,"Address_5474, India",failed,2026-04-15,none
ORD_001617,TXN_001617,fashion,11267.95,"Address_3449, India",delivered,2026-01-12,none
ORD_001618,TXN_001618,electronics,1040.62,"Address_2611, India",delivered,2026-05-05,processed
ORD_001619,TXN_001619,grocery,14618.02,"Address_3251, India",delivered,2026-07-18,none
ORD_001620,TXN_001620,home,8828.34,"Address_9742, India",delivered,2026-03-22,none
ORD_001621,TXN_001621,fashion,456.42,"Address_9898, India",delivered,2026-01-14,none
ORD_001622,TXN_001622,software,1044.43,"Address_3054, India",delivered,2026-04-07,none
ORD_001623,TXN_001623,home,13773.22,"Address_3853, India",pending,2026-08-10,none
ORD_001624,TXN_001624,software,4630.51,"Address_4976, India",delivered,2026-02-25,none
ORD_001625,TXN_001625,grocery,4371.53,"Address_5045, India",delivered,2026-07-04,none
ORD_001626,TXN_001626,beauty,2016.68,"Address_7945, India",pending,2026-05-14,none
ORD_001627,TXN_001627,travel,2739.35,"Address_8343, India",pending,2026-02-26,none
ORD_001628,TXN_001628,grocery,8649.34,"Address_3205, India",failed,2026-06-24,none
ORD_001629,TXN_001629,software,8338.3,"Address_9769, India",pending,2026-04-12,requested
ORD_001630,TXN_001630,software,1643.11,"Address_7473, India",pending,2026-06-06,none
ORD_001631,TXN_001631,beauty,3773.91,"Address_9179, India",pending,2026-07-08,none
ORD_001632,TXN_001632,electronics,4093.29,"Address_1650, India",pending,2026-04-21,none
ORD_001633,TXN_001633,fashion,6371.65,"Address_5785, India",delivered,2026-03-14,none
ORD_001634,TXN_001634,travel,5910.29,"Address_4582, India",delivered,2026-01-10,none
ORD_001635,TXN_001635,travel,3134.27,"Address_2196, India",delivered,2026-02-08,processed
ORD_001636,TXN_001636,software,8386.2,"Address_9078, India",delivered,2026-02-02,requested
ORD_001637,TXN_001637,travel,4668.52,"Address_3253, India",delivered,2026-05-21,none
ORD_001638,TXN_001638,home,4717.8,"Address_6674, India",delivered,2026-03-15,requested
ORD_001639,TXN_001639,software,2340.54,"Address_9713, India",failed,2026-02-03,none
ORD_001640,TXN_001640,beauty,2923.97,"Address_3914, India",pending,2026-05-30,requested
ORD_001641,TXN_001641,travel,3444.85,"Address_4832, India",failed,2026-01-15,none
ORD_001642,TXN_001642,software,2496.72,"Address_4035, India",delivered,2026-03-05,none
ORD_001643,TXN_001643,travel,4059.66,"Address_3773, India",failed,2026-07-20,none
ORD_001644,TXN_001644,home,19295.33,"Address_4140, India",delivered,2026-04-12,requested
ORD_001645,TXN_001645,beauty,8584.41,"Address_7987, India",failed,2026-07-17,requested
ORD_001646,TXN_001646,software,1479.54,"Address_1650, India",delivered,2026-01-14,none
ORD_001647,TXN_001647,grocery,11393.09,"Address_8481, India",delivered,2026-02-15,processed
ORD_001648,TXN_001648,beauty,1082.61,"Address_7016, India",failed,2026-04-13,none
ORD_001649,TXN_001649,travel,3167.11,"Address_2321, India",pending,2026-01-23,processed
ORD_001650,TXN_001650,beauty,5642.14,"Address_4065, India",delivered,2026-04-02,none
ORD_001651,TXN_001651,grocery,9418.28,"Address_5086, India",delivered,2026-08-10,requested
ORD_001652,TXN_001652,software,3685.81,"Address_1934, India",delivered,2026-02-07,requested
ORD_001653,TXN_001653,travel,5209.84,"Address_1054, India",pending,2026-04-19,none
ORD_001654,TXN_001654,electronics,4015.74,"Address_5874, India",failed,2026-04-08,processed
ORD_001655,TXN_001655,beauty,1863.27,"Address_7545, India",delivered,2026-01-09,none
ORD_001656,TXN_001656,home,3220.41,"Address_7191, India",failed,2026-08-01,requested
ORD_001657,TXN_001657,fashion,2714.7,"Address_2158, India",delivered,2026-05-30,none
ORD_001658,TXN_001658,travel,5465.76,"Address_6330, India",failed,2026-05-30,none
ORD_001659,TXN_001659,beauty,9950.34,"Address_5214, India",failed,2026-04-13,none
ORD_001660,TXN_001660,grocery,3212.1,"Address_3806, India",delivered,2026-06-09,processed
ORD_001661,TXN_001661,grocery,4026.79,"Address_6515, India",delivered,2026-05-05,none
ORD_001662,TXN_001662,software,6618.66,"Address_1566, India",delivered,2026-03-04,none
ORD_001663,TXN_001663,grocery,4639.15,"Address_5819, India",delivered,2026-04-15,requested
ORD_001664,TXN_001664,fashion,3532.51,"Address_6806, India",delivered,2026-04-27,none
ORD_001665,TXN_001665,electronics,1610.81,"Address_7729, India",pending,2026-04-19,none
ORD_001666,TXN_001666,electronics,3276.27,"Address_4774, India",pending,2026-02-25,requested
ORD_001667,TXN_001667,travel,6435.88,"Address_6824, India",failed,2026-07-08,none
ORD_001668,TXN_001668,software,1846.56,"Address_1498, India",delivered,2026-04-05,requested
ORD_001669,TXN_001669,fashion,3615.63,"Address_9136, India",delivered,2026-02-06,none
ORD_001670,TXN_001670,grocery,7878.63,"Address_3200, India",pending,2026-06-02,requested
ORD_001671,TXN_001671,travel,8987.57,"Address_9230, India",pending,2026-08-16,none
ORD_001672,TXN_001672,software,4117.34,"Address_4255, India",delivered,2026-02-26,processed
ORD_001673,TXN_001673,electronics,2174.77,"Address_3292, India",failed,2026-05-20,requested
ORD_001674,TXN_001674,electronics,1795.83,"Address_9623, India",failed,2026-01-20,processed
ORD_001675,TXN_001675,travel,13224.29,"Address_4769, India",delivered,2026-02-17,none
ORD_001676,TXN_001676,software,6977.99,"Address_8260, India",delivered,2026-01-09,none
ORD_001677,TXN_001677,electronics,910.89,"Address_3641, India",pending,2026-03-17,none
ORD_001678,TXN_001678,beauty,8482.92,"Address_7932, India",delivered,2026-02-15,requested
ORD_001679,TXN_001679,travel,3722.01,"Address_4562, India",delivered,2026-08-12,none
ORD_001680,TXN_001680,beauty,4927.16,"Address_4372, India",delivered,2026-07-16,none
ORD_001681,TXN_001681,beauty,6070.55,"Address_9255, India",pending,2026-01-08,none
ORD_001682,TXN_001682,electronics,18520.46,"Address_8077, India",delivered,2026-03-29,processed
ORD_001683,TXN_001683,grocery,5514.2,"Address_1431, India",delivered,2026-03-22,processed
ORD_001684,TXN_001684,electronics,4059.97,"Address_9346, India",delivered,2026-06-01,requested
ORD_001685,TXN_001685,grocery,1998.18,"Address_9964, India",delivered,2026-03-22,none
ORD_001686,TXN_001686,software,5200.17,"Address_1613, India",delivered,2026-08-16,none
ORD_001687,TXN_001687,beauty,3362.84,"Address_3507, India",delivered,2026-05-18,none
ORD_001688,TXN_001688,electronics,8311.29,"Address_9912, India",delivered,2026-06-14,none
ORD_001689,TXN_001689,fashion,4431.05,"Address_9483, India",delivered,2026-02-03,none
ORD_001690,TXN_001690,home,4508.06,"Address_8710, India",failed,2026-02-08,none
ORD_001691,TXN_001691,fashion,6766.43,"Address_2052, India",delivered,2026-02-18,processed
ORD_001692,TXN_001692,beauty,1812.41,"Address_8835, India",delivered,2026-05-29,none
ORD_001693,TXN_001693,electronics,1547.01,"Address_5589, India",delivered,2026-06-27,none
ORD_001694,TXN_001694,software,1930.42,"Address_9119, India",delivered,2026-01-20,none
ORD_001695,TXN_001695,grocery,1950.72,"Address_6004, India",delivered,2026-06-24,none
ORD_001696,TXN_001696,home,3519.71,"Address_6918, India",delivered,2026-06-19,none
ORD_001697,TXN_001697,travel,955.48,"Address_1340, India",delivered,2026-04-08,requested
ORD_001698,TXN_001698,electronics,2846.65,"Address_2075, India",delivered,2026-04-23,none
ORD_001699,TXN_001699,electronics,4936.23,"Address_4264, India",delivered,2026-05-14,none
ORD_001700,TXN_001700,grocery,1094.37,"Address_6471, India",pending,2026-02-17,none
ORD_001701,TXN_001701,fashion,3183.82,"Address_1775, India",pending,2026-03-16,none
ORD_001702,TXN_001702,software,1812.8,"Address_3095, India",delivered,2026-03-16,none
ORD_001703,TXN_001703,home,2452.6,"Address_8606, India",delivered,2026-01-15,none
ORD_001704,TXN_001704,home,3233.5,"Address_7189, India",delivered,2026-03-25,processed
ORD_001705,TXN_001705,travel,1159.49,"Address_9139, India",failed,2026-04-17,requested
ORD_001706,TXN_001706,home,9041.04,"Address_7938, India",pending,2026-04-02,requested
ORD_001707,TXN_001707,grocery,5391.04,"Address_2041, India",delivered,2026-02-08,requested
ORD_001708,TXN_001708,home,10567.36,"Address_2252, India",delivered,2026-05-13,none
ORD_001709,TXN_001709,beauty,5410.22,"Address_9798, India",delivered,2026-06-26,processed
ORD_001710,TXN_001710,fashion,1371.47,"Address_8478, India",delivered,2026-01-07,none
ORD_001711,TXN_001711,beauty,1463.65,"Address_8807, India",delivered,2026-02-16,none
ORD_001712,TXN_001712,grocery,1189.64,"Address_2915, India",failed,2026-07-28,none
ORD_001713,TXN_001713,grocery,3644.89,"Address_9213, India",pending,2026-07-10,none
ORD_001714,TXN_001714,software,1907.25,"Address_8475, India",delivered,2026-02-12,none
ORD_001715,TXN_001715,beauty,1578.51,"Address_1501, India",pending,2026-06-11,requested
ORD_001716,TXN_001716,travel,4153.97,"Address_6106, India",delivered,2026-02-23,none
ORD_001717,TXN_001717,grocery,5038.68,"Address_8937, India",delivered,2026-01-06,none
ORD_001718,TXN_001718,beauty,8569.42,"Address_4157, India",failed,2026-07-04,processed
ORD_001719,TXN_001719,software,9420.25,"Address_6329, India",delivered,2026-02-25,requested
ORD_001720,TXN_001720,software,14020.91,"Address_3297, India",delivered,2026-06-07,none
ORD_001721,TXN_001721,travel,1013.65,"Address_6008, India",failed,2026-08-12,none
ORD_001722,TXN_001722,beauty,1974.71,"Address_3993, India",pending,2026-01-03,processed
ORD_001723,TXN_001723,grocery,2614.82,"Address_5123, India",delivered,2026-02-10,none
ORD_001724,TXN_001724,beauty,3635.11,"Address_6144, India",pending,2026-02-22,none
ORD_001725,TXN_001725,fashion,15198.11,"Address_1893, India",pending,2026-04-18,none
ORD_001726,TXN_001726,travel,4302.27,"Address_6818, India",delivered,2026-03-01,processed
ORD_001727,TXN_001727,software,1536.56,"Address_5572, India",delivered,2026-05-17,none
ORD_001728,TXN_001728,grocery,1118.54,"Address_6705, India",delivered,2026-01-24,none
ORD_001729,TXN_001729,software,1896.75,"Address_6236, India",delivered,2026-07-10,none
ORD_001730,TXN_001730,home,705.56,"Address_9456, India",failed,2026-01-10,requested
ORD_001731,TXN_001731,home,8773.95,"Address_8667, India",failed,2026-07-05,processed
ORD_001732,TXN_001732,beauty,1644.47,"Address_3699, India",delivered,2026-05-03,none
ORD_001733,TXN_001733,travel,16395.65,"Address_1512, India",delivered,2026-03-22,none
ORD_001734,TXN_001734,software,11083.98,"Address_1149, India",delivered,2026-03-01,processed
ORD_001735,TXN_001735,grocery,6051.19,"Address_9101, India",delivered,2026-04-16,none
ORD_001736,TXN_001736,grocery,5699.3,"Address_7595, India",delivered,2026-05-05,requested
ORD_001737,TXN_001737,grocery,2496.41,"Address_9057, India",failed,2026-07-14,none
ORD_001738,TXN_001738,grocery,3489.1,"Address_2552, India",delivered,2026-07-27,none
ORD_001739,TXN_001739,beauty,6066.77,"Address_8004, India",pending,2026-04-17,none
ORD_001740,TXN_001740,beauty,16749.12,"Address_7855, India",delivered,2026-02-11,none
ORD_001741,TXN_001741,home,8664.09,"Address_3065, India",delivered,2026-04-14,requested
ORD_001742,TXN_001742,electronics,4954.39,"Address_5239, India",failed,2026-02-25,requested
ORD_001743,TXN_001743,home,2387.02,"Address_2346, India",delivered,2026-03-26,none
ORD_001744,TXN_001744,electronics,1922.14,"Address_9226, India",pending,2026-06-09,none
ORD_001745,TXN_001745,fashion,500.26,"Address_4968, India",delivered,2026-05-08,requested
ORD_001746,TXN_001746,travel,848.84,"Address_1770, India",delivered,2026-03-30,none
ORD_001747,TXN_001747,fashion,2972.91,"Address_1477, India",pending,2026-05-15,none
ORD_001748,TXN_001748,grocery,6090.86,"Address_7163, India",pending,2026-01-11,processed
ORD_001749,TXN_001749,beauty,1789.87,"Address_8911, India",delivered,2026-06-30,none
ORD_001750,TXN_001750,travel,3513.79,"Address_4502, India",delivered,2026-05-19,none
ORD_001751,TXN_001751,beauty,989.65,"Address_2656, India",pending,2026-07-30,processed
ORD_001752,TXN_001752,beauty,4584.35,"Address_9195, India",failed,2026-01-22,none
ORD_001753,TXN_001753,grocery,1144.78,"Address_7618, India",failed,2026-03-07,none
ORD_001754,TXN_001754,home,2879.35,"Address_1365, India",delivered,2026-08-19,processed
ORD_001755,TXN_001755,electronics,1786.11,"Address_2724, India",delivered,2026-03-30,none
ORD_001756,TXN_001756,beauty,2182.51,"Address_7979, India",delivered,2026-07-22,none
ORD_001757,TXN_001757,fashion,4344.46,"Address_2371, India",delivered,2026-05-28,requested
ORD_001758,TXN_001758,travel,15540.4,"Address_7088, India",delivered,2026-08-19,none
ORD_001759,TXN_001759,fashion,22197.06,"Address_8597, India",delivered,2026-03-29,none
ORD_001760,TXN_001760,travel,1725.3,"Address_8776, India",delivered,2026-07-07,none
ORD_001761,TXN_001761,grocery,11711.33,"Address_4965, India",pending,2026-07-22,none
ORD_001762,TXN_001762,software,4709.3,"Address_3532, India",delivered,2026-04-08,requested
ORD_001763,TXN_001763,grocery,6241.26,"Address_1464, India",delivered,2026-06-14,requested
ORD_001764,TXN_001764,fashion,6539.8,"Address_6164, India",delivered,2026-05-10,none
ORD_001765,TXN_001765,fashion,2235.8,"Address_3022, India",delivered,2026-03-29,none
ORD_001766,TXN_001766,grocery,1125.96,"Address_2789, India",delivered,2026-02-01,processed
ORD_001767,TXN_001767,travel,5530.77,"Address_1442, India",delivered,2026-07-25,requested
ORD_001768,TXN_001768,electronics,7390.19,"Address_9008, India",delivered,2026-07-01,requested
ORD_001769,TXN_001769,software,13379.79,"Address_4340, India",delivered,2026-02-13,none
ORD_001770,TXN_001770,grocery,2589.43,"Address_3106, India",delivered,2026-01-22,none
ORD_001771,TXN_001771,grocery,13252.31,"Address_3686, India",pending,2026-06-17,requested
ORD_001772,TXN_001772,software,2414.4,"Address_5003, India",delivered,2026-07-21,none
ORD_001773,TXN_001773,beauty,14974.16,"Address_5350, India",delivered,2026-03-15,requested
ORD_001774,TXN_001774,electronics,5819.38,"Address_3026, India",pending,2026-06-01,none
ORD_001775,TXN_001775,software,2817.86,"Address_6096, India",delivered,2026-01-20,none
ORD_001776,TXN_001776,home,4623.64,"Address_2397, India",failed,2026-03-25,none
ORD_001777,TXN_001777,grocery,7478.63,"Address_4434, India",pending,2026-06-22,none
ORD_001778,TXN_001778,beauty,723.2,"Address_3526, India",pending,2026-06-11,none
ORD_001779,TXN_001779,software,2488.84,"Address_7041, India",delivered,2026-07-18,none
ORD_001780,TXN_001780,grocery,13849.45,"Address_6094, India",delivered,2026-05-10,none
ORD_001781,TXN_001781,fashion,3675.73,"Address_4192, India",delivered,2026-02-01,none
ORD_001782,TXN_001782,beauty,4613.8,"Address_4768, India",delivered,2026-04-07,none
ORD_001783,TXN_001783,software,2622.87,"Address_4379, India",delivered,2026-07-18,none
ORD_001784,TXN_001784,beauty,1122.15,"Address_9484, India",delivered,2026-01-19,none
ORD_001785,TXN_001785,travel,3644.25,"Address_9123, India",delivered,2026-05-22,requested
ORD_001786,TXN_001786,software,6901.39,"Address_9330, India",delivered,2026-02-04,requested
ORD_001787,TXN_001787,travel,2502.87,"Address_4470, India",delivered,2026-06-18,none
ORD_001788,TXN_001788,fashion,7296.42,"Address_6867, India",delivered,2026-05-06,requested
ORD_001789,TXN_001789,home,1711.22,"Address_9006, India",pending,2026-02-12,none
ORD_001790,TXN_001790,travel,7147.65,"Address_5480, India",failed,2026-07-17,none
ORD_001791,TXN_001791,travel,2016.97,"Address_5018, India",delivered,2026-05-10,requested
ORD_001792,TXN_001792,grocery,5161.49,"Address_1866, India",delivered,2026-01-15,none
ORD_001793,TXN_001793,home,1512.22,"Address_9717, India",failed,2026-06-01,requested
ORD_001794,TXN_001794,grocery,5933.83,"Address_9951, India",pending,2026-05-31,requested
ORD_001795,TXN_001795,grocery,892.32,"Address_6980, India",delivered,2026-02-12,requested
ORD_001796,TXN_001796,beauty,1245.73,"Address_4733, India",failed,2026-04-09,none
ORD_001797,TXN_001797,software,1779.48,"Address_7223, India",delivered,2026-03-12,none
ORD_001798,TXN_001798,fashion,2247.05,"Address_2987, India",delivered,2026-04-18,none
ORD_001799,TXN_001799,electronics,4045.13,"Address_8664, India",delivered,2026-05-02,none
ORD_001800,TXN_001800,grocery,3349.05,"Address_6803, India",delivered,2026-01-16,requested
ORD_001801,TXN_001801,electronics,5365.62,"Address_2516, India",pending,2026-07-15,processed
ORD_001802,TXN_001802,travel,4199.45,"Address_4646, India",delivered,2026-04-10,none
ORD_001803,TXN_001803,home,7777.02,"Address_1509, India",pending,2026-05-31,none
ORD_001804,TXN_001804,home,2890.31,"Address_3229, India",delivered,2026-03-27,none
ORD_001805,TXN_001805,software,5369.0,"Address_8813, India",delivered,2026-02-24,none
ORD_001806,TXN_001806,software,1466.53,"Address_7459, India",delivered,2026-04-30,none
ORD_001807,TXN_001807,grocery,5975.9,"Address_1962, India",delivered,2026-05-30,processed
ORD_001808,TXN_001808,grocery,1136.72,"Address_5039, India",failed,2026-02-02,processed
ORD_001809,TXN_001809,grocery,10965.97,"Address_5381, India",delivered,2026-08-12,processed
ORD_001810,TXN_001810,beauty,1393.99,"Address_6857, India",delivered,2026-04-30,none
ORD_001811,TXN_001811,home,5932.17,"Address_2487, India",pending,2026-04-10,none
ORD_001812,TXN_001812,beauty,15757.92,"Address_7785, India",delivered,2026-01-23,none
ORD_001813,TXN_001813,beauty,4792.41,"Address_6805, India",failed,2026-03-21,requested
ORD_001814,TXN_001814,software,2401.67,"Address_9307, India",delivered,2026-03-11,requested
ORD_001815,TXN_001815,software,2038.78,"Address_4162, India",delivered,2026-08-18,none
ORD_001816,TXN_001816,software,3889.7,"Address_3354, India",pending,2026-01-29,none
ORD_001817,TXN_001817,beauty,7236.33,"Address_4745, India",delivered,2026-03-18,none
ORD_001818,TXN_001818,software,2855.73,"Address_5585, India",delivered,2026-05-05,none
ORD_001819,TXN_001819,beauty,14981.58,"Address_4418, India",pending,2026-04-19,none
ORD_001820,TXN_001820,home,1920.24,"Address_7348, India",delivered,2026-04-25,requested
ORD_001821,TXN_001821,travel,1222.97,"Address_5433, India",delivered,2026-06-04,none
ORD_001822,TXN_001822,electronics,1038.16,"Address_5557, India",pending,2026-07-07,none
ORD_001823,TXN_001823,electronics,13987.6,"Address_2323, India",delivered,2026-06-26,requested
ORD_001824,TXN_001824,fashion,490.35,"Address_9268, India",delivered,2026-07-28,none
ORD_001825,TXN_001825,grocery,2331.65,"Address_1107, India",delivered,2026-05-30,none
ORD_001826,TXN_001826,beauty,2141.9,"Address_3653, India",delivered,2026-03-19,none
ORD_001827,TXN_001827,software,2266.44,"Address_6546, India",failed,2026-04-30,none
ORD_001828,TXN_001828,travel,3421.85,"Address_9616, India",delivered,2026-07-09,requested
ORD_001829,TXN_001829,home,2287.55,"Address_8889, India",delivered,2026-04-17,none
ORD_001830,TXN_001830,beauty,1735.67,"Address_4443, India",delivered,2026-04-05,none
ORD_001831,TXN_001831,fashion,8655.09,"Address_4755, India",pending,2026-06-24,none
ORD_001832,TXN_001832,software,2501.33,"Address_8216, India",failed,2026-06-06,processed
ORD_001833,TXN_001833,home,5596.19,"Address_4065, India",delivered,2026-06-22,none
ORD_001834,TXN_001834,electronics,1541.9,"Address_1672, India",delivered,2026-01-13,requested
ORD_001835,TXN_001835,electronics,16395.6,"Address_9023, India",pending,2026-05-26,none
ORD_001836,TXN_001836,electronics,5467.73,"Address_5218, India",delivered,2026-01-27,none
ORD_001837,TXN_001837,software,863.81,"Address_9551, India",pending,2026-01-16,requested
ORD_001838,TXN_001838,travel,10392.58,"Address_6624, India",delivered,2026-06-27,requested
ORD_001839,TXN_001839,electronics,9339.29,"Address_6917, India",delivered,2026-05-10,none
ORD_001840,TXN_001840,electronics,2771.28,"Address_1431, India",delivered,2026-05-23,none
ORD_001841,TXN_001841,beauty,2270.42,"Address_4187, India",delivered,2026-04-05,requested
ORD_001842,TXN_001842,fashion,5360.93,"Address_1496, India",failed,2026-02-12,none
ORD_001843,TXN_001843,home,5143.64,"Address_4433, India",delivered,2026-05-11,requested
ORD_001844,TXN_001844,travel,1596.85,"Address_4731, India",delivered,2026-03-05,processed
ORD_001845,TXN_001845,home,4599.24,"Address_4158, India",delivered,2026-06-14,none
ORD_001846,TXN_001846,beauty,819.67,"Address_6568, India",delivered,2026-01-15,none
ORD_001847,TXN_001847,software,1373.99,"Address_8436, India",delivered,2026-08-05,none
ORD_001848,TXN_001848,beauty,10713.09,"Address_3447, India",pending,2026-02-05,none
ORD_001849,TXN_001849,electronics,2666.57,"Address_1963, India",pending,2026-01-05,none
ORD_001850,TXN_001850,electronics,2556.56,"Address_8824, India",delivered,2026-03-02,none
ORD_001851,TXN_001851,travel,2870.86,"Address_2986, India",failed,2026-05-08,none
ORD_001852,TXN_001852,grocery,3670.12,"Address_3948, India",delivered,2026-03-28,none
ORD_001853,TXN_001853,beauty,1835.11,"Address_7775, India",delivered,2026-08-11,none
ORD_001854,TXN_001854,fashion,6998.75,"Address_2235, India",delivered,2026-06-15,processed
ORD_001855,TXN_001855,travel,912.1,"Address_9455, India",pending,2026-01-13,none
ORD_001856,TXN_001856,home,2772.39,"Address_6910, India",pending,2026-05-27,processed
ORD_001857,TXN_001857,electronics,7917.57,"Address_4239, India",delivered,2026-04-29,none
ORD_001858,TXN_001858,travel,5361.5,"Address_9614, India",failed,2026-05-02,requested
ORD_001859,TXN_001859,travel,3686.79,"Address_1049, India",failed,2026-07-21,none
ORD_001860,TXN_001860,home,4033.6,"Address_6508, India",delivered,2026-01-27,none
ORD_001861,TXN_001861,electronics,4983.32,"Address_4621, India",delivered,2026-05-11,requested
ORD_001862,TXN_001862,beauty,4717.54,"Address_9949, India",pending,2026-05-03,none
ORD_001863,TXN_001863,beauty,5093.92,"Address_8939, India",delivered,2026-03-09,processed
ORD_001864,TXN_001864,grocery,4389.22,"Address_1080, India",failed,2026-03-20,processed
ORD_001865,TXN_001865,travel,3600.0,"Address_2588, India",delivered,2026-03-29,none
ORD_001866,TXN_001866,grocery,1690.93,"Address_8171, India",delivered,2026-08-05,requested
ORD_001867,TXN_001867,home,8133.87,"Address_5772, India",pending,2026-03-07,requested
ORD_001868,TXN_001868,fashion,3240.74,"Address_9219, India",pending,2026-07-20,none
ORD_001869,TXN_001869,beauty,1760.63,"Address_3045, India",delivered,2026-03-06,none
ORD_001870,TXN_001870,electronics,7892.21,"Address_6053, India",delivered,2026-08-01,processed
ORD_001871,TXN_001871,grocery,5779.24,"Address_6307, India",delivered,2026-02-09,none
ORD_001872,TXN_001872,home,4770.24,"Address_3395, India",delivered,2026-07-27,requested
ORD_001873,TXN_001873,grocery,3271.9,"Address_4168, India",delivered,2026-07-02,none
ORD_001874,TXN_001874,travel,2588.96,"Address_5694, India",delivered,2026-01-13,requested
ORD_001875,TXN_001875,home,794.54,"Address_5201, India",delivered,2026-01-22,processed
ORD_001876,TXN_001876,software,4468.56,"Address_7872, India",failed,2026-05-07,none
ORD_001877,TXN_001877,beauty,12253.24,"Address_6155, India",pending,2026-01-10,processed
ORD_001878,TXN_001878,electronics,2851.03,"Address_2409, India",delivered,2026-06-24,requested
ORD_001879,TXN_001879,home,32425.51,"Address_3477, India",pending,2026-04-09,none
ORD_001880,TXN_001880,beauty,759.91,"Address_8333, India",failed,2026-06-01,processed
ORD_001881,TXN_001881,home,5470.0,"Address_9814, India",failed,2026-03-04,none
ORD_001882,TXN_001882,home,3165.69,"Address_8744, India",delivered,2026-07-12,none
ORD_001883,TXN_001883,grocery,1346.26,"Address_4485, India",delivered,2026-05-15,none
ORD_001884,TXN_001884,grocery,1650.68,"Address_9544, India",delivered,2026-06-02,none
ORD_001885,TXN_001885,home,2556.31,"Address_9955, India",delivered,2026-03-07,requested
ORD_001886,TXN_001886,electronics,11239.67,"Address_5796, India",delivered,2026-05-07,processed
ORD_001887,TXN_001887,fashion,5172.65,"Address_7373, India",delivered,2026-04-11,processed
ORD_001888,TXN_001888,travel,1684.23,"Address_8324, India",delivered,2026-08-12,processed
ORD_001889,TXN_001889,fashion,9383.25,"Address_8079, India",failed,2026-01-21,none
ORD_001890,TXN_001890,travel,1327.96,"Address_4613, India",delivered,2026-08-07,none
ORD_001891,TXN_001891,grocery,2922.97,"Address_9131, India",delivered,2026-01-18,none
ORD_001892,TXN_001892,home,2723.84,"Address_8926, India",delivered,2026-01-09,none
ORD_001893,TXN_001893,travel,8516.82,"Address_5082, India",delivered,2026-06-06,processed
ORD_001894,TXN_001894,travel,1949.06,"Address_6593, India",pending,2026-07-28,processed
ORD_001895,TXN_001895,travel,3645.18,"Address_6716, India",failed,2026-05-15,none
ORD_001896,TXN_001896,fashion,820.19,"Address_3324, India",delivered,2026-06-05,none
ORD_001897,TXN_001897,travel,5708.3,"Address_7362, India",pending,2026-01-23,none
ORD_001898,TXN_001898,beauty,840.87,"Address_9841, India",delivered,2026-04-18,none
ORD_001899,TXN_001899,home,14411.27,"Address_9809, India",delivered,2026-03-23,processed
ORD_001900,TXN_001900,electronics,2625.33,"Address_4367, India",delivered,2026-05-07,none
ORD_001901,TXN_001901,electronics,1700.19,"Address_5028, India",pending,2026-01-27,none
ORD_001902,TXN_001902,fashion,3133.45,"Address_9447, India",delivered,2026-06-11,processed
ORD_001903,TXN_001903,grocery,3341.21,"Address_8271, India",pending,2026-03-18,none
ORD_001904,TXN_001904,software,8505.57,"Address_9164, India",delivered,2026-03-07,none
ORD_001905,TXN_001905,electronics,2489.61,"Address_9171, India",delivered,2026-08-04,none
ORD_001906,TXN_001906,travel,3784.53,"Address_5554, India",delivered,2026-06-05,requested
ORD_001907,TXN_001907,electronics,7060.51,"Address_1833, India",delivered,2026-07-31,processed
ORD_001908,TXN_001908,electronics,2575.15,"Address_8998, India",delivered,2026-07-05,none
ORD_001909,TXN_001909,home,1421.02,"Address_8170, India",delivered,2026-05-20,requested
ORD_001910,TXN_001910,fashion,3027.33,"Address_9253, India",pending,2026-06-17,none
ORD_001911,TXN_001911,travel,1643.63,"Address_2299, India",delivered,2026-02-20,requested
ORD_001912,TXN_001912,travel,1374.45,"Address_5932, India",delivered,2026-05-10,none
ORD_001913,TXN_001913,grocery,1685.1,"Address_7138, India",failed,2026-02-11,requested
ORD_001914,TXN_001914,electronics,2895.9,"Address_9577, India",delivered,2026-04-10,processed
ORD_001915,TXN_001915,software,2716.42,"Address_9183, India",delivered,2026-07-28,none
ORD_001916,TXN_001916,fashion,9456.13,"Address_9012, India",failed,2026-06-02,none
ORD_001917,TXN_001917,software,3392.85,"Address_2040, India",delivered,2026-01-15,processed
ORD_001918,TXN_001918,beauty,2321.79,"Address_9201, India",pending,2026-05-04,requested
ORD_001919,TXN_001919,fashion,2273.27,"Address_5230, India",failed,2026-02-07,none
ORD_001920,TXN_001920,software,4994.96,"Address_3638, India",delivered,2026-01-13,none
ORD_001921,TXN_001921,beauty,5775.94,"Address_9587, India",delivered,2026-05-19,none
ORD_001922,TXN_001922,beauty,2639.53,"Address_1390, India",delivered,2026-02-26,none
ORD_001923,TXN_001923,fashion,3446.06,"Address_3271, India",delivered,2026-03-31,none
ORD_001924,TXN_001924,beauty,5513.93,"Address_5236, India",delivered,2026-03-05,requested
ORD_001925,TXN_001925,travel,13131.09,"Address_8913, India",delivered,2026-08-07,none
ORD_001926,TXN_001926,electronics,9546.56,"Address_8612, India",pending,2026-06-03,none
ORD_001927,TXN_001927,grocery,5486.32,"Address_6171, India",pending,2026-02-27,processed
ORD_001928,TXN_001928,travel,783.24,"Address_4779, India",failed,2026-07-10,none
ORD_001929,TXN_001929,home,3477.15,"Address_6080, India",delivered,2026-03-09,requested
ORD_001930,TXN_001930,home,2835.89,"Address_8374, India",pending,2026-06-09,requested
ORD_001931,TXN_001931,software,2407.6,"Address_8094, India",pending,2026-02-01,none
ORD_001932,TXN_001932,home,18106.58,"Address_7456, India",delivered,2026-04-27,none
ORD_001933,TXN_001933,fashion,2280.08,"Address_1137, India",failed,2026-02-01,none
ORD_001934,TXN_001934,travel,70217.43,"Address_3288, India",failed,2026-04-28,none
ORD_001935,TXN_001935,grocery,3887.02,"Address_6253, India",delivered,2026-01-07,requested
ORD_001936,TXN_001936,grocery,5050.58,"Address_2016, India",delivered,2026-04-27,processed
ORD_001937,TXN_001937,beauty,11007.35,"Address_9509, India",pending,2026-05-15,none
ORD_001938,TXN_001938,beauty,1230.49,"Address_9212, India",pending,2026-04-08,requested
ORD_001939,TXN_001939,grocery,1980.62,"Address_5900, India",delivered,2026-02-15,none
ORD_001940,TXN_001940,electronics,3502.92,"Address_8063, India",delivered,2026-04-07,processed
ORD_001941,TXN_001941,grocery,4696.78,"Address_1665, India",pending,2026-03-06,none
ORD_001942,TXN_001942,beauty,1424.56,"Address_9785, India",pending,2026-03-11,none
ORD_001943,TXN_001943,software,4413.13,"Address_9621, India",pending,2026-04-17,none
ORD_001944,TXN_001944,electronics,3121.67,"Address_2010, India",pending,2026-05-13,requested
ORD_001945,TXN_001945,fashion,2769.67,"Address_6001, India",pending,2026-04-29,requested
ORD_001946,TXN_001946,fashion,3281.27,"Address_1613, India",delivered,2026-04-06,none
ORD_001947,TXN_001947,grocery,15093.58,"Address_5049, India",delivered,2026-02-28,none
ORD_001948,TXN_001948,beauty,1288.44,"Address_4111, India",failed,2026-01-20,none
ORD_001949,TXN_001949,fashion,2261.24,"Address_1324, India",delivered,2026-01-25,none
ORD_001950,TXN_001950,travel,1112.21,"Address_9328, India",delivered,2026-03-13,none
ORD_001951,TXN_001951,home,1749.03,"Address_6794, India",delivered,2026-08-13,processed
ORD_001952,TXN_001952,grocery,1101.05,"Address_6621, India",failed,2026-04-19,none
ORD_001953,TXN_001953,grocery,10199.51,"Address_3186, India",delivered,2026-03-04,none
ORD_001954,TXN_001954,beauty,7827.59,"Address_7433, India",delivered,2026-03-18,none
ORD_001955,TXN_001955,grocery,1835.86,"Address_4159, India",pending,2026-01-10,requested
ORD_001956,TXN_001956,grocery,6798.35,"Address_6676, India",pending,2026-03-16,processed
ORD_001957,TXN_001957,fashion,1440.91,"Address_6199, India",delivered,2026-07-18,processed
ORD_001958,TXN_001958,beauty,6895.82,"Address_4272, India",failed,2026-02-21,none
ORD_001959,TXN_001959,software,1446.8,"Address_4957, India",delivered,2026-07-19,requested
ORD_001960,TXN_001960,home,4693.25,"Address_8078, India",delivered,2026-01-21,none
ORD_001961,TXN_001961,travel,6453.98,"Address_9890, India",failed,2026-05-04,processed
ORD_001962,TXN_001962,home,2111.55,"Address_5101, India",delivered,2026-08-06,processed
ORD_001963,TXN_001963,fashion,688.07,"Address_6357, India",pending,2026-04-28,none
ORD_001964,TXN_001964,beauty,843.58,"Address_2816, India",pending,2026-02-13,none
ORD_001965,TXN_001965,travel,1124.57,"Address_7956, India",failed,2026-01-04,requested
ORD_001966,TXN_001966,home,2202.36,"Address_3754, India",failed,2026-06-25,requested
ORD_001967,TXN_001967,travel,4221.67,"Address_9792, India",delivered,2026-06-17,requested
ORD_001968,TXN_001968,beauty,1894.81,"Address_6929, India",delivered,2026-04-19,processed
ORD_001969,TXN_001969,home,6589.58,"Address_4133, India",pending,2026-02-26,processed
ORD_001970,TXN_001970,software,3934.87,"Address_1796, India",delivered,2026-06-11,none
ORD_001971,TXN_001971,fashion,6547.74,"Address_9101, India",delivered,2026-04-11,none
ORD_001972,TXN_001972,software,17043.04,"Address_6125, India",delivered,2026-07-19,none
ORD_001973,TXN_001973,fashion,3865.27,"Address_9847, India",pending,2026-04-28,none
ORD_001974,TXN_001974,fashion,1387.0,"Address_3034, India",delivered,2026-02-12,none
ORD_001975,TXN_001975,beauty,8566.61,"Address_1679, India",delivered,2026-05-08,requested
ORD_001976,TXN_001976,fashion,2582.98,"Address_5992, India",delivered,2026-04-10,none
ORD_001977,TXN_001977,fashion,765.76,"Address_1584, India",delivered,2026-01-18,none
ORD_001978,TXN_001978,home,2583.14,"Address_7685, India",delivered,2026-03-23,none
ORD_001979,TXN_001979,beauty,4749.52,"Address_4475, India",delivered,2026-04-10,processed
ORD_001980,TXN_001980,fashion,1496.41,"Address_5717, India",delivered,2026-04-07,none
ORD_001981,TXN_001981,home,1549.78,"Address_3100, India",delivered,2026-04-03,processed
ORD_001982,TXN_001982,electronics,4482.99,"Address_5530, India",delivered,2026-02-14,none
ORD_001983,TXN_001983,software,1414.65,"Address_9102, India",delivered,2026-03-14,processed
ORD_001984,TXN_001984,travel,3629.21,"Address_9635, India",delivered,2026-06-12,none
ORD_001985,TXN_001985,fashion,6563.78,"Address_2004, India",delivered,2026-03-30,processed
ORD_001986,TXN_001986,grocery,3396.46,"Address_4106, India",delivered,2026-03-15,requested
ORD_001987,TXN_001987,grocery,6093.08,"Address_7046, India",delivered,2026-02-08,processed
ORD_001988,TXN_001988,fashion,7535.38,"Address_5042, India",delivered,2026-01-15,none
ORD_001989,TXN_001989,travel,1648.7,"Address_8628, India",delivered,2026-06-21,none
ORD_001990,TXN_001990,grocery,1450.14,"Address_1064, India",delivered,2026-07-22,none
ORD_001991,TXN_001991,electronics,5863.09,"Address_1394, India",failed,2026-03-13,requested
ORD_001992,TXN_001992,home,8308.3,"Address_2576, India",failed,2026-03-21,none
ORD_001993,TXN_001993,software,2943.35,"Address_6382, India",delivered,2026-05-28,requested
ORD_001994,TXN_001994,home,5629.04,"Address_4614, India",pending,2026-05-25,none
ORD_001995,TXN_001995,grocery,4899.89,"Address_5214, India",pending,2026-02-15,none
ORD_001996,TXN_001996,home,10758.16,"Address_3085, India",pending,2026-07-24,requested
ORD_001997,TXN_001997,fashion,5613.31,"Address_6530, India",delivered,2026-06-25,processed
ORD_001998,TXN_001998,electronics,9253.72,"Address_5720, India",pending,2026-07-28,none
ORD_001999,TXN_001999,home,865.66,"Address_7656, India",pending,2026-05-29,none
ORD_002000,TXN_002000,software,7988.64,"Address_5047, India",failed,2026-06-22,processed
ORD_002001,TXN_002001,software,2810.82,"Address_3089, India",failed,2026-04-25,none
ORD_002002,TXN_002002,home,2225.47,"Address_1835, India",delivered,2026-03-19,none
ORD_002003,TXN_002003,electronics,2222.08,"Address_2609, India",delivered,2026-03-21,none
ORD_002004,TXN_002004,software,2360.94,"Address_5088, India",failed,2026-02-28,requested
ORD_002005,TXN_002005,fashion,1539.02,"Address_8742, India",failed,2026-02-02,processed
ORD_002006,TXN_002006,beauty,3600.54,"Address_6415, India",failed,2026-05-28,none
ORD_002007,TXN_002007,travel,1451.79,"Address_8314, India",pending,2026-02-13,none
ORD_002008,TXN_002008,software,7253.31,"Address_2144, India",delivered,2026-04-27,processed
ORD_002009,TXN_002009,travel,3411.88,"Address_1711, India",delivered,2026-05-06,none
ORD_002010,TXN_002010,software,5614.36,"Address_2796, India",delivered,2026-03-24,none
ORD_002011,TXN_002011,beauty,9135.53,"Address_4971, India",failed,2026-06-06,none
ORD_002012,TXN_002012,grocery,10495.62,"Address_8568, India",delivered,2026-03-18,none
ORD_002013,TXN_002013,electronics,1471.54,"Address_2467, India",pending,2026-06-09,none
ORD_002014,TXN_002014,fashion,3899.76,"Address_1550, India",pending,2026-01-29,none
ORD_002015,TXN_002015,beauty,3910.87,"Address_2455, India",delivered,2026-04-21,none
ORD_002016,TXN_002016,travel,2651.69,"Address_5119, India",delivered,2026-01-18,none
ORD_002017,TXN_002017,fashion,6816.33,"Address_7427, India",delivered,2026-02-07,none
ORD_002018,TXN_002018,fashion,11669.18,"Address_3627, India",failed,2026-06-27,requested
ORD_002019,TXN_002019,beauty,3611.77,"Address_2522, India",delivered,2026-03-28,none
ORD_002020,TXN_002020,software,2334.64,"Address_1122, India",delivered,2026-01-15,none
ORD_002021,TXN_002021,fashion,2745.7,"Address_8232, India",pending,2026-08-05,processed
ORD_002022,TXN_002022,fashion,3072.69,"Address_6228, India",delivered,2026-03-20,processed
ORD_002023,TXN_002023,electronics,2532.0,"Address_9311, India",pending,2026-05-04,none
ORD_002024,TXN_002024,software,3279.08,"Address_8903, India",delivered,2026-01-26,processed
ORD_002025,TXN_002025,fashion,2388.47,"Address_4086, India",failed,2026-01-16,none
ORD_002026,TXN_002026,fashion,1765.12,"Address_1647, India",delivered,2026-06-28,processed
ORD_002027,TXN_002027,electronics,2253.59,"Address_1982, India",pending,2026-03-22,none
ORD_002028,TXN_002028,grocery,2798.65,"Address_9429, India",pending,2026-07-29,requested
ORD_002029,TXN_002029,home,2470.41,"Address_6418, India",delivered,2026-05-03,none
ORD_002030,TXN_002030,beauty,4840.1,"Address_7769, India",delivered,2026-01-20,none
ORD_002031,TXN_002031,beauty,7061.92,"Address_6063, India",pending,2026-02-08,none
ORD_002032,TXN_002032,fashion,6906.54,"Address_5739, India",delivered,2026-07-03,requested
ORD_002033,TXN_002033,software,5652.78,"Address_4548, India",delivered,2026-04-24,none
ORD_002034,TXN_002034,travel,5361.65,"Address_7202, India",delivered,2026-07-12,requested
ORD_002035,TXN_002035,travel,2817.95,"Address_9656, India",delivered,2026-04-11,none
ORD_002036,TXN_002036,grocery,29515.91,"Address_5860, India",pending,2026-01-23,none
ORD_002037,TXN_002037,grocery,1714.19,"Address_2983, India",pending,2026-02-20,requested
ORD_002038,TXN_002038,fashion,6162.62,"Address_6137, India",delivered,2026-07-27,processed
ORD_002039,TXN_002039,grocery,6642.75,"Address_2773, India",pending,2026-07-14,processed
ORD_002040,TXN_002040,software,5503.76,"Address_7334, India",delivered,2026-01-08,processed
ORD_002041,TXN_002041,grocery,1606.31,"Address_7691, India",delivered,2026-05-12,requested
ORD_002042,TXN_002042,electronics,1743.79,"Address_1684, India",delivered,2026-03-09,none
ORD_002043,TXN_002043,home,4280.7,"Address_6157, India",delivered,2026-04-19,processed
ORD_002044,TXN_002044,travel,6408.53,"Address_7474, India",delivered,2026-07-07,none
ORD_002045,TXN_002045,software,6669.46,"Address_3288, India",delivered,2026-01-28,processed
ORD_002046,TXN_002046,fashion,3189.42,"Address_4014, India",delivered,2026-03-30,none
ORD_002047,TXN_002047,software,11107.92,"Address_5351, India",delivered,2026-06-09,requested
ORD_002048,TXN_002048,beauty,4985.38,"Address_7033, India",delivered,2026-05-01,none
ORD_002049,TXN_002049,fashion,3851.11,"Address_8940, India",pending,2026-03-31,none
ORD_002050,TXN_002050,grocery,2684.26,"Address_2148, India",delivered,2026-05-04,requested
ORD_002051,TXN_002051,grocery,3388.77,"Address_4506, India",delivered,2026-03-03,processed
ORD_002052,TXN_002052,travel,4508.98,"Address_8731, India",delivered,2026-03-23,none
ORD_002053,TXN_002053,fashion,21729.61,"Address_8973, India",delivered,2026-03-09,processed
ORD_002054,TXN_002054,beauty,2726.56,"Address_3338, India",delivered,2026-03-01,processed
ORD_002055,TXN_002055,travel,22572.32,"Address_4281, India",delivered,2026-04-18,none
ORD_002056,TXN_002056,grocery,789.04,"Address_4116, India",failed,2026-07-27,none
ORD_002057,TXN_002057,beauty,6579.99,"Address_7050, India",delivered,2026-08-12,none
ORD_002058,TXN_002058,beauty,15183.87,"Address_7457, India",delivered,2026-03-01,none
ORD_002059,TXN_002059,electronics,1335.86,"Address_8550, India",pending,2026-05-30,processed
ORD_002060,TXN_002060,travel,2469.94,"Address_6380, India",delivered,2026-01-09,none
ORD_002061,TXN_002061,beauty,1385.59,"Address_8665, India",failed,2026-05-05,none
ORD_002062,TXN_002062,travel,2820.81,"Address_9172, India",pending,2026-02-17,processed
ORD_002063,TXN_002063,electronics,8115.14,"Address_1824, India",pending,2026-04-25,none
ORD_002064,TXN_002064,grocery,4379.65,"Address_5971, India",pending,2026-07-19,requested
ORD_002065,TXN_002065,home,6575.52,"Address_6056, India",failed,2026-06-15,requested
ORD_002066,TXN_002066,software,7277.93,"Address_1079, India",failed,2026-08-13,none
ORD_002067,TXN_002067,fashion,9916.99,"Address_9487, India",pending,2026-02-20,none
ORD_002068,TXN_002068,software,1650.1,"Address_6832, India",delivered,2026-05-14,none
ORD_002069,TXN_002069,grocery,5913.48,"Address_3961, India",delivered,2026-03-20,requested
ORD_002070,TXN_002070,fashion,36689.43,"Address_8810, India",delivered,2026-02-19,requested
ORD_002071,TXN_002071,beauty,9735.63,"Address_3397, India",delivered,2026-07-12,none
ORD_002072,TXN_002072,grocery,5037.25,"Address_8338, India",delivered,2026-02-11,none
ORD_002073,TXN_002073,software,15957.75,"Address_5983, India",pending,2026-02-24,processed
ORD_002074,TXN_002074,software,14880.72,"Address_3713, India",pending,2026-08-08,none
ORD_002075,TXN_002075,home,3976.99,"Address_3897, India",delivered,2026-07-25,none
ORD_002076,TXN_002076,grocery,5818.62,"Address_5119, India",pending,2026-06-12,requested
ORD_002077,TXN_002077,electronics,2536.11,"Address_1753, India",delivered,2026-05-24,none
ORD_002078,TXN_002078,beauty,1350.58,"Address_7329, India",delivered,2026-02-25,none
ORD_002079,TXN_002079,home,1755.06,"Address_9408, India",pending,2026-01-03,processed
ORD_002080,TXN_002080,travel,3023.42,"Address_9993, India",pending,2026-06-23,processed
ORD_002081,TXN_002081,software,4872.41,"Address_9548, India",pending,2026-08-14,none
ORD_002082,TXN_002082,grocery,5184.03,"Address_5105, India",failed,2026-06-05,none
ORD_002083,TXN_002083,travel,3617.79,"Address_5027, India",failed,2026-05-25,none
ORD_002084,TXN_002084,beauty,4443.61,"Address_7999, India",failed,2026-07-27,none
ORD_002085,TXN_002085,home,2282.9,"Address_2420, India",delivered,2026-08-05,none
ORD_002086,TXN_002086,grocery,4972.85,"Address_1770, India",failed,2026-01-20,none
ORD_002087,TXN_002087,software,726.88,"Address_4855, India",delivered,2026-08-02,none
ORD_002088,TXN_002088,beauty,2361.63,"Address_1453, India",delivered,2026-08-10,processed
ORD_002089,TXN_002089,software,7417.01,"Address_4123, India",delivered,2026-01-24,requested
ORD_002090,TXN_002090,beauty,3915.54,"Address_2116, India",delivered,2026-01-12,none
ORD_002091,TXN_002091,home,3915.98,"Address_9090, India",failed,2026-07-09,none
ORD_002092,TXN_002092,software,3980.34,"Address_1038, India",delivered,2026-06-10,none
ORD_002093,TXN_002093,fashion,757.78,"Address_1455, India",delivered,2026-03-13,none
ORD_002094,TXN_002094,electronics,5518.0,"Address_9211, India",delivered,2026-05-30,none
ORD_002095,TXN_002095,electronics,449.76,"Address_3511, India",delivered,2026-03-17,none
ORD_002096,TXN_002096,grocery,3303.05,"Address_3488, India",delivered,2026-05-29,none
ORD_002097,TXN_002097,fashion,1153.49,"Address_7471, India",delivered,2026-07-18,none
ORD_002098,TXN_002098,grocery,3557.01,"Address_1079, India",failed,2026-06-23,none
ORD_002099,TXN_002099,electronics,3918.54,"Address_3751, India",pending,2026-01-19,none
ORD_002100,TXN_002100,fashion,2485.65,"Address_3002, India",failed,2026-01-16,requested
ORD_002101,TXN_002101,home,1442.06,"Address_4068, India",delivered,2026-02-04,none
ORD_002102,TXN_002102,fashion,4981.81,"Address_6696, India",failed,2026-07-24,none
ORD_002103,TXN_002103,electronics,2801.3,"Address_8479, India",pending,2026-02-23,none
ORD_002104,TXN_002104,home,2118.36,"Address_1225, India",delivered,2026-07-12,none
ORD_002105,TXN_002105,software,10542.75,"Address_2723, India",failed,2026-03-09,none
ORD_002106,TXN_002106,home,3730.09,"Address_7163, India",delivered,2026-08-20,none
ORD_002107,TXN_002107,travel,5144.82,"Address_3853, India",delivered,2026-03-09,none
ORD_002108,TXN_002108,beauty,13584.48,"Address_4906, India",delivered,2026-06-22,processed
ORD_002109,TXN_002109,travel,4656.6,"Address_8880, India",delivered,2026-04-02,none
ORD_002110,TXN_002110,grocery,22149.76,"Address_5664, India",pending,2026-06-01,requested
ORD_002111,TXN_002111,beauty,12908.01,"Address_2888, India",delivered,2026-08-12,none
ORD_002112,TXN_002112,software,2482.22,"Address_8408, India",delivered,2026-05-10,requested
ORD_002113,TXN_002113,fashion,9841.21,"Address_9733, India",delivered,2026-02-19,none
ORD_002114,TXN_002114,electronics,2354.71,"Address_1763, India",failed,2026-07-30,processed
ORD_002115,TXN_002115,electronics,1837.08,"Address_9934, India",delivered,2026-03-04,processed
ORD_002116,TXN_002116,software,2068.52,"Address_2868, India",delivered,2026-07-02,none
ORD_002117,TXN_002117,fashion,6971.85,"Address_2855, India",pending,2026-02-04,none
ORD_002118,TXN_002118,electronics,2545.93,"Address_7138, India",failed,2026-08-08,none
ORD_002119,TXN_002119,fashion,6582.35,"Address_5346, India",delivered,2026-02-27,none
ORD_002120,TXN_002120,fashion,3529.49,"Address_6739, India",delivered,2026-08-17,requested
ORD_002121,TXN_002121,home,3615.43,"Address_3624, India",delivered,2026-06-20,none
ORD_002122,TXN_002122,fashion,1418.22,"Address_2446, India",delivered,2026-08-09,none
ORD_002123,TXN_002123,home,5899.12,"Address_8656, India",failed,2026-02-21,none
ORD_002124,TXN_002124,fashion,6156.66,"Address_9669, India",delivered,2026-04-24,requested
ORD_002125,TXN_002125,home,16233.32,"Address_1435, India",delivered,2026-05-05,none
ORD_002126,TXN_002126,home,10599.27,"Address_8306, India",failed,2026-05-16,none
ORD_002127,TXN_002127,travel,6798.48,"Address_8094, India",pending,2026-08-21,processed
ORD_002128,TXN_002128,home,5450.76,"Address_3223, India",failed,2026-02-16,none
ORD_002129,TXN_002129,grocery,4574.24,"Address_2570, India",delivered,2026-01-19,processed
ORD_002130,TXN_002130,home,5905.4,"Address_5203, India",delivered,2026-04-30,requested
ORD_002131,TXN_002131,fashion,10353.79,"Address_1257, India",delivered,2026-03-13,none
ORD_002132,TXN_002132,beauty,3060.51,"Address_5896, India",delivered,2026-02-08,none
ORD_002133,TXN_002133,fashion,2415.86,"Address_1379, India",delivered,2026-04-15,none
ORD_002134,TXN_002134,grocery,1759.97,"Address_4233, India",delivered,2026-07-09,processed
ORD_002135,TXN_002135,grocery,5677.41,"Address_2216, India",delivered,2026-03-17,none
ORD_002136,TXN_002136,electronics,2917.71,"Address_8329, India",delivered,2026-06-02,none
ORD_002137,TXN_002137,electronics,3577.38,"Address_9644, India",delivered,2026-08-01,none
ORD_002138,TXN_002138,fashion,4337.64,"Address_9974, India",delivered,2026-05-20,requested
ORD_002139,TXN_002139,home,14348.17,"Address_2020, India",delivered,2026-07-23,requested
ORD_002140,TXN_002140,beauty,1896.17,"Address_5104, India",pending,2026-02-23,processed
ORD_002141,TXN_002141,home,2430.13,"Address_1811, India",delivered,2026-03-11,none
ORD_002142,TXN_002142,electronics,1472.46,"Address_8364, India",pending,2026-06-24,none
ORD_002143,TXN_002143,travel,5071.28,"Address_1660, India",delivered,2026-06-14,none
ORD_002144,TXN_002144,grocery,7392.31,"Address_6368, India",delivered,2026-08-09,requested
ORD_002145,TXN_002145,fashion,3417.36,"Address_8239, India",delivered,2026-05-21,processed
ORD_002146,TXN_002146,home,4566.82,"Address_4971, India",delivered,2026-05-29,none
ORD_002147,TXN_002147,beauty,41884.92,"Address_1422, India",delivered,2026-02-12,processed
ORD_002148,TXN_002148,fashion,5873.0,"Address_3137, India",delivered,2026-05-03,none
ORD_002149,TXN_002149,electronics,1334.19,"Address_3582, India",delivered,2026-04-30,none
ORD_002150,TXN_002150,grocery,1729.81,"Address_1453, India",pending,2026-04-07,requested
ORD_002151,TXN_002151,beauty,1219.39,"Address_1508, India",delivered,2026-06-05,processed
ORD_002152,TXN_002152,electronics,4148.24,"Address_6961, India",delivered,2026-04-28,none
ORD_002153,TXN_002153,electronics,1502.17,"Address_7573, India",delivered,2026-06-07,none
ORD_002154,TXN_002154,software,7712.28,"Address_8685, India",delivered,2026-05-25,requested
ORD_002155,TXN_002155,travel,17007.65,"Address_2272, India",delivered,2026-05-23,none
ORD_002156,TXN_002156,software,11728.75,"Address_7436, India",delivered,2026-07-28,none
ORD_002157,TXN_002157,travel,2495.43,"Address_8207, India",failed,2026-05-13,processed
ORD_002158,TXN_002158,beauty,880.39,"Address_7644, India",delivered,2026-07-04,none
ORD_002159,TXN_002159,fashion,2898.08,"Address_5171, India",delivered,2026-07-02,processed
ORD_002160,TXN_002160,electronics,4162.84,"Address_6044, India",delivered,2026-01-11,none
ORD_002161,TXN_002161,fashion,3827.26,"Address_9886, India",failed,2026-03-02,processed
ORD_002162,TXN_002162,electronics,874.93,"Address_3036, India",delivered,2026-02-27,none
ORD_002163,TXN_002163,travel,1063.59,"Address_6493, India",pending,2026-06-23,requested
ORD_002164,TXN_002164,home,5482.19,"Address_8192, India",pending,2026-01-10,processed
ORD_002165,TXN_002165,travel,4108.07,"Address_6543, India",delivered,2026-08-05,processed
ORD_002166,TXN_002166,home,2954.6,"Address_1474, India",delivered,2026-08-06,none
ORD_002167,TXN_002167,beauty,4907.42,"Address_3511, India",delivered,2026-02-17,requested
ORD_002168,TXN_002168,grocery,3833.22,"Address_6424, India",delivered,2026-06-29,requested
ORD_002169,TXN_002169,travel,1851.01,"Address_1657, India",delivered,2026-02-26,none
ORD_002170,TXN_002170,beauty,1288.61,"Address_1068, India",delivered,2026-04-28,none
ORD_002171,TXN_002171,fashion,4542.32,"Address_6002, India",pending,2026-07-07,none
ORD_002172,TXN_002172,home,6546.81,"Address_8543, India",delivered,2026-05-20,none
ORD_002173,TXN_002173,software,4158.69,"Address_3437, India",delivered,2026-06-11,none
ORD_002174,TXN_002174,software,18613.33,"Address_3991, India",failed,2026-06-08,processed
ORD_002175,TXN_002175,beauty,4240.66,"Address_8770, India",delivered,2026-03-20,processed
ORD_002176,TXN_002176,home,905.75,"Address_3861, India",pending,2026-02-01,processed
ORD_002177,TXN_002177,beauty,6454.41,"Address_4115, India",delivered,2026-08-14,none
ORD_002178,TXN_002178,software,2871.33,"Address_8743, India",delivered,2026-07-04,none
ORD_002179,TXN_002179,electronics,6759.27,"Address_4976, India",failed,2026-05-23,requested
ORD_002180,TXN_002180,software,3900.36,"Address_7941, India",delivered,2026-05-17,processed
ORD_002181,TXN_002181,travel,3778.98,"Address_9659, India",delivered,2026-01-29,requested
ORD_002182,TXN_002182,grocery,17383.64,"Address_9744, India",delivered,2026-03-30,none
ORD_002183,TXN_002183,software,2054.24,"Address_8453, India",delivered,2026-05-11,processed
ORD_002184,TXN_002184,fashion,19905.12,"Address_6228, India",pending,2026-05-20,none
ORD_002185,TXN_002185,fashion,6973.79,"Address_4928, India",failed,2026-07-05,processed
ORD_002186,TXN_002186,software,3297.42,"Address_7820, India",pending,2026-06-28,none
ORD_002187,TXN_002187,travel,5765.53,"Address_3548, India",pending,2026-07-17,none
ORD_002188,TXN_002188,travel,1176.02,"Address_4698, India",delivered,2026-08-16,none
ORD_002189,TXN_002189,electronics,6921.27,"Address_7396, India",delivered,2026-07-14,none
ORD_002190,TXN_002190,home,1322.59,"Address_7948, India",delivered,2026-05-06,none
ORD_002191,TXN_002191,travel,4405.24,"Address_1968, India",delivered,2026-01-18,none
ORD_002192,TXN_002192,electronics,728.93,"Address_7134, India",pending,2026-04-14,none
ORD_002193,TXN_002193,grocery,1102.41,"Address_6625, India",delivered,2026-02-17,requested
ORD_002194,TXN_002194,fashion,13714.4,"Address_7572, India",delivered,2026-05-26,processed
ORD_002195,TXN_002195,beauty,6962.69,"Address_7874, India",delivered,2026-07-18,none
ORD_002196,TXN_002196,grocery,6191.84,"Address_8526, India",delivered,2026-05-12,none
ORD_002197,TXN_002197,grocery,2867.83,"Address_6960, India",delivered,2026-01-18,none
ORD_002198,TXN_002198,software,2791.55,"Address_6021, India",delivered,2026-06-06,none
ORD_002199,TXN_002199,fashion,25114.8,"Address_2377, India",delivered,2026-08-16,requested
ORD_002200,TXN_002200,grocery,2735.26,"Address_5344, India",failed,2026-01-26,none
ORD_002201,TXN_002201,beauty,1696.89,"Address_6446, India",pending,2026-04-20,none
ORD_002202,TXN_002202,fashion,10200.99,"Address_2327, India",failed,2026-02-13,none
ORD_002203,TXN_002203,fashion,4152.62,"Address_5919, India",pending,2026-06-21,processed
ORD_002204,TXN_002204,electronics,10736.56,"Address_7014, India",delivered,2026-07-22,processed
ORD_002205,TXN_002205,electronics,6462.49,"Address_3015, India",pending,2026-06-13,requested
ORD_002206,TXN_002206,software,5196.06,"Address_3844, India",delivered,2026-03-09,requested
ORD_002207,TXN_002207,grocery,1265.95,"Address_3916, India",failed,2026-07-26,processed
ORD_002208,TXN_002208,home,6522.3,"Address_3843, India",delivered,2026-01-20,none
ORD_002209,TXN_002209,grocery,16472.31,"Address_4512, India",failed,2026-03-11,processed
ORD_002210,TXN_002210,home,2805.29,"Address_7138, India",failed,2026-08-15,none
ORD_002211,TXN_002211,grocery,17182.37,"Address_4929, India",delivered,2026-05-14,requested
ORD_002212,TXN_002212,grocery,1383.42,"Address_2953, India",delivered,2026-05-19,none
ORD_002213,TXN_002213,travel,2222.5,"Address_9667, India",delivered,2026-02-16,none
ORD_002214,TXN_002214,home,908.37,"Address_3906, India",delivered,2026-06-09,none
ORD_002215,TXN_002215,home,1395.02,"Address_3810, India",delivered,2026-06-18,none
ORD_002216,TXN_002216,electronics,6137.43,"Address_1421, India",failed,2026-01-07,none
ORD_002217,TXN_002217,grocery,4239.66,"Address_7627, India",delivered,2026-04-07,requested
ORD_002218,TXN_002218,beauty,1625.97,"Address_7290, India",delivered,2026-07-22,none
ORD_002219,TXN_002219,software,2695.52,"Address_1777, India",delivered,2026-08-02,requested
ORD_002220,TXN_002220,electronics,903.16,"Address_7975, India",pending,2026-02-16,processed
ORD_002221,TXN_002221,home,2353.7,"Address_2871, India",delivered,2026-02-21,processed
ORD_002222,TXN_002222,software,7265.62,"Address_7770, India",delivered,2026-04-04,requested
ORD_002223,TXN_002223,grocery,2609.94,"Address_2678, India",delivered,2026-06-28,none
ORD_002224,TXN_002224,beauty,2332.87,"Address_9045, India",failed,2026-04-22,none
ORD_002225,TXN_002225,home,1938.94,"Address_6540, India",delivered,2026-08-01,none
ORD_002226,TXN_002226,travel,1319.93,"Address_5362, India",pending,2026-04-06,none
ORD_002227,TXN_002227,beauty,3583.57,"Address_1147, India",delivered,2026-07-06,none
ORD_002228,TXN_002228,grocery,1307.56,"Address_1036, India",delivered,2026-06-28,none
ORD_002229,TXN_002229,electronics,5930.99,"Address_7804, India",delivered,2026-08-08,none
ORD_002230,TXN_002230,travel,9200.29,"Address_1863, India",delivered,2026-02-27,none
ORD_002231,TXN_002231,beauty,1474.66,"Address_9865, India",pending,2026-06-07,processed
ORD_002232,TXN_002232,fashion,3745.91,"Address_3189, India",delivered,2026-07-28,none
ORD_002233,TXN_002233,beauty,2665.53,"Address_7407, India",delivered,2026-07-05,processed
ORD_002234,TXN_002234,beauty,3903.07,"Address_5839, India",delivered,2026-05-23,none
ORD_002235,TXN_002235,travel,1976.3,"Address_8570, India",failed,2026-01-28,requested
ORD_002236,TXN_002236,beauty,4521.22,"Address_8416, India",failed,2026-04-17,none
ORD_002237,TXN_002237,electronics,762.21,"Address_2010, India",delivered,2026-08-10,none
ORD_002238,TXN_002238,grocery,26894.23,"Address_5418, India",delivered,2026-07-17,requested
ORD_002239,TXN_002239,electronics,1935.08,"Address_8793, India",delivered,2026-05-06,requested
ORD_002240,TXN_002240,fashion,2929.91,"Address_5041, India",failed,2026-02-27,none
ORD_002241,TXN_002241,software,3824.37,"Address_6799, India",failed,2026-03-30,none
ORD_002242,TXN_002242,beauty,1498.59,"Address_6276, India",failed,2026-08-09,processed
ORD_002243,TXN_002243,grocery,1352.41,"Address_8486, India",delivered,2026-04-02,requested
ORD_002244,TXN_002244,software,2663.39,"Address_8156, India",delivered,2026-08-06,requested
ORD_002245,TXN_002245,software,3947.47,"Address_9254, India",delivered,2026-06-29,none
ORD_002246,TXN_002246,electronics,6324.12,"Address_6570, India",delivered,2026-07-26,requested
ORD_002247,TXN_002247,beauty,2287.46,"Address_8687, India",failed,2026-03-27,processed
ORD_002248,TXN_002248,travel,404.35,"Address_4423, India",pending,2026-03-19,requested
ORD_002249,TXN_002249,electronics,2814.81,"Address_8684, India",delivered,2026-04-18,none
ORD_002250,TXN_002250,electronics,7031.37,"Address_7045, India",failed,2026-02-07,processed
ORD_002251,TXN_002251,grocery,1062.55,"Address_9773, India",delivered,2026-02-28,none
ORD_002252,TXN_002252,travel,1744.58,"Address_5599, India",delivered,2026-03-17,none
ORD_002253,TXN_002253,fashion,2622.05,"Address_6586, India",pending,2026-01-30,none
ORD_002254,TXN_002254,travel,11012.47,"Address_3185, India",failed,2026-02-06,processed
ORD_002255,TXN_002255,software,905.47,"Address_7714, India",failed,2026-07-25,requested
ORD_002256,TXN_002256,home,3534.85,"Address_1247, India",failed,2026-04-24,none
ORD_002257,TXN_002257,grocery,3783.02,"Address_6034, India",pending,2026-02-03,none
ORD_002258,TXN_002258,home,1582.52,"Address_6351, India",delivered,2026-02-26,none
ORD_002259,TXN_002259,electronics,1015.95,"Address_1932, India",delivered,2026-04-17,none
ORD_002260,TXN_002260,fashion,1377.8,"Address_7380, India",delivered,2026-07-01,none
ORD_002261,TXN_002261,home,5045.11,"Address_6092, India",delivered,2026-01-27,processed
ORD_002262,TXN_002262,electronics,4352.53,"Address_3140, India",delivered,2026-04-05,processed
ORD_002263,TXN_002263,grocery,8462.28,"Address_1997, India",failed,2026-02-19,processed
ORD_002264,TXN_002264,software,3121.52,"Address_4836, India",delivered,2026-04-23,none
ORD_002265,TXN_002265,fashion,4155.11,"Address_6511, India",delivered,2026-03-23,none
ORD_002266,TXN_002266,software,5779.8,"Address_5000, India",pending,2026-05-29,requested
ORD_002267,TXN_002267,travel,4877.81,"Address_6420, India",delivered,2026-03-25,requested
ORD_002268,TXN_002268,software,10653.85,"Address_7837, India",delivered,2026-07-15,none
ORD_002269,TXN_002269,home,3284.92,"Address_4661, India",pending,2026-03-08,none
ORD_002270,TXN_002270,beauty,1960.73,"Address_6777, India",delivered,2026-06-23,none
ORD_002271,TXN_002271,fashion,3750.85,"Address_3794, India",delivered,2026-06-12,processed
ORD_002272,TXN_002272,travel,5454.48,"Address_5758, India",pending,2026-07-05,processed
ORD_002273,TXN_002273,travel,10321.77,"Address_1841, India",delivered,2026-02-22,requested
ORD_002274,TXN_002274,travel,8525.41,"Address_6318, India",delivered,2026-08-02,none
ORD_002275,TXN_002275,travel,9675.56,"Address_8869, India",failed,2026-06-16,none
ORD_002276,TXN_002276,beauty,1665.16,"Address_5485, India",failed,2026-08-07,requested
ORD_002277,TXN_002277,grocery,8495.63,"Address_3655, India",delivered,2026-02-14,processed
ORD_002278,TXN_002278,home,7260.8,"Address_9132, India",delivered,2026-03-11,processed
ORD_002279,TXN_002279,beauty,2849.34,"Address_1864, India",delivered,2026-03-18,none
ORD_002280,TXN_002280,software,2316.17,"Address_9470, India",delivered,2026-07-25,none
ORD_002281,TXN_002281,home,1757.18,"Address_1015, India",delivered,2026-02-22,none
ORD_002282,TXN_002282,travel,10564.31,"Address_2469, India",delivered,2026-04-19,none
ORD_002283,TXN_002283,fashion,6049.98,"Address_5634, India",delivered,2026-05-27,processed
ORD_002284,TXN_002284,software,4394.44,"Address_6240, India",pending,2026-05-01,none
ORD_002285,TXN_002285,travel,2891.15,"Address_9902, India",delivered,2026-02-15,none
ORD_002286,TXN_002286,software,3593.71,"Address_8898, India",pending,2026-05-20,none
ORD_002287,TXN_002287,grocery,6044.13,"Address_3638, India",failed,2026-04-06,requested
ORD_002288,TXN_002288,electronics,3017.1,"Address_6116, India",delivered,2026-07-19,requested
ORD_002289,TXN_002289,software,1567.04,"Address_3745, India",delivered,2026-04-18,none
ORD_002290,TXN_002290,beauty,5728.57,"Address_6802, India",delivered,2026-06-07,requested
ORD_002291,TXN_002291,travel,7589.62,"Address_5031, India",delivered,2026-07-28,requested
ORD_002292,TXN_002292,electronics,6408.77,"Address_2129, India",failed,2026-05-25,requested
ORD_002293,TXN_002293,beauty,2969.4,"Address_9126, India",delivered,2026-01-28,none
ORD_002294,TXN_002294,beauty,2620.14,"Address_3941, India",pending,2026-06-14,processed
ORD_002295,TXN_002295,travel,11661.66,"Address_4089, India",delivered,2026-05-10,processed
ORD_002296,TXN_002296,electronics,7594.81,"Address_5699, India",delivered,2026-07-22,processed
ORD_002297,TXN_002297,electronics,1207.92,"Address_8880, India",delivered,2026-07-19,requested
ORD_002298,TXN_002298,electronics,50881.8,"Address_5017, India",delivered,2026-04-20,none
ORD_002299,TXN_002299,electronics,8064.03,"Address_9267, India",delivered,2026-08-09,none
ORD_002300,TXN_002300,electronics,682.02,"Address_9669, India",delivered,2026-05-05,requested
ORD_002301,TXN_002301,software,1413.71,"Address_8043, India",delivered,2026-04-28,none
ORD_002302,TXN_002302,software,302.01,"Address_1260, India",failed,2026-02-01,none
ORD_002303,TXN_002303,fashion,5330.38,"Address_8720, India",failed,2026-06-26,none
ORD_002304,TXN_002304,software,2065.02,"Address_3594, India",delivered,2026-01-18,processed
ORD_002305,TXN_002305,fashion,5364.52,"Address_7807, India",pending,2026-01-27,requested
ORD_002306,TXN_002306,home,3097.91,"Address_8498, India",pending,2026-05-01,none
ORD_002307,TXN_002307,travel,4001.84,"Address_7816, India",delivered,2026-02-27,requested
ORD_002308,TXN_002308,home,6972.88,"Address_6097, India",delivered,2026-01-16,none
ORD_002309,TXN_002309,grocery,2456.77,"Address_1953, India",delivered,2026-03-14,processed
ORD_002310,TXN_002310,electronics,745.07,"Address_6420, India",delivered,2026-06-05,none
ORD_002311,TXN_002311,travel,6558.86,"Address_2819, India",delivered,2026-07-03,none
ORD_002312,TXN_002312,home,3676.66,"Address_4347, India",failed,2026-07-18,none
ORD_002313,TXN_002313,fashion,8608.07,"Address_4850, India",delivered,2026-04-04,processed
ORD_002314,TXN_002314,software,5560.68,"Address_3216, India",delivered,2026-04-15,none
ORD_002315,TXN_002315,fashion,4411.22,"Address_2347, India",delivered,2026-01-21,none
ORD_002316,TXN_002316,grocery,9240.08,"Address_9520, India",delivered,2026-06-25,none
ORD_002317,TXN_002317,home,3472.34,"Address_1374, India",delivered,2026-02-25,none
ORD_002318,TXN_002318,electronics,1323.73,"Address_8080, India",delivered,2026-03-29,requested
ORD_002319,TXN_002319,electronics,456.45,"Address_7316, India",pending,2026-04-16,none
ORD_002320,TXN_002320,grocery,20445.59,"Address_3020, India",delivered,2026-05-02,processed
ORD_002321,TXN_002321,home,3614.15,"Address_8159, India",delivered,2026-01-22,requested
ORD_002322,TXN_002322,grocery,9590.52,"Address_5008, India",delivered,2026-03-04,none
ORD_002323,TXN_002323,home,11546.95,"Address_8431, India",delivered,2026-02-04,none
ORD_002324,TXN_002324,beauty,2161.98,"Address_5618, India",delivered,2026-04-03,processed
ORD_002325,TXN_002325,grocery,1165.35,"Address_8831, India",delivered,2026-04-28,none
ORD_002326,TXN_002326,software,7487.01,"Address_1550, India",delivered,2026-06-03,none
ORD_002327,TXN_002327,beauty,7007.52,"Address_4379, India",pending,2026-01-17,none
ORD_002328,TXN_002328,fashion,3317.13,"Address_7131, India",failed,2026-01-14,processed
ORD_002329,TXN_002329,grocery,3269.96,"Address_9695, India",failed,2026-01-19,none
ORD_002330,TXN_002330,beauty,5672.95,"Address_5917, India",failed,2026-08-04,none
ORD_002331,TXN_002331,home,3238.93,"Address_6469, India",failed,2026-02-02,none
ORD_002332,TXN_002332,software,5473.57,"Address_5526, India",delivered,2026-02-20,requested
ORD_002333,TXN_002333,software,3739.14,"Address_5803, India",delivered,2026-06-17,none
ORD_002334,TXN_002334,travel,2000.49,"Address_6266, India",delivered,2026-08-02,processed
ORD_002335,TXN_002335,electronics,1560.72,"Address_1494, India",delivered,2026-03-09,none
ORD_002336,TXN_002336,fashion,4846.6,"Address_5966, India",delivered,2026-04-05,processed
ORD_002337,TXN_002337,home,10494.94,"Address_9118, India",failed,2026-08-13,none
ORD_002338,TXN_002338,grocery,2554.42,"Address_9088, India",delivered,2026-02-22,none
ORD_002339,TXN_002339,beauty,3256.13,"Address_8699, India",pending,2026-03-05,none
ORD_002340,TXN_002340,travel,5723.19,"Address_1738, India",delivered,2026-05-26,none
ORD_002341,TXN_002341,home,8499.88,"Address_8396, India",delivered,2026-05-03,processed
ORD_002342,TXN_002342,software,2248.92,"Address_4743, India",pending,2026-03-06,none
ORD_002343,TXN_002343,travel,1514.22,"Address_6631, India",delivered,2026-07-21,none
ORD_002344,TXN_002344,beauty,2476.39,"Address_1456, India",delivered,2026-01-29,none
ORD_002345,TXN_002345,software,5243.4,"Address_2256, India",pending,2026-03-29,none
ORD_002346,TXN_002346,travel,7003.64,"Address_9114, India",delivered,2026-01-07,requested
ORD_002347,TXN_002347,electronics,23728.4,"Address_5066, India",delivered,2026-04-18,none
ORD_002348,TXN_002348,fashion,2197.93,"Address_5883, India",delivered,2026-01-25,requested
ORD_002349,TXN_002349,beauty,6516.66,"Address_3089, India",delivered,2026-05-01,none
ORD_002350,TXN_002350,grocery,8868.63,"Address_8887, India",delivered,2026-06-16,none
ORD_002351,TXN_002351,home,1226.05,"Address_6657, India",delivered,2026-01-16,none
ORD_002352,TXN_002352,software,4339.9,"Address_9238, India",delivered,2026-06-26,none
ORD_002353,TXN_002353,travel,13129.28,"Address_7547, India",pending,2026-06-21,processed
ORD_002354,TXN_002354,grocery,3144.41,"Address_2479, India",delivered,2026-08-11,none
ORD_002355,TXN_002355,home,3791.28,"Address_7410, India",failed,2026-05-01,none
ORD_002356,TXN_002356,grocery,2352.46,"Address_6874, India",pending,2026-01-25,none
ORD_002357,TXN_002357,grocery,3058.47,"Address_7813, India",pending,2026-04-14,requested
ORD_002358,TXN_002358,home,8690.04,"Address_5940, India",delivered,2026-05-24,none
ORD_002359,TXN_002359,home,2500.24,"Address_4915, India",pending,2026-03-15,requested
ORD_002360,TXN_002360,software,5811.71,"Address_1231, India",delivered,2026-07-09,none
ORD_002361,TXN_002361,grocery,2802.03,"Address_2956, India",pending,2026-05-08,none
ORD_002362,TXN_002362,fashion,4708.09,"Address_4392, India",failed,2026-04-25,requested
ORD_002363,TXN_002363,fashion,7467.71,"Address_4069, India",delivered,2026-05-16,none
ORD_002364,TXN_002364,electronics,11937.24,"Address_9368, India",delivered,2026-03-26,requested
ORD_002365,TXN_002365,beauty,23159.01,"Address_7620, India",delivered,2026-06-29,none
ORD_002366,TXN_002366,electronics,7767.24,"Address_3380, India",pending,2026-08-20,requested
ORD_002367,TXN_002367,travel,5915.91,"Address_6110, India",failed,2026-07-13,requested
ORD_002368,TXN_002368,beauty,6183.15,"Address_8964, India",failed,2026-01-11,processed
ORD_002369,TXN_002369,home,1832.39,"Address_9314, India",failed,2026-02-19,none
ORD_002370,TXN_002370,electronics,1778.02,"Address_7960, India",delivered,2026-02-17,none
ORD_002371,TXN_002371,fashion,4622.38,"Address_9104, India",delivered,2026-02-23,none
ORD_002372,TXN_002372,home,5500.55,"Address_4001, India",delivered,2026-02-24,none
ORD_002373,TXN_002373,travel,2270.39,"Address_2287, India",pending,2026-07-12,none
ORD_002374,TXN_002374,fashion,3536.67,"Address_1070, India",delivered,2026-05-22,requested
ORD_002375,TXN_002375,grocery,4218.27,"Address_7641, India",failed,2026-03-14,none
ORD_002376,TXN_002376,electronics,5597.96,"Address_8993, India",pending,2026-07-16,none
ORD_002377,TXN_002377,travel,1884.13,"Address_2482, India",failed,2026-04-17,processed
ORD_002378,TXN_002378,travel,4138.33,"Address_7967, India",delivered,2026-03-02,none
ORD_002379,TXN_002379,travel,2244.14,"Address_9587, India",delivered,2026-07-26,none
ORD_002380,TXN_002380,fashion,3227.14,"Address_7362, India",delivered,2026-02-01,none
ORD_002381,TXN_002381,fashion,4545.14,"Address_4156, India",delivered,2026-06-19,none
ORD_002382,TXN_002382,grocery,1234.61,"Address_7835, India",pending,2026-03-27,none
ORD_002383,TXN_002383,home,5349.64,"Address_8451, India",delivered,2026-08-04,processed
ORD_002384,TXN_002384,software,1563.47,"Address_5740, India",delivered,2026-03-27,processed
ORD_002385,TXN_002385,beauty,4679.57,"Address_6069, India",delivered,2026-06-04,none
ORD_002386,TXN_002386,electronics,5734.97,"Address_1578, India",delivered,2026-05-21,none
ORD_002387,TXN_002387,home,2458.36,"Address_4329, India",delivered,2026-01-25,none
ORD_002388,TXN_002388,grocery,6414.01,"Address_9581, India",delivered,2026-01-29,requested
ORD_002389,TXN_002389,grocery,819.22,"Address_7241, India",delivered,2026-03-31,none
ORD_002390,TXN_002390,fashion,8580.08,"Address_4756, India",delivered,2026-07-13,requested
ORD_002391,TXN_002391,electronics,6658.44,"Address_2899, India",failed,2026-08-03,none
ORD_002392,TXN_002392,electronics,3637.95,"Address_4978, India",failed,2026-01-26,requested
ORD_002393,TXN_002393,travel,1545.15,"Address_6398, India",failed,2026-01-18,requested
ORD_002394,TXN_002394,fashion,2799.77,"Address_2099, India",failed,2026-03-17,none
ORD_002395,TXN_002395,software,3428.92,"Address_2049, India",delivered,2026-04-28,none
ORD_002396,TXN_002396,beauty,5332.99,"Address_2287, India",pending,2026-05-19,processed
ORD_002397,TXN_002397,electronics,3789.72,"Address_4425, India",pending,2026-07-17,requested
ORD_002398,TXN_002398,home,2311.82,"Address_4744, India",pending,2026-02-09,processed
ORD_002399,TXN_002399,grocery,3499.73,"Address_8866, India",delivered,2026-02-10,none
ORD_002400,TXN_002400,software,1131.25,"Address_5034, India",delivered,2026-03-29,none
ORD_002401,TXN_002401,beauty,4094.72,"Address_9444, India",delivered,2026-03-16,none
ORD_002402,TXN_002402,fashion,3603.73,"Address_4294, India",pending,2026-07-05,none
ORD_002403,TXN_002403,software,2639.42,"Address_3834, India",failed,2026-05-22,none
ORD_002404,TXN_002404,travel,1098.85,"Address_4685, India",pending,2026-07-24,none
ORD_002405,TXN_002405,grocery,1818.78,"Address_4242, India",delivered,2026-03-25,none
ORD_002406,TXN_002406,fashion,3849.76,"Address_5111, India",delivered,2026-03-29,requested
ORD_002407,TXN_002407,software,3832.22,"Address_6407, India",pending,2026-01-15,none
ORD_002408,TXN_002408,beauty,3638.25,"Address_6608, India",delivered,2026-06-07,none
ORD_002409,TXN_002409,electronics,1648.44,"Address_7048, India",pending,2026-06-19,requested
ORD_002410,TXN_002410,beauty,5134.24,"Address_2009, India",pending,2026-03-02,none
ORD_002411,TXN_002411,fashion,3670.32,"Address_7521, India",delivered,2026-01-11,none
ORD_002412,TXN_002412,travel,6276.33,"Address_5785, India",failed,2026-06-29,none
ORD_002413,TXN_002413,beauty,4805.76,"Address_6825, India",delivered,2026-08-13,processed
ORD_002414,TXN_002414,beauty,6293.72,"Address_4898, India",failed,2026-07-08,none
ORD_002415,TXN_002415,electronics,2868.07,"Address_2209, India",delivered,2026-04-20,none
ORD_002416,TXN_002416,beauty,2577.8,"Address_8648, India",pending,2026-06-18,requested
ORD_002417,TXN_002417,grocery,1707.05,"Address_2462, India",delivered,2026-04-08,none
ORD_002418,TXN_002418,home,4656.72,"Address_6767, India",pending,2026-01-22,none
ORD_002419,TXN_002419,fashion,556.93,"Address_9325, India",delivered,2026-07-28,requested
ORD_002420,TXN_002420,electronics,2800.5,"Address_6370, India",delivered,2026-02-08,processed
ORD_002421,TXN_002421,software,3632.16,"Address_1388, India",delivered,2026-06-15,none
ORD_002422,TXN_002422,beauty,1000.54,"Address_5317, India",failed,2026-07-16,none
ORD_002423,TXN_002423,fashion,10705.24,"Address_5194, India",delivered,2026-04-21,requested
ORD_002424,TXN_002424,travel,7875.78,"Address_7705, India",pending,2026-07-04,none
ORD_002425,TXN_002425,beauty,2603.12,"Address_9782, India",pending,2026-02-15,none
ORD_002426,TXN_002426,electronics,3090.82,"Address_1556, India",failed,2026-06-27,none
ORD_002427,TXN_002427,software,8421.44,"Address_7021, India",failed,2026-05-06,requested
ORD_002428,TXN_002428,software,4227.53,"Address_8267, India",failed,2026-05-26,none
ORD_002429,TXN_002429,fashion,5174.25,"Address_6973, India",failed,2026-02-16,none
ORD_002430,TXN_002430,home,7281.66,"Address_1250, India",delivered,2026-01-29,none
ORD_002431,TXN_002431,electronics,1978.68,"Address_3526, India",pending,2026-03-04,requested
ORD_002432,TXN_002432,home,2026.49,"Address_2737, India",failed,2026-08-18,none
ORD_002433,TXN_002433,software,1761.69,"Address_4764, India",pending,2026-02-15,processed
ORD_002434,TXN_002434,home,1654.75,"Address_9763, India",delivered,2026-02-24,none
ORD_002435,TXN_002435,electronics,12000.71,"Address_3291, India",delivered,2026-02-24,none
ORD_002436,TXN_002436,software,1142.62,"Address_4517, India",failed,2026-02-14,none
ORD_002437,TXN_002437,electronics,3005.53,"Address_3587, India",delivered,2026-07-14,processed
ORD_002438,TXN_002438,beauty,2622.39,"Address_7994, India",pending,2026-01-27,requested
ORD_002439,TXN_002439,home,6286.16,"Address_4601, India",pending,2026-02-08,none
ORD_002440,TXN_002440,fashion,10295.34,"Address_8271, India",delivered,2026-07-02,none
ORD_002441,TXN_002441,beauty,3891.99,"Address_4666, India",pending,2026-03-23,requested
ORD_002442,TXN_002442,home,5186.13,"Address_1015, India",pending,2026-07-11,none
ORD_002443,TXN_002443,beauty,4164.33,"Address_1041, India",delivered,2026-07-30,none
ORD_002444,TXN_002444,home,5850.59,"Address_5702, India",delivered,2026-06-01,requested
ORD_002445,TXN_002445,home,7504.34,"Address_8836, India",delivered,2026-07-30,none
ORD_002446,TXN_002446,home,10556.07,"Address_8382, India",delivered,2026-06-09,none
ORD_002447,TXN_002447,electronics,1939.79,"Address_7430, India",delivered,2026-02-20,processed
ORD_002448,TXN_002448,electronics,6587.99,"Address_6598, India",delivered,2026-03-30,processed
ORD_002449,TXN_002449,software,3864.38,"Address_9727, India",pending,2026-07-10,none
ORD_002450,TXN_002450,software,28656.19,"Address_1820, India",delivered,2026-02-10,processed
ORD_002451,TXN_002451,home,2987.88,"Address_9745, India",delivered,2026-07-28,none
ORD_002452,TXN_002452,grocery,3835.36,"Address_4479, India",delivered,2026-07-08,processed
ORD_002453,TXN_002453,travel,6068.2,"Address_3885, India",pending,2026-08-22,requested
ORD_002454,TXN_002454,fashion,4504.19,"Address_6181, India",delivered,2026-06-09,processed
ORD_002455,TXN_002455,electronics,5738.54,"Address_1535, India",failed,2026-06-30,processed
ORD_002456,TXN_002456,electronics,3928.74,"Address_6011, India",delivered,2026-06-20,none
ORD_002457,TXN_002457,travel,2550.02,"Address_5814, India",pending,2026-01-06,none
ORD_002458,TXN_002458,beauty,908.89,"Address_8648, India",delivered,2026-06-16,none
ORD_002459,TXN_002459,electronics,6130.43,"Address_1910, India",delivered,2026-01-22,none
ORD_002460,TXN_002460,beauty,5875.77,"Address_9297, India",delivered,2026-08-14,requested
ORD_002461,TXN_002461,home,18705.42,"Address_4797, India",delivered,2026-02-18,requested
ORD_002462,TXN_002462,grocery,1329.76,"Address_4997, India",pending,2026-02-27,processed
ORD_002463,TXN_002463,fashion,1490.26,"Address_1531, India",failed,2026-02-24,none
ORD_002464,TXN_002464,electronics,1179.72,"Address_4451, India",delivered,2026-04-22,processed
ORD_002465,TXN_002465,grocery,11019.35,"Address_7192, India",pending,2026-05-09,processed
ORD_002466,TXN_002466,fashion,5165.49,"Address_3350, India",delivered,2026-01-15,none
ORD_002467,TXN_002467,grocery,6155.55,"Address_5813, India",delivered,2026-02-16,processed
ORD_002468,TXN_002468,software,13741.58,"Address_5147, India",delivered,2026-07-15,none
ORD_002469,TXN_002469,electronics,2574.14,"Address_2418, India",failed,2026-07-23,none
ORD_002470,TXN_002470,fashion,9235.17,"Address_6789, India",failed,2026-04-17,none
ORD_002471,TXN_002471,beauty,5282.94,"Address_5813, India",delivered,2026-02-06,processed
ORD_002472,TXN_002472,grocery,8920.21,"Address_2033, India",delivered,2026-06-22,processed
ORD_002473,TXN_002473,home,9599.08,"Address_1595, India",delivered,2026-07-18,none
ORD_002474,TXN_002474,fashion,4438.08,"Address_9884, India",pending,2026-02-25,requested
ORD_002475,TXN_002475,home,2367.92,"Address_7376, India",pending,2026-05-19,requested
ORD_002476,TXN_002476,travel,1805.88,"Address_3708, India",failed,2026-07-23,none
ORD_002477,TXN_002477,travel,3696.45,"Address_2163, India",delivered,2026-02-02,none
ORD_002478,TXN_002478,electronics,4706.04,"Address_4480, India",failed,2026-06-29,requested
ORD_002479,TXN_002479,beauty,9650.91,"Address_4569, India",failed,2026-06-01,none
ORD_002480,TXN_002480,grocery,7286.4,"Address_4185, India",delivered,2026-03-20,none
ORD_002481,TXN_002481,beauty,1274.81,"Address_4220, India",pending,2026-02-21,none
ORD_002482,TXN_002482,software,3028.91,"Address_4350, India",failed,2026-08-10,requested
ORD_002483,TXN_002483,software,8507.04,"Address_1139, India",delivered,2026-06-06,requested
ORD_002484,TXN_002484,fashion,7063.24,"Address_9352, India",delivered,2026-05-09,requested
ORD_002485,TXN_002485,electronics,2489.11,"Address_6705, India",delivered,2026-02-05,none
ORD_002486,TXN_002486,beauty,3416.3,"Address_6336, India",delivered,2026-04-04,none
ORD_002487,TXN_002487,travel,7483.62,"Address_2727, India",delivered,2026-07-22,requested
ORD_002488,TXN_002488,beauty,3026.81,"Address_7798, India",delivered,2026-01-23,requested
ORD_002489,TXN_002489,travel,5186.42,"Address_8357, India",pending,2026-01-21,requested
ORD_002490,TXN_002490,home,1919.18,"Address_2171, India",failed,2026-02-13,processed
ORD_002491,TXN_002491,beauty,2570.15,"Address_3208, India",delivered,2026-03-20,none
ORD_002492,TXN_002492,electronics,1539.54,"Address_3557, India",failed,2026-01-20,none
ORD_002493,TXN_002493,travel,450.33,"Address_8173, India",delivered,2026-08-10,none
ORD_002494,TXN_002494,beauty,4957.15,"Address_4042, India",delivered,2026-02-08,none
ORD_002495,TXN_002495,fashion,8937.34,"Address_7842, India",delivered,2026-03-12,requested
ORD_002496,TXN_002496,home,2708.52,"Address_9681, India",pending,2026-01-10,processed
ORD_002497,TXN_002497,travel,2237.83,"Address_3781, India",delivered,2026-06-14,processed
ORD_002498,TXN_002498,home,6026.87,"Address_3866, India",pending,2026-07-19,none
ORD_002499,TXN_002499,travel,1804.71,"Address_8624, India",delivered,2026-06-11,requested
ORD_002500,TXN_002500,grocery,17638.21,"Address_7786, India",pending,2026-06-26,none
ORD_002501,TXN_002501,electronics,2664.31,"Address_6065, India",delivered,2026-08-06,requested
ORD_002502,TXN_002502,grocery,2944.11,"Address_3911, India",delivered,2026-08-08,none
ORD_002503,TXN_002503,travel,1426.79,"Address_5868, India",failed,2026-04-27,none
ORD_002504,TXN_002504,travel,3759.05,"Address_6294, India",delivered,2026-01-22,requested
ORD_002505,TXN_002505,software,1799.81,"Address_1795, India",delivered,2026-01-14,processed
ORD_002506,TXN_002506,grocery,1821.73,"Address_2707, India",delivered,2026-04-20,none
ORD_002507,TXN_002507,grocery,1261.67,"Address_8090, India",pending,2026-04-21,none
ORD_002508,TXN_002508,beauty,14243.43,"Address_6641, India",delivered,2026-07-30,requested
ORD_002509,TXN_002509,home,9770.15,"Address_5699, India",pending,2026-06-05,none
ORD_002510,TXN_002510,software,13292.77,"Address_7033, India",delivered,2026-05-05,requested
ORD_002511,TXN_002511,travel,1875.75,"Address_9717, India",delivered,2026-04-20,processed
ORD_002512,TXN_002512,fashion,6621.51,"Address_9257, India",delivered,2026-04-30,processed
ORD_002513,TXN_002513,fashion,4212.67,"Address_5246, India",pending,2026-07-31,none
ORD_002514,TXN_002514,fashion,556.01,"Address_8944, India",delivered,2026-05-11,requested
ORD_002515,TXN_002515,electronics,3231.31,"Address_5073, India",delivered,2026-02-05,none
ORD_002516,TXN_002516,home,3830.88,"Address_4321, India",delivered,2026-04-29,none
ORD_002517,TXN_002517,travel,1737.9,"Address_9855, India",failed,2026-06-25,none
ORD_002518,TXN_002518,grocery,1693.32,"Address_6891, India",delivered,2026-06-05,none
ORD_002519,TXN_002519,home,3053.23,"Address_1878, India",delivered,2026-02-01,none
ORD_002520,TXN_002520,travel,11019.24,"Address_6525, India",pending,2026-06-12,processed
ORD_002521,TXN_002521,software,1739.99,"Address_3186, India",pending,2026-08-05,processed
ORD_002522,TXN_002522,beauty,1844.66,"Address_1123, India",delivered,2026-01-28,none
ORD_002523,TXN_002523,grocery,3090.64,"Address_3381, India",pending,2026-08-02,requested
ORD_002524,TXN_002524,electronics,1774.99,"Address_9607, India",pending,2026-01-22,none
ORD_002525,TXN_002525,software,11758.38,"Address_9376, India",pending,2026-01-31,requested
ORD_002526,TXN_002526,software,6458.21,"Address_5111, India",pending,2026-01-11,none
ORD_002527,TXN_002527,fashion,2443.67,"Address_8690, India",delivered,2026-06-02,processed
ORD_002528,TXN_002528,grocery,907.27,"Address_5572, India",pending,2026-01-15,requested
ORD_002529,TXN_002529,travel,1718.31,"Address_4037, India",pending,2026-05-25,none
ORD_002530,TXN_002530,beauty,6331.6,"Address_4100, India",delivered,2026-03-29,processed
ORD_002531,TXN_002531,fashion,6763.84,"Address_3930, India",failed,2026-01-14,none
ORD_002532,TXN_002532,travel,596.54,"Address_3878, India",delivered,2026-06-17,processed
ORD_002533,TXN_002533,travel,4253.45,"Address_1015, India",pending,2026-05-09,none
ORD_002534,TXN_002534,fashion,10374.78,"Address_5107, India",delivered,2026-06-06,none
ORD_002535,TXN_002535,grocery,2965.96,"Address_6598, India",delivered,2026-06-07,none
ORD_002536,TXN_002536,travel,7732.76,"Address_9833, India",failed,2026-01-28,none
ORD_002537,TXN_002537,beauty,8826.65,"Address_9680, India",delivered,2026-01-14,none
ORD_002538,TXN_002538,travel,11392.7,"Address_1058, India",delivered,2026-03-07,none
ORD_002539,TXN_002539,home,4150.81,"Address_4680, India",delivered,2026-02-18,none
ORD_002540,TXN_002540,beauty,8147.43,"Address_3468, India",pending,2026-02-03,none
ORD_002541,TXN_002541,grocery,1806.91,"Address_5960, India",failed,2026-02-13,none
ORD_002542,TXN_002542,home,5799.12,"Address_9956, India",pending,2026-05-03,requested
ORD_002543,TXN_002543,electronics,1837.2,"Address_7989, India",failed,2026-02-02,requested
ORD_002544,TXN_002544,software,3723.19,"Address_3281, India",delivered,2026-06-21,none
ORD_002545,TXN_002545,travel,11170.24,"Address_7007, India",delivered,2026-07-29,requested
ORD_002546,TXN_002546,fashion,10590.62,"Address_9845, India",pending,2026-06-01,none
ORD_002547,TXN_002547,home,5108.72,"Address_5786, India",delivered,2026-04-27,requested
ORD_002548,TXN_002548,home,30123.35,"Address_1828, India",failed,2026-01-15,processed
ORD_002549,TXN_002549,fashion,845.28,"Address_4455, India",delivered,2026-05-22,none
ORD_002550,TXN_002550,travel,762.59,"Address_6922, India",failed,2026-08-18,none
ORD_002551,TXN_002551,beauty,3126.08,"Address_5742, India",pending,2026-05-14,none
ORD_002552,TXN_002552,home,2683.26,"Address_4429, India",delivered,2026-02-18,none
ORD_002553,TXN_002553,fashion,7372.74,"Address_1269, India",failed,2026-01-15,requested
ORD_002554,TXN_002554,electronics,11280.03,"Address_2689, India",pending,2026-06-22,requested
ORD_002555,TXN_002555,fashion,2701.1,"Address_9423, India",delivered,2026-05-27,none
ORD_002556,TXN_002556,software,3727.44,"Address_7639, India",delivered,2026-01-29,none
ORD_002557,TXN_002557,beauty,14020.86,"Address_5652, India",pending,2026-06-25,processed
ORD_002558,TXN_002558,electronics,1124.28,"Address_2479, India",pending,2026-05-31,none
ORD_002559,TXN_002559,grocery,12454.27,"Address_4646, India",delivered,2026-05-31,none
ORD_002560,TXN_002560,electronics,2053.54,"Address_2604, India",pending,2026-06-04,none
ORD_002561,TXN_002561,travel,1013.92,"Address_7149, India",pending,2026-03-10,none
ORD_002562,TXN_002562,beauty,2942.28,"Address_5491, India",delivered,2026-04-27,none
ORD_002563,TXN_002563,grocery,4154.88,"Address_2185, India",delivered,2026-02-22,none
ORD_002564,TXN_002564,beauty,2002.89,"Address_6427, India",pending,2026-05-28,requested
ORD_002565,TXN_002565,fashion,6481.26,"Address_3667, India",failed,2026-04-04,none
ORD_002566,TXN_002566,travel,3146.25,"Address_2705, India",delivered,2026-02-21,none
ORD_002567,TXN_002567,beauty,6448.51,"Address_7995, India",delivered,2026-06-30,requested
ORD_002568,TXN_002568,software,7584.92,"Address_7792, India",delivered,2026-03-11,none
ORD_002569,TXN_002569,fashion,1703.07,"Address_7381, India",delivered,2026-04-29,requested
ORD_002570,TXN_002570,beauty,2924.83,"Address_1288, India",delivered,2026-01-07,none
ORD_002571,TXN_002571,beauty,10825.35,"Address_6496, India",delivered,2026-02-11,processed
ORD_002572,TXN_002572,electronics,13659.61,"Address_7221, India",delivered,2026-08-03,none
ORD_002573,TXN_002573,electronics,3298.45,"Address_1391, India",pending,2026-02-06,requested
ORD_002574,TXN_002574,beauty,8607.81,"Address_9918, India",delivered,2026-04-16,requested
ORD_002575,TXN_002575,travel,1599.61,"Address_4618, India",delivered,2026-03-09,requested
ORD_002576,TXN_002576,grocery,8716.48,"Address_1917, India",delivered,2026-04-30,none
ORD_002577,TXN_002577,fashion,3322.67,"Address_4464, India",failed,2026-08-07,none
ORD_002578,TXN_002578,grocery,2027.16,"Address_5359, India",delivered,2026-03-03,none
ORD_002579,TXN_002579,home,2472.86,"Address_2249, India",delivered,2026-06-19,none
ORD_002580,TXN_002580,software,1315.71,"Address_8603, India",delivered,2026-02-02,processed
ORD_002581,TXN_002581,grocery,2041.39,"Address_1392, India",delivered,2026-01-03,none
ORD_002582,TXN_002582,grocery,617.79,"Address_1498, India",pending,2026-03-11,requested
ORD_002583,TXN_002583,electronics,5971.41,"Address_5138, India",failed,2026-07-22,none
ORD_002584,TXN_002584,fashion,9463.84,"Address_4263, India",delivered,2026-07-16,none
ORD_002585,TXN_002585,grocery,2035.66,"Address_8456, India",failed,2026-02-08,none
ORD_002586,TXN_002586,grocery,5114.45,"Address_5185, India",delivered,2026-08-14,processed
ORD_002587,TXN_002587,travel,4062.17,"Address_3717, India",delivered,2026-07-28,processed
ORD_002588,TXN_002588,fashion,1922.63,"Address_3565, India",delivered,2026-07-20,none
ORD_002589,TXN_002589,beauty,3027.96,"Address_9992, India",delivered,2026-07-02,none
ORD_002590,TXN_002590,electronics,6109.03,"Address_9339, India",failed,2026-07-13,none
ORD_002591,TXN_002591,fashion,3540.26,"Address_2813, India",pending,2026-02-14,requested
ORD_002592,TXN_002592,beauty,7991.58,"Address_1058, India",delivered,2026-03-18,none
ORD_002593,TXN_002593,home,2178.71,"Address_8046, India",delivered,2026-06-12,none
ORD_002594,TXN_002594,travel,3749.1,"Address_6367, India",delivered,2026-03-13,none
ORD_002595,TXN_002595,software,5031.34,"Address_3226, India",delivered,2026-04-18,processed
ORD_002596,TXN_002596,electronics,1810.64,"Address_4795, India",failed,2026-05-29,none
ORD_002597,TXN_002597,electronics,1693.6,"Address_5047, India",delivered,2026-06-03,none
ORD_002598,TXN_002598,software,1817.56,"Address_3758, India",pending,2026-02-01,processed
ORD_002599,TXN_002599,home,322.04,"Address_3489, India",delivered,2026-06-28,none
ORD_002600,TXN_002600,beauty,5356.5,"Address_5615, India",delivered,2026-04-04,none
ORD_002601,TXN_002601,home,11974.33,"Address_7438, India",delivered,2026-04-03,none
ORD_002602,TXN_002602,beauty,3114.09,"Address_5358, India",delivered,2026-04-26,processed
ORD_002603,TXN_002603,travel,5112.13,"Address_6838, India",failed,2026-07-13,none
ORD_002604,TXN_002604,fashion,6145.9,"Address_1430, India",failed,2026-03-09,none
ORD_002605,TXN_002605,travel,2493.42,"Address_2573, India",delivered,2026-06-03,requested
ORD_002606,TXN_002606,software,6263.38,"Address_5027, India",delivered,2026-01-20,none
ORD_002607,TXN_002607,beauty,6331.0,"Address_6231, India",delivered,2026-01-10,none
ORD_002608,TXN_002608,travel,3131.86,"Address_5462, India",failed,2026-06-05,requested
ORD_002609,TXN_002609,software,6289.77,"Address_2733, India",delivered,2026-04-12,none
ORD_002610,TXN_002610,travel,6546.5,"Address_6160, India",delivered,2026-04-27,none
ORD_002611,TXN_002611,fashion,5012.64,"Address_8645, India",pending,2026-03-27,none
ORD_002612,TXN_002612,electronics,19405.83,"Address_1851, India",pending,2026-08-01,none
ORD_002613,TXN_002613,grocery,2401.62,"Address_8709, India",failed,2026-05-12,none
ORD_002614,TXN_002614,beauty,2376.87,"Address_2756, India",delivered,2026-05-31,none
ORD_002615,TXN_002615,home,2828.64,"Address_5119, India",delivered,2026-02-20,none
ORD_002616,TXN_002616,software,2358.89,"Address_5197, India",delivered,2026-08-12,processed
ORD_002617,TXN_002617,software,6139.22,"Address_9259, India",delivered,2026-07-25,requested
ORD_002618,TXN_002618,grocery,2101.98,"Address_8975, India",delivered,2026-07-03,none
ORD_002619,TXN_002619,travel,2515.5,"Address_5556, India",failed,2026-06-15,requested
ORD_002620,TXN_002620,home,5867.54,"Address_1080, India",pending,2026-01-05,none
ORD_002621,TXN_002621,home,2568.68,"Address_7200, India",delivered,2026-02-21,none
ORD_002622,TXN_002622,travel,2127.96,"Address_8699, India",delivered,2026-04-21,none
ORD_002623,TXN_002623,electronics,1066.93,"Address_2730, India",failed,2026-02-05,none
ORD_002624,TXN_002624,home,8923.34,"Address_9466, India",failed,2026-01-29,processed
ORD_002625,TXN_002625,software,10636.77,"Address_3520, India",delivered,2026-01-31,none
ORD_002626,TXN_002626,travel,1486.13,"Address_9740, India",failed,2026-06-19,none
ORD_002627,TXN_002627,electronics,5561.96,"Address_6015, India",delivered,2026-01-09,none
ORD_002628,TXN_002628,travel,2701.32,"Address_6980, India",delivered,2026-04-16,none
ORD_002629,TXN_002629,fashion,1556.66,"Address_7486, India",failed,2026-02-27,none
ORD_002630,TXN_002630,home,4898.57,"Address_8227, India",delivered,2026-08-16,requested
ORD_002631,TXN_002631,home,6162.22,"Address_5745, India",failed,2026-04-26,none
ORD_002632,TXN_002632,software,3938.99,"Address_2616, India",pending,2026-06-15,requested
ORD_002633,TXN_002633,home,3031.54,"Address_9572, India",delivered,2026-02-16,none
ORD_002634,TXN_002634,fashion,4171.58,"Address_5286, India",failed,2026-03-01,none
ORD_002635,TXN_002635,grocery,5360.97,"Address_4999, India",pending,2026-04-03,none
ORD_002636,TXN_002636,fashion,2578.73,"Address_9440, India",delivered,2026-04-07,processed
ORD_002637,TXN_002637,fashion,1792.65,"Address_1187, India",delivered,2026-02-19,none
ORD_002638,TXN_002638,fashion,2157.23,"Address_7007, India",delivered,2026-07-03,requested
ORD_002639,TXN_002639,electronics,2693.87,"Address_9551, India",failed,2026-07-27,none
ORD_002640,TXN_002640,fashion,6080.48,"Address_8667, India",delivered,2026-03-10,none
ORD_002641,TXN_002641,electronics,26747.3,"Address_2377, India",delivered,2026-04-02,processed
ORD_002642,TXN_002642,home,1956.64,"Address_5990, India",pending,2026-02-08,none
ORD_002643,TXN_002643,software,4208.12,"Address_9019, India",delivered,2026-03-21,requested
ORD_002644,TXN_002644,travel,787.91,"Address_8589, India",delivered,2026-07-21,processed
ORD_002645,TXN_002645,beauty,6585.74,"Address_1652, India",failed,2026-06-19,requested
ORD_002646,TXN_002646,beauty,1055.04,"Address_2111, India",failed,2026-02-22,none
ORD_002647,TXN_002647,travel,4175.39,"Address_7379, India",delivered,2026-04-06,requested
ORD_002648,TXN_002648,home,3093.93,"Address_4817, India",failed,2026-07-24,none
ORD_002649,TXN_002649,travel,4161.29,"Address_1513, India",delivered,2026-04-02,none
ORD_002650,TXN_002650,electronics,3634.66,"Address_6621, India",pending,2026-07-24,requested
ORD_002651,TXN_002651,beauty,5383.5,"Address_2582, India",delivered,2026-05-14,none
ORD_002652,TXN_002652,grocery,1306.67,"Address_2794, India",pending,2026-03-29,requested
ORD_002653,TXN_002653,beauty,7913.55,"Address_5553, India",delivered,2026-08-09,requested
ORD_002654,TXN_002654,travel,6631.62,"Address_3646, India",delivered,2026-04-29,processed
ORD_002655,TXN_002655,software,1150.74,"Address_9294, India",pending,2026-08-10,requested
ORD_002656,TXN_002656,travel,2591.9,"Address_2119, India",pending,2026-03-12,processed
ORD_002657,TXN_002657,electronics,2926.56,"Address_7343, India",delivered,2026-04-25,requested
ORD_002658,TXN_002658,fashion,8172.09,"Address_4794, India",pending,2026-06-28,none
ORD_002659,TXN_002659,travel,8805.34,"Address_2149, India",delivered,2026-02-26,none
ORD_002660,TXN_002660,beauty,2716.92,"Address_6436, India",pending,2026-03-08,requested
ORD_002661,TXN_002661,home,4037.83,"Address_2808, India",delivered,2026-05-13,none
ORD_002662,TXN_002662,travel,3414.25,"Address_8816, India",delivered,2026-06-03,none
ORD_002663,TXN_002663,beauty,17444.33,"Address_3352, India",failed,2026-01-23,none
ORD_002664,TXN_002664,fashion,9367.68,"Address_9037, India",failed,2026-07-04,processed
ORD_002665,TXN_002665,beauty,9008.13,"Address_7013, India",delivered,2026-08-06,processed
ORD_002666,TXN_002666,software,4270.17,"Address_2048, India",failed,2026-03-05,none
ORD_002667,TXN_002667,software,3756.09,"Address_9680, India",delivered,2026-05-20,none
ORD_002668,TXN_002668,software,4986.19,"Address_6484, India",delivered,2026-02-05,requested
ORD_002669,TXN_002669,software,790.26,"Address_4717, India",delivered,2026-02-17,none
ORD_002670,TXN_002670,fashion,3964.7,"Address_8466, India",pending,2026-02-10,none
ORD_002671,TXN_002671,beauty,1796.85,"Address_6257, India",delivered,2026-08-03,requested
ORD_002672,TXN_002672,home,4605.84,"Address_1357, India",pending,2026-08-17,none
ORD_002673,TXN_002673,home,3248.33,"Address_5185, India",delivered,2026-02-06,none
ORD_002674,TXN_002674,grocery,3408.65,"Address_6004, India",delivered,2026-03-01,none
ORD_002675,TXN_002675,software,1815.83,"Address_5452, India",delivered,2026-07-04,requested
ORD_002676,TXN_002676,grocery,5959.6,"Address_7722, India",delivered,2026-02-01,none
ORD_002677,TXN_002677,travel,4198.28,"Address_3015, India",delivered,2026-06-27,requested
ORD_002678,TXN_002678,grocery,2986.55,"Address_1661, India",pending,2026-05-28,processed
ORD_002679,TXN_002679,home,4530.63,"Address_3603, India",failed,2026-04-13,processed
ORD_002680,TXN_002680,software,3312.37,"Address_3643, India",delivered,2026-05-28,processed
ORD_002681,TXN_002681,beauty,7159.32,"Address_6409, India",delivered,2026-06-16,requested
ORD_002682,TXN_002682,fashion,3923.99,"Address_5380, India",delivered,2026-04-23,requested
ORD_002683,TXN_002683,beauty,11142.56,"Address_3444, India",delivered,2026-04-16,processed
ORD_002684,TXN_002684,home,3056.82,"Address_4193, India",pending,2026-02-24,none
ORD_002685,TXN_002685,grocery,10531.22,"Address_8296, India",delivered,2026-01-06,requested
ORD_002686,TXN_002686,travel,3180.36,"Address_4987, India",pending,2026-04-09,none
ORD_002687,TXN_002687,travel,4127.45,"Address_6285, India",delivered,2026-07-01,none
ORD_002688,TXN_002688,grocery,1866.98,"Address_1903, India",pending,2026-04-25,requested
ORD_002689,TXN_002689,home,2767.79,"Address_2972, India",failed,2026-06-18,none
ORD_002690,TXN_002690,software,2346.38,"Address_7574, India",delivered,2026-07-08,none
ORD_002691,TXN_002691,home,958.67,"Address_5742, India",delivered,2026-08-01,none
ORD_002692,TXN_002692,grocery,2941.45,"Address_2003, India",delivered,2026-06-10,requested
ORD_002693,TXN_002693,travel,2665.1,"Address_1964, India",delivered,2026-06-10,none
ORD_002694,TXN_002694,fashion,2520.87,"Address_2631, India",pending,2026-04-27,requested
ORD_002695,TXN_002695,travel,3796.01,"Address_9097, India",pending,2026-02-09,none
ORD_002696,TXN_002696,home,16985.0,"Address_1009, India",pending,2026-06-06,none
ORD_002697,TXN_002697,home,4264.07,"Address_8679, India",delivered,2026-05-23,requested
ORD_002698,TXN_002698,fashion,6663.64,"Address_6337, India",delivered,2026-06-28,none
ORD_002699,TXN_002699,fashion,2113.77,"Address_8512, India",delivered,2026-04-10,processed
ORD_002700,TXN_002700,electronics,2398.95,"Address_5818, India",delivered,2026-08-10,processed
ORD_002701,TXN_002701,software,2885.57,"Address_2649, India",pending,2026-07-03,requested
ORD_002702,TXN_002702,home,4099.99,"Address_7514, India",delivered,2026-02-10,none
ORD_002703,TXN_002703,travel,1499.35,"Address_8182, India",delivered,2026-05-30,none
ORD_002704,TXN_002704,grocery,23535.46,"Address_5039, India",delivered,2026-01-25,none
ORD_002705,TXN_002705,beauty,2261.88,"Address_2093, India",delivered,2026-07-25,none
ORD_002706,TXN_002706,home,13784.71,"Address_5468, India",pending,2026-03-24,none
ORD_002707,TXN_002707,home,7066.88,"Address_1887, India",delivered,2026-03-20,requested
ORD_002708,TXN_002708,beauty,3028.47,"Address_3581, India",delivered,2026-04-15,none
ORD_002709,TXN_002709,home,1946.34,"Address_1351, India",pending,2026-06-28,none
ORD_002710,TXN_002710,grocery,963.35,"Address_6749, India",delivered,2026-07-08,none
ORD_002711,TXN_002711,home,1265.46,"Address_2059, India",delivered,2026-02-18,none
ORD_002712,TXN_002712,software,7513.43,"Address_8721, India",delivered,2026-03-28,none
ORD_002713,TXN_002713,fashion,12503.54,"Address_1908, India",pending,2026-07-08,requested
ORD_002714,TXN_002714,home,3760.98,"Address_7651, India",delivered,2026-08-02,none
ORD_002715,TXN_002715,grocery,4013.35,"Address_4838, India",delivered,2026-08-05,none
ORD_002716,TXN_002716,software,2887.74,"Address_2866, India",pending,2026-02-07,none
ORD_002717,TXN_002717,fashion,720.85,"Address_6487, India",delivered,2026-05-14,none
ORD_002718,TXN_002718,beauty,3437.21,"Address_8116, India",delivered,2026-06-15,processed
ORD_002719,TXN_002719,software,3083.42,"Address_1197, India",delivered,2026-04-20,none
ORD_002720,TXN_002720,fashion,3787.92,"Address_9508, India",delivered,2026-02-27,requested
ORD_002721,TXN_002721,fashion,1221.01,"Address_4060, India",delivered,2026-05-11,requested
ORD_002722,TXN_002722,travel,30986.57,"Address_8267, India",failed,2026-01-09,processed
ORD_002723,TXN_002723,home,1769.29,"Address_5859, India",delivered,2026-06-19,none
ORD_002724,TXN_002724,fashion,2581.28,"Address_7697, India",delivered,2026-07-06,none
ORD_002725,TXN_002725,electronics,1198.01,"Address_8216, India",delivered,2026-04-24,none
ORD_002726,TXN_002726,software,1976.02,"Address_6986, India",pending,2026-01-03,none
ORD_002727,TXN_002727,fashion,14324.21,"Address_7119, India",delivered,2026-05-29,requested
ORD_002728,TXN_002728,beauty,1074.78,"Address_9072, India",delivered,2026-04-09,none
ORD_002729,TXN_002729,fashion,2483.13,"Address_4128, India",delivered,2026-08-03,processed
ORD_002730,TXN_002730,beauty,3792.88,"Address_9948, India",failed,2026-01-25,none
ORD_002731,TXN_002731,grocery,4336.35,"Address_7506, India",failed,2026-01-16,requested
ORD_002732,TXN_002732,fashion,6893.95,"Address_6138, India",pending,2026-04-30,none
ORD_002733,TXN_002733,home,884.91,"Address_4065, India",delivered,2026-06-30,none
ORD_002734,TXN_002734,electronics,4699.18,"Address_6999, India",delivered,2026-07-03,processed
ORD_002735,TXN_002735,travel,4259.79,"Address_8319, India",delivered,2026-06-29,processed
ORD_002736,TXN_002736,fashion,999.02,"Address_8776, India",failed,2026-07-27,processed
ORD_002737,TXN_002737,grocery,10995.96,"Address_4569, India",delivered,2026-06-03,none
ORD_002738,TXN_002738,home,37038.49,"Address_4242, India",delivered,2026-06-09,none
ORD_002739,TXN_002739,travel,4395.34,"Address_6476, India",failed,2026-04-22,none
ORD_002740,TXN_002740,software,11020.06,"Address_2083, India",failed,2026-07-30,requested
ORD_002741,TXN_002741,software,2869.89,"Address_3613, India",delivered,2026-01-12,none
ORD_002742,TXN_002742,home,14612.32,"Address_2461, India",pending,2026-04-04,requested
ORD_002743,TXN_002743,electronics,10976.0,"Address_6240, India",delivered,2026-01-24,requested
ORD_002744,TXN_002744,travel,2764.6,"Address_6494, India",delivered,2026-04-25,none
ORD_002745,TXN_002745,fashion,4383.68,"Address_5287, India",pending,2026-04-19,processed
ORD_002746,TXN_002746,electronics,9290.06,"Address_1039, India",delivered,2026-04-25,processed
ORD_002747,TXN_002747,software,574.52,"Address_2771, India",delivered,2026-06-05,requested
ORD_002748,TXN_002748,electronics,2962.4,"Address_9769, India",delivered,2026-05-10,processed
ORD_002749,TXN_002749,beauty,1313.35,"Address_5113, India",delivered,2026-07-28,none
ORD_002750,TXN_002750,beauty,2353.09,"Address_2956, India",delivered,2026-04-18,processed
ORD_002751,TXN_002751,electronics,2977.19,"Address_8987, India",failed,2026-01-16,none
ORD_002752,TXN_002752,software,4709.81,"Address_1232, India",failed,2026-04-18,none
ORD_002753,TXN_002753,grocery,486.54,"Address_9437, India",failed,2026-04-08,processed
ORD_002754,TXN_002754,beauty,3364.47,"Address_1195, India",delivered,2026-03-01,processed
ORD_002755,TXN_002755,electronics,5991.55,"Address_9953, India",delivered,2026-05-22,none
ORD_002756,TXN_002756,fashion,7499.0,"Address_4549, India",delivered,2026-05-13,none
ORD_002757,TXN_002757,grocery,1565.14,"Address_1546, India",failed,2026-02-03,none
ORD_002758,TXN_002758,software,3598.56,"Address_1790, India",delivered,2026-05-03,none
ORD_002759,TXN_002759,grocery,1713.08,"Address_9490, India",pending,2026-02-13,processed
ORD_002760,TXN_002760,beauty,1736.18,"Address_1623, India",delivered,2026-06-25,none
ORD_002761,TXN_002761,electronics,7726.19,"Address_2592, India",pending,2026-02-19,requested
ORD_002762,TXN_002762,beauty,1358.46,"Address_5971, India",pending,2026-04-06,none
ORD_002763,TXN_002763,software,5222.81,"Address_2230, India",delivered,2026-06-27,requested
ORD_002764,TXN_002764,home,7334.81,"Address_7914, India",delivered,2026-02-18,processed
ORD_002765,TXN_002765,electronics,1104.09,"Address_3441, India",delivered,2026-08-17,processed
ORD_002766,TXN_002766,travel,4841.81,"Address_4115, India",pending,2026-07-21,none
ORD_002767,TXN_002767,electronics,7963.04,"Address_8488, India",delivered,2026-04-02,processed
ORD_002768,TXN_002768,travel,3458.06,"Address_5316, India",failed,2026-03-14,none
ORD_002769,TXN_002769,beauty,5980.75,"Address_2226, India",delivered,2026-03-18,none
ORD_002770,TXN_002770,travel,2485.37,"Address_3435, India",delivered,2026-07-02,none
ORD_002771,TXN_002771,electronics,4148.36,"Address_5255, India",pending,2026-05-24,requested
ORD_002772,TXN_002772,software,2238.24,"Address_6799, India",pending,2026-06-28,none
ORD_002773,TXN_002773,travel,7010.82,"Address_7874, India",pending,2026-01-16,requested
ORD_002774,TXN_002774,travel,5657.65,"Address_9393, India",delivered,2026-02-27,none
ORD_002775,TXN_002775,grocery,9177.46,"Address_6658, India",delivered,2026-02-03,none
ORD_002776,TXN_002776,beauty,3519.43,"Address_7489, India",delivered,2026-01-15,none
ORD_002777,TXN_002777,home,7504.54,"Address_5434, India",delivered,2026-06-07,processed
ORD_002778,TXN_002778,home,3027.11,"Address_3362, India",failed,2026-03-21,none
ORD_002779,TXN_002779,travel,5453.03,"Address_3132, India",delivered,2026-08-21,none
ORD_002780,TXN_002780,electronics,16104.85,"Address_8729, India",delivered,2026-04-09,processed
ORD_002781,TXN_002781,home,7212.22,"Address_7316, India",delivered,2026-04-11,none
ORD_002782,TXN_002782,home,3668.75,"Address_2617, India",delivered,2026-05-11,processed
ORD_002783,TXN_002783,grocery,2385.1,"Address_6948, India",pending,2026-04-23,none
ORD_002784,TXN_002784,beauty,809.69,"Address_7502, India",delivered,2026-07-08,none
ORD_002785,TXN_002785,software,2141.26,"Address_6290, India",failed,2026-07-21,processed
ORD_002786,TXN_002786,fashion,20556.5,"Address_6116, India",delivered,2026-07-02,none
ORD_002787,TXN_002787,grocery,14402.84,"Address_5444, India",delivered,2026-06-02,none
ORD_002788,TXN_002788,software,7311.98,"Address_8763, India",failed,2026-08-14,none
ORD_002789,TXN_002789,beauty,2743.15,"Address_9941, India",failed,2026-05-07,processed
ORD_002790,TXN_002790,fashion,4505.18,"Address_1248, India",pending,2026-03-30,requested
ORD_002791,TXN_002791,grocery,3739.28,"Address_7240, India",failed,2026-08-03,none
ORD_002792,TXN_002792,grocery,1489.48,"Address_7795, India",delivered,2026-04-12,requested
ORD_002793,TXN_002793,software,3726.65,"Address_3674, India",delivered,2026-02-19,requested
ORD_002794,TXN_002794,beauty,2519.21,"Address_4865, India",delivered,2026-03-14,none
ORD_002795,TXN_002795,home,3833.91,"Address_6578, India",delivered,2026-06-22,none
ORD_002796,TXN_002796,beauty,3675.29,"Address_4372, India",failed,2026-04-01,processed
ORD_002797,TXN_002797,software,3716.94,"Address_6642, India",delivered,2026-06-02,requested
ORD_002798,TXN_002798,travel,2893.78,"Address_1536, India",delivered,2026-04-09,none
ORD_002799,TXN_002799,beauty,2007.0,"Address_1290, India",delivered,2026-05-30,requested
ORD_002800,TXN_002800,home,13637.44,"Address_2321, India",delivered,2026-02-12,none
ORD_002801,TXN_002801,beauty,7862.89,"Address_5852, India",delivered,2026-05-01,none
ORD_002802,TXN_002802,fashion,1512.74,"Address_7333, India",failed,2026-03-17,none
ORD_002803,TXN_002803,home,1864.34,"Address_4657, India",delivered,2026-05-29,none
ORD_002804,TXN_002804,grocery,4118.53,"Address_2564, India",delivered,2026-01-29,none
ORD_002805,TXN_002805,beauty,3464.82,"Address_2199, India",delivered,2026-04-18,none
ORD_002806,TXN_002806,fashion,4304.34,"Address_4904, India",delivered,2026-06-28,processed
ORD_002807,TXN_002807,home,2234.36,"Address_7995, India",pending,2026-05-05,processed
ORD_002808,TXN_002808,software,1547.09,"Address_1818, India",pending,2026-01-24,requested
ORD_002809,TXN_002809,software,11404.76,"Address_5210, India",pending,2026-07-01,none
ORD_002810,TXN_002810,travel,9794.72,"Address_1847, India",delivered,2026-01-25,none
ORD_002811,TXN_002811,grocery,11514.74,"Address_1025, India",failed,2026-01-04,processed
ORD_002812,TXN_002812,grocery,3105.94,"Address_5045, India",pending,2026-02-02,processed
ORD_002813,TXN_002813,fashion,2221.39,"Address_7459, India",delivered,2026-07-28,none
ORD_002814,TXN_002814,software,2579.55,"Address_9949, India",pending,2026-06-29,requested
ORD_002815,TXN_002815,travel,3689.3,"Address_6665, India",delivered,2026-07-19,none
ORD_002816,TXN_002816,fashion,900.18,"Address_3183, India",delivered,2026-04-08,processed
ORD_002817,TXN_002817,fashion,7287.21,"Address_3124, India",delivered,2026-08-17,none
ORD_002818,TXN_002818,grocery,10449.99,"Address_9069, India",pending,2026-02-16,none
ORD_002819,TXN_002819,home,1167.46,"Address_8474, India",delivered,2026-01-15,requested
ORD_002820,TXN_002820,software,1798.96,"Address_6555, India",delivered,2026-05-19,none
ORD_002821,TXN_002821,software,7537.87,"Address_9538, India",failed,2026-06-08,none
ORD_002822,TXN_002822,electronics,7284.1,"Address_2635, India",delivered,2026-03-17,none
ORD_002823,TXN_002823,home,2592.06,"Address_1570, India",delivered,2026-05-18,requested
ORD_002824,TXN_002824,fashion,12163.01,"Address_9703, India",delivered,2026-02-16,requested
ORD_002825,TXN_002825,software,2116.25,"Address_9752, India",pending,2026-03-01,processed
ORD_002826,TXN_002826,travel,1495.54,"Address_5878, India",delivered,2026-02-11,none
ORD_002827,TXN_002827,travel,1930.84,"Address_5675, India",pending,2026-03-16,processed
ORD_002828,TXN_002828,travel,2004.96,"Address_5040, India",delivered,2026-07-13,processed
ORD_002829,TXN_002829,travel,11537.46,"Address_6096, India",pending,2026-04-10,requested
ORD_002830,TXN_002830,electronics,6536.22,"Address_7280, India",failed,2026-07-14,none
ORD_002831,TXN_002831,software,2698.9,"Address_3910, India",failed,2026-01-16,none
ORD_002832,TXN_002832,fashion,2202.13,"Address_1894, India",delivered,2026-02-06,none
ORD_002833,TXN_002833,home,1862.05,"Address_2330, India",pending,2026-07-04,requested
ORD_002834,TXN_002834,beauty,3240.62,"Address_5748, India",pending,2026-01-17,requested
ORD_002835,TXN_002835,software,13943.37,"Address_8409, India",failed,2026-08-21,none
ORD_002836,TXN_002836,beauty,16179.86,"Address_9466, India",pending,2026-02-22,requested
ORD_002837,TXN_002837,software,10599.76,"Address_2284, India",delivered,2026-03-08,processed
ORD_002838,TXN_002838,grocery,3323.18,"Address_5760, India",delivered,2026-04-19,processed
ORD_002839,TXN_002839,fashion,2531.53,"Address_2059, India",delivered,2026-07-01,processed
ORD_002840,TXN_002840,grocery,24489.87,"Address_8179, India",delivered,2026-04-19,none
ORD_002841,TXN_002841,software,2434.07,"Address_1846, India",delivered,2026-08-15,none
ORD_002842,TXN_002842,home,6407.49,"Address_4502, India",pending,2026-03-01,processed
ORD_002843,TXN_002843,home,3523.59,"Address_3255, India",pending,2026-08-10,none
ORD_002844,TXN_002844,beauty,3337.61,"Address_7210, India",delivered,2026-04-14,processed
ORD_002845,TXN_002845,beauty,2822.12,"Address_9084, India",pending,2026-07-30,none
ORD_002846,TXN_002846,software,4205.49,"Address_8842, India",failed,2026-01-10,none
ORD_002847,TXN_002847,travel,2684.54,"Address_3214, India",delivered,2026-08-16,processed
ORD_002848,TXN_002848,software,10894.35,"Address_3020, India",delivered,2026-07-19,none
ORD_002849,TXN_002849,electronics,6195.98,"Address_5186, India",delivered,2026-02-14,requested
ORD_002850,TXN_002850,software,1050.59,"Address_7819, India",failed,2026-01-17,requested
ORD_002851,TXN_002851,fashion,2557.87,"Address_6238, India",delivered,2026-06-20,requested
ORD_002852,TXN_002852,grocery,6612.92,"Address_6573, India",delivered,2026-02-23,processed
ORD_002853,TXN_002853,travel,3346.34,"Address_1700, India",failed,2026-06-01,requested
ORD_002854,TXN_002854,home,1458.31,"Address_2608, India",delivered,2026-06-21,processed
ORD_002855,TXN_002855,electronics,7494.97,"Address_1025, India",delivered,2026-02-09,none
ORD_002856,TXN_002856,beauty,11993.72,"Address_8925, India",delivered,2026-08-17,none
ORD_002857,TXN_002857,software,2118.74,"Address_3858, India",pending,2026-03-14,none
ORD_002858,TXN_002858,software,4164.02,"Address_7456, India",pending,2026-08-04,none
ORD_002859,TXN_002859,beauty,2259.77,"Address_5872, India",failed,2026-01-28,none
ORD_002860,TXN_002860,grocery,4803.34,"Address_2883, India",pending,2026-01-27,processed
ORD_002861,TXN_002861,home,5245.73,"Address_3544, India",delivered,2026-07-06,none
ORD_002862,TXN_002862,software,2662.45,"Address_4557, India",delivered,2026-05-29,none
ORD_002863,TXN_002863,grocery,793.25,"Address_4801, India",pending,2026-05-28,none
ORD_002864,TXN_002864,software,1031.52,"Address_8331, India",pending,2026-05-02,requested
ORD_002865,TXN_002865,fashion,4010.25,"Address_5107, India",delivered,2026-04-08,none
ORD_002866,TXN_002866,beauty,11905.03,"Address_8898, India",delivered,2026-02-22,none
ORD_002867,TXN_002867,software,2562.62,"Address_2140, India",delivered,2026-07-03,processed
ORD_002868,TXN_002868,home,3795.18,"Address_2509, India",delivered,2026-04-07,requested
ORD_002869,TXN_002869,home,11251.05,"Address_2229, India",delivered,2026-07-03,processed
ORD_002870,TXN_002870,electronics,1870.62,"Address_7765, India",delivered,2026-04-19,processed
ORD_002871,TXN_002871,beauty,1459.45,"Address_1577, India",pending,2026-03-10,none
ORD_002872,TXN_002872,home,4387.25,"Address_7439, India",pending,2026-08-13,requested
ORD_002873,TXN_002873,travel,1481.41,"Address_5472, India",pending,2026-07-20,none
ORD_002874,TXN_002874,home,4570.74,"Address_2961, India",delivered,2026-03-16,none
ORD_002875,TXN_002875,grocery,5963.12,"Address_7390, India",pending,2026-03-20,none
ORD_002876,TXN_002876,travel,9339.84,"Address_1826, India",delivered,2026-05-29,none
ORD_002877,TXN_002877,travel,5327.36,"Address_4231, India",pending,2026-08-04,processed
ORD_002878,TXN_002878,grocery,5508.73,"Address_3365, India",delivered,2026-02-09,processed
ORD_002879,TXN_002879,home,4734.76,"Address_7221, India",pending,2026-04-14,none
ORD_002880,TXN_002880,software,3508.16,"Address_1172, India",pending,2026-08-12,none
ORD_002881,TXN_002881,software,4530.48,"Address_1907, India",pending,2026-02-06,processed
ORD_002882,TXN_002882,software,2897.24,"Address_4669, India",failed,2026-02-03,requested
ORD_002883,TXN_002883,travel,3540.18,"Address_7324, India",delivered,2026-08-03,requested
ORD_002884,TXN_002884,software,2325.19,"Address_2179, India",delivered,2026-06-22,requested
ORD_002885,TXN_002885,electronics,2602.84,"Address_5264, India",failed,2026-08-04,processed
ORD_002886,TXN_002886,fashion,720.24,"Address_7633, India",delivered,2026-02-25,processed
ORD_002887,TXN_002887,home,1265.76,"Address_3884, India",pending,2026-03-01,requested
ORD_002888,TXN_002888,software,1367.99,"Address_5884, India",delivered,2026-01-10,processed
ORD_002889,TXN_002889,travel,1217.91,"Address_1626, India",failed,2026-02-15,none
ORD_002890,TXN_002890,software,1067.85,"Address_6519, India",pending,2026-07-10,none
ORD_002891,TXN_002891,electronics,3940.21,"Address_2010, India",pending,2026-03-25,requested
ORD_002892,TXN_002892,fashion,4467.47,"Address_2935, India",delivered,2026-07-12,none
ORD_002893,TXN_002893,home,1366.92,"Address_5243, India",delivered,2026-03-12,processed
ORD_002894,TXN_002894,home,995.75,"Address_1908, India",delivered,2026-05-15,processed
ORD_002895,TXN_002895,electronics,1580.4,"Address_2481, India",delivered,2026-07-03,none
ORD_002896,TXN_002896,travel,9404.45,"Address_4201, India",pending,2026-04-30,none
ORD_002897,TXN_002897,beauty,8087.43,"Address_7809, India",delivered,2026-04-23,requested
ORD_002898,TXN_002898,software,21679.86,"Address_3673, India",failed,2026-02-22,processed
ORD_002899,TXN_002899,software,9693.9,"Address_9914, India",pending,2026-01-20,requested
ORD_002900,TXN_002900,home,4145.82,"Address_2002, India",delivered,2026-05-21,none
ORD_002901,TXN_002901,beauty,1157.16,"Address_1605, India",pending,2026-06-17,none
ORD_002902,TXN_002902,software,3334.72,"Address_7294, India",failed,2026-05-11,processed
ORD_002903,TXN_002903,electronics,4563.1,"Address_6335, India",delivered,2026-02-23,processed
ORD_002904,TXN_002904,fashion,2714.55,"Address_8835, India",delivered,2026-02-01,none
ORD_002905,TXN_002905,beauty,3315.81,"Address_5051, India",delivered,2026-03-07,none
ORD_002906,TXN_002906,fashion,1836.42,"Address_3108, India",pending,2026-07-31,processed
ORD_002907,TXN_002907,fashion,2266.74,"Address_8716, India",delivered,2026-02-24,none
ORD_002908,TXN_002908,fashion,1923.58,"Address_2054, India",delivered,2026-04-03,processed
ORD_002909,TXN_002909,travel,4240.82,"Address_9777, India",delivered,2026-02-16,none
ORD_002910,TXN_002910,home,1256.07,"Address_8897, India",delivered,2026-07-26,none
ORD_002911,TXN_002911,software,4075.94,"Address_2104, India",failed,2026-06-10,none
ORD_002912,TXN_002912,software,4692.89,"Address_7134, India",delivered,2026-02-19,processed
ORD_002913,TXN_002913,grocery,4198.43,"Address_7777, India",delivered,2026-02-22,requested
ORD_002914,TXN_002914,software,7385.54,"Address_6973, India",delivered,2026-08-12,processed
ORD_002915,TXN_002915,fashion,9847.77,"Address_3541, India",delivered,2026-02-09,none
ORD_002916,TXN_002916,grocery,2236.0,"Address_3124, India",failed,2026-05-13,processed
ORD_002917,TXN_002917,home,2388.57,"Address_1423, India",pending,2026-01-26,none
ORD_002918,TXN_002918,travel,429.27,"Address_3479, India",delivered,2026-02-22,none
ORD_002919,TXN_002919,beauty,3882.82,"Address_4650, India",delivered,2026-07-29,none
ORD_002920,TXN_002920,beauty,1353.88,"Address_8189, India",failed,2026-01-31,requested
ORD_002921,TXN_002921,electronics,14992.93,"Address_7136, India",delivered,2026-04-15,processed
ORD_002922,TXN_002922,software,3105.66,"Address_7716, India",delivered,2026-03-02,none
ORD_002923,TXN_002923,home,4572.77,"Address_9622, India",delivered,2026-07-08,requested
ORD_002924,TXN_002924,grocery,5366.36,"Address_7756, India",delivered,2026-02-27,none
ORD_002925,TXN_002925,grocery,2039.71,"Address_1554, India",pending,2026-02-13,none
ORD_002926,TXN_002926,beauty,4657.61,"Address_5020, India",delivered,2026-02-13,none
ORD_002927,TXN_002927,electronics,5991.38,"Address_6790, India",delivered,2026-07-18,processed
ORD_002928,TXN_002928,electronics,4376.56,"Address_9844, India",pending,2026-05-27,requested
ORD_002929,TXN_002929,software,562.15,"Address_6087, India",delivered,2026-04-21,none
ORD_002930,TXN_002930,software,4235.63,"Address_6544, India",failed,2026-03-29,none
ORD_002931,TXN_002931,grocery,6185.93,"Address_9679, India",delivered,2026-04-11,none
ORD_002932,TXN_002932,beauty,2208.32,"Address_7888, India",pending,2026-08-12,requested
ORD_002933,TXN_002933,travel,2011.54,"Address_5259, India",delivered,2026-06-29,requested
ORD_002934,TXN_002934,electronics,2785.18,"Address_4475, India",pending,2026-01-07,processed
ORD_002935,TXN_002935,home,5169.99,"Address_7175, India",delivered,2026-03-27,requested
ORD_002936,TXN_002936,travel,2797.99,"Address_5844, India",pending,2026-06-25,none
ORD_002937,TXN_002937,fashion,4319.66,"Address_4592, India",delivered,2026-04-16,requested
ORD_002938,TXN_002938,home,3606.12,"Address_5530, India",failed,2026-03-04,none
ORD_002939,TXN_002939,fashion,4065.53,"Address_8856, India",failed,2026-03-29,none
ORD_002940,TXN_002940,fashion,3084.76,"Address_8051, India",delivered,2026-03-28,none
ORD_002941,TXN_002941,beauty,1924.98,"Address_2216, India",delivered,2026-04-06,none
ORD_002942,TXN_002942,fashion,2685.99,"Address_8944, India",delivered,2026-01-21,processed
ORD_002943,TXN_002943,software,3478.74,"Address_9171, India",delivered,2026-03-14,none
ORD_002944,TXN_002944,electronics,8750.34,"Address_6294, India",delivered,2026-06-02,processed
ORD_002945,TXN_002945,grocery,1588.93,"Address_1142, India",delivered,2026-05-14,none
ORD_002946,TXN_002946,grocery,8850.52,"Address_8753, India",delivered,2026-08-01,requested
ORD_002947,TXN_002947,electronics,34279.99,"Address_8834, India",failed,2026-02-17,none
ORD_002948,TXN_002948,beauty,3087.54,"Address_2245, India",delivered,2026-01-22,processed
ORD_002949,TXN_002949,home,1524.1,"Address_8387, India",delivered,2026-02-12,requested
ORD_002950,TXN_002950,electronics,6535.55,"Address_9726, India",delivered,2026-03-09,none
ORD_002951,TXN_002951,beauty,3763.02,"Address_2525, India",pending,2026-06-02,none
ORD_002952,TXN_002952,home,1597.57,"Address_4798, India",pending,2026-05-18,none
ORD_002953,TXN_002953,fashion,1123.39,"Address_8228, India",failed,2026-04-25,none
ORD_002954,TXN_002954,beauty,3872.8,"Address_8379, India",delivered,2026-07-29,processed
ORD_002955,TXN_002955,software,4713.59,"Address_6674, India",delivered,2026-06-26,none
ORD_002956,TXN_002956,fashion,7047.57,"Address_2855, India",failed,2026-05-21,none
ORD_002957,TXN_002957,grocery,11550.64,"Address_5324, India",failed,2026-08-08,none
ORD_002958,TXN_002958,home,2165.75,"Address_4983, India",failed,2026-06-07,none
ORD_002959,TXN_002959,grocery,4949.09,"Address_8846, India",delivered,2026-02-22,requested
ORD_002960,TXN_002960,home,5420.46,"Address_5549, India",delivered,2026-02-05,none
ORD_002961,TXN_002961,electronics,5810.13,"Address_3320, India",delivered,2026-06-05,none
ORD_002962,TXN_002962,beauty,9745.51,"Address_8456, India",pending,2026-05-08,requested
ORD_002963,TXN_002963,travel,2405.38,"Address_2191, India",failed,2026-06-14,processed
ORD_002964,TXN_002964,travel,6658.94,"Address_9505, India",pending,2026-07-05,none
ORD_002965,TXN_002965,home,3557.64,"Address_9812, India",delivered,2026-05-26,none
ORD_002966,TXN_002966,travel,1139.18,"Address_1663, India",delivered,2026-05-21,none
ORD_002967,TXN_002967,beauty,8543.08,"Address_1201, India",delivered,2026-05-30,none
ORD_002968,TXN_002968,software,2029.94,"Address_2856, India",pending,2026-04-20,requested
ORD_002969,TXN_002969,grocery,3423.61,"Address_6969, India",delivered,2026-06-27,none
ORD_002970,TXN_002970,software,6522.47,"Address_2100, India",failed,2026-01-08,none
ORD_002971,TXN_002971,grocery,5157.27,"Address_4029, India",delivered,2026-07-02,none
ORD_002972,TXN_002972,travel,3139.95,"Address_8689, India",delivered,2026-06-02,none
ORD_002973,TXN_002973,beauty,808.83,"Address_4838, India",delivered,2026-06-08,requested
ORD_002974,TXN_002974,grocery,665.21,"Address_4878, India",delivered,2026-02-01,none
ORD_002975,TXN_002975,software,10407.45,"Address_7036, India",failed,2026-03-03,none
ORD_002976,TXN_002976,travel,6025.49,"Address_9875, India",delivered,2026-06-06,requested
ORD_002977,TXN_002977,travel,2599.87,"Address_3562, India",failed,2026-04-02,none
ORD_002978,TXN_002978,beauty,5352.14,"Address_7608, India",delivered,2026-05-04,requested
ORD_002979,TXN_002979,beauty,1778.08,"Address_9008, India",delivered,2026-03-08,requested
ORD_002980,TXN_002980,beauty,1789.4,"Address_3396, India",pending,2026-05-17,requested
ORD_002981,TXN_002981,travel,3866.14,"Address_7961, India",delivered,2026-04-17,processed
ORD_002982,TXN_002982,home,3450.53,"Address_8465, India",delivered,2026-07-17,processed
ORD_002983,TXN_002983,software,7713.7,"Address_5051, India",pending,2026-07-08,requested
ORD_002984,TXN_002984,home,1749.92,"Address_1446, India",failed,2026-02-05,processed
ORD_002985,TXN_002985,home,8887.12,"Address_9245, India",delivered,2026-08-05,none
ORD_002986,TXN_002986,travel,9516.05,"Address_1905, India",delivered,2026-03-17,none
ORD_002987,TXN_002987,software,4184.69,"Address_1759, India",pending,2026-01-11,none
ORD_002988,TXN_002988,beauty,1934.15,"Address_7549, India",delivered,2026-06-06,none
ORD_002989,TXN_002989,software,20104.37,"Address_2338, India",delivered,2026-07-09,processed
ORD_002990,TXN_002990,fashion,2189.41,"Address_3981, India",delivered,2026-06-18,none
ORD_002991,TXN_002991,fashion,6124.03,"Address_8350, India",failed,2026-01-29,none
ORD_002992,TXN_002992,grocery,5718.66,"Address_7321, India",delivered,2026-06-27,none
ORD_002993,TXN_002993,beauty,3307.71,"Address_5985, India",delivered,2026-05-09,none
ORD_002994,TXN_002994,home,5920.13,"Address_9189, India",delivered,2026-02-20,requested
ORD_002995,TXN_002995,home,5485.44,"Address_6234, India",delivered,2026-05-06,processed
ORD_002996,TXN_002996,travel,7320.57,"Address_8246, India",delivered,2026-01-06,none
ORD_002997,TXN_002997,beauty,4279.33,"Address_2483, India",failed,2026-04-28,processed
ORD_002998,TXN_002998,home,6612.71,"Address_1561, India",failed,2026-07-11,processed
ORD_002999,TXN_002999,grocery,1525.68,"Address_1117, India",pending,2026-07-11,none
ORD_003000,TXN_003000,travel,4437.05,"Address_4284, India",failed,2026-03-01,none
ORD_003001,TXN_003001,grocery,2904.8,"Address_4207, India",pending,2026-05-19,processed
ORD_003002,TXN_003002,software,17699.51,"Address_8818, India",delivered,2026-04-01,processed
ORD_003003,TXN_003003,fashion,13137.61,"Address_7077, India",delivered,2026-08-02,requested
ORD_003004,TXN_003004,software,20995.79,"Address_1393, India",delivered,2026-07-01,none
ORD_003005,TXN_003005,travel,5568.35,"Address_1744, India",pending,2026-07-03,requested
ORD_003006,TXN_003006,home,4443.57,"Address_3976, India",delivered,2026-01-29,none
ORD_003007,TXN_003007,beauty,2243.65,"Address_2749, India",delivered,2026-04-09,processed
ORD_003008,TXN_003008,fashion,2015.61,"Address_8371, India",delivered,2026-02-25,none
ORD_003009,TXN_003009,home,2182.7,"Address_9531, India",delivered,2026-01-11,requested
ORD_003010,TXN_003010,beauty,2100.01,"Address_3549, India",delivered,2026-03-19,processed
ORD_003011,TXN_003011,fashion,9731.45,"Address_6081, India",delivered,2026-06-19,requested
ORD_003012,TXN_003012,electronics,1115.25,"Address_8855, India",delivered,2026-06-20,requested
ORD_003013,TXN_003013,software,2335.52,"Address_4149, India",failed,2026-07-21,processed
ORD_003014,TXN_003014,grocery,3972.66,"Address_9694, India",delivered,2026-07-02,requested
ORD_003015,TXN_003015,beauty,2895.44,"Address_5273, India",failed,2026-01-15,requested
ORD_003016,TXN_003016,travel,3051.63,"Address_9452, India",delivered,2026-04-27,requested
ORD_003017,TXN_003017,fashion,9092.21,"Address_4259, India",failed,2026-02-22,requested
ORD_003018,TXN_003018,grocery,8113.88,"Address_7779, India",delivered,2026-01-19,requested
ORD_003019,TXN_003019,home,17068.72,"Address_7084, India",delivered,2026-01-18,none
ORD_003020,TXN_003020,home,2096.06,"Address_4989, India",delivered,2026-03-16,none
ORD_003021,TXN_003021,travel,7410.3,"Address_1049, India",delivered,2026-05-01,requested
ORD_003022,TXN_003022,home,3140.36,"Address_3143, India",delivered,2026-02-05,none
ORD_003023,TXN_003023,electronics,2761.99,"Address_3930, India",delivered,2026-01-11,processed
ORD_003024,TXN_003024,software,4104.26,"Address_9227, India",failed,2026-01-29,none
ORD_003025,TXN_003025,software,5657.36,"Address_9856, India",delivered,2026-01-13,none
ORD_003026,TXN_003026,beauty,2713.48,"Address_8332, India",delivered,2026-05-02,none
ORD_003027,TXN_003027,home,3639.87,"Address_9255, India",delivered,2026-06-28,none
ORD_003028,TXN_003028,travel,4150.8,"Address_8743, India",delivered,2026-04-24,processed
ORD_003029,TXN_003029,electronics,5899.5,"Address_3505, India",delivered,2026-06-07,none
ORD_003030,TXN_003030,travel,4344.2,"Address_5690, India",delivered,2026-02-17,none
ORD_003031,TXN_003031,travel,2174.88,"Address_8649, India",delivered,2026-01-26,none
ORD_003032,TXN_003032,electronics,3825.49,"Address_7653, India",pending,2026-07-18,processed
ORD_003033,TXN_003033,software,3341.04,"Address_2947, India",pending,2026-01-15,none
ORD_003034,TXN_003034,electronics,11873.9,"Address_6624, India",delivered,2026-01-18,requested
ORD_003035,TXN_003035,home,4922.01,"Address_2463, India",delivered,2026-07-30,none
ORD_003036,TXN_003036,electronics,4030.43,"Address_5513, India",pending,2026-02-17,none
ORD_003037,TXN_003037,electronics,2631.75,"Address_1689, India",delivered,2026-01-22,none
ORD_003038,TXN_003038,grocery,3019.65,"Address_5929, India",delivered,2026-05-05,processed
ORD_003039,TXN_003039,beauty,4901.21,"Address_3257, India",delivered,2026-03-30,requested
ORD_003040,TXN_003040,electronics,2987.89,"Address_7654, India",failed,2026-07-26,none
ORD_003041,TXN_003041,software,2613.9,"Address_7298, India",delivered,2026-04-08,none
ORD_003042,TXN_003042,beauty,2350.07,"Address_4964, India",delivered,2026-06-15,none
ORD_003043,TXN_003043,software,2661.6,"Address_9293, India",delivered,2026-02-22,none
ORD_003044,TXN_003044,travel,2609.14,"Address_7451, India",delivered,2026-07-30,none
ORD_003045,TXN_003045,home,2309.32,"Address_5798, India",pending,2026-03-16,none
ORD_003046,TXN_003046,grocery,1153.95,"Address_6944, India",delivered,2026-03-12,processed
ORD_003047,TXN_003047,software,9961.75,"Address_2593, India",pending,2026-07-24,processed
ORD_003048,TXN_003048,software,2133.73,"Address_4619, India",delivered,2026-01-26,none
ORD_003049,TXN_003049,travel,2172.37,"Address_5862, India",delivered,2026-05-15,none
ORD_003050,TXN_003050,software,24486.81,"Address_7667, India",pending,2026-07-02,none
ORD_003051,TXN_003051,software,6596.83,"Address_1577, India",delivered,2026-05-03,none
ORD_003052,TXN_003052,grocery,18333.89,"Address_6848, India",delivered,2026-07-29,processed
ORD_003053,TXN_003053,electronics,1851.51,"Address_5476, India",failed,2026-06-07,processed
ORD_003054,TXN_003054,travel,1728.86,"Address_7834, India",pending,2026-03-29,none
ORD_003055,TXN_003055,travel,5325.9,"Address_6180, India",delivered,2026-02-17,none
ORD_003056,TXN_003056,software,700.61,"Address_7168, India",delivered,2026-03-11,requested
ORD_003057,TXN_003057,electronics,3796.71,"Address_9224, India",pending,2026-01-08,none
ORD_003058,TXN_003058,home,1634.0,"Address_1227, India",failed,2026-02-03,none
ORD_003059,TXN_003059,home,2698.5,"Address_7656, India",failed,2026-06-30,none
ORD_003060,TXN_003060,fashion,1454.8,"Address_1291, India",delivered,2026-07-16,processed
ORD_003061,TXN_003061,grocery,1737.71,"Address_7221, India",failed,2026-03-18,none
ORD_003062,TXN_003062,beauty,15951.87,"Address_2571, India",delivered,2026-05-10,none
ORD_003063,TXN_003063,home,1277.14,"Address_5135, India",delivered,2026-05-02,requested
ORD_003064,TXN_003064,home,1206.41,"Address_3514, India",delivered,2026-06-11,none
ORD_003065,TXN_003065,electronics,2876.93,"Address_3536, India",delivered,2026-07-18,requested
ORD_003066,TXN_003066,electronics,15294.91,"Address_3084, India",pending,2026-05-12,processed
ORD_003067,TXN_003067,beauty,3854.1,"Address_8412, India",pending,2026-06-14,none
ORD_003068,TXN_003068,travel,3314.6,"Address_6810, India",pending,2026-04-24,processed
ORD_003069,TXN_003069,grocery,2908.93,"Address_9000, India",delivered,2026-05-11,none
ORD_003070,TXN_003070,beauty,2065.74,"Address_1981, India",failed,2026-04-08,processed
ORD_003071,TXN_003071,beauty,5456.68,"Address_8394, India",delivered,2026-08-19,none
ORD_003072,TXN_003072,software,3169.97,"Address_4612, India",delivered,2026-02-13,none
ORD_003073,TXN_003073,travel,3384.58,"Address_9127, India",delivered,2026-05-31,none
ORD_003074,TXN_003074,grocery,2531.78,"Address_3826, India",pending,2026-02-06,none
ORD_003075,TXN_003075,grocery,2276.41,"Address_5136, India",pending,2026-01-12,requested
ORD_003076,TXN_003076,grocery,1753.96,"Address_1604, India",delivered,2026-04-16,none
ORD_003077,TXN_003077,grocery,2734.96,"Address_4036, India",pending,2026-06-24,none
ORD_003078,TXN_003078,grocery,3792.31,"Address_9195, India",delivered,2026-07-10,requested
ORD_003079,TXN_003079,software,7366.13,"Address_5682, India",delivered,2026-04-10,none
ORD_003080,TXN_003080,software,7096.82,"Address_2876, India",delivered,2026-06-15,requested
ORD_003081,TXN_003081,beauty,6219.81,"Address_1729, India",delivered,2026-02-27,processed
ORD_003082,TXN_003082,home,2417.5,"Address_8021, India",delivered,2026-07-15,processed
ORD_003083,TXN_003083,fashion,7418.76,"Address_9971, India",delivered,2026-05-21,none
ORD_003084,TXN_003084,beauty,1276.76,"Address_7425, India",delivered,2026-02-21,none
ORD_003085,TXN_003085,grocery,1309.27,"Address_3844, India",pending,2026-04-12,requested
ORD_003086,TXN_003086,electronics,3599.98,"Address_8960, India",delivered,2026-05-24,none
ORD_003087,TXN_003087,grocery,3590.73,"Address_8152, India",delivered,2026-05-25,none
ORD_003088,TXN_003088,electronics,884.32,"Address_3791, India",pending,2026-02-02,none
ORD_003089,TXN_003089,fashion,2934.02,"Address_6772, India",delivered,2026-05-21,none
ORD_003090,TXN_003090,grocery,7140.61,"Address_6787, India",delivered,2026-07-16,none
ORD_003091,TXN_003091,beauty,2454.95,"Address_4235, India",delivered,2026-02-22,requested
ORD_003092,TXN_003092,software,1336.93,"Address_3497, India",delivered,2026-05-05,processed
ORD_003093,TXN_003093,grocery,5874.71,"Address_3013, India",delivered,2026-07-21,none
ORD_003094,TXN_003094,travel,1537.0,"Address_1145, India",failed,2026-07-17,none
ORD_003095,TXN_003095,grocery,5734.11,"Address_3171, India",delivered,2026-07-12,none
ORD_003096,TXN_003096,travel,925.79,"Address_8884, India",delivered,2026-01-30,none
ORD_003097,TXN_003097,home,1799.53,"Address_9866, India",failed,2026-01-26,none
ORD_003098,TXN_003098,beauty,1548.89,"Address_5487, India",failed,2026-06-28,none
ORD_003099,TXN_003099,home,1608.09,"Address_3561, India",pending,2026-06-07,none
ORD_003100,TXN_003100,home,8523.89,"Address_4082, India",delivered,2026-07-10,none
ORD_003101,TXN_003101,software,3078.28,"Address_4020, India",failed,2026-08-11,requested
ORD_003102,TXN_003102,beauty,4078.94,"Address_2725, India",delivered,2026-06-08,requested
ORD_003103,TXN_003103,home,3145.83,"Address_3594, India",pending,2026-05-14,none
ORD_003104,TXN_003104,fashion,3255.81,"Address_7708, India",delivered,2026-01-19,requested
ORD_003105,TXN_003105,software,6737.86,"Address_8037, India",pending,2026-01-09,requested
ORD_003106,TXN_003106,beauty,693.26,"Address_6500, India",failed,2026-04-07,processed
ORD_003107,TXN_003107,travel,4050.76,"Address_3025, India",failed,2026-02-25,none
ORD_003108,TXN_003108,travel,3727.71,"Address_7304, India",failed,2026-03-28,requested
ORD_003109,TXN_003109,travel,1763.95,"Address_5820, India",failed,2026-03-10,none
ORD_003110,TXN_003110,beauty,10738.23,"Address_5743, India",delivered,2026-07-01,processed
ORD_003111,TXN_003111,fashion,7314.82,"Address_2194, India",delivered,2026-06-22,requested
ORD_003112,TXN_003112,grocery,2961.7,"Address_9108, India",delivered,2026-05-24,requested
ORD_003113,TXN_003113,home,7296.15,"Address_9267, India",delivered,2026-03-10,processed
ORD_003114,TXN_003114,electronics,1942.65,"Address_6412, India",delivered,2026-08-18,requested
ORD_003115,TXN_003115,home,6395.78,"Address_9214, India",delivered,2026-04-22,none
ORD_003116,TXN_003116,electronics,4131.18,"Address_4135, India",delivered,2026-08-19,none
ORD_003117,TXN_003117,software,1419.16,"Address_4381, India",delivered,2026-01-31,requested
ORD_003118,TXN_003118,beauty,1565.17,"Address_1242, India",delivered,2026-07-20,none
ORD_003119,TXN_003119,electronics,1559.83,"Address_4397, India",failed,2026-02-15,processed
ORD_003120,TXN_003120,fashion,1107.36,"Address_4103, India",delivered,2026-02-10,none
ORD_003121,TXN_003121,travel,954.33,"Address_2570, India",failed,2026-04-30,none
ORD_003122,TXN_003122,home,3019.86,"Address_7599, India",delivered,2026-04-19,none
ORD_003123,TXN_003123,fashion,5446.61,"Address_5088, India",pending,2026-06-18,processed
ORD_003124,TXN_003124,electronics,1127.67,"Address_2953, India",failed,2026-08-02,processed
ORD_003125,TXN_003125,beauty,6863.62,"Address_6986, India",delivered,2026-05-15,none
ORD_003126,TXN_003126,grocery,2928.99,"Address_5522, India",delivered,2026-06-14,requested
ORD_003127,TXN_003127,beauty,1639.73,"Address_2544, India",delivered,2026-04-19,none
ORD_003128,TXN_003128,grocery,5885.89,"Address_2418, India",delivered,2026-04-06,none
ORD_003129,TXN_003129,electronics,13837.85,"Address_7186, India",pending,2026-04-01,processed
ORD_003130,TXN_003130,home,1207.61,"Address_4004, India",delivered,2026-07-09,requested
ORD_003131,TXN_003131,grocery,2350.6,"Address_1976, India",delivered,2026-07-02,none
ORD_003132,TXN_003132,fashion,9550.9,"Address_7723, India",delivered,2026-08-18,none
ORD_003133,TXN_003133,grocery,3945.34,"Address_9101, India",failed,2026-05-01,processed
ORD_003134,TXN_003134,fashion,3487.9,"Address_3369, India",delivered,2026-06-02,processed
ORD_003135,TXN_003135,software,2859.17,"Address_3398, India",pending,2026-06-10,none
ORD_003136,TXN_003136,travel,7685.89,"Address_5009, India",delivered,2026-07-16,requested
ORD_003137,TXN_003137,fashion,2937.01,"Address_2065, India",delivered,2026-08-14,none
ORD_003138,TXN_003138,electronics,40599.7,"Address_2267, India",delivered,2026-02-13,requested
ORD_003139,TXN_003139,travel,19416.67,"Address_9133, India",delivered,2026-01-21,none
ORD_003140,TXN_003140,software,21144.14,"Address_9576, India",delivered,2026-05-25,processed
ORD_003141,TXN_003141,beauty,2252.15,"Address_8825, India",delivered,2026-03-09,requested
ORD_003142,TXN_003142,beauty,18816.16,"Address_7482, India",pending,2026-01-23,none
ORD_003143,TXN_003143,beauty,1063.03,"Address_4513, India",pending,2026-05-04,none
ORD_003144,TXN_003144,travel,3401.43,"Address_7411, India",failed,2026-06-18,none
ORD_003145,TXN_003145,electronics,2846.97,"Address_5766, India",delivered,2026-05-22,none
ORD_003146,TXN_003146,home,2590.86,"Address_4210, India",delivered,2026-05-22,requested
ORD_003147,TXN_003147,electronics,11255.74,"Address_5596, India",delivered,2026-01-08,none
ORD_003148,TXN_003148,fashion,3276.14,"Address_1164, India",failed,2026-02-15,none
ORD_003149,TXN_003149,electronics,3166.16,"Address_6591, India",pending,2026-02-07,requested
ORD_003150,TXN_003150,travel,6931.34,"Address_1648, India",pending,2026-03-17,none
ORD_003151,TXN_003151,software,4490.83,"Address_5661, India",pending,2026-03-14,processed
ORD_003152,TXN_003152,travel,4329.62,"Address_6347, India",pending,2026-07-22,processed
ORD_003153,TXN_003153,software,1700.1,"Address_9753, India",failed,2026-06-01,none
ORD_003154,TXN_003154,electronics,3427.95,"Address_4785, India",delivered,2026-03-24,none
ORD_003155,TXN_003155,beauty,3966.45,"Address_2920, India",delivered,2026-05-24,none
ORD_003156,TXN_003156,beauty,3352.53,"Address_4394, India",delivered,2026-02-10,processed
ORD_003157,TXN_003157,home,3511.41,"Address_3861, India",delivered,2026-01-04,none
ORD_003158,TXN_003158,electronics,2878.6,"Address_5861, India",failed,2026-07-10,none
ORD_003159,TXN_003159,beauty,2690.61,"Address_5845, India",pending,2026-08-18,none
ORD_003160,TXN_003160,grocery,1224.02,"Address_4845, India",delivered,2026-04-15,processed
ORD_003161,TXN_003161,home,4028.21,"Address_6100, India",delivered,2026-07-21,none
ORD_003162,TXN_003162,home,10482.37,"Address_9946, India",delivered,2026-04-22,requested
ORD_003163,TXN_003163,travel,2956.24,"Address_3845, India",delivered,2026-07-11,requested
ORD_003164,TXN_003164,fashion,13627.36,"Address_7550, India",pending,2026-02-16,processed
ORD_003165,TXN_003165,fashion,3116.24,"Address_8832, India",delivered,2026-06-14,none
ORD_003166,TXN_003166,software,290.12,"Address_1279, India",delivered,2026-01-20,none
ORD_003167,TXN_003167,beauty,1589.24,"Address_4997, India",failed,2026-03-10,none
ORD_003168,TXN_003168,electronics,10781.14,"Address_1223, India",pending,2026-03-18,requested
ORD_003169,TXN_003169,electronics,11346.29,"Address_1888, India",delivered,2026-07-30,requested
ORD_003170,TXN_003170,travel,1788.25,"Address_3372, India",delivered,2026-04-13,none
ORD_003171,TXN_003171,travel,6644.01,"Address_4719, India",delivered,2026-04-04,processed
ORD_003172,TXN_003172,electronics,5751.9,"Address_5632, India",delivered,2026-04-21,none
ORD_003173,TXN_003173,electronics,2492.48,"Address_7140, India",pending,2026-06-10,requested
ORD_003174,TXN_003174,grocery,4934.86,"Address_1301, India",delivered,2026-06-13,none
ORD_003175,TXN_003175,grocery,2775.15,"Address_7647, India",delivered,2026-05-09,processed
ORD_003176,TXN_003176,software,1808.6,"Address_4275, India",delivered,2026-05-22,none
ORD_003177,TXN_003177,electronics,873.31,"Address_8123, India",delivered,2026-03-01,requested
ORD_003178,TXN_003178,electronics,2467.58,"Address_4392, India",delivered,2026-08-10,none
ORD_003179,TXN_003179,fashion,7267.78,"Address_7329, India",pending,2026-05-13,none
ORD_003180,TXN_003180,fashion,5957.58,"Address_2916, India",pending,2026-07-07,none
ORD_003181,TXN_003181,electronics,2080.2,"Address_3558, India",delivered,2026-06-30,none
ORD_003182,TXN_003182,electronics,28968.62,"Address_8788, India",delivered,2026-02-08,requested
ORD_003183,TXN_003183,electronics,3681.71,"Address_5834, India",delivered,2026-03-06,none
ORD_003184,TXN_003184,electronics,1069.13,"Address_6479, India",delivered,2026-04-24,processed
ORD_003185,TXN_003185,grocery,9814.45,"Address_1472, India",failed,2026-05-24,processed
ORD_003186,TXN_003186,software,6110.39,"Address_1190, India",delivered,2026-02-20,none
ORD_003187,TXN_003187,home,10223.33,"Address_8224, India",delivered,2026-02-11,none
ORD_003188,TXN_003188,fashion,12279.17,"Address_7835, India",delivered,2026-05-12,processed
ORD_003189,TXN_003189,grocery,3655.39,"Address_2425, India",pending,2026-01-29,requested
ORD_003190,TXN_003190,fashion,4017.25,"Address_6922, India",delivered,2026-01-17,none
ORD_003191,TXN_003191,fashion,7113.01,"Address_1460, India",delivered,2026-01-30,none
ORD_003192,TXN_003192,travel,2498.94,"Address_9638, India",pending,2026-03-14,none
ORD_003193,TXN_003193,electronics,1737.83,"Address_7502, India",pending,2026-04-05,requested
ORD_003194,TXN_003194,electronics,7647.3,"Address_3761, India",delivered,2026-07-12,none
ORD_003195,TXN_003195,fashion,1811.14,"Address_7001, India",pending,2026-04-06,requested
ORD_003196,TXN_003196,grocery,2509.25,"Address_2329, India",delivered,2026-03-21,none
ORD_003197,TXN_003197,grocery,3304.82,"Address_8713, India",delivered,2026-05-10,none
ORD_003198,TXN_003198,fashion,3620.83,"Address_3476, India",delivered,2026-05-22,requested
ORD_003199,TXN_003199,travel,4951.9,"Address_9080, India",delivered,2026-06-28,requested
ORD_003200,TXN_003200,electronics,8118.52,"Address_6175, India",failed,2026-06-07,processed
ORD_003201,TXN_003201,beauty,2597.87,"Address_9586, India",failed,2026-05-09,none
ORD_003202,TXN_003202,home,1365.44,"Address_5084, India",delivered,2026-05-07,none
ORD_003203,TXN_003203,grocery,8010.22,"Address_2856, India",delivered,2026-08-01,none
ORD_003204,TXN_003204,fashion,3466.23,"Address_5310, India",delivered,2026-03-24,none
ORD_003205,TXN_003205,software,6360.07,"Address_9204, India",delivered,2026-04-18,none
ORD_003206,TXN_003206,home,5482.67,"Address_8202, India",delivered,2026-05-05,none
ORD_003207,TXN_003207,home,2092.11,"Address_2218, India",pending,2026-08-17,none
ORD_003208,TXN_003208,electronics,4063.76,"Address_1008, India",pending,2026-02-22,processed
ORD_003209,TXN_003209,grocery,8882.07,"Address_6083, India",delivered,2026-01-29,none
ORD_003210,TXN_003210,beauty,5964.56,"Address_6765, India",pending,2026-06-07,none
ORD_003211,TXN_003211,fashion,2813.65,"Address_5164, India",delivered,2026-02-24,none
ORD_003212,TXN_003212,home,2493.4,"Address_7607, India",delivered,2026-06-01,none
ORD_003213,TXN_003213,home,10822.08,"Address_2708, India",delivered,2026-03-15,none
ORD_003214,TXN_003214,electronics,6385.09,"Address_2696, India",delivered,2026-06-01,none
ORD_003215,TXN_003215,beauty,6260.49,"Address_4631, India",delivered,2026-05-23,processed
ORD_003216,TXN_003216,software,6172.22,"Address_2439, India",pending,2026-01-07,none
ORD_003217,TXN_003217,fashion,4857.46,"Address_6208, India",pending,2026-07-05,requested
ORD_003218,TXN_003218,grocery,22793.26,"Address_7912, India",delivered,2026-03-17,none
ORD_003219,TXN_003219,electronics,5842.07,"Address_2045, India",delivered,2026-04-13,none
ORD_003220,TXN_003220,travel,4277.3,"Address_7534, India",delivered,2026-07-11,requested
ORD_003221,TXN_003221,beauty,2780.05,"Address_3433, India",delivered,2026-05-25,none
ORD_003222,TXN_003222,home,2486.14,"Address_5590, India",delivered,2026-04-03,none
ORD_003223,TXN_003223,grocery,2636.05,"Address_2142, India",delivered,2026-02-18,requested
ORD_003224,TXN_003224,grocery,2824.92,"Address_5778, India",pending,2026-05-03,none
ORD_003225,TXN_003225,grocery,7845.92,"Address_9653, India",delivered,2026-05-21,none
ORD_003226,TXN_003226,travel,1913.06,"Address_2023, India",pending,2026-01-07,none
ORD_003227,TXN_003227,software,1444.21,"Address_2200, India",delivered,2026-07-31,processed
ORD_003228,TXN_003228,grocery,6971.35,"Address_7559, India",delivered,2026-05-10,processed
ORD_003229,TXN_003229,travel,8799.95,"Address_6696, India",delivered,2026-01-28,none
ORD_003230,TXN_003230,beauty,778.96,"Address_3438, India",delivered,2026-02-26,requested
ORD_003231,TXN_003231,home,1963.23,"Address_6219, India",delivered,2026-07-19,requested
ORD_003232,TXN_003232,grocery,7142.43,"Address_7958, India",delivered,2026-08-05,none
ORD_003233,TXN_003233,travel,7237.03,"Address_4827, India",delivered,2026-01-07,none
ORD_003234,TXN_003234,beauty,1084.6,"Address_6152, India",delivered,2026-05-04,none
ORD_003235,TXN_003235,travel,1559.59,"Address_6301, India",delivered,2026-05-25,none
ORD_003236,TXN_003236,software,4183.15,"Address_4492, India",pending,2026-03-04,none
ORD_003237,TXN_003237,fashion,2131.23,"Address_5761, India",pending,2026-07-16,none
ORD_003238,TXN_003238,software,2956.4,"Address_2723, India",delivered,2026-02-23,processed
ORD_003239,TXN_003239,beauty,5423.42,"Address_1745, India",pending,2026-02-06,requested
ORD_003240,TXN_003240,beauty,5167.94,"Address_6263, India",pending,2026-08-14,requested
ORD_003241,TXN_003241,electronics,754.95,"Address_2826, India",failed,2026-06-22,processed
ORD_003242,TXN_003242,fashion,568.52,"Address_1224, India",delivered,2026-07-06,none
ORD_003243,TXN_003243,software,5390.44,"Address_5559, India",delivered,2026-06-30,none
ORD_003244,TXN_003244,travel,2425.49,"Address_9164, India",delivered,2026-01-13,none
ORD_003245,TXN_003245,software,2941.96,"Address_4651, India",delivered,2026-03-24,processed
ORD_003246,TXN_003246,home,2638.29,"Address_5073, India",pending,2026-01-25,processed
ORD_003247,TXN_003247,home,4364.13,"Address_1564, India",delivered,2026-07-19,requested
ORD_003248,TXN_003248,beauty,3986.96,"Address_6902, India",delivered,2026-03-04,none
ORD_003249,TXN_003249,travel,11845.91,"Address_4955, India",delivered,2026-03-01,requested
ORD_003250,TXN_003250,travel,11420.21,"Address_6239, India",delivered,2026-07-03,none
ORD_003251,TXN_003251,travel,6100.32,"Address_4510, India",pending,2026-08-13,none
ORD_003252,TXN_003252,software,1663.75,"Address_2893, India",failed,2026-04-29,processed
ORD_003253,TXN_003253,home,4880.41,"Address_8334, India",delivered,2026-08-15,none
ORD_003254,TXN_003254,software,5388.54,"Address_6873, India",delivered,2026-05-10,none
ORD_003255,TXN_003255,grocery,3214.15,"Address_6804, India",delivered,2026-01-31,none
ORD_003256,TXN_003256,home,3745.5,"Address_3509, India",failed,2026-06-24,processed
ORD_003257,TXN_003257,grocery,2096.08,"Address_8322, India",delivered,2026-05-05,requested
ORD_003258,TXN_003258,beauty,4420.87,"Address_1813, India",pending,2026-08-09,processed
ORD_003259,TXN_003259,beauty,8817.42,"Address_3816, India",delivered,2026-04-16,requested
ORD_003260,TXN_003260,software,2119.37,"Address_2554, India",delivered,2026-02-20,none
ORD_003261,TXN_003261,travel,2542.43,"Address_5413, India",delivered,2026-01-25,requested
ORD_003262,TXN_003262,fashion,2543.02,"Address_8994, India",failed,2026-06-15,processed
ORD_003263,TXN_003263,electronics,1181.85,"Address_9364, India",failed,2026-04-02,none
ORD_003264,TXN_003264,home,10043.14,"Address_9229, India",delivered,2026-04-07,none
ORD_003265,TXN_003265,fashion,2984.95,"Address_2929, India",pending,2026-05-25,none
ORD_003266,TXN_003266,beauty,4545.9,"Address_3286, India",failed,2026-01-05,none
ORD_003267,TXN_003267,fashion,6831.49,"Address_4955, India",delivered,2026-02-25,none
ORD_003268,TXN_003268,home,1582.63,"Address_8963, India",pending,2026-03-11,none
ORD_003269,TXN_003269,electronics,6452.21,"Address_4509, India",failed,2026-05-23,none
ORD_003270,TXN_003270,travel,16524.82,"Address_8027, India",delivered,2026-06-01,none
ORD_003271,TXN_003271,software,5967.63,"Address_8544, India",delivered,2026-04-16,none
ORD_003272,TXN_003272,fashion,1281.92,"Address_5575, India",delivered,2026-02-18,requested
ORD_003273,TXN_003273,fashion,2769.83,"Address_3358, India",delivered,2026-07-16,requested
ORD_003274,TXN_003274,fashion,3949.12,"Address_9029, India",delivered,2026-08-03,none
ORD_003275,TXN_003275,software,9660.18,"Address_6071, India",delivered,2026-02-02,processed
ORD_003276,TXN_003276,grocery,927.62,"Address_4033, India",delivered,2026-06-18,processed
ORD_003277,TXN_003277,fashion,2663.5,"Address_8883, India",delivered,2026-08-04,none
ORD_003278,TXN_003278,software,1761.88,"Address_9326, India",pending,2026-02-24,processed
ORD_003279,TXN_003279,software,2201.72,"Address_5710, India",delivered,2026-05-04,none
ORD_003280,TXN_003280,travel,12336.71,"Address_6395, India",failed,2026-07-09,none
ORD_003281,TXN_003281,fashion,3060.63,"Address_1035, India",failed,2026-07-17,none
ORD_003282,TXN_003282,software,11122.02,"Address_9968, India",pending,2026-01-29,processed
ORD_003283,TXN_003283,travel,8032.18,"Address_4665, India",pending,2026-06-12,none
ORD_003284,TXN_003284,home,1903.43,"Address_4454, India",pending,2026-08-05,none
ORD_003285,TXN_003285,home,21375.53,"Address_3440, India",delivered,2026-02-07,none
ORD_003286,TXN_003286,home,708.64,"Address_2170, India",delivered,2026-07-26,none
ORD_003287,TXN_003287,electronics,4434.43,"Address_4921, India",delivered,2026-06-18,none
ORD_003288,TXN_003288,software,3179.22,"Address_2206, India",delivered,2026-01-15,none
ORD_003289,TXN_003289,electronics,9309.89,"Address_2751, India",delivered,2026-01-06,none
ORD_003290,TXN_003290,fashion,904.92,"Address_7110, India",delivered,2026-01-17,none
ORD_003291,TXN_003291,home,1121.32,"Address_5569, India",failed,2026-03-04,none
ORD_003292,TXN_003292,software,1962.47,"Address_2697, India",delivered,2026-08-06,none
ORD_003293,TXN_003293,travel,1430.99,"Address_3066, India",delivered,2026-07-04,none
ORD_003294,TXN_003294,electronics,4704.85,"Address_8931, India",delivered,2026-02-11,none
ORD_003295,TXN_003295,software,2476.0,"Address_8774, India",delivered,2026-07-13,processed
ORD_003296,TXN_003296,grocery,5485.75,"Address_4394, India",failed,2026-08-17,none
ORD_003297,TXN_003297,fashion,13862.04,"Address_8864, India",delivered,2026-04-11,none
ORD_003298,TXN_003298,beauty,3567.07,"Address_8202, India",failed,2026-02-19,requested
ORD_003299,TXN_003299,beauty,1835.84,"Address_3776, India",delivered,2026-02-16,none
ORD_003300,TXN_003300,home,6453.87,"Address_4044, India",delivered,2026-08-05,none
ORD_003301,TXN_003301,beauty,788.53,"Address_1106, India",failed,2026-04-15,processed
ORD_003302,TXN_003302,fashion,6577.01,"Address_8313, India",delivered,2026-02-28,none
ORD_003303,TXN_003303,beauty,5113.72,"Address_4799, India",delivered,2026-05-24,processed
ORD_003304,TXN_003304,grocery,1280.24,"Address_5422, India",failed,2026-01-20,processed
ORD_003305,TXN_003305,travel,3197.07,"Address_5036, India",failed,2026-03-28,none
ORD_003306,TXN_003306,home,3469.75,"Address_5559, India",pending,2026-01-24,none
ORD_003307,TXN_003307,beauty,7890.84,"Address_3020, India",delivered,2026-06-01,none
ORD_003308,TXN_003308,home,28535.08,"Address_2002, India",delivered,2026-05-07,none
ORD_003309,TXN_003309,home,2080.75,"Address_3769, India",delivered,2026-05-14,none
ORD_003310,TXN_003310,grocery,3574.84,"Address_6055, India",delivered,2026-01-08,requested
ORD_003311,TXN_003311,electronics,3631.04,"Address_1254, India",delivered,2026-05-01,none
ORD_003312,TXN_003312,grocery,542.05,"Address_9318, India",failed,2026-02-15,none
ORD_003313,TXN_003313,grocery,4974.48,"Address_2656, India",delivered,2026-05-26,processed
ORD_003314,TXN_003314,electronics,15269.06,"Address_3935, India",failed,2026-08-21,none
ORD_003315,TXN_003315,beauty,1823.28,"Address_6275, India",delivered,2026-02-24,none
ORD_003316,TXN_003316,software,1348.68,"Address_9764, India",delivered,2026-08-15,requested
ORD_003317,TXN_003317,beauty,9612.02,"Address_3719, India",delivered,2026-02-03,requested
ORD_003318,TXN_003318,software,22697.44,"Address_6801, India",delivered,2026-05-01,none
ORD_003319,TXN_003319,grocery,5314.79,"Address_7982, India",delivered,2026-01-15,none
ORD_003320,TXN_003320,travel,3686.67,"Address_4847, India",delivered,2026-08-14,none
ORD_003321,TXN_003321,home,1622.18,"Address_1264, India",pending,2026-01-28,requested
ORD_003322,TXN_003322,software,3428.07,"Address_9084, India",delivered,2026-02-22,requested
ORD_003323,TXN_003323,fashion,676.44,"Address_4816, India",delivered,2026-07-08,processed
ORD_003324,TXN_003324,travel,12103.43,"Address_2131, India",pending,2026-07-30,none
ORD_003325,TXN_003325,electronics,1938.74,"Address_6445, India",delivered,2026-01-12,none
ORD_003326,TXN_003326,electronics,3659.65,"Address_5012, India",pending,2026-03-24,none
ORD_003327,TXN_003327,travel,1679.66,"Address_4118, India",delivered,2026-04-21,none
ORD_003328,TXN_003328,fashion,2261.04,"Address_8989, India",pending,2026-07-09,none
ORD_003329,TXN_003329,home,2437.69,"Address_1137, India",delivered,2026-08-04,processed
ORD_003330,TXN_003330,software,4245.84,"Address_4460, India",delivered,2026-01-14,none
ORD_003331,TXN_003331,travel,7049.83,"Address_9822, India",failed,2026-06-22,none
ORD_003332,TXN_003332,electronics,1662.71,"Address_5698, India",delivered,2026-08-09,none
ORD_003333,TXN_003333,electronics,5995.97,"Address_8812, India",delivered,2026-08-21,none
ORD_003334,TXN_003334,home,4284.88,"Address_3990, India",delivered,2026-08-19,none
ORD_003335,TXN_003335,fashion,14515.28,"Address_5891, India",pending,2026-04-25,none
ORD_003336,TXN_003336,home,1065.08,"Address_4994, India",delivered,2026-04-11,none
ORD_003337,TXN_003337,electronics,4384.46,"Address_7956, India",delivered,2026-03-17,none
ORD_003338,TXN_003338,beauty,2315.01,"Address_1394, India",delivered,2026-05-17,none
ORD_003339,TXN_003339,home,6658.15,"Address_8227, India",failed,2026-01-29,none
ORD_003340,TXN_003340,fashion,897.32,"Address_1396, India",pending,2026-06-10,none
ORD_003341,TXN_003341,beauty,4603.6,"Address_6662, India",pending,2026-01-17,processed
ORD_003342,TXN_003342,electronics,2619.06,"Address_4836, India",delivered,2026-08-05,none
ORD_003343,TXN_003343,electronics,720.16,"Address_9800, India",delivered,2026-08-07,processed
ORD_003344,TXN_003344,travel,18558.59,"Address_7789, India",failed,2026-05-26,none
ORD_003345,TXN_003345,grocery,15023.91,"Address_6272, India",pending,2026-01-14,requested
ORD_003346,TXN_003346,software,2281.18,"Address_9824, India",delivered,2026-05-23,requested
ORD_003347,TXN_003347,grocery,6168.74,"Address_5823, India",delivered,2026-02-18,none
ORD_003348,TXN_003348,grocery,1182.94,"Address_1909, India",delivered,2026-02-13,none
ORD_003349,TXN_003349,software,1477.18,"Address_6338, India",pending,2026-08-14,none
ORD_003350,TXN_003350,electronics,7674.92,"Address_3855, India",delivered,2026-08-14,requested
ORD_003351,TXN_003351,software,1769.41,"Address_9166, India",delivered,2026-01-11,processed
ORD_003352,TXN_003352,software,5499.15,"Address_4976, India",delivered,2026-07-11,none
ORD_003353,TXN_003353,fashion,1616.36,"Address_5218, India",delivered,2026-02-01,none
ORD_003354,TXN_003354,grocery,1393.95,"Address_9828, India",delivered,2026-05-31,requested
ORD_003355,TXN_003355,electronics,5227.23,"Address_2182, India",delivered,2026-04-21,none
ORD_003356,TXN_003356,home,2781.13,"Address_6887, India",delivered,2026-04-14,none
ORD_003357,TXN_003357,electronics,2224.91,"Address_1803, India",delivered,2026-02-22,none
ORD_003358,TXN_003358,electronics,2570.68,"Address_1368, India",delivered,2026-01-18,requested
ORD_003359,TXN_003359,grocery,649.69,"Address_6878, India",delivered,2026-03-23,requested
ORD_003360,TXN_003360,home,5492.99,"Address_9657, India",delivered,2026-04-13,processed
ORD_003361,TXN_003361,travel,3021.7,"Address_8220, India",delivered,2026-06-04,none
ORD_003362,TXN_003362,home,2564.57,"Address_1310, India",delivered,2026-02-05,processed
ORD_003363,TXN_003363,beauty,1711.52,"Address_3326, India",delivered,2026-01-29,requested
ORD_003364,TXN_003364,fashion,6359.39,"Address_6181, India",pending,2026-05-27,none
ORD_003365,TXN_003365,electronics,3217.32,"Address_4152, India",failed,2026-02-07,requested
ORD_003366,TXN_003366,beauty,6337.23,"Address_6429, India",delivered,2026-06-13,processed
ORD_003367,TXN_003367,electronics,2883.2,"Address_3795, India",delivered,2026-03-01,requested
ORD_003368,TXN_003368,grocery,26073.8,"Address_3898, India",delivered,2026-04-17,processed
ORD_003369,TXN_003369,software,2958.58,"Address_2925, India",delivered,2026-06-02,none
ORD_003370,TXN_003370,beauty,1208.46,"Address_1368, India",delivered,2026-08-11,none
ORD_003371,TXN_003371,grocery,1641.36,"Address_1352, India",pending,2026-07-10,none
ORD_003372,TXN_003372,travel,1985.3,"Address_9147, India",delivered,2026-02-06,requested
ORD_003373,TXN_003373,software,3026.62,"Address_5497, India",pending,2026-01-31,requested
ORD_003374,TXN_003374,travel,2631.11,"Address_7345, India",delivered,2026-05-19,none
ORD_003375,TXN_003375,software,1123.56,"Address_1653, India",delivered,2026-04-18,none
ORD_003376,TXN_003376,software,4059.45,"Address_5055, India",delivered,2026-05-14,requested
ORD_003377,TXN_003377,home,5321.4,"Address_8730, India",delivered,2026-02-06,none
ORD_003378,TXN_003378,grocery,1123.05,"Address_7156, India",delivered,2026-04-20,processed
ORD_003379,TXN_003379,grocery,6080.35,"Address_5792, India",delivered,2026-05-01,processed
ORD_003380,TXN_003380,home,3277.44,"Address_5634, India",delivered,2026-02-17,processed
ORD_003381,TXN_003381,beauty,2870.54,"Address_3949, India",delivered,2026-02-03,none
ORD_003382,TXN_003382,electronics,9510.84,"Address_9884, India",delivered,2026-07-23,processed
ORD_003383,TXN_003383,travel,2384.22,"Address_2102, India",delivered,2026-03-22,none
ORD_003384,TXN_003384,travel,8008.9,"Address_8273, India",delivered,2026-05-02,none
ORD_003385,TXN_003385,travel,3730.51,"Address_9079, India",failed,2026-04-27,none
ORD_003386,TXN_003386,travel,1829.91,"Address_8496, India",delivered,2026-02-07,none
ORD_003387,TXN_003387,software,10225.65,"Address_5360, India",delivered,2026-01-13,processed
ORD_003388,TXN_003388,grocery,14013.03,"Address_1327, India",delivered,2026-05-31,none
ORD_003389,TXN_003389,home,7214.94,"Address_6566, India",failed,2026-02-05,requested
ORD_003390,TXN_003390,fashion,1748.7,"Address_3534, India",delivered,2026-01-08,processed
ORD_003391,TXN_003391,home,2470.19,"Address_1299, India",pending,2026-03-06,none
ORD_003392,TXN_003392,home,2652.02,"Address_7509, India",pending,2026-08-17,none
ORD_003393,TXN_003393,travel,2187.84,"Address_8700, India",delivered,2026-04-22,processed
ORD_003394,TXN_003394,electronics,9624.23,"Address_6269, India",delivered,2026-01-31,none
ORD_003395,TXN_003395,grocery,3686.72,"Address_2827, India",failed,2026-04-05,processed
ORD_003396,TXN_003396,home,9681.82,"Address_3008, India",pending,2026-05-08,processed
ORD_003397,TXN_003397,beauty,2461.77,"Address_8313, India",delivered,2026-05-27,requested
ORD_003398,TXN_003398,travel,2816.0,"Address_8499, India",pending,2026-05-21,requested
ORD_003399,TXN_003399,travel,2872.95,"Address_1939, India",failed,2026-07-12,processed
ORD_003400,TXN_003400,electronics,4426.48,"Address_4108, India",delivered,2026-04-13,requested
ORD_003401,TXN_003401,travel,872.3,"Address_5147, India",delivered,2026-08-08,processed
ORD_003402,TXN_003402,software,1303.08,"Address_4450, India",delivered,2026-02-13,requested
ORD_003403,TXN_003403,travel,1805.59,"Address_9130, India",delivered,2026-08-19,none
ORD_003404,TXN_003404,home,4216.81,"Address_8331, India",delivered,2026-05-16,none
ORD_003405,TXN_003405,electronics,2791.05,"Address_7140, India",pending,2026-08-07,none
ORD_003406,TXN_003406,travel,1615.05,"Address_7810, India",pending,2026-06-14,none
ORD_003407,TXN_003407,travel,1051.13,"Address_5546, India",pending,2026-04-20,requested
ORD_003408,TXN_003408,travel,2857.91,"Address_2818, India",delivered,2026-05-05,none
ORD_003409,TXN_003409,travel,8261.05,"Address_8377, India",pending,2026-03-23,none
ORD_003410,TXN_003410,grocery,5057.51,"Address_1299, India",delivered,2026-03-23,none
ORD_003411,TXN_003411,grocery,6725.82,"Address_5195, India",failed,2026-02-01,none
ORD_003412,TXN_003412,software,3033.33,"Address_9818, India",delivered,2026-08-08,none
ORD_003413,TXN_003413,fashion,1560.59,"Address_7065, India",pending,2026-03-13,none
ORD_003414,TXN_003414,home,2088.64,"Address_5232, India",delivered,2026-07-31,processed
ORD_003415,TXN_003415,grocery,3006.09,"Address_6848, India",delivered,2026-06-27,none
ORD_003416,TXN_003416,software,1344.04,"Address_8756, India",pending,2026-01-28,requested
ORD_003417,TXN_003417,fashion,1197.04,"Address_4965, India",delivered,2026-08-14,none
ORD_003418,TXN_003418,fashion,3133.9,"Address_1052, India",delivered,2026-03-29,processed
ORD_003419,TXN_003419,grocery,8009.78,"Address_4535, India",delivered,2026-05-22,requested
ORD_003420,TXN_003420,fashion,1769.11,"Address_8707, India",pending,2026-04-16,processed
ORD_003421,TXN_003421,software,11536.21,"Address_3341, India",pending,2026-08-09,processed
ORD_003422,TXN_003422,grocery,1398.68,"Address_9315, India",failed,2026-01-28,none
ORD_003423,TXN_003423,software,8266.16,"Address_5467, India",delivered,2026-06-24,requested
ORD_003424,TXN_003424,travel,946.36,"Address_7604, India",delivered,2026-03-07,requested
ORD_003425,TXN_003425,home,1031.62,"Address_9852, India",delivered,2026-01-21,none
ORD_003426,TXN_003426,travel,5194.86,"Address_8613, India",pending,2026-05-14,none
ORD_003427,TXN_003427,grocery,4230.14,"Address_9863, India",delivered,2026-04-15,processed
ORD_003428,TXN_003428,travel,5599.55,"Address_5677, India",delivered,2026-01-22,none
ORD_003429,TXN_003429,electronics,2061.58,"Address_1927, India",pending,2026-05-26,requested
ORD_003430,TXN_003430,travel,5915.54,"Address_2681, India",pending,2026-01-12,none
ORD_003431,TXN_003431,home,6156.69,"Address_9122, India",pending,2026-08-03,processed
ORD_003432,TXN_003432,grocery,1536.65,"Address_3286, India",delivered,2026-07-15,none
ORD_003433,TXN_003433,home,5664.99,"Address_5717, India",failed,2026-04-18,processed
ORD_003434,TXN_003434,electronics,7712.17,"Address_7383, India",delivered,2026-08-21,requested
ORD_003435,TXN_003435,beauty,1557.69,"Address_6466, India",delivered,2026-07-19,requested
ORD_003436,TXN_003436,travel,1099.45,"Address_3844, India",delivered,2026-06-20,none
ORD_003437,TXN_003437,grocery,3086.07,"Address_1591, India",delivered,2026-08-15,processed
ORD_003438,TXN_003438,electronics,1393.24,"Address_6712, India",pending,2026-01-25,requested
ORD_003439,TXN_003439,beauty,4123.31,"Address_2015, India",pending,2026-04-02,processed
ORD_003440,TXN_003440,fashion,3184.2,"Address_4410, India",delivered,2026-02-16,none
ORD_003441,TXN_003441,electronics,3764.85,"Address_9583, India",delivered,2026-07-21,none
ORD_003442,TXN_003442,travel,585.14,"Address_6044, India",failed,2026-05-01,none
ORD_003443,TXN_003443,fashion,3993.82,"Address_8869, India",delivered,2026-01-10,none
ORD_003444,TXN_003444,travel,8577.25,"Address_8081, India",failed,2026-02-28,none
ORD_003445,TXN_003445,travel,16282.04,"Address_5566, India",failed,2026-07-21,none
ORD_003446,TXN_003446,beauty,2288.3,"Address_1061, India",delivered,2026-08-09,requested
ORD_003447,TXN_003447,software,1289.01,"Address_6774, India",failed,2026-05-29,none
ORD_003448,TXN_003448,electronics,1255.55,"Address_3859, India",failed,2026-05-28,none
ORD_003449,TXN_003449,home,3194.66,"Address_5306, India",delivered,2026-08-12,none
ORD_003450,TXN_003450,electronics,1268.71,"Address_9886, India",delivered,2026-06-26,requested
ORD_003451,TXN_003451,beauty,1084.08,"Address_2547, India",delivered,2026-08-17,none
ORD_003452,TXN_003452,beauty,3361.13,"Address_6716, India",delivered,2026-04-12,none
ORD_003453,TXN_003453,electronics,2308.53,"Address_4089, India",delivered,2026-05-27,none
ORD_003454,TXN_003454,grocery,15515.12,"Address_7304, India",pending,2026-06-26,requested
ORD_003455,TXN_003455,software,6744.57,"Address_5158, India",delivered,2026-06-26,processed
ORD_003456,TXN_003456,grocery,1612.69,"Address_4094, India",failed,2026-07-02,none
ORD_003457,TXN_003457,software,2279.05,"Address_8891, India",delivered,2026-07-05,none
ORD_003458,TXN_003458,fashion,1450.4,"Address_9681, India",failed,2026-07-11,requested
ORD_003459,TXN_003459,fashion,5742.27,"Address_8766, India",pending,2026-04-12,none
ORD_003460,TXN_003460,software,2543.32,"Address_6316, India",delivered,2026-03-03,none
ORD_003461,TXN_003461,electronics,3376.11,"Address_3937, India",pending,2026-07-20,none
ORD_003462,TXN_003462,software,4133.02,"Address_2299, India",pending,2026-07-04,none
ORD_003463,TXN_003463,travel,929.21,"Address_2222, India",pending,2026-03-17,none
ORD_003464,TXN_003464,electronics,1550.59,"Address_6406, India",delivered,2026-01-05,none
ORD_003465,TXN_003465,home,9473.64,"Address_8266, India",failed,2026-08-01,none
ORD_003466,TXN_003466,grocery,20307.63,"Address_6000, India",failed,2026-01-14,requested
ORD_003467,TXN_003467,fashion,885.74,"Address_7464, India",failed,2026-04-13,requested
ORD_003468,TXN_003468,travel,14146.27,"Address_8985, India",failed,2026-04-12,processed
ORD_003469,TXN_003469,software,5245.91,"Address_9626, India",failed,2026-03-08,none
ORD_003470,TXN_003470,travel,750.18,"Address_2298, India",delivered,2026-01-31,processed
ORD_003471,TXN_003471,home,2687.33,"Address_8248, India",delivered,2026-08-03,requested
ORD_003472,TXN_003472,home,11440.78,"Address_5212, India",pending,2026-03-15,processed
ORD_003473,TXN_003473,home,4920.38,"Address_2367, India",delivered,2026-07-24,none
ORD_003474,TXN_003474,home,1099.82,"Address_7216, India",delivered,2026-03-10,requested
ORD_003475,TXN_003475,travel,2568.55,"Address_7240, India",delivered,2026-05-22,none
ORD_003476,TXN_003476,electronics,6702.76,"Address_6189, India",pending,2026-07-28,none
ORD_003477,TXN_003477,software,9054.05,"Address_9417, India",delivered,2026-04-08,none
ORD_003478,TXN_003478,grocery,2261.91,"Address_1330, India",delivered,2026-03-09,none
ORD_003479,TXN_003479,home,2502.58,"Address_2675, India",failed,2026-07-16,none
ORD_003480,TXN_003480,beauty,4152.7,"Address_5584, India",delivered,2026-01-12,none
ORD_003481,TXN_003481,home,4790.92,"Address_1921, India",delivered,2026-07-18,none
ORD_003482,TXN_003482,home,1324.72,"Address_9668, India",delivered,2026-05-03,processed
ORD_003483,TXN_003483,home,16806.31,"Address_4637, India",delivered,2026-04-27,none
ORD_003484,TXN_003484,electronics,9174.98,"Address_4432, India",delivered,2026-01-18,none
ORD_003485,TXN_003485,software,1578.64,"Address_2301, India",delivered,2026-07-27,none
ORD_003486,TXN_003486,beauty,5606.73,"Address_5950, India",delivered,2026-05-08,requested
ORD_003487,TXN_003487,travel,9570.82,"Address_4690, India",delivered,2026-03-30,none
ORD_003488,TXN_003488,home,1156.69,"Address_1942, India",delivered,2026-07-24,none
ORD_003489,TXN_003489,software,8215.0,"Address_8555, India",delivered,2026-08-09,none
ORD_003490,TXN_003490,electronics,6005.95,"Address_8389, India",delivered,2026-06-25,none
ORD_003491,TXN_003491,travel,3954.41,"Address_9186, India",delivered,2026-05-26,none
ORD_003492,TXN_003492,electronics,308.16,"Address_8295, India",delivered,2026-06-29,none
ORD_003493,TXN_003493,fashion,5926.7,"Address_8881, India",delivered,2026-05-24,none
ORD_003494,TXN_003494,electronics,4873.52,"Address_5741, India",failed,2026-04-22,requested
ORD_003495,TXN_003495,fashion,22254.74,"Address_2257, India",failed,2026-06-22,none
ORD_003496,TXN_003496,travel,4169.24,"Address_3609, India",delivered,2026-01-19,none
ORD_003497,TXN_003497,home,6644.76,"Address_2267, India",delivered,2026-04-18,requested
ORD_003498,TXN_003498,grocery,3788.21,"Address_5422, India",failed,2026-04-06,requested
ORD_003499,TXN_003499,electronics,5088.28,"Address_3802, India",delivered,2026-07-11,none
ORD_003500,TXN_003500,grocery,11322.34,"Address_5088, India",delivered,2026-07-29,none
ORD_003501,TXN_003501,travel,3169.73,"Address_5534, India",pending,2026-02-16,none
ORD_003502,TXN_003502,travel,3719.57,"Address_1506, India",delivered,2026-03-11,none
ORD_003503,TXN_003503,electronics,3543.71,"Address_2358, India",delivered,2026-08-08,none
ORD_003504,TXN_003504,electronics,4422.12,"Address_2843, India",failed,2026-04-21,processed
ORD_003505,TXN_003505,travel,4048.81,"Address_7659, India",delivered,2026-04-27,none
ORD_003506,TXN_003506,home,4179.11,"Address_7655, India",failed,2026-07-01,none
ORD_003507,TXN_003507,travel,1923.75,"Address_5489, India",pending,2026-07-12,processed
ORD_003508,TXN_003508,home,9917.75,"Address_7834, India",delivered,2026-04-06,none
ORD_003509,TXN_003509,grocery,7424.47,"Address_9231, India",delivered,2026-06-04,none
ORD_003510,TXN_003510,grocery,3913.13,"Address_8736, India",delivered,2026-02-08,none
ORD_003511,TXN_003511,fashion,3211.94,"Address_3940, India",delivered,2026-07-15,none
ORD_003512,TXN_003512,travel,1724.97,"Address_1932, India",pending,2026-02-21,none
ORD_003513,TXN_003513,software,2569.87,"Address_9195, India",pending,2026-05-11,none
ORD_003514,TXN_003514,travel,2261.06,"Address_9061, India",delivered,2026-08-08,none
ORD_003515,TXN_003515,electronics,1527.93,"Address_9490, India",delivered,2026-02-04,requested
ORD_003516,TXN_003516,electronics,6053.76,"Address_2897, India",delivered,2026-01-20,processed
ORD_003517,TXN_003517,travel,2824.09,"Address_2591, India",pending,2026-04-07,none
ORD_003518,TXN_003518,beauty,1579.28,"Address_1345, India",delivered,2026-04-19,requested
ORD_003519,TXN_003519,software,1453.84,"Address_6411, India",delivered,2026-01-31,none
ORD_003520,TXN_003520,beauty,3584.58,"Address_3791, India",pending,2026-08-12,processed
ORD_003521,TXN_003521,home,6101.97,"Address_6342, India",delivered,2026-07-14,none
ORD_003522,TXN_003522,software,1085.25,"Address_5746, India",delivered,2026-02-20,none
ORD_003523,TXN_003523,software,7705.3,"Address_3251, India",failed,2026-01-19,none
ORD_003524,TXN_003524,software,2843.13,"Address_7625, India",pending,2026-05-06,none
ORD_003525,TXN_003525,beauty,3415.64,"Address_9827, India",delivered,2026-02-25,none
ORD_003526,TXN_003526,travel,17037.78,"Address_1714, India",delivered,2026-01-12,none
ORD_003527,TXN_003527,fashion,4122.44,"Address_8180, India",failed,2026-04-22,requested
ORD_003528,TXN_003528,travel,8452.58,"Address_3896, India",pending,2026-04-12,none
ORD_003529,TXN_003529,beauty,2911.32,"Address_8278, India",delivered,2026-05-28,none
ORD_003530,TXN_003530,grocery,2061.95,"Address_2028, India",pending,2026-05-29,processed
ORD_003531,TXN_003531,software,4393.25,"Address_9272, India",delivered,2026-07-12,none
ORD_003532,TXN_003532,travel,2339.82,"Address_1091, India",pending,2026-02-14,processed
ORD_003533,TXN_003533,electronics,6493.34,"Address_8194, India",delivered,2026-02-27,requested
ORD_003534,TXN_003534,beauty,1674.19,"Address_2274, India",delivered,2026-07-16,requested
ORD_003535,TXN_003535,grocery,2607.5,"Address_8739, India",delivered,2026-02-16,none
ORD_003536,TXN_003536,beauty,5231.25,"Address_8659, India",pending,2026-06-20,none
ORD_003537,TXN_003537,software,6968.77,"Address_1776, India",delivered,2026-01-19,none
ORD_003538,TXN_003538,travel,3726.87,"Address_8520, India",delivered,2026-04-29,none
ORD_003539,TXN_003539,electronics,3486.08,"Address_9098, India",pending,2026-08-10,none
ORD_003540,TXN_003540,software,6183.32,"Address_8490, India",delivered,2026-06-07,none
ORD_003541,TXN_003541,software,597.74,"Address_9796, India",delivered,2026-04-07,requested
ORD_003542,TXN_003542,home,2887.12,"Address_5102, India",delivered,2026-05-15,none
ORD_003543,TXN_003543,grocery,3227.82,"Address_6940, India",pending,2026-07-15,none
ORD_003544,TXN_003544,beauty,14957.82,"Address_8010, India",pending,2026-02-17,none
ORD_003545,TXN_003545,home,5234.58,"Address_8010, India",pending,2026-05-27,none
ORD_003546,TXN_003546,beauty,1329.51,"Address_3610, India",delivered,2026-07-22,none
ORD_003547,TXN_003547,grocery,4205.82,"Address_2922, India",delivered,2026-06-10,none
ORD_003548,TXN_003548,software,2786.4,"Address_3474, India",delivered,2026-05-30,none
ORD_003549,TXN_003549,home,2241.52,"Address_3895, India",delivered,2026-04-05,requested
ORD_003550,TXN_003550,beauty,7799.68,"Address_4638, India",delivered,2026-01-06,requested
ORD_003551,TXN_003551,grocery,7602.51,"Address_1891, India",failed,2026-01-17,processed
ORD_003552,TXN_003552,electronics,940.76,"Address_3794, India",delivered,2026-04-02,processed
ORD_003553,TXN_003553,beauty,687.33,"Address_5384, India",delivered,2026-04-03,requested
ORD_003554,TXN_003554,software,4760.99,"Address_7407, India",failed,2026-03-05,processed
ORD_003555,TXN_003555,travel,7264.24,"Address_9839, India",delivered,2026-06-10,none
ORD_003556,TXN_003556,software,10083.64,"Address_3706, India",delivered,2026-03-24,requested
ORD_003557,TXN_003557,travel,3062.25,"Address_3114, India",delivered,2026-04-25,none
ORD_003558,TXN_003558,home,1856.57,"Address_2573, India",delivered,2026-04-06,processed
ORD_003559,TXN_003559,beauty,8924.46,"Address_1627, India",delivered,2026-07-15,requested
ORD_003560,TXN_003560,travel,4277.21,"Address_1630, India",delivered,2026-01-22,requested
ORD_003561,TXN_003561,travel,4777.39,"Address_3759, India",delivered,2026-03-28,requested
ORD_003562,TXN_003562,software,17945.02,"Address_4947, India",pending,2026-03-05,none
ORD_003563,TXN_003563,grocery,5312.13,"Address_6522, India",failed,2026-05-07,processed
ORD_003564,TXN_003564,electronics,5485.96,"Address_6210, India",delivered,2026-03-17,requested
ORD_003565,TXN_003565,home,2965.63,"Address_2259, India",pending,2026-02-22,requested
ORD_003566,TXN_003566,fashion,10190.56,"Address_7649, India",delivered,2026-04-30,requested
ORD_003567,TXN_003567,travel,6408.07,"Address_4159, India",pending,2026-02-23,none
ORD_003568,TXN_003568,fashion,9638.56,"Address_6894, India",delivered,2026-02-02,requested
ORD_003569,TXN_003569,beauty,6036.08,"Address_8998, India",delivered,2026-02-04,none
ORD_003570,TXN_003570,beauty,6211.96,"Address_3427, India",delivered,2026-02-11,none
ORD_003571,TXN_003571,grocery,5319.09,"Address_1753, India",failed,2026-02-07,requested
ORD_003572,TXN_003572,beauty,3745.75,"Address_5394, India",delivered,2026-08-01,requested
ORD_003573,TXN_003573,beauty,4963.44,"Address_8587, India",delivered,2026-06-08,processed
ORD_003574,TXN_003574,home,9493.17,"Address_2587, India",failed,2026-03-13,none
ORD_003575,TXN_003575,electronics,10189.51,"Address_1916, India",delivered,2026-01-23,none
ORD_003576,TXN_003576,home,1851.16,"Address_7381, India",delivered,2026-01-08,none
ORD_003577,TXN_003577,beauty,1313.66,"Address_5705, India",delivered,2026-07-11,processed
ORD_003578,TXN_003578,fashion,1421.14,"Address_1447, India",delivered,2026-03-21,requested
ORD_003579,TXN_003579,electronics,2247.47,"Address_4688, India",delivered,2026-05-12,requested
ORD_003580,TXN_003580,electronics,1382.5,"Address_9743, India",failed,2026-06-10,requested
ORD_003581,TXN_003581,electronics,4801.12,"Address_7288, India",delivered,2026-08-14,none
ORD_003582,TXN_003582,home,2016.5,"Address_7110, India",failed,2026-05-27,none
ORD_003583,TXN_003583,grocery,3242.47,"Address_5630, India",pending,2026-07-04,none
ORD_003584,TXN_003584,software,1681.57,"Address_6159, India",failed,2026-07-24,none
ORD_003585,TXN_003585,electronics,2735.26,"Address_5305, India",pending,2026-05-08,none
ORD_003586,TXN_003586,home,1749.27,"Address_9679, India",failed,2026-07-14,none
ORD_003587,TXN_003587,travel,3807.76,"Address_8462, India",pending,2026-04-05,none
ORD_003588,TXN_003588,electronics,1282.42,"Address_4081, India",delivered,2026-07-09,none
ORD_003589,TXN_003589,grocery,1211.81,"Address_1818, India",delivered,2026-08-20,processed
ORD_003590,TXN_003590,grocery,4708.62,"Address_9043, India",delivered,2026-02-22,requested
ORD_003591,TXN_003591,fashion,10163.64,"Address_9882, India",failed,2026-07-08,none
ORD_003592,TXN_003592,beauty,3395.13,"Address_5632, India",delivered,2026-01-09,none
ORD_003593,TXN_003593,electronics,4670.37,"Address_7271, India",delivered,2026-06-23,none
ORD_003594,TXN_003594,beauty,8403.33,"Address_6333, India",delivered,2026-08-13,none
ORD_003595,TXN_003595,grocery,2612.56,"Address_6156, India",delivered,2026-04-13,none
ORD_003596,TXN_003596,grocery,4632.36,"Address_3294, India",failed,2026-08-14,none
ORD_003597,TXN_003597,grocery,4992.47,"Address_7058, India",delivered,2026-02-17,none
ORD_003598,TXN_003598,grocery,3190.05,"Address_3572, India",delivered,2026-04-29,none
ORD_003599,TXN_003599,electronics,6306.7,"Address_8171, India",failed,2026-07-19,requested
ORD_003600,TXN_003600,software,7357.98,"Address_6661, India",delivered,2026-01-30,none
ORD_003601,TXN_003601,electronics,5014.79,"Address_4412, India",failed,2026-01-29,none
ORD_003602,TXN_003602,beauty,10040.34,"Address_5378, India",delivered,2026-07-26,none
ORD_003603,TXN_003603,grocery,8521.22,"Address_2516, India",delivered,2026-08-02,none
ORD_003604,TXN_003604,electronics,7617.13,"Address_1053, India",pending,2026-04-16,none
ORD_003605,TXN_003605,grocery,703.24,"Address_7122, India",delivered,2026-06-01,requested
ORD_003606,TXN_003606,beauty,5471.82,"Address_4487, India",delivered,2026-01-25,none
ORD_003607,TXN_003607,home,4211.9,"Address_7671, India",failed,2026-01-07,requested
ORD_003608,TXN_003608,beauty,3702.68,"Address_5345, India",pending,2026-05-30,processed
ORD_003609,TXN_003609,home,2667.18,"Address_4327, India",delivered,2026-05-23,none
ORD_003610,TXN_003610,software,9044.95,"Address_7056, India",delivered,2026-08-10,none
ORD_003611,TXN_003611,beauty,3357.89,"Address_1793, India",pending,2026-02-27,none
ORD_003612,TXN_003612,home,12597.19,"Address_4255, India",pending,2026-04-25,none
ORD_003613,TXN_003613,home,2326.74,"Address_2326, India",delivered,2026-06-21,none
ORD_003614,TXN_003614,fashion,5835.32,"Address_8818, India",delivered,2026-04-18,none
ORD_003615,TXN_003615,beauty,5275.99,"Address_2418, India",delivered,2026-04-28,none
ORD_003616,TXN_003616,beauty,6060.9,"Address_2138, India",failed,2026-07-03,requested
ORD_003617,TXN_003617,home,2896.04,"Address_5704, India",delivered,2026-03-29,none
ORD_003618,TXN_003618,fashion,3659.89,"Address_8004, India",delivered,2026-03-17,none
ORD_003619,TXN_003619,electronics,845.0,"Address_6017, India",delivered,2026-06-24,processed
ORD_003620,TXN_003620,travel,1528.76,"Address_5586, India",delivered,2026-02-26,processed
ORD_003621,TXN_003621,travel,5628.04,"Address_2922, India",delivered,2026-06-15,processed
ORD_003622,TXN_003622,beauty,2622.24,"Address_6236, India",delivered,2026-04-25,requested
ORD_003623,TXN_003623,software,4168.89,"Address_4812, India",delivered,2026-04-15,requested
ORD_003624,TXN_003624,beauty,6273.22,"Address_8846, India",pending,2026-07-18,none
ORD_003625,TXN_003625,fashion,10221.55,"Address_1759, India",delivered,2026-05-03,none
ORD_003626,TXN_003626,grocery,9330.36,"Address_3550, India",delivered,2026-07-14,none
ORD_003627,TXN_003627,software,6308.45,"Address_9489, India",failed,2026-07-28,none
ORD_003628,TXN_003628,electronics,3168.05,"Address_7333, India",delivered,2026-01-19,none
ORD_003629,TXN_003629,grocery,613.9,"Address_1443, India",failed,2026-03-31,none
ORD_003630,TXN_003630,home,1627.08,"Address_1264, India",delivered,2026-04-24,none
ORD_003631,TXN_003631,travel,5699.31,"Address_6084, India",delivered,2026-06-14,processed
ORD_003632,TXN_003632,home,14757.59,"Address_7218, India",pending,2026-01-16,none
ORD_003633,TXN_003633,home,26750.6,"Address_1657, India",pending,2026-04-30,none
ORD_003634,TXN_003634,home,3459.1,"Address_1701, India",delivered,2026-07-20,none
ORD_003635,TXN_003635,home,21854.23,"Address_9294, India",failed,2026-04-03,requested
ORD_003636,TXN_003636,fashion,1263.33,"Address_7771, India",failed,2026-07-31,none
ORD_003637,TXN_003637,fashion,791.65,"Address_8954, India",delivered,2026-07-19,none
ORD_003638,TXN_003638,travel,1356.87,"Address_9615, India",delivered,2026-07-19,none
ORD_003639,TXN_003639,travel,2015.25,"Address_1707, India",failed,2026-04-22,none
ORD_003640,TXN_003640,electronics,10572.87,"Address_9880, India",delivered,2026-02-17,requested
ORD_003641,TXN_003641,home,2162.59,"Address_1825, India",pending,2026-01-20,none
ORD_003642,TXN_003642,beauty,650.04,"Address_7490, India",delivered,2026-03-01,none
ORD_003643,TXN_003643,beauty,3195.61,"Address_9306, India",pending,2026-02-21,none
ORD_003644,TXN_003644,home,21799.47,"Address_8543, India",failed,2026-03-08,none
ORD_003645,TXN_003645,beauty,1634.36,"Address_2114, India",pending,2026-07-24,processed
ORD_003646,TXN_003646,home,9087.46,"Address_1184, India",delivered,2026-03-13,requested
ORD_003647,TXN_003647,travel,2342.95,"Address_9260, India",failed,2026-08-06,none
ORD_003648,TXN_003648,home,2855.21,"Address_1769, India",delivered,2026-05-03,none
ORD_003649,TXN_003649,grocery,3602.48,"Address_3815, India",failed,2026-01-20,none
ORD_003650,TXN_003650,home,3410.88,"Address_6284, India",failed,2026-07-13,requested
ORD_003651,TXN_003651,beauty,2723.86,"Address_2230, India",pending,2026-04-22,none
ORD_003652,TXN_003652,fashion,892.43,"Address_5677, India",delivered,2026-07-19,processed
ORD_003653,TXN_003653,beauty,3251.03,"Address_8476, India",failed,2026-04-09,none
ORD_003654,TXN_003654,fashion,3252.76,"Address_3020, India",delivered,2026-08-03,none
ORD_003655,TXN_003655,beauty,3928.98,"Address_4475, India",delivered,2026-05-07,none
ORD_003656,TXN_003656,beauty,779.23,"Address_9946, India",delivered,2026-03-26,none
ORD_003657,TXN_003657,grocery,2764.63,"Address_9695, India",pending,2026-06-21,processed
ORD_003658,TXN_003658,electronics,1131.59,"Address_5451, India",failed,2026-04-06,none
ORD_003659,TXN_003659,grocery,3664.23,"Address_7823, India",delivered,2026-01-15,requested
ORD_003660,TXN_003660,software,2829.73,"Address_8501, India",delivered,2026-04-23,none
ORD_003661,TXN_003661,fashion,661.62,"Address_2637, India",delivered,2026-05-05,processed
ORD_003662,TXN_003662,software,1062.62,"Address_1484, India",pending,2026-05-07,requested
ORD_003663,TXN_003663,software,4968.25,"Address_7799, India",delivered,2026-04-19,none
ORD_003664,TXN_003664,software,2220.25,"Address_8807, India",delivered,2026-07-20,none
ORD_003665,TXN_003665,beauty,2422.72,"Address_9170, India",failed,2026-05-12,none
ORD_003666,TXN_003666,home,2448.79,"Address_9585, India",delivered,2026-07-20,none
ORD_003667,TXN_003667,software,1133.88,"Address_4951, India",pending,2026-07-13,none
ORD_003668,TXN_003668,home,2650.74,"Address_9616, India",failed,2026-06-28,none
ORD_003669,TXN_003669,grocery,3191.92,"Address_2315, India",delivered,2026-07-16,none
ORD_003670,TXN_003670,home,3089.72,"Address_9855, India",delivered,2026-05-29,requested
ORD_003671,TXN_003671,fashion,1759.1,"Address_2275, India",delivered,2026-01-23,none
ORD_003672,TXN_003672,electronics,1532.05,"Address_8831, India",delivered,2026-05-24,none
ORD_003673,TXN_003673,grocery,9856.86,"Address_8872, India",failed,2026-04-16,none
ORD_003674,TXN_003674,software,1478.7,"Address_5129, India",delivered,2026-04-15,none
ORD_003675,TXN_003675,home,2751.15,"Address_9923, India",delivered,2026-07-31,none
ORD_003676,TXN_003676,software,12364.42,"Address_1639, India",delivered,2026-08-03,processed
ORD_003677,TXN_003677,home,4205.69,"Address_7692, India",pending,2026-02-11,none
ORD_003678,TXN_003678,beauty,4388.46,"Address_6061, India",delivered,2026-05-03,processed
ORD_003679,TXN_003679,grocery,3690.98,"Address_7569, India",delivered,2026-04-20,none
ORD_003680,TXN_003680,grocery,1366.91,"Address_8245, India",pending,2026-06-03,requested
ORD_003681,TXN_003681,home,1160.99,"Address_3275, India",delivered,2026-07-08,processed
ORD_003682,TXN_003682,software,1966.5,"Address_8959, India",failed,2026-03-31,none
ORD_003683,TXN_003683,travel,6019.29,"Address_8003, India",delivered,2026-04-08,none
ORD_003684,TXN_003684,grocery,11027.18,"Address_6629, India",delivered,2026-06-05,none
ORD_003685,TXN_003685,grocery,1240.35,"Address_7912, India",pending,2026-08-02,none
ORD_003686,TXN_003686,beauty,3928.58,"Address_3927, India",failed,2026-03-13,none
ORD_003687,TXN_003687,home,1912.49,"Address_3654, India",delivered,2026-05-18,requested
ORD_003688,TXN_003688,home,1139.34,"Address_5445, India",delivered,2026-07-24,none
ORD_003689,TXN_003689,electronics,5219.37,"Address_6151, India",delivered,2026-01-30,none
ORD_003690,TXN_003690,beauty,1326.9,"Address_3681, India",pending,2026-04-15,none
ORD_003691,TXN_003691,beauty,2115.89,"Address_7670, India",failed,2026-06-28,none
ORD_003692,TXN_003692,fashion,2250.47,"Address_3211, India",delivered,2026-06-05,processed
ORD_003693,TXN_003693,software,7126.5,"Address_9597, India",pending,2026-08-16,none
ORD_003694,TXN_003694,grocery,917.86,"Address_5143, India",pending,2026-02-27,processed
ORD_003695,TXN_003695,software,3179.47,"Address_7902, India",delivered,2026-01-19,requested
ORD_003696,TXN_003696,home,9096.88,"Address_2423, India",delivered,2026-01-13,none
ORD_003697,TXN_003697,home,1454.14,"Address_7110, India",pending,2026-05-15,processed
ORD_003698,TXN_003698,electronics,3524.25,"Address_6114, India",delivered,2026-04-17,none
ORD_003699,TXN_003699,software,2456.86,"Address_6003, India",failed,2026-05-23,requested
ORD_003700,TXN_003700,fashion,6227.58,"Address_8881, India",delivered,2026-03-31,none
ORD_003701,TXN_003701,electronics,12850.3,"Address_7533, India",delivered,2026-05-14,none
ORD_003702,TXN_003702,fashion,3548.72,"Address_8011, India",pending,2026-06-18,none
ORD_003703,TXN_003703,travel,2291.64,"Address_7395, India",delivered,2026-05-24,requested
ORD_003704,TXN_003704,electronics,1253.18,"Address_5665, India",failed,2026-07-11,none
ORD_003705,TXN_003705,beauty,1398.45,"Address_2369, India",delivered,2026-04-15,processed
ORD_003706,TXN_003706,electronics,5093.71,"Address_8040, India",pending,2026-01-12,processed
ORD_003707,TXN_003707,travel,1218.95,"Address_6293, India",delivered,2026-02-03,none
ORD_003708,TXN_003708,software,1686.92,"Address_5073, India",delivered,2026-04-19,none
ORD_003709,TXN_003709,home,4130.99,"Address_9502, India",delivered,2026-03-04,requested
ORD_003710,TXN_003710,fashion,2744.63,"Address_9043, India",delivered,2026-06-21,none
ORD_003711,TXN_003711,travel,6176.63,"Address_1069, India",delivered,2026-01-04,none
ORD_003712,TXN_003712,grocery,10698.95,"Address_9297, India",pending,2026-08-02,none
ORD_003713,TXN_003713,electronics,2403.36,"Address_9176, India",delivered,2026-02-27,none
ORD_003714,TXN_003714,home,11197.03,"Address_7501, India",delivered,2026-02-16,requested
ORD_003715,TXN_003715,beauty,1909.13,"Address_2736, India",delivered,2026-01-09,requested
ORD_003716,TXN_003716,electronics,17413.61,"Address_9719, India",pending,2026-04-21,none
ORD_003717,TXN_003717,travel,4580.98,"Address_2932, India",pending,2026-06-17,none
ORD_003718,TXN_003718,software,3453.34,"Address_5142, India",delivered,2026-03-10,none
ORD_003719,TXN_003719,grocery,6596.65,"Address_1549, India",delivered,2026-01-15,none
ORD_003720,TXN_003720,fashion,4307.43,"Address_3419, India",pending,2026-03-11,none
ORD_003721,TXN_003721,fashion,1981.51,"Address_6080, India",failed,2026-06-29,none
ORD_003722,TXN_003722,travel,2892.8,"Address_7781, India",delivered,2026-08-06,requested
ORD_003723,TXN_003723,software,10718.87,"Address_6834, India",delivered,2026-05-03,none
ORD_003724,TXN_003724,fashion,14388.98,"Address_5660, India",pending,2026-03-16,none
ORD_003725,TXN_003725,electronics,4781.14,"Address_2338, India",pending,2026-02-03,none
ORD_003726,TXN_003726,beauty,11102.63,"Address_7127, India",failed,2026-04-17,none
ORD_003727,TXN_003727,software,1616.57,"Address_9806, India",pending,2026-01-22,none
ORD_003728,TXN_003728,beauty,4107.83,"Address_9086, India",delivered,2026-05-31,none
ORD_003729,TXN_003729,electronics,2400.1,"Address_5265, India",delivered,2026-03-13,none
ORD_003730,TXN_003730,grocery,2612.66,"Address_3681, India",failed,2026-04-22,none
ORD_003731,TXN_003731,travel,3700.21,"Address_4742, India",delivered,2026-04-19,none
ORD_003732,TXN_003732,home,1220.42,"Address_5485, India",delivered,2026-04-16,none
ORD_003733,TXN_003733,software,3727.2,"Address_3193, India",failed,2026-06-10,requested
ORD_003734,TXN_003734,software,619.67,"Address_5575, India",delivered,2026-07-18,none
ORD_003735,TXN_003735,fashion,2181.19,"Address_4733, India",delivered,2026-05-04,none
ORD_003736,TXN_003736,grocery,3756.17,"Address_8480, India",failed,2026-04-10,requested
ORD_003737,TXN_003737,software,4296.31,"Address_5626, India",delivered,2026-03-08,requested
ORD_003738,TXN_003738,home,8772.94,"Address_3121, India",delivered,2026-08-16,requested
ORD_003739,TXN_003739,software,4160.46,"Address_5488, India",failed,2026-02-25,none
ORD_003740,TXN_003740,travel,9477.63,"Address_9354, India",delivered,2026-04-20,none
ORD_003741,TXN_003741,electronics,2882.69,"Address_1166, India",pending,2026-03-20,none
ORD_003742,TXN_003742,electronics,866.9,"Address_1527, India",failed,2026-04-18,requested
ORD_003743,TXN_003743,beauty,3841.24,"Address_5777, India",delivered,2026-08-09,processed
ORD_003744,TXN_003744,beauty,2218.06,"Address_3704, India",failed,2026-01-24,none
ORD_003745,TXN_003745,electronics,2522.95,"Address_7213, India",delivered,2026-02-24,none
ORD_003746,TXN_003746,fashion,1743.41,"Address_9237, India",delivered,2026-05-05,none
ORD_003747,TXN_003747,beauty,3209.89,"Address_6712, India",failed,2026-05-23,none
ORD_003748,TXN_003748,travel,1299.95,"Address_3948, India",delivered,2026-03-23,processed
ORD_003749,TXN_003749,electronics,1521.17,"Address_1028, India",delivered,2026-04-01,none
ORD_003750,TXN_003750,home,29028.4,"Address_2451, India",delivered,2026-03-08,processed
ORD_003751,TXN_003751,software,1493.1,"Address_5276, India",delivered,2026-05-08,none
ORD_003752,TXN_003752,home,5395.88,"Address_6738, India",delivered,2026-06-15,none
ORD_003753,TXN_003753,travel,1454.48,"Address_4652, India",delivered,2026-08-02,none
ORD_003754,TXN_003754,grocery,2174.35,"Address_1915, India",pending,2026-02-09,none
ORD_003755,TXN_003755,beauty,1997.62,"Address_1329, India",pending,2026-03-11,none
ORD_003756,TXN_003756,electronics,4057.68,"Address_4921, India",failed,2026-04-18,processed
ORD_003757,TXN_003757,software,1595.7,"Address_5791, India",delivered,2026-05-06,requested
ORD_003758,TXN_003758,beauty,7767.41,"Address_5415, India",delivered,2026-03-10,none
ORD_003759,TXN_003759,software,6312.63,"Address_8742, India",delivered,2026-07-07,none
ORD_003760,TXN_003760,fashion,2787.52,"Address_9569, India",delivered,2026-06-19,none
ORD_003761,TXN_003761,travel,1229.44,"Address_2169, India",delivered,2026-03-26,none
ORD_003762,TXN_003762,software,32689.55,"Address_3493, India",delivered,2026-05-14,processed
ORD_003763,TXN_003763,electronics,3601.52,"Address_6232, India",delivered,2026-01-22,requested
ORD_003764,TXN_003764,beauty,2041.3,"Address_9277, India",failed,2026-04-20,requested
ORD_003765,TXN_003765,software,2565.77,"Address_8466, India",delivered,2026-07-01,none
ORD_003766,TXN_003766,grocery,16336.11,"Address_1463, India",pending,2026-05-14,processed
ORD_003767,TXN_003767,grocery,5005.69,"Address_1327, India",pending,2026-01-13,requested
ORD_003768,TXN_003768,software,4484.24,"Address_4560, India",delivered,2026-07-31,requested
ORD_003769,TXN_003769,fashion,6009.45,"Address_5183, India",delivered,2026-03-17,requested
ORD_003770,TXN_003770,grocery,5718.12,"Address_8422, India",delivered,2026-01-08,requested
ORD_003771,TXN_003771,beauty,2056.26,"Address_9606, India",delivered,2026-03-25,requested
ORD_003772,TXN_003772,electronics,5976.38,"Address_8885, India",failed,2026-04-21,none
ORD_003773,TXN_003773,home,2711.17,"Address_9472, India",pending,2026-07-25,none
ORD_003774,TXN_003774,fashion,8349.74,"Address_4126, India",failed,2026-08-12,processed
ORD_003775,TXN_003775,home,6381.93,"Address_4197, India",pending,2026-06-23,none
ORD_003776,TXN_003776,travel,2189.83,"Address_9506, India",delivered,2026-04-04,none
ORD_003777,TXN_003777,grocery,2083.83,"Address_2763, India",failed,2026-06-09,none
ORD_003778,TXN_003778,beauty,4037.38,"Address_6936, India",pending,2026-04-05,processed
ORD_003779,TXN_003779,fashion,2311.87,"Address_9639, India",delivered,2026-03-28,none
ORD_003780,TXN_003780,software,1480.6,"Address_1292, India",delivered,2026-04-15,none
ORD_003781,TXN_003781,electronics,3853.4,"Address_6172, India",failed,2026-04-18,processed
ORD_003782,TXN_003782,grocery,2656.81,"Address_3718, India",pending,2026-01-16,requested
ORD_003783,TXN_003783,travel,6879.13,"Address_9902, India",pending,2026-08-02,none
ORD_003784,TXN_003784,software,3095.3,"Address_6431, India",delivered,2026-02-02,none
ORD_003785,TXN_003785,electronics,4305.89,"Address_8306, India",failed,2026-07-28,none
ORD_003786,TXN_003786,electronics,2942.49,"Address_4492, India",delivered,2026-01-14,requested
ORD_003787,TXN_003787,grocery,2024.26,"Address_7273, India",delivered,2026-07-21,requested
ORD_003788,TXN_003788,software,4200.75,"Address_2552, India",pending,2026-08-03,none
ORD_003789,TXN_003789,software,7270.55,"Address_1828, India",delivered,2026-06-19,none
ORD_003790,TXN_003790,travel,6230.02,"Address_1334, India",delivered,2026-03-26,requested
ORD_003791,TXN_003791,beauty,9176.87,"Address_7949, India",delivered,2026-03-20,processed
ORD_003792,TXN_003792,travel,386.87,"Address_6845, India",failed,2026-04-04,requested
ORD_003793,TXN_003793,electronics,15981.86,"Address_1081, India",delivered,2026-02-19,none
ORD_003794,TXN_003794,grocery,10605.1,"Address_4724, India",failed,2026-05-15,none
ORD_003795,TXN_003795,travel,4462.38,"Address_7910, India",delivered,2026-05-11,processed
ORD_003796,TXN_003796,software,5167.61,"Address_1045, India",delivered,2026-01-13,requested
ORD_003797,TXN_003797,travel,5383.16,"Address_7276, India",failed,2026-08-12,none
ORD_003798,TXN_003798,software,4483.59,"Address_8662, India",failed,2026-07-01,none
ORD_003799,TXN_003799,software,2424.44,"Address_9158, India",delivered,2026-01-31,requested
ORD_003800,TXN_003800,travel,8857.98,"Address_4068, India",delivered,2026-05-28,processed
ORD_003801,TXN_003801,software,3643.6,"Address_8794, India",delivered,2026-03-05,none
ORD_003802,TXN_003802,electronics,2658.96,"Address_6700, India",delivered,2026-06-23,none
ORD_003803,TXN_003803,travel,4926.93,"Address_4381, India",failed,2026-07-28,none
ORD_003804,TXN_003804,travel,3247.99,"Address_1430, India",pending,2026-03-02,requested
ORD_003805,TXN_003805,beauty,1162.67,"Address_4159, India",delivered,2026-03-14,none
ORD_003806,TXN_003806,grocery,1608.49,"Address_5385, India",delivered,2026-07-10,processed
ORD_003807,TXN_003807,home,1541.71,"Address_5426, India",delivered,2026-01-27,processed
ORD_003808,TXN_003808,travel,1455.13,"Address_7297, India",delivered,2026-07-16,none
ORD_003809,TXN_003809,software,6745.96,"Address_4317, India",failed,2026-05-31,none
ORD_003810,TXN_003810,beauty,2910.44,"Address_3311, India",pending,2026-04-19,none
ORD_003811,TXN_003811,travel,2943.1,"Address_6812, India",pending,2026-04-01,none
ORD_003812,TXN_003812,software,15475.91,"Address_7783, India",failed,2026-01-07,none
ORD_003813,TXN_003813,software,3813.69,"Address_8285, India",delivered,2026-03-22,none
ORD_003814,TXN_003814,beauty,5578.28,"Address_3556, India",delivered,2026-07-29,none
ORD_003815,TXN_003815,travel,1956.16,"Address_1500, India",delivered,2026-05-14,processed
ORD_003816,TXN_003816,home,1744.24,"Address_8420, India",delivered,2026-04-12,requested
ORD_003817,TXN_003817,grocery,4594.9,"Address_2727, India",delivered,2026-03-06,none
ORD_003818,TXN_003818,home,10347.51,"Address_8039, India",delivered,2026-02-08,requested
ORD_003819,TXN_003819,travel,8077.62,"Address_7593, India",pending,2026-06-15,requested
ORD_003820,TXN_003820,travel,5761.43,"Address_1156, India",delivered,2026-01-18,none
ORD_003821,TXN_003821,electronics,3644.72,"Address_5428, India",delivered,2026-06-16,none
ORD_003822,TXN_003822,travel,4978.16,"Address_2329, India",delivered,2026-01-08,requested
ORD_003823,TXN_003823,software,6059.0,"Address_7095, India",delivered,2026-07-20,requested
ORD_003824,TXN_003824,software,5067.84,"Address_5982, India",pending,2026-07-01,requested
ORD_003825,TXN_003825,travel,2050.09,"Address_7468, India",delivered,2026-06-22,requested
ORD_003826,TXN_003826,fashion,8111.52,"Address_3281, India",failed,2026-06-15,requested
ORD_003827,TXN_003827,home,3809.83,"Address_5929, India",delivered,2026-04-07,none
ORD_003828,TXN_003828,grocery,4532.87,"Address_1044, India",pending,2026-03-12,none
ORD_003829,TXN_003829,beauty,4457.59,"Address_1344, India",delivered,2026-03-17,none
ORD_003830,TXN_003830,electronics,1569.11,"Address_5865, India",pending,2026-05-19,none
ORD_003831,TXN_003831,electronics,14361.19,"Address_6089, India",pending,2026-06-17,none
ORD_003832,TXN_003832,travel,5744.52,"Address_7851, India",delivered,2026-05-23,requested
ORD_003833,TXN_003833,travel,3539.18,"Address_6479, India",delivered,2026-04-19,requested
ORD_003834,TXN_003834,fashion,5841.57,"Address_1207, India",delivered,2026-07-25,none
ORD_003835,TXN_003835,fashion,4884.63,"Address_9899, India",failed,2026-06-08,requested
ORD_003836,TXN_003836,software,269.96,"Address_9653, India",delivered,2026-04-14,requested
ORD_003837,TXN_003837,fashion,9286.73,"Address_4316, India",delivered,2026-08-01,requested
ORD_003838,TXN_003838,electronics,2754.56,"Address_6760, India",delivered,2026-04-23,none
ORD_003839,TXN_003839,travel,633.89,"Address_1827, India",pending,2026-04-29,none
ORD_003840,TXN_003840,home,2456.36,"Address_1894, India",delivered,2026-02-07,requested
ORD_003841,TXN_003841,electronics,1423.73,"Address_6433, India",failed,2026-05-11,none
ORD_003842,TXN_003842,electronics,4394.94,"Address_2959, India",pending,2026-02-26,processed
ORD_003843,TXN_003843,software,2957.65,"Address_8688, India",pending,2026-06-28,requested
ORD_003844,TXN_003844,software,3630.47,"Address_4321, India",delivered,2026-03-27,processed
ORD_003845,TXN_003845,grocery,1830.85,"Address_7756, India",pending,2026-04-24,processed
ORD_003846,TXN_003846,beauty,8839.42,"Address_7344, India",delivered,2026-03-12,requested
ORD_003847,TXN_003847,grocery,2169.6,"Address_7884, India",delivered,2026-06-08,none
ORD_003848,TXN_003848,fashion,3562.13,"Address_9376, India",delivered,2026-03-10,processed
ORD_003849,TXN_003849,software,16516.16,"Address_9029, India",failed,2026-03-01,none
ORD_003850,TXN_003850,software,3429.62,"Address_8685, India",pending,2026-06-06,processed
ORD_003851,TXN_003851,beauty,7427.33,"Address_9330, India",failed,2026-02-03,none
ORD_003852,TXN_003852,travel,2183.93,"Address_4551, India",pending,2026-08-08,processed
ORD_003853,TXN_003853,home,8650.73,"Address_9700, India",pending,2026-04-15,requested
ORD_003854,TXN_003854,fashion,17022.36,"Address_8323, India",delivered,2026-07-07,none
ORD_003855,TXN_003855,software,1143.93,"Address_4839, India",delivered,2026-05-05,none
ORD_003856,TXN_003856,beauty,3771.49,"Address_8213, India",delivered,2026-01-16,none
ORD_003857,TXN_003857,home,3973.59,"Address_6455, India",failed,2026-08-08,none
ORD_003858,TXN_003858,electronics,5688.9,"Address_4185, India",delivered,2026-03-08,requested
ORD_003859,TXN_003859,travel,2280.44,"Address_3480, India",delivered,2026-02-12,none
ORD_003860,TXN_003860,home,1445.77,"Address_8308, India",failed,2026-03-04,none
ORD_003861,TXN_003861,electronics,6791.62,"Address_9776, India",delivered,2026-07-03,none
ORD_003862,TXN_003862,grocery,4337.51,"Address_7647, India",delivered,2026-02-28,none
ORD_003863,TXN_003863,software,5934.0,"Address_4931, India",pending,2026-02-18,requested
ORD_003864,TXN_003864,travel,7525.62,"Address_6342, India",delivered,2026-08-02,none
ORD_003865,TXN_003865,software,781.36,"Address_3747, India",delivered,2026-08-15,none
ORD_003866,TXN_003866,grocery,10867.67,"Address_7689, India",delivered,2026-05-06,processed
ORD_003867,TXN_003867,electronics,9691.22,"Address_4648, India",delivered,2026-08-17,processed
ORD_003868,TXN_003868,electronics,8483.97,"Address_6973, India",delivered,2026-03-08,none
ORD_003869,TXN_003869,software,6857.17,"Address_4953, India",pending,2026-03-13,processed
ORD_003870,TXN_003870,travel,4153.39,"Address_1383, India",delivered,2026-02-21,requested
ORD_003871,TXN_003871,beauty,6374.03,"Address_1789, India",delivered,2026-03-21,none
ORD_003872,TXN_003872,grocery,4167.3,"Address_5288, India",delivered,2026-06-25,none
ORD_003873,TXN_003873,software,3734.89,"Address_9951, India",delivered,2026-07-27,none
ORD_003874,TXN_003874,beauty,3257.26,"Address_4649, India",failed,2026-03-29,none
ORD_003875,TXN_003875,home,1183.71,"Address_2525, India",delivered,2026-01-20,none
ORD_003876,TXN_003876,home,1782.19,"Address_9763, India",failed,2026-06-27,none
ORD_003877,TXN_003877,beauty,9760.13,"Address_9200, India",pending,2026-02-07,none
ORD_003878,TXN_003878,software,12604.33,"Address_7926, India",failed,2026-07-22,none
ORD_003879,TXN_003879,grocery,2550.0,"Address_2322, India",pending,2026-02-23,requested
ORD_003880,TXN_003880,travel,12643.89,"Address_7369, India",delivered,2026-04-27,requested
ORD_003881,TXN_003881,travel,3142.06,"Address_8644, India",delivered,2026-01-27,processed
ORD_003882,TXN_003882,grocery,3181.97,"Address_3673, India",delivered,2026-03-22,requested
ORD_003883,TXN_003883,electronics,2597.23,"Address_1488, India",delivered,2026-03-01,processed
ORD_003884,TXN_003884,software,1284.32,"Address_6646, India",failed,2026-07-26,none
ORD_003885,TXN_003885,software,1405.34,"Address_1190, India",delivered,2026-02-18,requested
ORD_003886,TXN_003886,home,8797.98,"Address_6280, India",pending,2026-01-24,none
ORD_003887,TXN_003887,electronics,1513.9,"Address_1548, India",delivered,2026-07-07,none
ORD_003888,TXN_003888,electronics,21503.81,"Address_6988, India",delivered,2026-01-11,processed
ORD_003889,TXN_003889,travel,4142.15,"Address_7776, India",delivered,2026-02-16,none
ORD_003890,TXN_003890,beauty,1726.94,"Address_8130, India",delivered,2026-04-13,none
ORD_003891,TXN_003891,software,1587.47,"Address_6080, India",failed,2026-08-07,requested
ORD_003892,TXN_003892,home,2698.62,"Address_5324, India",delivered,2026-02-23,none
ORD_003893,TXN_003893,beauty,8373.85,"Address_6672, India",failed,2026-07-08,none
ORD_003894,TXN_003894,grocery,6709.91,"Address_2233, India",failed,2026-03-15,none
ORD_003895,TXN_003895,electronics,2389.59,"Address_1164, India",delivered,2026-03-02,requested
ORD_003896,TXN_003896,fashion,2953.22,"Address_4477, India",delivered,2026-06-28,none
ORD_003897,TXN_003897,fashion,2335.47,"Address_8259, India",pending,2026-03-13,requested
ORD_003898,TXN_003898,electronics,7585.46,"Address_9708, India",delivered,2026-03-27,none
ORD_003899,TXN_003899,travel,6207.74,"Address_3710, India",pending,2026-07-04,none
ORD_003900,TXN_003900,fashion,1563.3,"Address_6904, India",delivered,2026-03-20,none
ORD_003901,TXN_003901,software,2834.16,"Address_5558, India",delivered,2026-06-06,none
ORD_003902,TXN_003902,electronics,810.39,"Address_4949, India",failed,2026-02-01,none
ORD_003903,TXN_003903,electronics,5205.1,"Address_2977, India",delivered,2026-04-01,none
ORD_003904,TXN_003904,home,3810.3,"Address_7642, India",failed,2026-01-08,none
ORD_003905,TXN_003905,software,3055.82,"Address_7072, India",delivered,2026-04-24,processed
ORD_003906,TXN_003906,beauty,2672.18,"Address_6939, India",delivered,2026-05-23,none
ORD_003907,TXN_003907,fashion,1588.61,"Address_4355, India",pending,2026-08-03,none
ORD_003908,TXN_003908,beauty,5118.95,"Address_4534, India",failed,2026-07-15,none
ORD_003909,TXN_003909,electronics,7267.99,"Address_8583, India",delivered,2026-05-17,none
ORD_003910,TXN_003910,fashion,8320.7,"Address_4610, India",delivered,2026-05-18,none
ORD_003911,TXN_003911,grocery,6852.15,"Address_3371, India",delivered,2026-08-12,none
ORD_003912,TXN_003912,beauty,4801.37,"Address_6725, India",pending,2026-01-20,processed
ORD_003913,TXN_003913,home,4844.39,"Address_6339, India",pending,2026-06-30,processed
ORD_003914,TXN_003914,electronics,1326.98,"Address_9041, India",delivered,2026-05-02,none
ORD_003915,TXN_003915,electronics,2067.0,"Address_1201, India",pending,2026-05-18,none
ORD_003916,TXN_003916,travel,2128.12,"Address_6336, India",delivered,2026-06-01,processed
ORD_003917,TXN_003917,electronics,7517.47,"Address_5994, India",failed,2026-03-05,processed
ORD_003918,TXN_003918,grocery,1915.06,"Address_1682, India",pending,2026-04-19,processed
ORD_003919,TXN_003919,fashion,3654.57,"Address_9509, India",pending,2026-05-29,none
ORD_003920,TXN_003920,software,3096.27,"Address_6690, India",failed,2026-04-17,none
ORD_003921,TXN_003921,beauty,1242.32,"Address_4101, India",pending,2026-03-25,requested
ORD_003922,TXN_003922,travel,8626.56,"Address_3576, India",delivered,2026-04-22,processed
ORD_003923,TXN_003923,home,3072.13,"Address_4564, India",pending,2026-04-14,processed
ORD_003924,TXN_003924,electronics,5887.82,"Address_7016, India",delivered,2026-04-06,none
ORD_003925,TXN_003925,travel,3882.86,"Address_3226, India",pending,2026-04-23,none
ORD_003926,TXN_003926,software,3682.68,"Address_2354, India",pending,2026-04-13,none
ORD_003927,TXN_003927,travel,3168.18,"Address_1329, India",delivered,2026-07-27,none
ORD_003928,TXN_003928,fashion,4030.3,"Address_3222, India",pending,2026-04-08,none
ORD_003929,TXN_003929,travel,3212.72,"Address_4523, India",delivered,2026-03-14,none
ORD_003930,TXN_003930,travel,5279.48,"Address_5679, India",pending,2026-03-11,none
ORD_003931,TXN_003931,travel,2906.37,"Address_7221, India",failed,2026-06-05,requested
ORD_003932,TXN_003932,fashion,3460.46,"Address_8988, India",delivered,2026-07-27,requested
ORD_003933,TXN_003933,beauty,5358.36,"Address_9800, India",pending,2026-05-18,processed
ORD_003934,TXN_003934,electronics,4236.16,"Address_6452, India",delivered,2026-08-08,none
ORD_003935,TXN_003935,beauty,6960.76,"Address_2232, India",delivered,2026-05-02,none
ORD_003936,TXN_003936,software,2891.76,"Address_4653, India",failed,2026-01-16,none
ORD_003937,TXN_003937,home,7478.25,"Address_6959, India",delivered,2026-05-19,requested
ORD_003938,TXN_003938,travel,1187.0,"Address_7372, India",delivered,2026-07-31,none
ORD_003939,TXN_003939,grocery,4744.16,"Address_2864, India",delivered,2026-07-14,none
ORD_003940,TXN_003940,home,3084.71,"Address_3534, India",delivered,2026-07-13,none
ORD_003941,TXN_003941,beauty,2375.17,"Address_4367, India",delivered,2026-01-11,requested
ORD_003942,TXN_003942,travel,5414.55,"Address_5200, India",delivered,2026-06-09,none
ORD_003943,TXN_003943,beauty,4340.82,"Address_7334, India",delivered,2026-03-30,processed
ORD_003944,TXN_003944,electronics,5807.13,"Address_8332, India",delivered,2026-04-08,requested
ORD_003945,TXN_003945,electronics,3559.89,"Address_8086, India",failed,2026-03-23,none
ORD_003946,TXN_003946,beauty,2746.47,"Address_5308, India",delivered,2026-04-02,none
ORD_003947,TXN_003947,home,3359.6,"Address_9671, India",delivered,2026-01-09,none
ORD_003948,TXN_003948,beauty,5308.58,"Address_3308, India",delivered,2026-05-31,none
ORD_003949,TXN_003949,beauty,2572.33,"Address_9459, India",pending,2026-08-02,none
ORD_003950,TXN_003950,software,4241.17,"Address_4039, India",pending,2026-01-06,none
ORD_003951,TXN_003951,software,6125.93,"Address_9116, India",delivered,2026-06-23,none
ORD_003952,TXN_003952,fashion,3346.12,"Address_7906, India",delivered,2026-05-22,none
ORD_003953,TXN_003953,grocery,4108.07,"Address_7170, India",failed,2026-06-09,requested
ORD_003954,TXN_003954,fashion,3214.15,"Address_6176, India",delivered,2026-02-15,processed
ORD_003955,TXN_003955,home,1137.61,"Address_5916, India",delivered,2026-07-12,none
ORD_003956,TXN_003956,grocery,20517.8,"Address_3754, India",failed,2026-05-22,processed
ORD_003957,TXN_003957,beauty,2802.97,"Address_1027, India",failed,2026-04-09,processed
ORD_003958,TXN_003958,home,5109.64,"Address_1508, India",failed,2026-04-20,none
ORD_003959,TXN_003959,electronics,1000.67,"Address_8543, India",delivered,2026-05-12,processed
ORD_003960,TXN_003960,software,4110.63,"Address_3857, India",delivered,2026-08-18,requested
ORD_003961,TXN_003961,electronics,2912.66,"Address_5005, India",pending,2026-04-23,none
ORD_003962,TXN_003962,beauty,2331.75,"Address_6467, India",failed,2026-02-19,processed
ORD_003963,TXN_003963,grocery,1719.12,"Address_5277, India",delivered,2026-07-06,requested
ORD_003964,TXN_003964,fashion,570.16,"Address_2850, India",delivered,2026-04-20,requested
ORD_003965,TXN_003965,travel,32700.02,"Address_9099, India",pending,2026-02-02,requested
ORD_003966,TXN_003966,fashion,7996.97,"Address_4664, India",delivered,2026-04-15,processed
ORD_003967,TXN_003967,electronics,6099.23,"Address_9262, India",delivered,2026-06-25,none
ORD_003968,TXN_003968,fashion,3133.35,"Address_9396, India",delivered,2026-07-30,none
ORD_003969,TXN_003969,electronics,1324.2,"Address_8683, India",failed,2026-02-12,none
ORD_003970,TXN_003970,travel,6148.63,"Address_7157, India",failed,2026-08-05,none
ORD_003971,TXN_003971,fashion,3144.29,"Address_2920, India",failed,2026-05-22,processed
ORD_003972,TXN_003972,travel,6190.58,"Address_1539, India",delivered,2026-02-11,processed
ORD_003973,TXN_003973,travel,4440.61,"Address_8741, India",delivered,2026-02-04,none
ORD_003974,TXN_003974,beauty,1715.56,"Address_2499, India",delivered,2026-03-01,none
ORD_003975,TXN_003975,fashion,4844.23,"Address_7331, India",delivered,2026-03-27,requested
ORD_003976,TXN_003976,grocery,3808.74,"Address_7351, India",delivered,2026-03-15,none
ORD_003977,TXN_003977,fashion,2932.14,"Address_4481, India",delivered,2026-07-02,none
ORD_003978,TXN_003978,home,10094.07,"Address_9647, India",delivered,2026-04-22,none
ORD_003979,TXN_003979,grocery,7232.16,"Address_3911, India",delivered,2026-06-08,none
ORD_003980,TXN_003980,home,1886.85,"Address_6156, India",failed,2026-05-04,processed
ORD_003981,TXN_003981,electronics,3383.59,"Address_2300, India",failed,2026-03-27,processed
ORD_003982,TXN_003982,travel,1941.69,"Address_3732, India",delivered,2026-03-23,none
ORD_003983,TXN_003983,electronics,5172.95,"Address_5287, India",delivered,2026-08-04,none
ORD_003984,TXN_003984,fashion,3502.3,"Address_8430, India",delivered,2026-04-28,none
ORD_003985,TXN_003985,beauty,4810.04,"Address_2686, India",delivered,2026-08-14,none
ORD_003986,TXN_003986,fashion,4569.33,"Address_2587, India",delivered,2026-04-14,none
ORD_003987,TXN_003987,home,1884.01,"Address_3963, India",delivered,2026-04-14,none
ORD_003988,TXN_003988,home,1041.43,"Address_3783, India",delivered,2026-01-10,processed
ORD_003989,TXN_003989,software,15364.57,"Address_1294, India",delivered,2026-01-28,requested
ORD_003990,TXN_003990,electronics,887.84,"Address_3893, India",delivered,2026-05-18,processed
ORD_003991,TXN_003991,software,1517.96,"Address_2490, India",failed,2026-01-05,none
ORD_003992,TXN_003992,electronics,4145.26,"Address_5542, India",pending,2026-01-15,requested
ORD_003993,TXN_003993,electronics,13571.76,"Address_4870, India",pending,2026-02-04,requested
ORD_003994,TXN_003994,home,5798.72,"Address_3340, India",pending,2026-05-25,none
ORD_003995,TXN_003995,software,3339.68,"Address_5625, India",delivered,2026-03-02,processed
ORD_003996,TXN_003996,beauty,1379.22,"Address_1117, India",pending,2026-06-25,none
ORD_003997,TXN_003997,software,14012.51,"Address_6748, India",delivered,2026-01-14,none
ORD_003998,TXN_003998,grocery,5759.42,"Address_1446, India",delivered,2026-05-10,none
ORD_003999,TXN_003999,home,1977.4,"Address_3163, India",delivered,2026-04-17,none
ORD_004000,TXN_004000,grocery,3183.62,"Address_5458, India",pending,2026-06-27,requested
ORD_004001,TXN_004001,fashion,1752.26,"Address_1581, India",delivered,2026-03-08,none
ORD_004002,TXN_004002,travel,3909.68,"Address_6536, India",delivered,2026-01-28,none
ORD_004003,TXN_004003,software,13453.77,"Address_3057, India",delivered,2026-06-29,requested
ORD_004004,TXN_004004,home,6821.43,"Address_4326, India",delivered,2026-04-09,processed
ORD_004005,TXN_004005,travel,2277.41,"Address_3454, India",delivered,2026-06-09,requested
ORD_004006,TXN_004006,grocery,1703.08,"Address_2529, India",delivered,2026-03-12,processed
ORD_004007,TXN_004007,software,10154.34,"Address_7874, India",pending,2026-05-21,none
ORD_004008,TXN_004008,fashion,2638.78,"Address_1817, India",delivered,2026-01-24,requested
ORD_004009,TXN_004009,fashion,4904.4,"Address_9478, India",delivered,2026-07-16,none
ORD_004010,TXN_004010,fashion,4095.2,"Address_4625, India",failed,2026-08-07,processed
ORD_004011,TXN_004011,grocery,4420.31,"Address_9263, India",delivered,2026-04-30,none
ORD_004012,TXN_004012,electronics,4048.71,"Address_5889, India",delivered,2026-08-02,none
ORD_004013,TXN_004013,software,58499.75,"Address_7179, India",pending,2026-08-16,none
ORD_004014,TXN_004014,electronics,2429.47,"Address_6080, India",pending,2026-08-17,none
ORD_004015,TXN_004015,software,4979.41,"Address_2987, India",delivered,2026-07-29,none
ORD_004016,TXN_004016,electronics,2005.65,"Address_1291, India",delivered,2026-03-21,none
ORD_004017,TXN_004017,travel,2117.51,"Address_7064, India",delivered,2026-08-01,none
ORD_004018,TXN_004018,home,2633.2,"Address_5711, India",delivered,2026-07-06,none
ORD_004019,TXN_004019,beauty,3204.95,"Address_2729, India",failed,2026-04-22,none
ORD_004020,TXN_004020,fashion,2566.48,"Address_3771, India",delivered,2026-05-04,requested
ORD_004021,TXN_004021,grocery,3583.06,"Address_2722, India",failed,2026-08-16,processed
ORD_004022,TXN_004022,beauty,10510.66,"Address_1114, India",pending,2026-04-10,none
ORD_004023,TXN_004023,travel,2029.62,"Address_2836, India",pending,2026-06-26,none
ORD_004024,TXN_004024,electronics,3847.23,"Address_8478, India",delivered,2026-04-12,processed
ORD_004025,TXN_004025,fashion,6273.15,"Address_7387, India",pending,2026-08-05,none
ORD_004026,TXN_004026,travel,7202.81,"Address_1342, India",delivered,2026-07-04,none
ORD_004027,TXN_004027,home,3541.15,"Address_3613, India",delivered,2026-02-20,processed
ORD_004028,TXN_004028,software,4190.85,"Address_5649, India",delivered,2026-01-24,processed
ORD_004029,TXN_004029,software,2813.86,"Address_8066, India",delivered,2026-06-03,processed
ORD_004030,TXN_004030,software,1205.2,"Address_9176, India",delivered,2026-02-24,none
ORD_004031,TXN_004031,electronics,2900.09,"Address_5212, India",failed,2026-07-05,none
ORD_004032,TXN_004032,electronics,700.58,"Address_4725, India",pending,2026-04-06,none
ORD_004033,TXN_004033,fashion,824.97,"Address_5658, India",pending,2026-06-14,none
ORD_004034,TXN_004034,electronics,999.01,"Address_5137, India",delivered,2026-04-26,none
ORD_004035,TXN_004035,software,2536.46,"Address_8684, India",delivered,2026-01-10,processed
ORD_004036,TXN_004036,home,4367.33,"Address_5840, India",delivered,2026-06-22,none
ORD_004037,TXN_004037,travel,6041.24,"Address_5859, India",delivered,2026-01-24,none
ORD_004038,TXN_004038,grocery,3432.33,"Address_1251, India",failed,2026-08-04,none
ORD_004039,TXN_004039,fashion,4533.75,"Address_1302, India",pending,2026-07-06,processed
ORD_004040,TXN_004040,grocery,2039.45,"Address_5997, India",pending,2026-07-29,none
ORD_004041,TXN_004041,home,2759.73,"Address_5166, India",delivered,2026-06-08,requested
ORD_004042,TXN_004042,software,8906.13,"Address_3277, India",failed,2026-02-24,none
ORD_004043,TXN_004043,home,10935.1,"Address_2521, India",delivered,2026-07-18,processed
ORD_004044,TXN_004044,electronics,9014.7,"Address_9531, India",delivered,2026-02-02,none
ORD_004045,TXN_004045,electronics,17118.34,"Address_9544, India",delivered,2026-05-01,requested
ORD_004046,TXN_004046,software,3321.67,"Address_5868, India",pending,2026-04-23,none
ORD_004047,TXN_004047,travel,7427.79,"Address_4245, India",pending,2026-07-12,requested
ORD_004048,TXN_004048,grocery,9392.97,"Address_2840, India",pending,2026-07-28,requested
ORD_004049,TXN_004049,electronics,2557.54,"Address_3742, India",delivered,2026-06-27,none
ORD_004050,TXN_004050,grocery,3143.05,"Address_6292, India",delivered,2026-05-26,none
ORD_004051,TXN_004051,fashion,811.26,"Address_5171, India",delivered,2026-04-23,requested
ORD_004052,TXN_004052,fashion,1191.93,"Address_4059, India",failed,2026-06-09,processed
ORD_004053,TXN_004053,grocery,20830.17,"Address_5901, India",delivered,2026-06-11,none
ORD_004054,TXN_004054,grocery,1024.76,"Address_1517, India",delivered,2026-03-16,none
ORD_004055,TXN_004055,home,2537.18,"Address_1592, India",delivered,2026-01-14,processed
ORD_004056,TXN_004056,grocery,7113.61,"Address_3698, India",failed,2026-01-18,requested
ORD_004057,TXN_004057,fashion,4127.08,"Address_4345, India",delivered,2026-04-29,processed
ORD_004058,TXN_004058,software,3297.62,"Address_7653, India",failed,2026-02-04,none
ORD_004059,TXN_004059,electronics,2457.77,"Address_9899, India",delivered,2026-04-15,processed
ORD_004060,TXN_004060,home,3617.88,"Address_6799, India",pending,2026-07-21,none
ORD_004061,TXN_004061,travel,4930.43,"Address_1997, India",pending,2026-04-05,requested
ORD_004062,TXN_004062,grocery,2499.63,"Address_7697, India",pending,2026-04-11,none
ORD_004063,TXN_004063,home,3229.19,"Address_6826, India",pending,2026-01-14,none
ORD_004064,TXN_004064,electronics,2082.09,"Address_5284, India",delivered,2026-01-02,none
ORD_004065,TXN_004065,software,7971.97,"Address_6008, India",delivered,2026-07-13,processed
ORD_004066,TXN_004066,beauty,3469.89,"Address_3543, India",delivered,2026-08-17,none
ORD_004067,TXN_004067,beauty,1254.4,"Address_3795, India",failed,2026-05-21,none
ORD_004068,TXN_004068,electronics,1838.86,"Address_3363, India",failed,2026-07-16,none
ORD_004069,TXN_004069,travel,3041.42,"Address_2754, India",delivered,2026-04-05,processed
ORD_004070,TXN_004070,software,11849.99,"Address_3508, India",delivered,2026-04-12,none
ORD_004071,TXN_004071,fashion,1109.89,"Address_1183, India",delivered,2026-02-10,processed
ORD_004072,TXN_004072,travel,1211.11,"Address_7707, India",delivered,2026-07-05,processed
ORD_004073,TXN_004073,electronics,3701.11,"Address_9793, India",delivered,2026-03-03,processed
ORD_004074,TXN_004074,travel,7200.18,"Address_9668, India",delivered,2026-03-23,none
ORD_004075,TXN_004075,fashion,2846.75,"Address_9684, India",delivered,2026-04-30,processed
ORD_004076,TXN_004076,travel,1288.3,"Address_1699, India",delivered,2026-05-14,none
ORD_004077,TXN_004077,home,8832.97,"Address_9011, India",delivered,2026-07-26,processed
ORD_004078,TXN_004078,fashion,3177.37,"Address_1869, India",delivered,2026-07-10,processed
ORD_004079,TXN_004079,grocery,1641.66,"Address_1304, India",delivered,2026-02-28,requested
ORD_004080,TXN_004080,software,3547.27,"Address_8778, India",pending,2026-03-13,requested
ORD_004081,TXN_004081,beauty,5653.77,"Address_3331, India",delivered,2026-04-21,none
ORD_004082,TXN_004082,software,9954.98,"Address_1284, India",delivered,2026-07-25,requested
ORD_004083,TXN_004083,electronics,1939.97,"Address_8507, India",delivered,2026-06-12,none
ORD_004084,TXN_004084,home,2587.72,"Address_5804, India",delivered,2026-02-05,none
ORD_004085,TXN_004085,electronics,1333.49,"Address_8151, India",failed,2026-06-15,none
ORD_004086,TXN_004086,fashion,1143.78,"Address_9353, India",pending,2026-06-25,requested
ORD_004087,TXN_004087,home,13371.52,"Address_4395, India",failed,2026-04-12,none
ORD_004088,TXN_004088,fashion,5719.74,"Address_2907, India",delivered,2026-01-10,none
ORD_004089,TXN_004089,home,830.39,"Address_9115, India",pending,2026-02-24,none
ORD_004090,TXN_004090,beauty,3274.52,"Address_8566, India",failed,2026-08-14,processed
ORD_004091,TXN_004091,home,6240.38,"Address_3950, India",pending,2026-06-24,none
ORD_004092,TXN_004092,software,6929.79,"Address_8796, India",delivered,2026-07-11,none
ORD_004093,TXN_004093,fashion,1222.99,"Address_9012, India",delivered,2026-01-09,processed
ORD_004094,TXN_004094,electronics,2506.63,"Address_1660, India",delivered,2026-01-31,requested
ORD_004095,TXN_004095,travel,3906.39,"Address_6261, India",delivered,2026-07-12,none
ORD_004096,TXN_004096,software,1691.33,"Address_4826, India",delivered,2026-04-21,none
ORD_004097,TXN_004097,home,3180.82,"Address_7507, India",failed,2026-02-08,none
ORD_004098,TXN_004098,fashion,3441.75,"Address_9306, India",pending,2026-01-13,processed
ORD_004099,TXN_004099,electronics,3616.94,"Address_8068, India",delivered,2026-02-20,none
ORD_004100,TXN_004100,beauty,5282.25,"Address_2692, India",pending,2026-02-12,none
ORD_004101,TXN_004101,fashion,13271.66,"Address_5391, India",delivered,2026-07-20,none
ORD_004102,TXN_004102,home,14701.44,"Address_4937, India",pending,2026-03-10,none
ORD_004103,TXN_004103,home,7478.37,"Address_5085, India",failed,2026-01-27,none
ORD_004104,TXN_004104,fashion,10420.86,"Address_2232, India",failed,2026-04-07,none
ORD_004105,TXN_004105,grocery,6858.12,"Address_2229, India",delivered,2026-02-13,requested
ORD_004106,TXN_004106,software,306.47,"Address_2954, India",pending,2026-06-29,processed
ORD_004107,TXN_004107,fashion,9385.12,"Address_7783, India",delivered,2026-03-20,none
ORD_004108,TXN_004108,software,1519.89,"Address_5701, India",pending,2026-06-10,none
ORD_004109,TXN_004109,electronics,3254.85,"Address_8294, India",delivered,2026-03-12,requested
ORD_004110,TXN_004110,beauty,3254.01,"Address_8888, India",delivered,2026-02-20,none
ORD_004111,TXN_004111,grocery,3212.07,"Address_2983, India",delivered,2026-07-19,none
ORD_004112,TXN_004112,grocery,2701.23,"Address_7841, India",delivered,2026-03-16,none
ORD_004113,TXN_004113,electronics,3180.63,"Address_2600, India",pending,2026-08-06,processed
ORD_004114,TXN_004114,grocery,871.38,"Address_3885, India",pending,2026-03-31,none
ORD_004115,TXN_004115,home,3621.01,"Address_1308, India",delivered,2026-08-02,processed
ORD_004116,TXN_004116,beauty,5031.19,"Address_5399, India",delivered,2026-07-20,none
ORD_004117,TXN_004117,electronics,2167.01,"Address_3041, India",delivered,2026-08-17,none
ORD_004118,TXN_004118,home,3985.71,"Address_9308, India",delivered,2026-01-31,none
ORD_004119,TXN_004119,home,12065.55,"Address_1160, India",failed,2026-03-10,none
ORD_004120,TXN_004120,software,4000.74,"Address_5335, India",delivered,2026-08-18,processed
ORD_004121,TXN_004121,electronics,10410.25,"Address_3127, India",delivered,2026-07-07,requested
ORD_004122,TXN_004122,travel,1744.75,"Address_4024, India",failed,2026-05-29,none
ORD_004123,TXN_004123,home,4504.45,"Address_2074, India",pending,2026-05-24,none
ORD_004124,TXN_004124,software,1773.83,"Address_7185, India",delivered,2026-02-28,processed
ORD_004125,TXN_004125,home,4173.12,"Address_4564, India",pending,2026-03-25,none
ORD_004126,TXN_004126,electronics,4125.89,"Address_5291, India",failed,2026-02-12,none
ORD_004127,TXN_004127,beauty,5642.04,"Address_2398, India",delivered,2026-03-03,none
ORD_004128,TXN_004128,travel,1541.81,"Address_3485, India",failed,2026-04-22,none
ORD_004129,TXN_004129,beauty,2940.24,"Address_1113, India",delivered,2026-01-10,none
ORD_004130,TXN_004130,software,6713.55,"Address_4755, India",delivered,2026-02-14,processed
ORD_004131,TXN_004131,travel,2973.7,"Address_4765, India",delivered,2026-06-12,none
ORD_004132,TXN_004132,software,4067.8,"Address_2325, India",pending,2026-08-12,requested
ORD_004133,TXN_004133,home,1196.33,"Address_5179, India",failed,2026-07-22,requested
ORD_004134,TXN_004134,fashion,2792.07,"Address_7670, India",failed,2026-03-11,none
ORD_004135,TXN_004135,fashion,33958.28,"Address_4831, India",pending,2026-02-09,none
ORD_004136,TXN_004136,software,979.78,"Address_3643, India",pending,2026-07-25,processed
ORD_004137,TXN_004137,electronics,2028.82,"Address_2231, India",delivered,2026-06-10,none
ORD_004138,TXN_004138,software,16342.13,"Address_4037, India",delivered,2026-05-29,processed
ORD_004139,TXN_004139,beauty,2942.75,"Address_5080, India",delivered,2026-05-29,none
ORD_004140,TXN_004140,fashion,5877.14,"Address_7513, India",pending,2026-03-16,requested
ORD_004141,TXN_004141,electronics,2540.25,"Address_4907, India",delivered,2026-07-25,none
ORD_004142,TXN_004142,electronics,1188.94,"Address_8758, India",failed,2026-06-18,requested
ORD_004143,TXN_004143,electronics,2192.38,"Address_3531, India",failed,2026-04-14,none
ORD_004144,TXN_004144,beauty,5109.91,"Address_1235, India",pending,2026-07-30,requested
ORD_004145,TXN_004145,software,2359.95,"Address_5110, India",failed,2026-07-16,none
ORD_004146,TXN_004146,electronics,5998.24,"Address_6546, India",delivered,2026-08-01,processed
ORD_004147,TXN_004147,electronics,12543.7,"Address_7839, India",pending,2026-02-21,none
ORD_004148,TXN_004148,fashion,2069.9,"Address_9701, India",failed,2026-06-01,none
ORD_004149,TXN_004149,home,3772.56,"Address_4627, India",failed,2026-05-02,processed
ORD_004150,TXN_004150,grocery,1961.35,"Address_4658, India",delivered,2026-03-06,processed
ORD_004151,TXN_004151,fashion,8379.56,"Address_4011, India",pending,2026-02-04,processed
ORD_004152,TXN_004152,electronics,6750.71,"Address_5487, India",pending,2026-02-18,none
ORD_004153,TXN_004153,fashion,5916.07,"Address_6188, India",delivered,2026-07-25,requested
ORD_004154,TXN_004154,beauty,358.26,"Address_9463, India",delivered,2026-01-11,none
ORD_004155,TXN_004155,electronics,2695.32,"Address_8187, India",delivered,2026-03-17,none
ORD_004156,TXN_004156,travel,3844.03,"Address_9383, India",pending,2026-08-03,none
ORD_004157,TXN_004157,grocery,3389.92,"Address_8074, India",delivered,2026-05-19,none
ORD_004158,TXN_004158,travel,13653.02,"Address_7370, India",pending,2026-05-25,none
ORD_004159,TXN_004159,electronics,2480.84,"Address_5578, India",pending,2026-01-23,none
ORD_004160,TXN_004160,electronics,3707.38,"Address_5537, India",delivered,2026-01-17,none
ORD_004161,TXN_004161,beauty,11824.98,"Address_1014, India",delivered,2026-01-30,requested
ORD_004162,TXN_004162,electronics,2815.12,"Address_3596, India",delivered,2026-06-22,none
ORD_004163,TXN_004163,travel,4658.74,"Address_7878, India",delivered,2026-06-20,processed
ORD_004164,TXN_004164,home,2195.1,"Address_6039, India",failed,2026-05-27,requested
ORD_004165,TXN_004165,fashion,6807.82,"Address_4507, India",pending,2026-05-25,processed
ORD_004166,TXN_004166,home,5083.04,"Address_2150, India",pending,2026-01-13,none
ORD_004167,TXN_004167,travel,11359.55,"Address_8407, India",pending,2026-08-09,none
ORD_004168,TXN_004168,software,2447.18,"Address_7815, India",delivered,2026-03-24,none
ORD_004169,TXN_004169,software,3551.54,"Address_2085, India",delivered,2026-03-27,processed
ORD_004170,TXN_004170,beauty,8480.28,"Address_1806, India",pending,2026-07-01,requested
ORD_004171,TXN_004171,grocery,7942.2,"Address_2219, India",pending,2026-01-31,processed
ORD_004172,TXN_004172,grocery,3071.49,"Address_4593, India",pending,2026-03-28,none
ORD_004173,TXN_004173,software,3252.02,"Address_5040, India",pending,2026-07-28,none
ORD_004174,TXN_004174,home,10881.07,"Address_2402, India",failed,2026-07-23,none
ORD_004175,TXN_004175,fashion,5654.59,"Address_6614, India",pending,2026-03-23,requested
ORD_004176,TXN_004176,software,2653.79,"Address_9125, India",failed,2026-05-26,processed
ORD_004177,TXN_004177,fashion,1935.92,"Address_5531, India",delivered,2026-02-08,none
ORD_004178,TXN_004178,home,10531.35,"Address_2207, India",failed,2026-05-11,processed
ORD_004179,TXN_004179,software,6130.37,"Address_4143, India",pending,2026-08-09,none
ORD_004180,TXN_004180,beauty,5025.91,"Address_3722, India",delivered,2026-08-16,processed
ORD_004181,TXN_004181,home,13953.47,"Address_1614, India",delivered,2026-03-05,none
ORD_004182,TXN_004182,grocery,9844.92,"Address_6314, India",delivered,2026-03-21,none
ORD_004183,TXN_004183,travel,3705.25,"Address_7388, India",pending,2026-03-21,none
ORD_004184,TXN_004184,fashion,7282.34,"Address_2974, India",pending,2026-02-07,processed
ORD_004185,TXN_004185,fashion,2509.4,"Address_6453, India",failed,2026-07-06,processed
ORD_004186,TXN_004186,electronics,5289.33,"Address_7520, India",delivered,2026-04-01,none
ORD_004187,TXN_004187,fashion,1454.97,"Address_8178, India",pending,2026-06-21,none
ORD_004188,TXN_004188,beauty,2041.62,"Address_5780, India",delivered,2026-05-23,processed
ORD_004189,TXN_004189,travel,11719.0,"Address_1507, India",delivered,2026-03-26,requested
ORD_004190,TXN_004190,grocery,3053.8,"Address_2475, India",delivered,2026-01-05,processed
ORD_004191,TXN_004191,travel,5585.35,"Address_9993, India",delivered,2026-07-09,requested
ORD_004192,TXN_004192,grocery,2178.5,"Address_6226, India",delivered,2026-06-03,processed
ORD_004193,TXN_004193,home,1808.09,"Address_2665, India",failed,2026-06-11,processed
ORD_004194,TXN_004194,home,3027.68,"Address_1050, India",pending,2026-04-12,processed
ORD_004195,TXN_004195,fashion,2653.95,"Address_4385, India",delivered,2026-04-02,none
ORD_004196,TXN_004196,beauty,1241.0,"Address_5980, India",delivered,2026-07-21,requested
ORD_004197,TXN_004197,travel,4689.67,"Address_7015, India",failed,2026-06-16,none
ORD_004198,TXN_004198,grocery,1071.64,"Address_1701, India",delivered,2026-04-18,none
ORD_004199,TXN_004199,home,1976.95,"Address_6971, India",delivered,2026-01-10,requested
ORD_004200,TXN_004200,grocery,1915.57,"Address_9543, India",pending,2026-01-08,none
ORD_004201,TXN_004201,beauty,3820.55,"Address_2167, India",delivered,2026-02-04,requested
ORD_004202,TXN_004202,software,578.74,"Address_1052, India",delivered,2026-06-19,none
ORD_004203,TXN_004203,travel,3825.05,"Address_6527, India",delivered,2026-07-25,none
ORD_004204,TXN_004204,beauty,1892.09,"Address_5650, India",delivered,2026-06-14,processed
ORD_004205,TXN_004205,home,10600.5,"Address_1108, India",delivered,2026-01-22,requested
ORD_004206,TXN_004206,home,1474.55,"Address_2907, India",pending,2026-05-25,none
ORD_004207,TXN_004207,software,1725.62,"Address_6617, India",delivered,2026-02-14,requested
ORD_004208,TXN_004208,home,1777.14,"Address_7649, India",delivered,2026-08-18,none
ORD_004209,TXN_004209,grocery,1316.73,"Address_5782, India",delivered,2026-05-26,processed
ORD_004210,TXN_004210,home,3485.66,"Address_2497, India",failed,2026-02-10,none
ORD_004211,TXN_004211,fashion,9092.18,"Address_4770, India",pending,2026-05-08,processed
ORD_004212,TXN_004212,home,2846.73,"Address_6376, India",pending,2026-04-05,none
ORD_004213,TXN_004213,grocery,624.17,"Address_7442, India",delivered,2026-01-28,processed
ORD_004214,TXN_004214,fashion,11135.33,"Address_5396, India",delivered,2026-07-29,none
ORD_004215,TXN_004215,grocery,3291.68,"Address_4184, India",delivered,2026-07-07,processed
ORD_004216,TXN_004216,beauty,14270.32,"Address_3578, India",delivered,2026-08-05,processed
ORD_004217,TXN_004217,home,3738.72,"Address_7557, India",pending,2026-02-13,none
ORD_004218,TXN_004218,beauty,3763.36,"Address_2889, India",failed,2026-03-20,none
ORD_004219,TXN_004219,beauty,1533.72,"Address_1593, India",delivered,2026-01-12,none
ORD_004220,TXN_004220,software,1509.21,"Address_1321, India",delivered,2026-05-23,none
ORD_004221,TXN_004221,grocery,11843.36,"Address_9625, India",pending,2026-01-30,none
ORD_004222,TXN_004222,electronics,7348.92,"Address_3262, India",pending,2026-01-21,processed
ORD_004223,TXN_004223,fashion,5008.27,"Address_8375, India",failed,2026-06-18,none
ORD_004224,TXN_004224,fashion,5853.29,"Address_4412, India",delivered,2026-04-20,none
ORD_004225,TXN_004225,grocery,5286.2,"Address_4529, India",delivered,2026-05-27,none
ORD_004226,TXN_004226,electronics,3728.54,"Address_4232, India",delivered,2026-06-29,none
ORD_004227,TXN_004227,grocery,2449.06,"Address_8201, India",failed,2026-07-18,processed
ORD_004228,TXN_004228,electronics,6659.14,"Address_1670, India",pending,2026-06-24,none
ORD_004229,TXN_004229,home,2146.22,"Address_7346, India",failed,2026-07-21,none
ORD_004230,TXN_004230,fashion,2254.85,"Address_1940, India",pending,2026-08-05,none
ORD_004231,TXN_004231,home,2068.7,"Address_6709, India",pending,2026-06-09,processed
ORD_004232,TXN_004232,fashion,4723.3,"Address_8242, India",delivered,2026-03-30,none
ORD_004233,TXN_004233,electronics,1873.44,"Address_1861, India",delivered,2026-05-28,none
ORD_004234,TXN_004234,home,1643.66,"Address_8957, India",pending,2026-02-21,requested
ORD_004235,TXN_004235,home,3136.58,"Address_6919, India",failed,2026-06-01,none
ORD_004236,TXN_004236,software,32532.95,"Address_3107, India",delivered,2026-05-17,processed
ORD_004237,TXN_004237,home,3273.02,"Address_8855, India",delivered,2026-07-10,none
ORD_004238,TXN_004238,beauty,921.53,"Address_7908, India",pending,2026-05-01,none
ORD_004239,TXN_004239,travel,10869.12,"Address_8398, India",failed,2026-04-07,none
ORD_004240,TXN_004240,electronics,6740.02,"Address_6009, India",delivered,2026-03-26,none
ORD_004241,TXN_004241,fashion,11492.87,"Address_9816, India",failed,2026-03-05,none
ORD_004242,TXN_004242,grocery,2304.87,"Address_4332, India",failed,2026-05-28,processed
ORD_004243,TXN_004243,fashion,17393.5,"Address_7177, India",failed,2026-06-16,requested
ORD_004244,TXN_004244,beauty,4193.58,"Address_5568, India",delivered,2026-07-07,requested
ORD_004245,TXN_004245,home,3104.99,"Address_8977, India",delivered,2026-08-13,processed
ORD_004246,TXN_004246,beauty,4515.06,"Address_7986, India",failed,2026-05-03,processed
ORD_004247,TXN_004247,home,4999.8,"Address_1133, India",failed,2026-05-24,requested
ORD_004248,TXN_004248,beauty,3062.87,"Address_7944, India",delivered,2026-03-11,none
ORD_004249,TXN_004249,grocery,6291.41,"Address_3002, India",failed,2026-01-08,none
ORD_004250,TXN_004250,grocery,2826.45,"Address_1625, India",failed,2026-07-04,processed
ORD_004251,TXN_004251,electronics,3864.11,"Address_5611, India",delivered,2026-04-01,requested
ORD_004252,TXN_004252,grocery,2311.32,"Address_4051, India",pending,2026-03-26,requested
ORD_004253,TXN_004253,fashion,8929.42,"Address_6935, India",delivered,2026-08-08,none
ORD_004254,TXN_004254,software,11979.24,"Address_3466, India",pending,2026-05-30,requested
ORD_004255,TXN_004255,electronics,13716.61,"Address_1997, India",failed,2026-02-15,none
ORD_004256,TXN_004256,home,10374.87,"Address_3672, India",failed,2026-07-19,none
ORD_004257,TXN_004257,electronics,15572.26,"Address_8477, India",delivered,2026-06-09,processed
ORD_004258,TXN_004258,fashion,5878.55,"Address_3030, India",delivered,2026-03-02,none
ORD_004259,TXN_004259,fashion,9514.31,"Address_8353, India",failed,2026-07-29,processed
ORD_004260,TXN_004260,electronics,4185.94,"Address_4741, India",delivered,2026-03-17,processed
ORD_004261,TXN_004261,beauty,2212.11,"Address_2886, India",delivered,2026-04-16,none
ORD_004262,TXN_004262,beauty,3255.11,"Address_9106, India",pending,2026-01-30,none
ORD_004263,TXN_004263,software,4253.83,"Address_8695, India",delivered,2026-02-06,none
ORD_004264,TXN_004264,fashion,2487.04,"Address_4530, India",failed,2026-04-21,none
ORD_004265,TXN_004265,grocery,2551.09,"Address_7450, India",pending,2026-07-02,processed
ORD_004266,TXN_004266,home,2171.9,"Address_5988, India",pending,2026-06-11,none
ORD_004267,TXN_004267,electronics,2502.47,"Address_8851, India",pending,2026-02-27,processed
ORD_004268,TXN_004268,home,4943.88,"Address_3970, India",pending,2026-02-05,requested
ORD_004269,TXN_004269,software,614.98,"Address_9642, India",pending,2026-03-20,requested
ORD_004270,TXN_004270,fashion,7280.26,"Address_4710, India",failed,2026-01-16,none
ORD_004271,TXN_004271,travel,1461.62,"Address_9751, India",delivered,2026-01-15,none
ORD_004272,TXN_004272,fashion,2979.37,"Address_3333, India",pending,2026-02-26,none
ORD_004273,TXN_004273,software,2312.34,"Address_9449, India",pending,2026-05-08,none
ORD_004274,TXN_004274,beauty,22209.87,"Address_5142, India",pending,2026-06-19,none
ORD_004275,TXN_004275,travel,5683.72,"Address_5535, India",failed,2026-06-19,requested
ORD_004276,TXN_004276,electronics,8493.92,"Address_6124, India",delivered,2026-02-11,none
ORD_004277,TXN_004277,grocery,2047.56,"Address_5070, India",delivered,2026-07-04,none
ORD_004278,TXN_004278,grocery,3266.19,"Address_2690, India",delivered,2026-04-02,requested
ORD_004279,TXN_004279,home,2817.06,"Address_3791, India",delivered,2026-06-03,none
ORD_004280,TXN_004280,travel,4801.0,"Address_2249, India",delivered,2026-07-30,processed
ORD_004281,TXN_004281,beauty,4343.71,"Address_5088, India",delivered,2026-01-27,none
ORD_004282,TXN_004282,beauty,5591.94,"Address_1149, India",delivered,2026-07-23,processed
ORD_004283,TXN_004283,fashion,4285.93,"Address_1307, India",delivered,2026-03-18,requested
ORD_004284,TXN_004284,grocery,6068.75,"Address_1424, India",delivered,2026-01-10,none
ORD_004285,TXN_004285,home,1313.08,"Address_9595, India",pending,2026-06-28,requested
ORD_004286,TXN_004286,beauty,2870.49,"Address_1646, India",delivered,2026-05-09,processed
ORD_004287,TXN_004287,fashion,1634.4,"Address_4579, India",delivered,2026-03-30,none
ORD_004288,TXN_004288,fashion,2012.55,"Address_5922, India",delivered,2026-06-18,none
ORD_004289,TXN_004289,grocery,1819.56,"Address_8473, India",delivered,2026-07-25,none
ORD_004290,TXN_004290,software,5350.59,"Address_3382, India",pending,2026-05-07,processed
ORD_004291,TXN_004291,home,1758.07,"Address_2526, India",delivered,2026-07-28,requested
ORD_004292,TXN_004292,travel,15075.73,"Address_4233, India",delivered,2026-01-20,none
ORD_004293,TXN_004293,travel,1571.25,"Address_6385, India",pending,2026-07-01,processed
ORD_004294,TXN_004294,grocery,5514.23,"Address_3534, India",delivered,2026-06-12,processed
ORD_004295,TXN_004295,grocery,4144.23,"Address_5202, India",delivered,2026-02-08,requested
ORD_004296,TXN_004296,home,2158.77,"Address_2375, India",pending,2026-02-08,none
ORD_004297,TXN_004297,beauty,24527.62,"Address_6963, India",delivered,2026-04-13,requested
ORD_004298,TXN_004298,grocery,5162.9,"Address_2070, India",delivered,2026-05-10,none
ORD_004299,TXN_004299,beauty,7080.54,"Address_6028, India",delivered,2026-06-11,requested
ORD_004300,TXN_004300,fashion,6884.52,"Address_3958, India",pending,2026-01-11,none
ORD_004301,TXN_004301,fashion,3607.78,"Address_5188, India",pending,2026-05-29,none
ORD_004302,TXN_004302,grocery,3968.7,"Address_8036, India",delivered,2026-02-25,none
ORD_004303,TXN_004303,fashion,16321.45,"Address_9874, India",delivered,2026-06-09,requested
ORD_004304,TXN_004304,home,10720.69,"Address_3843, India",pending,2026-02-05,none
ORD_004305,TXN_004305,software,2455.7,"Address_1848, India",delivered,2026-06-25,processed
ORD_004306,TXN_004306,travel,10815.19,"Address_9405, India",failed,2026-05-28,processed
ORD_004307,TXN_004307,beauty,5014.74,"Address_2876, India",delivered,2026-02-11,none
ORD_004308,TXN_004308,travel,1780.34,"Address_6471, India",delivered,2026-06-23,none
ORD_004309,TXN_004309,travel,2483.23,"Address_3951, India",delivered,2026-07-05,requested
ORD_004310,TXN_004310,fashion,488.32,"Address_9731, India",pending,2026-04-28,none
ORD_004311,TXN_004311,home,8416.22,"Address_9375, India",delivered,2026-08-02,none
ORD_004312,TXN_004312,travel,4350.98,"Address_9303, India",delivered,2026-03-28,requested
ORD_004313,TXN_004313,travel,8099.46,"Address_6457, India",delivered,2026-08-04,none
ORD_004314,TXN_004314,travel,4221.94,"Address_1710, India",pending,2026-06-13,none
ORD_004315,TXN_004315,beauty,2103.8,"Address_2445, India",failed,2026-04-30,none
ORD_004316,TXN_004316,electronics,2170.54,"Address_7132, India",failed,2026-03-15,none
ORD_004317,TXN_004317,electronics,2908.7,"Address_6665, India",delivered,2026-03-27,none
ORD_004318,TXN_004318,home,3689.27,"Address_6756, India",delivered,2026-04-18,none
ORD_004319,TXN_004319,home,4059.5,"Address_1378, India",pending,2026-05-18,none
ORD_004320,TXN_004320,beauty,2855.22,"Address_6714, India",failed,2026-08-14,none
ORD_004321,TXN_004321,software,3606.72,"Address_8202, India",delivered,2026-07-05,none
ORD_004322,TXN_004322,travel,4733.73,"Address_1017, India",delivered,2026-07-10,none
ORD_004323,TXN_004323,beauty,4446.59,"Address_5470, India",pending,2026-06-02,none
ORD_004324,TXN_004324,travel,1861.47,"Address_5100, India",delivered,2026-08-17,none
ORD_004325,TXN_004325,beauty,798.25,"Address_1269, India",delivered,2026-02-01,none
ORD_004326,TXN_004326,electronics,6315.23,"Address_3701, India",delivered,2026-01-03,processed
ORD_004327,TXN_004327,grocery,4598.73,"Address_1783, India",pending,2026-05-12,requested
ORD_004328,TXN_004328,fashion,7906.29,"Address_1247, India",delivered,2026-05-13,none
ORD_004329,TXN_004329,beauty,914.05,"Address_1441, India",delivered,2026-08-12,none
ORD_004330,TXN_004330,software,1427.92,"Address_4427, India",delivered,2026-02-28,processed
ORD_004331,TXN_004331,fashion,4377.32,"Address_7363, India",delivered,2026-04-27,none
ORD_004332,TXN_004332,software,2479.78,"Address_6968, India",delivered,2026-06-21,none
ORD_004333,TXN_004333,software,1730.19,"Address_7268, India",delivered,2026-03-28,none
ORD_004334,TXN_004334,beauty,5397.43,"Address_9156, India",delivered,2026-07-20,none
ORD_004335,TXN_004335,software,2483.1,"Address_8251, India",failed,2026-04-21,none
ORD_004336,TXN_004336,travel,8028.83,"Address_4759, India",failed,2026-02-23,processed
ORD_004337,TXN_004337,beauty,3168.32,"Address_5739, India",delivered,2026-08-16,none
ORD_004338,TXN_004338,beauty,1945.71,"Address_6752, India",delivered,2026-03-21,processed
ORD_004339,TXN_004339,beauty,5953.36,"Address_6791, India",pending,2026-07-22,requested
ORD_004340,TXN_004340,beauty,12030.83,"Address_4060, India",failed,2026-08-13,none
ORD_004341,TXN_004341,software,1130.1,"Address_6572, India",pending,2026-02-14,processed
ORD_004342,TXN_004342,fashion,3342.94,"Address_8302, India",failed,2026-06-30,none
ORD_004343,TXN_004343,software,2645.27,"Address_2166, India",failed,2026-06-18,processed
ORD_004344,TXN_004344,home,5687.9,"Address_6920, India",failed,2026-02-11,processed
ORD_004345,TXN_004345,grocery,6358.04,"Address_7622, India",delivered,2026-06-02,requested
ORD_004346,TXN_004346,travel,1659.66,"Address_5789, India",delivered,2026-03-15,requested
ORD_004347,TXN_004347,fashion,2487.96,"Address_6232, India",pending,2026-04-12,requested
ORD_004348,TXN_004348,electronics,17707.72,"Address_4427, India",delivered,2026-03-30,none
ORD_004349,TXN_004349,beauty,16278.27,"Address_9316, India",pending,2026-04-02,processed
ORD_004350,TXN_004350,home,6153.91,"Address_6377, India",delivered,2026-07-14,processed
ORD_004351,TXN_004351,beauty,1997.18,"Address_1522, India",delivered,2026-01-17,requested
ORD_004352,TXN_004352,grocery,2968.12,"Address_3078, India",delivered,2026-01-20,requested
ORD_004353,TXN_004353,travel,4849.96,"Address_1769, India",pending,2026-04-01,none
ORD_004354,TXN_004354,beauty,6247.08,"Address_1341, India",pending,2026-05-21,none
ORD_004355,TXN_004355,beauty,2277.99,"Address_5118, India",pending,2026-05-07,none
ORD_004356,TXN_004356,beauty,3823.98,"Address_3748, India",delivered,2026-05-12,none
ORD_004357,TXN_004357,software,11154.71,"Address_5184, India",delivered,2026-06-14,requested
ORD_004358,TXN_004358,fashion,17081.09,"Address_2658, India",failed,2026-03-27,none
ORD_004359,TXN_004359,beauty,2518.67,"Address_1006, India",delivered,2026-05-06,none
ORD_004360,TXN_004360,electronics,1824.05,"Address_4208, India",pending,2026-06-09,none
ORD_004361,TXN_004361,beauty,2958.19,"Address_2179, India",pending,2026-04-19,none
ORD_004362,TXN_004362,fashion,3424.41,"Address_8103, India",delivered,2026-04-28,requested
ORD_004363,TXN_004363,home,5396.79,"Address_7886, India",delivered,2026-04-14,none
ORD_004364,TXN_004364,electronics,4722.42,"Address_9007, India",failed,2026-05-28,none
ORD_004365,TXN_004365,fashion,4245.14,"Address_8257, India",delivered,2026-06-02,none
ORD_004366,TXN_004366,fashion,6940.04,"Address_1408, India",failed,2026-01-19,none
ORD_004367,TXN_004367,software,1426.91,"Address_4158, India",delivered,2026-08-16,none
ORD_004368,TXN_004368,electronics,3306.24,"Address_7328, India",delivered,2026-04-12,processed
ORD_004369,TXN_004369,fashion,6088.85,"Address_3924, India",delivered,2026-01-21,none
ORD_004370,TXN_004370,beauty,2922.22,"Address_1765, India",delivered,2026-07-07,requested
ORD_004371,TXN_004371,grocery,34361.75,"Address_2138, India",pending,2026-03-07,none
ORD_004372,TXN_004372,fashion,5472.9,"Address_1617, India",failed,2026-04-14,none
ORD_004373,TXN_004373,travel,4153.72,"Address_5862, India",delivered,2026-07-23,none
ORD_004374,TXN_004374,electronics,3384.96,"Address_7517, India",pending,2026-01-20,none
ORD_004375,TXN_004375,fashion,5859.23,"Address_5926, India",pending,2026-05-28,none
ORD_004376,TXN_004376,grocery,3299.81,"Address_8769, India",delivered,2026-01-03,requested
ORD_004377,TXN_004377,electronics,3033.23,"Address_7446, India",delivered,2026-08-04,requested
ORD_004378,TXN_004378,software,1628.9,"Address_4881, India",pending,2026-04-25,processed
ORD_004379,TXN_004379,beauty,3449.62,"Address_3695, India",delivered,2026-06-16,none
ORD_004380,TXN_004380,beauty,2831.7,"Address_2931, India",delivered,2026-02-03,requested
ORD_004381,TXN_004381,fashion,11745.76,"Address_1416, India",failed,2026-03-09,none
ORD_004382,TXN_004382,home,1947.94,"Address_9733, India",delivered,2026-05-24,none
ORD_004383,TXN_004383,software,2357.94,"Address_2556, India",pending,2026-06-14,none
ORD_004384,TXN_004384,travel,5105.86,"Address_7401, India",delivered,2026-05-08,requested
ORD_004385,TXN_004385,software,14163.72,"Address_6423, India",failed,2026-02-06,none
ORD_004386,TXN_004386,home,4769.88,"Address_6974, India",pending,2026-07-02,none
ORD_004387,TXN_004387,fashion,3695.96,"Address_4685, India",pending,2026-07-25,requested
ORD_004388,TXN_004388,travel,9214.21,"Address_6246, India",failed,2026-02-14,none
ORD_004389,TXN_004389,travel,13235.12,"Address_9015, India",failed,2026-02-07,none
ORD_004390,TXN_004390,travel,1144.52,"Address_4562, India",pending,2026-05-11,none
ORD_004391,TXN_004391,beauty,27371.4,"Address_7589, India",delivered,2026-08-08,none
ORD_004392,TXN_004392,travel,1879.72,"Address_1704, India",failed,2026-08-03,none
ORD_004393,TXN_004393,grocery,4370.92,"Address_4506, India",delivered,2026-06-02,none
ORD_004394,TXN_004394,electronics,4837.76,"Address_5321, India",failed,2026-07-08,processed
ORD_004395,TXN_004395,fashion,2468.95,"Address_1426, India",pending,2026-07-24,none
ORD_004396,TXN_004396,electronics,4609.32,"Address_1384, India",delivered,2026-06-09,requested
ORD_004397,TXN_004397,grocery,1766.05,"Address_6530, India",delivered,2026-07-23,none
ORD_004398,TXN_004398,fashion,1708.73,"Address_8113, India",delivered,2026-07-09,none
ORD_004399,TXN_004399,home,960.07,"Address_4454, India",failed,2026-02-07,none
ORD_004400,TXN_004400,electronics,25543.81,"Address_2705, India",pending,2026-06-16,none
ORD_004401,TXN_004401,travel,4065.85,"Address_4314, India",delivered,2026-05-31,none
ORD_004402,TXN_004402,beauty,4204.65,"Address_3684, India",delivered,2026-07-04,none
ORD_004403,TXN_004403,home,8538.13,"Address_4688, India",delivered,2026-07-04,none
ORD_004404,TXN_004404,beauty,2204.27,"Address_1867, India",delivered,2026-04-23,none
ORD_004405,TXN_004405,beauty,2724.68,"Address_9446, India",pending,2026-07-27,none
ORD_004406,TXN_004406,electronics,3040.79,"Address_3724, India",delivered,2026-07-15,none
ORD_004407,TXN_004407,grocery,87554.35,"Address_5989, India",delivered,2026-07-02,requested
ORD_004408,TXN_004408,grocery,1087.48,"Address_8609, India",pending,2026-05-12,none
ORD_004409,TXN_004409,electronics,15168.83,"Address_3187, India",pending,2026-05-25,requested
ORD_004410,TXN_004410,beauty,1491.98,"Address_2731, India",delivered,2026-06-08,processed
ORD_004411,TXN_004411,electronics,931.77,"Address_8436, India",pending,2026-03-19,none
ORD_004412,TXN_004412,grocery,7744.85,"Address_3108, India",delivered,2026-06-06,none
ORD_004413,TXN_004413,home,2788.82,"Address_8929, India",delivered,2026-04-21,requested
ORD_004414,TXN_004414,electronics,2563.64,"Address_2190, India",delivered,2026-03-08,none
ORD_004415,TXN_004415,home,1530.68,"Address_9751, India",pending,2026-08-01,requested
ORD_004416,TXN_004416,grocery,10888.99,"Address_7867, India",delivered,2026-05-08,none
ORD_004417,TXN_004417,home,2076.78,"Address_4853, India",delivered,2026-02-14,processed
ORD_004418,TXN_004418,travel,5052.84,"Address_6093, India",pending,2026-04-01,processed
ORD_004419,TXN_004419,grocery,2790.24,"Address_4136, India",pending,2026-06-24,none
ORD_004420,TXN_004420,grocery,4016.29,"Address_3824, India",delivered,2026-07-31,requested
ORD_004421,TXN_004421,home,11943.01,"Address_9820, India",failed,2026-04-18,processed
ORD_004422,TXN_004422,software,5073.47,"Address_9049, India",pending,2026-07-29,none
ORD_004423,TXN_004423,software,7803.55,"Address_7126, India",delivered,2026-01-11,requested
ORD_004424,TXN_004424,electronics,5508.89,"Address_4679, India",delivered,2026-05-13,none
ORD_004425,TXN_004425,software,714.92,"Address_8871, India",delivered,2026-07-07,none
ORD_004426,TXN_004426,software,576.57,"Address_1278, India",failed,2026-04-21,none
ORD_004427,TXN_004427,software,2876.68,"Address_8207, India",delivered,2026-07-30,none
ORD_004428,TXN_004428,beauty,1394.9,"Address_7225, India",delivered,2026-07-06,none
ORD_004429,TXN_004429,electronics,5349.94,"Address_6029, India",pending,2026-06-04,none
ORD_004430,TXN_004430,grocery,2013.87,"Address_7857, India",delivered,2026-05-20,none
ORD_004431,TXN_004431,grocery,592.63,"Address_6645, India",delivered,2026-01-14,processed
ORD_004432,TXN_004432,travel,949.81,"Address_5771, India",delivered,2026-01-21,none
ORD_004433,TXN_004433,travel,2656.55,"Address_1283, India",pending,2026-06-11,processed
ORD_004434,TXN_004434,software,4351.92,"Address_9337, India",delivered,2026-06-15,requested
ORD_004435,TXN_004435,home,2195.04,"Address_1877, India",delivered,2026-03-05,processed
ORD_004436,TXN_004436,beauty,3437.8,"Address_1950, India",delivered,2026-06-15,processed
ORD_004437,TXN_004437,fashion,10131.11,"Address_5309, India",delivered,2026-06-25,processed
ORD_004438,TXN_004438,fashion,5673.31,"Address_7675, India",delivered,2026-03-22,requested
ORD_004439,TXN_004439,beauty,6850.58,"Address_2003, India",failed,2026-08-16,requested
ORD_004440,TXN_004440,beauty,6578.23,"Address_5076, India",delivered,2026-01-14,none
ORD_004441,TXN_004441,grocery,910.8,"Address_5269, India",delivered,2026-01-09,requested
ORD_004442,TXN_004442,home,3957.95,"Address_7351, India",delivered,2026-04-26,processed
ORD_004443,TXN_004443,home,2516.67,"Address_5755, India",delivered,2026-05-31,processed
ORD_004444,TXN_004444,home,8642.86,"Address_5686, India",pending,2026-06-08,none
ORD_004445,TXN_004445,beauty,14486.81,"Address_4293, India",delivered,2026-06-19,processed
ORD_004446,TXN_004446,fashion,10339.76,"Address_5945, India",failed,2026-04-24,none
ORD_004447,TXN_004447,beauty,5181.68,"Address_3822, India",failed,2026-05-10,none
ORD_004448,TXN_004448,electronics,813.34,"Address_7891, India",delivered,2026-05-24,processed
ORD_004449,TXN_004449,electronics,696.2,"Address_6114, India",delivered,2026-05-23,processed
ORD_004450,TXN_004450,travel,1159.47,"Address_3529, India",pending,2026-08-16,requested
ORD_004451,TXN_004451,home,3063.34,"Address_4370, India",delivered,2026-06-02,none
ORD_004452,TXN_004452,grocery,1704.29,"Address_9539, India",delivered,2026-04-24,processed
ORD_004453,TXN_004453,home,891.31,"Address_7444, India",pending,2026-04-27,none
ORD_004454,TXN_004454,electronics,2564.57,"Address_5196, India",delivered,2026-02-18,requested
ORD_004455,TXN_004455,travel,2980.55,"Address_5133, India",delivered,2026-06-02,requested
ORD_004456,TXN_004456,grocery,3382.37,"Address_3983, India",delivered,2026-01-31,requested
ORD_004457,TXN_004457,travel,2064.93,"Address_7571, India",failed,2026-05-10,none
ORD_004458,TXN_004458,travel,4452.62,"Address_2881, India",pending,2026-03-29,none
ORD_004459,TXN_004459,electronics,3527.34,"Address_8809, India",delivered,2026-05-22,requested
ORD_004460,TXN_004460,electronics,939.06,"Address_5055, India",delivered,2026-03-29,none
ORD_004461,TXN_004461,software,10085.94,"Address_5867, India",delivered,2026-02-04,requested
ORD_004462,TXN_004462,electronics,2393.89,"Address_6359, India",delivered,2026-05-10,none
ORD_004463,TXN_004463,grocery,9153.38,"Address_8202, India",delivered,2026-08-15,none
ORD_004464,TXN_004464,software,879.61,"Address_9626, India",delivered,2026-05-21,requested
ORD_004465,TXN_004465,home,6314.42,"Address_6118, India",failed,2026-08-08,processed
ORD_004466,TXN_004466,grocery,1380.9,"Address_2884, India",delivered,2026-08-17,none
ORD_004467,TXN_004467,electronics,4605.81,"Address_3929, India",pending,2026-02-21,none
ORD_004468,TXN_004468,home,1928.3,"Address_9778, India",delivered,2026-05-16,none
ORD_004469,TXN_004469,beauty,4258.37,"Address_5688, India",failed,2026-01-15,none
ORD_004470,TXN_004470,grocery,1164.32,"Address_6936, India",delivered,2026-02-23,processed
ORD_004471,TXN_004471,beauty,2484.79,"Address_2944, India",pending,2026-04-05,none
ORD_004472,TXN_004472,software,17499.71,"Address_4096, India",delivered,2026-04-18,none
ORD_004473,TXN_004473,grocery,1691.25,"Address_2767, India",pending,2026-05-31,none
ORD_004474,TXN_004474,grocery,4009.59,"Address_7674, India",delivered,2026-04-06,none
ORD_004475,TXN_004475,electronics,3945.15,"Address_2690, India",failed,2026-08-12,none
ORD_004476,TXN_004476,electronics,4703.06,"Address_2635, India",delivered,2026-08-05,requested
ORD_004477,TXN_004477,travel,12732.39,"Address_4643, India",failed,2026-08-21,none
ORD_004478,TXN_004478,software,5063.11,"Address_3775, India",failed,2026-01-11,none
ORD_004479,TXN_004479,travel,3820.25,"Address_6134, India",failed,2026-06-19,none
ORD_004480,TXN_004480,beauty,1986.23,"Address_1134, India",delivered,2026-04-28,requested
ORD_004481,TXN_004481,home,5089.31,"Address_2203, India",delivered,2026-01-11,requested
ORD_004482,TXN_004482,software,774.74,"Address_2722, India",delivered,2026-07-30,processed
ORD_004483,TXN_004483,grocery,6220.33,"Address_4188, India",failed,2026-04-06,processed
ORD_004484,TXN_004484,electronics,2306.36,"Address_8387, India",delivered,2026-07-07,requested
ORD_004485,TXN_004485,beauty,3686.7,"Address_5135, India",delivered,2026-06-20,none
ORD_004486,TXN_004486,software,3397.69,"Address_4150, India",delivered,2026-03-14,processed
ORD_004487,TXN_004487,beauty,3847.5,"Address_3621, India",delivered,2026-06-22,none
ORD_004488,TXN_004488,travel,891.21,"Address_7592, India",delivered,2026-02-27,none
ORD_004489,TXN_004489,beauty,3716.76,"Address_7374, India",delivered,2026-07-14,none
ORD_004490,TXN_004490,electronics,1753.65,"Address_3532, India",failed,2026-04-22,requested
ORD_004491,TXN_004491,home,2734.04,"Address_5125, India",delivered,2026-04-24,requested
ORD_004492,TXN_004492,software,1561.68,"Address_6226, India",failed,2026-03-07,none
ORD_004493,TXN_004493,beauty,1450.95,"Address_1233, India",delivered,2026-05-04,processed
ORD_004494,TXN_004494,home,6171.1,"Address_6246, India",pending,2026-06-07,requested
ORD_004495,TXN_004495,electronics,5695.74,"Address_1219, India",failed,2026-07-18,none
ORD_004496,TXN_004496,beauty,5914.59,"Address_9908, India",delivered,2026-08-18,none
ORD_004497,TXN_004497,travel,1741.35,"Address_9612, India",failed,2026-04-07,none
ORD_004498,TXN_004498,electronics,3087.04,"Address_5053, India",delivered,2026-04-04,none
ORD_004499,TXN_004499,fashion,2954.48,"Address_8472, India",failed,2026-04-15,processed
ORD_004500,TXN_004500,home,4080.45,"Address_9583, India",pending,2026-05-04,none
ORD_004501,TXN_004501,travel,2269.95,"Address_3532, India",delivered,2026-07-21,none
ORD_004502,TXN_004502,electronics,1787.64,"Address_8443, India",delivered,2026-04-26,processed
ORD_004503,TXN_004503,electronics,1340.61,"Address_7948, India",failed,2026-03-28,none
ORD_004504,TXN_004504,fashion,3141.56,"Address_4359, India",failed,2026-03-07,requested
ORD_004505,TXN_004505,software,12623.57,"Address_7415, India",delivered,2026-03-28,none
ORD_004506,TXN_004506,grocery,7540.68,"Address_2132, India",delivered,2026-06-30,none
ORD_004507,TXN_004507,beauty,4288.41,"Address_1974, India",pending,2026-01-07,none
ORD_004508,TXN_004508,home,2439.44,"Address_3196, India",failed,2026-04-04,none
ORD_004509,TXN_004509,travel,1915.68,"Address_6050, India",delivered,2026-06-08,processed
ORD_004510,TXN_004510,home,14661.1,"Address_4549, India",delivered,2026-06-13,none
ORD_004511,TXN_004511,grocery,2619.19,"Address_3744, India",pending,2026-01-31,processed
ORD_004512,TXN_004512,beauty,2792.22,"Address_9857, India",pending,2026-06-03,none
ORD_004513,TXN_004513,beauty,6563.51,"Address_6305, India",delivered,2026-04-07,none
ORD_004514,TXN_004514,electronics,6338.57,"Address_3306, India",delivered,2026-05-24,none
ORD_004515,TXN_004515,grocery,6676.8,"Address_9592, India",failed,2026-02-01,requested
ORD_004516,TXN_004516,travel,2503.1,"Address_3433, India",failed,2026-05-22,none
ORD_004517,TXN_004517,grocery,2044.87,"Address_7553, India",delivered,2026-04-04,processed
ORD_004518,TXN_004518,travel,13717.2,"Address_2596, India",pending,2026-01-12,processed
ORD_004519,TXN_004519,electronics,3944.42,"Address_6736, India",delivered,2026-01-26,requested
ORD_004520,TXN_004520,grocery,6200.05,"Address_4407, India",delivered,2026-03-28,none
ORD_004521,TXN_004521,beauty,3702.97,"Address_7707, India",delivered,2026-07-18,processed
ORD_004522,TXN_004522,beauty,1437.56,"Address_1935, India",failed,2026-05-23,none
ORD_004523,TXN_004523,home,8059.96,"Address_8667, India",failed,2026-03-08,none
ORD_004524,TXN_004524,software,13869.24,"Address_1690, India",delivered,2026-08-08,processed
ORD_004525,TXN_004525,travel,9828.82,"Address_9323, India",failed,2026-08-07,none
ORD_004526,TXN_004526,grocery,1955.1,"Address_6378, India",delivered,2026-07-19,none
ORD_004527,TXN_004527,travel,3002.62,"Address_2163, India",failed,2026-07-17,none
ORD_004528,TXN_004528,home,12464.73,"Address_3649, India",failed,2026-05-18,none
ORD_004529,TXN_004529,travel,989.47,"Address_9455, India",delivered,2026-01-09,requested
ORD_004530,TXN_004530,grocery,3856.65,"Address_5218, India",delivered,2026-01-29,none
ORD_004531,TXN_004531,beauty,11063.98,"Address_3855, India",pending,2026-06-10,processed
ORD_004532,TXN_004532,travel,3433.44,"Address_9466, India",pending,2026-01-19,processed
ORD_004533,TXN_004533,travel,10446.98,"Address_1362, India",pending,2026-07-10,none
ORD_004534,TXN_004534,electronics,12316.23,"Address_1914, India",failed,2026-04-29,none
ORD_004535,TXN_004535,grocery,5061.36,"Address_8484, India",delivered,2026-03-14,processed
ORD_004536,TXN_004536,home,10990.9,"Address_5673, India",delivered,2026-04-06,none
ORD_004537,TXN_004537,home,1876.41,"Address_6267, India",delivered,2026-01-21,processed
ORD_004538,TXN_004538,fashion,7631.72,"Address_6409, India",delivered,2026-04-20,none
ORD_004539,TXN_004539,travel,7378.21,"Address_7908, India",failed,2026-05-23,processed
ORD_004540,TXN_004540,grocery,12103.2,"Address_7952, India",failed,2026-03-13,none
ORD_004541,TXN_004541,electronics,1882.63,"Address_2702, India",delivered,2026-04-30,processed
ORD_004542,TXN_004542,electronics,3675.61,"Address_3092, India",delivered,2026-06-10,none
ORD_004543,TXN_004543,grocery,9206.86,"Address_4067, India",delivered,2026-03-21,none
ORD_004544,TXN_004544,travel,3215.62,"Address_8921, India",delivered,2026-02-20,none
ORD_004545,TXN_004545,grocery,1767.51,"Address_2902, India",failed,2026-03-11,none
ORD_004546,TXN_004546,home,2234.63,"Address_8347, India",delivered,2026-08-18,none
ORD_004547,TXN_004547,travel,10929.72,"Address_7962, India",delivered,2026-05-09,none
ORD_004548,TXN_004548,travel,4217.89,"Address_8750, India",pending,2026-03-26,none
ORD_004549,TXN_004549,beauty,3123.72,"Address_8851, India",pending,2026-02-02,requested
ORD_004550,TXN_004550,home,2158.87,"Address_4978, India",delivered,2026-08-02,processed
ORD_004551,TXN_004551,fashion,1206.25,"Address_6460, India",pending,2026-05-13,processed
ORD_004552,TXN_004552,beauty,1668.12,"Address_1485, India",failed,2026-01-23,none
ORD_004553,TXN_004553,electronics,3432.14,"Address_7841, India",delivered,2026-02-12,requested
ORD_004554,TXN_004554,grocery,5377.03,"Address_2318, India",failed,2026-03-06,none
ORD_004555,TXN_004555,travel,5965.03,"Address_3205, India",delivered,2026-03-03,none
ORD_004556,TXN_004556,fashion,1429.38,"Address_4190, India",delivered,2026-07-20,processed
ORD_004557,TXN_004557,home,4683.22,"Address_6640, India",pending,2026-05-14,none
ORD_004558,TXN_004558,travel,1060.67,"Address_8089, India",failed,2026-06-21,none
ORD_004559,TXN_004559,beauty,6483.15,"Address_8867, India",pending,2026-08-07,requested
ORD_004560,TXN_004560,grocery,6696.96,"Address_6852, India",delivered,2026-03-09,none
ORD_004561,TXN_004561,beauty,8569.72,"Address_7776, India",failed,2026-07-30,requested
ORD_004562,TXN_004562,beauty,20020.95,"Address_6899, India",delivered,2026-07-16,requested
ORD_004563,TXN_004563,travel,4399.47,"Address_7299, India",delivered,2026-01-14,requested
ORD_004564,TXN_004564,beauty,9703.4,"Address_3749, India",pending,2026-08-17,processed
ORD_004565,TXN_004565,home,5042.0,"Address_2827, India",delivered,2026-05-10,none
ORD_004566,TXN_004566,electronics,2823.28,"Address_3879, India",delivered,2026-03-05,none
ORD_004567,TXN_004567,home,1782.79,"Address_5342, India",delivered,2026-07-26,none
ORD_004568,TXN_004568,fashion,5357.33,"Address_5681, India",pending,2026-06-28,processed
ORD_004569,TXN_004569,grocery,1737.37,"Address_3232, India",failed,2026-05-21,processed
ORD_004570,TXN_004570,grocery,2411.01,"Address_5715, India",pending,2026-05-11,none
ORD_004571,TXN_004571,travel,4145.74,"Address_2937, India",delivered,2026-08-04,none
ORD_004572,TXN_004572,grocery,5589.02,"Address_7318, India",delivered,2026-01-20,none
ORD_004573,TXN_004573,home,3063.16,"Address_1661, India",pending,2026-03-18,none
ORD_004574,TXN_004574,software,4019.52,"Address_2735, India",delivered,2026-03-26,none
ORD_004575,TXN_004575,beauty,3986.15,"Address_7453, India",delivered,2026-03-04,processed
ORD_004576,TXN_004576,software,8197.94,"Address_8223, India",delivered,2026-01-15,processed
ORD_004577,TXN_004577,grocery,4953.99,"Address_6336, India",failed,2026-05-17,none
ORD_004578,TXN_004578,fashion,8282.88,"Address_9593, India",delivered,2026-08-10,none
ORD_004579,TXN_004579,fashion,5783.18,"Address_3486, India",delivered,2026-06-24,processed
ORD_004580,TXN_004580,software,4760.46,"Address_8540, India",pending,2026-06-09,none
ORD_004581,TXN_004581,electronics,5056.03,"Address_9516, India",delivered,2026-07-07,none
ORD_004582,TXN_004582,software,4848.25,"Address_7183, India",pending,2026-02-23,requested
ORD_004583,TXN_004583,grocery,2743.43,"Address_4173, India",pending,2026-02-04,none
ORD_004584,TXN_004584,beauty,13690.69,"Address_1041, India",failed,2026-07-24,none
ORD_004585,TXN_004585,beauty,4092.64,"Address_3543, India",pending,2026-01-31,none
ORD_004586,TXN_004586,fashion,2032.92,"Address_7809, India",failed,2026-04-11,none
ORD_004587,TXN_004587,home,4768.65,"Address_5143, India",failed,2026-02-27,none
ORD_004588,TXN_004588,travel,4052.54,"Address_8863, India",pending,2026-01-27,processed
ORD_004589,TXN_004589,beauty,3630.23,"Address_4477, India",failed,2026-07-28,none
ORD_004590,TXN_004590,home,1229.1,"Address_2485, India",failed,2026-04-24,requested
ORD_004591,TXN_004591,travel,1392.23,"Address_8526, India",pending,2026-04-02,none
ORD_004592,TXN_004592,beauty,3724.27,"Address_1913, India",failed,2026-02-20,none
ORD_004593,TXN_004593,electronics,1005.36,"Address_7787, India",delivered,2026-03-04,none
ORD_004594,TXN_004594,software,2293.67,"Address_8324, India",failed,2026-07-02,none
ORD_004595,TXN_004595,software,6022.65,"Address_1453, India",delivered,2026-06-01,none
ORD_004596,TXN_004596,fashion,1009.05,"Address_7879, India",delivered,2026-07-12,none
ORD_004597,TXN_004597,software,3668.56,"Address_9029, India",delivered,2026-02-27,none
ORD_004598,TXN_004598,software,1693.22,"Address_9708, India",delivered,2026-02-26,processed
ORD_004599,TXN_004599,grocery,5187.26,"Address_9810, India",pending,2026-08-09,processed
ORD_004600,TXN_004600,grocery,3828.3,"Address_7133, India",failed,2026-07-13,none
ORD_004601,TXN_004601,software,6390.13,"Address_3794, India",pending,2026-06-25,none
ORD_004602,TXN_004602,fashion,2184.44,"Address_1569, India",pending,2026-07-26,none
ORD_004603,TXN_004603,home,3873.43,"Address_4435, India",delivered,2026-04-26,processed
ORD_004604,TXN_004604,software,15410.42,"Address_4961, India",delivered,2026-06-29,none
ORD_004605,TXN_004605,electronics,9969.11,"Address_3802, India",delivered,2026-07-26,none
ORD_004606,TXN_004606,grocery,5787.22,"Address_3825, India",delivered,2026-04-08,none
ORD_004607,TXN_004607,software,3916.17,"Address_9459, India",delivered,2026-02-04,none
ORD_004608,TXN_004608,grocery,11892.62,"Address_6693, India",delivered,2026-03-16,requested
ORD_004609,TXN_004609,electronics,3222.26,"Address_2665, India",pending,2026-03-24,requested
ORD_004610,TXN_004610,grocery,6269.72,"Address_4402, India",delivered,2026-05-05,none
ORD_004611,TXN_004611,beauty,9614.06,"Address_3057, India",failed,2026-05-31,requested
ORD_004612,TXN_004612,fashion,1823.51,"Address_3192, India",pending,2026-05-25,none
ORD_004613,TXN_004613,fashion,13318.34,"Address_4367, India",delivered,2026-06-18,none
ORD_004614,TXN_004614,software,2525.06,"Address_1545, India",delivered,2026-07-01,none
ORD_004615,TXN_004615,electronics,3387.74,"Address_7231, India",delivered,2026-07-18,requested
ORD_004616,TXN_004616,home,4699.27,"Address_4807, India",delivered,2026-05-07,none
ORD_004617,TXN_004617,fashion,3289.19,"Address_5584, India",pending,2026-02-28,none
ORD_004618,TXN_004618,software,1966.4,"Address_7149, India",delivered,2026-01-15,none
ORD_004619,TXN_004619,home,4236.94,"Address_5550, India",delivered,2026-01-27,requested
ORD_004620,TXN_004620,software,3294.09,"Address_3936, India",failed,2026-02-17,processed
ORD_004621,TXN_004621,software,3725.76,"Address_9115, India",delivered,2026-02-26,none
ORD_004622,TXN_004622,grocery,4216.29,"Address_3469, India",delivered,2026-04-28,none
ORD_004623,TXN_004623,grocery,3379.24,"Address_4731, India",delivered,2026-06-30,none
ORD_004624,TXN_004624,home,4593.83,"Address_3141, India",delivered,2026-03-20,requested
ORD_004625,TXN_004625,beauty,7852.22,"Address_6994, India",delivered,2026-08-14,none
ORD_004626,TXN_004626,beauty,6530.18,"Address_6958, India",delivered,2026-02-02,none
ORD_004627,TXN_004627,software,16220.84,"Address_3321, India",delivered,2026-04-05,none
ORD_004628,TXN_004628,software,37118.38,"Address_8710, India",delivered,2026-01-22,none
ORD_004629,TXN_004629,electronics,2826.23,"Address_6235, India",delivered,2026-04-22,none
ORD_004630,TXN_004630,electronics,5867.22,"Address_7645, India",delivered,2026-08-02,none
ORD_004631,TXN_004631,beauty,12547.39,"Address_1278, India",delivered,2026-04-07,none
ORD_004632,TXN_004632,software,6065.74,"Address_9697, India",failed,2026-01-29,requested
ORD_004633,TXN_004633,grocery,941.39,"Address_3705, India",delivered,2026-02-28,none
ORD_004634,TXN_004634,beauty,1910.89,"Address_9057, India",delivered,2026-08-10,none
ORD_004635,TXN_004635,home,5596.86,"Address_4694, India",delivered,2026-02-15,none
ORD_004636,TXN_004636,grocery,4451.74,"Address_7583, India",delivered,2026-05-13,none
ORD_004637,TXN_004637,beauty,11985.67,"Address_2037, India",failed,2026-02-25,none
ORD_004638,TXN_004638,beauty,4905.52,"Address_5270, India",delivered,2026-07-30,processed
ORD_004639,TXN_004639,travel,8354.97,"Address_8188, India",delivered,2026-01-25,requested
ORD_004640,TXN_004640,beauty,2527.88,"Address_1693, India",delivered,2026-01-17,none
ORD_004641,TXN_004641,software,5732.74,"Address_6891, India",pending,2026-08-08,none
ORD_004642,TXN_004642,travel,7433.75,"Address_4316, India",failed,2026-06-04,requested
ORD_004643,TXN_004643,beauty,5269.88,"Address_3060, India",pending,2026-07-24,requested
ORD_004644,TXN_004644,electronics,3328.35,"Address_5733, India",delivered,2026-08-02,none
ORD_004645,TXN_004645,home,12521.64,"Address_7066, India",delivered,2026-08-07,requested
ORD_004646,TXN_004646,travel,2292.02,"Address_6154, India",delivered,2026-02-10,requested
ORD_004647,TXN_004647,software,1506.15,"Address_7417, India",delivered,2026-08-03,none
ORD_004648,TXN_004648,beauty,2500.36,"Address_1637, India",pending,2026-03-27,processed
ORD_004649,TXN_004649,home,3678.24,"Address_9140, India",delivered,2026-02-17,none
ORD_004650,TXN_004650,fashion,3549.43,"Address_5742, India",delivered,2026-04-15,none
ORD_004651,TXN_004651,fashion,2744.32,"Address_1297, India",delivered,2026-04-16,none
ORD_004652,TXN_004652,software,2041.27,"Address_2049, India",failed,2026-01-27,none
ORD_004653,TXN_004653,travel,4748.62,"Address_8038, India",failed,2026-01-29,none
ORD_004654,TXN_004654,software,15173.93,"Address_5034, India",pending,2026-06-11,none
ORD_004655,TXN_004655,grocery,17634.42,"Address_2286, India",delivered,2026-04-20,none
ORD_004656,TXN_004656,software,2458.78,"Address_3408, India",delivered,2026-04-27,none
ORD_004657,TXN_004657,beauty,2182.25,"Address_7519, India",delivered,2026-05-01,none
ORD_004658,TXN_004658,fashion,2477.83,"Address_3584, India",failed,2026-05-28,none
ORD_004659,TXN_004659,grocery,9180.23,"Address_1032, India",delivered,2026-06-18,none
ORD_004660,TXN_004660,grocery,933.28,"Address_5881, India",delivered,2026-04-20,none
ORD_004661,TXN_004661,software,1358.31,"Address_3559, India",delivered,2026-02-28,none
ORD_004662,TXN_004662,electronics,4347.5,"Address_3435, India",delivered,2026-01-14,none
ORD_004663,TXN_004663,travel,5259.12,"Address_1913, India",delivered,2026-06-19,none
ORD_004664,TXN_004664,fashion,12413.27,"Address_3120, India",pending,2026-03-25,processed
ORD_004665,TXN_004665,fashion,1852.25,"Address_9922, India",delivered,2026-07-11,none
ORD_004666,TXN_004666,grocery,735.52,"Address_2005, India",failed,2026-05-22,requested
ORD_004667,TXN_004667,beauty,2800.86,"Address_2570, India",delivered,2026-02-20,none
ORD_004668,TXN_004668,travel,2063.02,"Address_3650, India",failed,2026-01-07,requested
ORD_004669,TXN_004669,electronics,5435.64,"Address_8941, India",pending,2026-03-18,processed
ORD_004670,TXN_004670,grocery,5501.53,"Address_9510, India",delivered,2026-08-16,requested
ORD_004671,TXN_004671,travel,3322.78,"Address_7157, India",delivered,2026-02-11,processed
ORD_004672,TXN_004672,travel,4374.94,"Address_8443, India",pending,2026-07-03,none
ORD_004673,TXN_004673,fashion,8263.67,"Address_7159, India",delivered,2026-07-02,none
ORD_004674,TXN_004674,beauty,16015.13,"Address_4100, India",delivered,2026-04-26,requested
ORD_004675,TXN_004675,electronics,4612.27,"Address_1880, India",pending,2026-01-05,none
ORD_004676,TXN_004676,home,16109.87,"Address_1897, India",delivered,2026-04-04,none
ORD_004677,TXN_004677,electronics,9896.32,"Address_6478, India",pending,2026-01-14,none
ORD_004678,TXN_004678,home,10297.43,"Address_2128, India",pending,2026-03-24,none
ORD_004679,TXN_004679,home,2369.41,"Address_4064, India",failed,2026-01-17,none
ORD_004680,TXN_004680,grocery,1799.4,"Address_9932, India",failed,2026-01-11,requested
ORD_004681,TXN_004681,travel,3160.16,"Address_8452, India",delivered,2026-06-12,none
ORD_004682,TXN_004682,software,18475.41,"Address_5927, India",delivered,2026-02-19,none
ORD_004683,TXN_004683,electronics,4005.61,"Address_5577, India",pending,2026-04-10,processed
ORD_004684,TXN_004684,fashion,16199.15,"Address_3715, India",delivered,2026-06-05,processed
ORD_004685,TXN_004685,travel,2769.33,"Address_4655, India",delivered,2026-03-06,none
ORD_004686,TXN_004686,fashion,3034.05,"Address_9193, India",delivered,2026-03-08,none
ORD_004687,TXN_004687,fashion,4577.59,"Address_6535, India",failed,2026-07-21,requested
ORD_004688,TXN_004688,fashion,1108.05,"Address_8951, India",delivered,2026-07-27,processed
ORD_004689,TXN_004689,travel,8576.58,"Address_5772, India",delivered,2026-03-23,none
ORD_004690,TXN_004690,grocery,1236.05,"Address_5903, India",delivered,2026-05-14,none
ORD_004691,TXN_004691,grocery,6709.44,"Address_3628, India",delivered,2026-02-26,none
ORD_004692,TXN_004692,grocery,4380.35,"Address_7056, India",pending,2026-02-27,none
ORD_004693,TXN_004693,beauty,1774.09,"Address_4612, India",failed,2026-04-14,none
ORD_004694,TXN_004694,travel,2704.85,"Address_6709, India",delivered,2026-05-13,requested
ORD_004695,TXN_004695,fashion,3556.49,"Address_4099, India",delivered,2026-03-20,requested
ORD_004696,TXN_004696,grocery,3347.5,"Address_2850, India",delivered,2026-02-06,none
ORD_004697,TXN_004697,beauty,1141.91,"Address_4838, India",delivered,2026-03-16,processed
ORD_004698,TXN_004698,home,7616.43,"Address_9330, India",failed,2026-08-12,processed
ORD_004699,TXN_004699,electronics,3659.21,"Address_1354, India",delivered,2026-07-28,none
ORD_004700,TXN_004700,beauty,2126.93,"Address_5390, India",delivered,2026-03-10,requested
ORD_004701,TXN_004701,grocery,4878.68,"Address_6661, India",delivered,2026-02-28,none
ORD_004702,TXN_004702,grocery,1317.61,"Address_8815, India",delivered,2026-03-28,none
ORD_004703,TXN_004703,software,5225.05,"Address_4130, India",delivered,2026-07-26,requested
ORD_004704,TXN_004704,electronics,6285.56,"Address_7903, India",delivered,2026-07-29,requested
ORD_004705,TXN_004705,beauty,4663.88,"Address_5972, India",failed,2026-05-18,none
ORD_004706,TXN_004706,home,2051.12,"Address_8477, India",delivered,2026-07-13,none
ORD_004707,TXN_004707,fashion,5739.49,"Address_2605, India",delivered,2026-04-26,none
ORD_004708,TXN_004708,software,14374.56,"Address_7008, India",pending,2026-04-22,none
ORD_004709,TXN_004709,electronics,629.5,"Address_7242, India",failed,2026-08-14,none
ORD_004710,TXN_004710,home,1837.09,"Address_1011, India",delivered,2026-06-12,none
ORD_004711,TXN_004711,software,1670.68,"Address_7045, India",delivered,2026-07-20,none
ORD_004712,TXN_004712,travel,2981.76,"Address_2811, India",delivered,2026-02-03,none
ORD_004713,TXN_004713,grocery,1772.97,"Address_7725, India",delivered,2026-04-24,none
ORD_004714,TXN_004714,electronics,4036.44,"Address_3340, India",pending,2026-01-26,requested
ORD_004715,TXN_004715,home,4458.61,"Address_7895, India",failed,2026-04-10,processed
ORD_004716,TXN_004716,travel,1543.99,"Address_5346, India",delivered,2026-07-11,none
ORD_004717,TXN_004717,beauty,10171.55,"Address_7591, India",delivered,2026-04-09,none
ORD_004718,TXN_004718,fashion,3037.61,"Address_4283, India",pending,2026-03-31,none
ORD_004719,TXN_004719,fashion,2404.18,"Address_5735, India",delivered,2026-08-15,none
ORD_004720,TXN_004720,software,1711.86,"Address_3553, India",delivered,2026-01-16,none
ORD_004721,TXN_004721,grocery,6969.91,"Address_4685, India",delivered,2026-04-26,none
ORD_004722,TXN_004722,grocery,5507.5,"Address_4615, India",delivered,2026-06-07,none
ORD_004723,TXN_004723,software,6833.17,"Address_4403, India",pending,2026-03-19,none
ORD_004724,TXN_004724,fashion,6380.97,"Address_5366, India",delivered,2026-08-16,none
ORD_004725,TXN_004725,electronics,3872.7,"Address_2064, India",delivered,2026-04-26,requested
ORD_004726,TXN_004726,beauty,626.99,"Address_5054, India",delivered,2026-07-27,none
ORD_004727,TXN_004727,fashion,2891.96,"Address_2278, India",delivered,2026-06-17,none
ORD_004728,TXN_004728,fashion,5258.49,"Address_7583, India",delivered,2026-08-16,requested
ORD_004729,TXN_004729,grocery,2886.62,"Address_8176, India",failed,2026-05-16,none
ORD_004730,TXN_004730,home,3240.05,"Address_8181, India",pending,2026-01-09,none
ORD_004731,TXN_004731,fashion,8240.27,"Address_9294, India",pending,2026-06-03,none
ORD_004732,TXN_004732,electronics,1876.35,"Address_8646, India",delivered,2026-06-20,processed
ORD_004733,TXN_004733,electronics,10365.38,"Address_1651, India",delivered,2026-08-15,none
ORD_004734,TXN_004734,electronics,3160.33,"Address_3215, India",delivered,2026-05-05,none
ORD_004735,TXN_004735,beauty,2713.22,"Address_1151, India",delivered,2026-03-01,processed
ORD_004736,TXN_004736,software,11183.44,"Address_5871, India",delivered,2026-01-15,none
ORD_004737,TXN_004737,software,3922.59,"Address_9343, India",pending,2026-03-22,processed
ORD_004738,TXN_004738,software,5043.49,"Address_1323, India",delivered,2026-03-11,none
ORD_004739,TXN_004739,beauty,4698.15,"Address_2139, India",delivered,2026-03-07,none
ORD_004740,TXN_004740,home,2564.87,"Address_3777, India",delivered,2026-02-26,none
ORD_004741,TXN_004741,software,2617.18,"Address_5807, India",failed,2026-01-25,none
ORD_004742,TXN_004742,grocery,2002.37,"Address_4407, India",delivered,2026-08-09,requested
ORD_004743,TXN_004743,grocery,2632.64,"Address_1927, India",delivered,2026-08-11,none
ORD_004744,TXN_004744,electronics,4757.94,"Address_1966, India",pending,2026-02-15,none
ORD_004745,TXN_004745,software,2795.2,"Address_4390, India",delivered,2026-04-12,none
ORD_004746,TXN_004746,grocery,4757.9,"Address_1152, India",delivered,2026-05-12,none
ORD_004747,TXN_004747,software,14678.6,"Address_9555, India",failed,2026-07-21,processed
ORD_004748,TXN_004748,grocery,4023.76,"Address_1637, India",pending,2026-06-20,none
ORD_004749,TXN_004749,travel,925.66,"Address_8055, India",pending,2026-02-12,none
ORD_004750,TXN_004750,software,13710.25,"Address_2896, India",delivered,2026-07-22,none
ORD_004751,TXN_004751,beauty,1645.76,"Address_4734, India",delivered,2026-04-11,none
ORD_004752,TXN_004752,home,895.96,"Address_1344, India",failed,2026-03-17,none
ORD_004753,TXN_004753,grocery,11427.3,"Address_3155, India",pending,2026-08-14,none
ORD_004754,TXN_004754,software,1785.84,"Address_3557, India",delivered,2026-01-24,none
ORD_004755,TXN_004755,beauty,2701.3,"Address_7361, India",delivered,2026-03-19,none
ORD_004756,TXN_004756,electronics,796.42,"Address_2924, India",delivered,2026-07-22,requested
ORD_004757,TXN_004757,fashion,4526.8,"Address_8714, India",delivered,2026-06-03,none
ORD_004758,TXN_004758,travel,2944.03,"Address_7058, India",failed,2026-05-29,none
ORD_004759,TXN_004759,electronics,2584.2,"Address_1585, India",pending,2026-04-13,requested
ORD_004760,TXN_004760,grocery,10278.35,"Address_1170, India",delivered,2026-07-10,requested
ORD_004761,TXN_004761,fashion,862.68,"Address_6203, India",delivered,2026-07-26,none
ORD_004762,TXN_004762,travel,3431.44,"Address_1590, India",pending,2026-03-31,requested
ORD_004763,TXN_004763,electronics,9608.53,"Address_4062, India",delivered,2026-04-17,requested
ORD_004764,TXN_004764,fashion,2078.24,"Address_6274, India",delivered,2026-08-14,none
ORD_004765,TXN_004765,grocery,4850.02,"Address_3896, India",delivered,2026-08-08,processed
ORD_004766,TXN_004766,beauty,5488.55,"Address_8159, India",delivered,2026-08-03,processed
ORD_004767,TXN_004767,home,5609.89,"Address_3102, India",delivered,2026-01-28,none
ORD_004768,TXN_004768,travel,1226.24,"Address_4846, India",pending,2026-05-22,none
ORD_004769,TXN_004769,software,1519.8,"Address_1244, India",failed,2026-07-17,processed
ORD_004770,TXN_004770,beauty,6607.44,"Address_4892, India",delivered,2026-01-27,processed
ORD_004771,TXN_004771,electronics,6695.32,"Address_5405, India",delivered,2026-04-20,processed
ORD_004772,TXN_004772,beauty,16332.88,"Address_9275, India",delivered,2026-06-23,processed
ORD_004773,TXN_004773,home,4110.13,"Address_2812, India",failed,2026-07-09,none
ORD_004774,TXN_004774,beauty,3823.13,"Address_9532, India",pending,2026-05-28,none
ORD_004775,TXN_004775,software,1201.01,"Address_2259, India",delivered,2026-04-11,processed
ORD_004776,TXN_004776,travel,4729.1,"Address_5208, India",failed,2026-04-08,none
ORD_004777,TXN_004777,grocery,4981.01,"Address_4141, India",delivered,2026-07-05,none
ORD_004778,TXN_004778,travel,12167.78,"Address_1720, India",delivered,2026-06-01,requested
ORD_004779,TXN_004779,grocery,3139.13,"Address_3846, India",pending,2026-08-09,processed
ORD_004780,TXN_004780,software,2037.35,"Address_8102, India",failed,2026-07-01,requested
ORD_004781,TXN_004781,travel,5013.31,"Address_8165, India",delivered,2026-01-23,none
ORD_004782,TXN_004782,electronics,3833.85,"Address_1614, India",delivered,2026-02-26,none
ORD_004783,TXN_004783,beauty,4394.62,"Address_3222, India",pending,2026-03-22,none
ORD_004784,TXN_004784,fashion,1407.88,"Address_1315, India",pending,2026-02-28,requested
ORD_004785,TXN_004785,home,8346.99,"Address_9464, India",delivered,2026-04-03,requested
ORD_004786,TXN_004786,home,8187.36,"Address_8516, India",failed,2026-08-11,none
ORD_004787,TXN_004787,home,3747.25,"Address_1049, India",failed,2026-03-31,none
ORD_004788,TXN_004788,grocery,552.26,"Address_1881, India",failed,2026-07-16,none
ORD_004789,TXN_004789,software,39995.61,"Address_6873, India",delivered,2026-06-21,none
ORD_004790,TXN_004790,fashion,2580.25,"Address_2590, India",delivered,2026-07-15,processed
ORD_004791,TXN_004791,fashion,3611.54,"Address_1897, India",failed,2026-05-05,none
ORD_004792,TXN_004792,travel,486.0,"Address_8082, India",pending,2026-02-23,requested
ORD_004793,TXN_004793,software,3631.6,"Address_3686, India",delivered,2026-01-04,requested
ORD_004794,TXN_004794,travel,3311.65,"Address_3474, India",failed,2026-02-27,none
ORD_004795,TXN_004795,software,2967.68,"Address_2919, India",delivered,2026-08-01,requested
ORD_004796,TXN_004796,electronics,2906.49,"Address_7856, India",failed,2026-05-19,none
ORD_004797,TXN_004797,electronics,13503.63,"Address_1326, India",failed,2026-05-09,none
ORD_004798,TXN_004798,software,5592.73,"Address_4921, India",failed,2026-01-16,processed
ORD_004799,TXN_004799,fashion,3146.12,"Address_8823, India",pending,2026-04-11,none
ORD_004800,TXN_004800,travel,1281.17,"Address_7750, India",delivered,2026-04-14,processed
ORD_004801,TXN_004801,home,2271.19,"Address_4744, India",delivered,2026-02-27,processed
ORD_004802,TXN_004802,beauty,2527.24,"Address_6676, India",delivered,2026-03-25,requested
ORD_004803,TXN_004803,software,1969.49,"Address_7625, India",pending,2026-02-24,none
ORD_004804,TXN_004804,travel,9992.62,"Address_6576, India",delivered,2026-03-09,processed
ORD_004805,TXN_004805,software,9288.64,"Address_1434, India",delivered,2026-01-30,none
ORD_004806,TXN_004806,software,3544.48,"Address_1873, India",failed,2026-08-06,none
ORD_004807,TXN_004807,home,2191.28,"Address_4060, India",delivered,2026-03-23,processed
ORD_004808,TXN_004808,travel,8131.33,"Address_9274, India",delivered,2026-01-27,none
ORD_004809,TXN_004809,home,2438.06,"Address_5833, India",delivered,2026-01-30,none
ORD_004810,TXN_004810,beauty,7681.21,"Address_5717, India",delivered,2026-08-21,none
ORD_004811,TXN_004811,grocery,1729.21,"Address_4460, India",pending,2026-01-18,requested
ORD_004812,TXN_004812,electronics,5758.18,"Address_7091, India",delivered,2026-01-22,none
ORD_004813,TXN_004813,beauty,5252.07,"Address_1693, India",pending,2026-04-27,none
ORD_004814,TXN_004814,beauty,2814.11,"Address_2927, India",failed,2026-07-10,none
ORD_004815,TXN_004815,beauty,1757.25,"Address_9791, India",delivered,2026-03-23,requested
ORD_004816,TXN_004816,beauty,3331.58,"Address_5317, India",failed,2026-07-10,none
ORD_004817,TXN_004817,fashion,1892.02,"Address_2534, India",pending,2026-08-19,none
ORD_004818,TXN_004818,beauty,694.29,"Address_2533, India",delivered,2026-06-09,requested
ORD_004819,TXN_004819,home,3321.92,"Address_8190, India",delivered,2026-08-11,none
ORD_004820,TXN_004820,software,5996.23,"Address_1665, India",delivered,2026-04-19,requested
ORD_004821,TXN_004821,grocery,6177.03,"Address_4261, India",delivered,2026-01-09,requested
ORD_004822,TXN_004822,grocery,977.65,"Address_3167, India",delivered,2026-06-19,none
ORD_004823,TXN_004823,electronics,10510.39,"Address_9820, India",delivered,2026-07-19,processed
ORD_004824,TXN_004824,home,7541.0,"Address_1586, India",delivered,2026-02-09,none
ORD_004825,TXN_004825,fashion,10567.92,"Address_7955, India",pending,2026-04-20,processed
ORD_004826,TXN_004826,home,14269.77,"Address_8243, India",delivered,2026-06-16,requested
ORD_004827,TXN_004827,grocery,3184.69,"Address_4332, India",delivered,2026-02-14,none
ORD_004828,TXN_004828,fashion,8478.4,"Address_5238, India",pending,2026-05-19,none
ORD_004829,TXN_004829,beauty,9801.36,"Address_3238, India",pending,2026-07-25,processed
ORD_004830,TXN_004830,electronics,7110.66,"Address_3798, India",delivered,2026-05-30,processed
ORD_004831,TXN_004831,electronics,8831.39,"Address_1422, India",delivered,2026-05-11,processed
ORD_004832,TXN_004832,electronics,1594.7,"Address_1034, India",delivered,2026-01-14,none
ORD_004833,TXN_004833,software,6433.87,"Address_3347, India",delivered,2026-01-17,none
ORD_004834,TXN_004834,travel,3563.38,"Address_4921, India",delivered,2026-06-08,requested
ORD_004835,TXN_004835,electronics,1938.85,"Address_1402, India",failed,2026-05-27,none
ORD_004836,TXN_004836,home,6999.9,"Address_9523, India",failed,2026-04-07,none
ORD_004837,TXN_004837,electronics,3663.09,"Address_7562, India",pending,2026-07-04,processed
ORD_004838,TXN_004838,electronics,2452.48,"Address_9170, India",pending,2026-08-18,none
ORD_004839,TXN_004839,grocery,10925.46,"Address_1786, India",delivered,2026-04-15,processed
ORD_004840,TXN_004840,grocery,2449.86,"Address_7531, India",delivered,2026-05-26,none
ORD_004841,TXN_004841,fashion,873.64,"Address_3767, India",pending,2026-01-10,requested
ORD_004842,TXN_004842,fashion,2611.26,"Address_8070, India",delivered,2026-03-10,none
ORD_004843,TXN_004843,grocery,5327.28,"Address_1616, India",delivered,2026-04-04,requested
ORD_004844,TXN_004844,electronics,3255.32,"Address_3950, India",failed,2026-06-18,none
ORD_004845,TXN_004845,travel,6840.81,"Address_7754, India",delivered,2026-02-28,none
ORD_004846,TXN_004846,beauty,2376.61,"Address_3328, India",delivered,2026-06-16,processed
ORD_004847,TXN_004847,beauty,5102.44,"Address_6194, India",pending,2026-05-17,processed
ORD_004848,TXN_004848,travel,6147.69,"Address_7565, India",delivered,2026-04-06,processed
ORD_004849,TXN_004849,beauty,8326.27,"Address_4558, India",delivered,2026-04-16,processed
ORD_004850,TXN_004850,home,4516.96,"Address_5496, India",delivered,2026-08-17,processed
ORD_004851,TXN_004851,electronics,2339.58,"Address_9720, India",delivered,2026-07-26,none
ORD_004852,TXN_004852,beauty,9528.42,"Address_5817, India",failed,2026-05-08,requested
ORD_004853,TXN_004853,electronics,1234.27,"Address_5976, India",delivered,2026-06-10,none
ORD_004854,TXN_004854,software,2241.95,"Address_4679, India",pending,2026-02-25,requested
ORD_004855,TXN_004855,travel,7583.49,"Address_1606, India",failed,2026-08-15,none
ORD_004856,TXN_004856,beauty,1164.88,"Address_6395, India",pending,2026-07-06,none
ORD_004857,TXN_004857,travel,1826.77,"Address_8665, India",failed,2026-07-05,requested
ORD_004858,TXN_004858,home,4314.79,"Address_4540, India",delivered,2026-07-12,none
ORD_004859,TXN_004859,software,2466.25,"Address_5176, India",delivered,2026-04-29,processed
ORD_004860,TXN_004860,electronics,6140.98,"Address_1213, India",delivered,2026-08-17,processed
ORD_004861,TXN_004861,fashion,16137.54,"Address_8982, India",failed,2026-06-20,none
ORD_004862,TXN_004862,fashion,9376.85,"Address_4320, India",delivered,2026-02-06,none
ORD_004863,TXN_004863,grocery,20679.93,"Address_2136, India",delivered,2026-03-08,requested
ORD_004864,TXN_004864,home,7688.51,"Address_7606, India",delivered,2026-07-03,processed
ORD_004865,TXN_004865,beauty,2203.1,"Address_7699, India",delivered,2026-06-20,none
ORD_004866,TXN_004866,home,2581.55,"Address_7999, India",delivered,2026-07-08,processed
ORD_004867,TXN_004867,home,7878.06,"Address_9225, India",delivered,2026-02-15,none
ORD_004868,TXN_004868,fashion,4853.01,"Address_7054, India",pending,2026-04-25,processed
ORD_004869,TXN_004869,fashion,3502.29,"Address_4580, India",failed,2026-07-01,none
ORD_004870,TXN_004870,grocery,18703.28,"Address_1680, India",delivered,2026-05-15,none
ORD_004871,TXN_004871,software,4195.52,"Address_6517, India",delivered,2026-07-31,none
ORD_004872,TXN_004872,beauty,1776.36,"Address_7543, India",delivered,2026-06-02,none
ORD_004873,TXN_004873,software,4831.92,"Address_5157, India",pending,2026-01-25,processed
ORD_004874,TXN_004874,travel,1097.31,"Address_1371, India",failed,2026-01-22,none
ORD_004875,TXN_004875,grocery,1576.44,"Address_9700, India",pending,2026-06-04,none
ORD_004876,TXN_004876,beauty,2280.18,"Address_7626, India",delivered,2026-07-03,none
ORD_004877,TXN_004877,software,5844.44,"Address_4652, India",delivered,2026-07-03,none
ORD_004878,TXN_004878,electronics,7764.64,"Address_8854, India",delivered,2026-04-24,processed
ORD_004879,TXN_004879,travel,14897.64,"Address_2710, India",failed,2026-07-23,none
ORD_004880,TXN_004880,software,11050.53,"Address_9632, India",pending,2026-03-04,requested
ORD_004881,TXN_004881,electronics,11446.5,"Address_2240, India",delivered,2026-01-20,processed
ORD_004882,TXN_004882,software,2426.07,"Address_4701, India",delivered,2026-06-09,none
ORD_004883,TXN_004883,electronics,1020.39,"Address_3938, India",failed,2026-04-25,none
ORD_004884,TXN_004884,beauty,5127.69,"Address_5120, India",delivered,2026-02-25,none
ORD_004885,TXN_004885,beauty,8563.74,"Address_4419, India",delivered,2026-04-19,requested
ORD_004886,TXN_004886,beauty,8100.73,"Address_9534, India",delivered,2026-05-31,requested
ORD_004887,TXN_004887,travel,3450.19,"Address_6039, India",delivered,2026-02-10,none
ORD_004888,TXN_004888,home,4400.45,"Address_6054, India",delivered,2026-03-25,none
ORD_004889,TXN_004889,electronics,3135.22,"Address_4276, India",failed,2026-05-25,none
ORD_004890,TXN_004890,software,3558.89,"Address_1909, India",pending,2026-01-27,requested
ORD_004891,TXN_004891,home,1758.7,"Address_8314, India",delivered,2026-02-23,none
ORD_004892,TXN_004892,electronics,2280.77,"Address_6256, India",delivered,2026-08-17,none
ORD_004893,TXN_004893,home,1654.0,"Address_7287, India",delivered,2026-07-29,none
ORD_004894,TXN_004894,home,6518.54,"Address_8411, India",delivered,2026-04-01,requested
ORD_004895,TXN_004895,electronics,1480.74,"Address_5409, India",delivered,2026-08-17,requested
ORD_004896,TXN_004896,grocery,2882.46,"Address_2385, India",delivered,2026-02-16,none
ORD_004897,TXN_004897,travel,921.19,"Address_8119, India",delivered,2026-05-07,processed
ORD_004898,TXN_004898,grocery,2535.96,"Address_8155, India",pending,2026-05-13,none
ORD_004899,TXN_004899,software,924.41,"Address_5509, India",failed,2026-07-18,none
ORD_004900,TXN_004900,software,1988.31,"Address_5332, India",delivered,2026-06-13,none
ORD_004901,TXN_004901,beauty,3724.43,"Address_6603, India",delivered,2026-07-05,processed
ORD_004902,TXN_004902,fashion,4663.41,"Address_8366, India",delivered,2026-07-31,requested
ORD_004903,TXN_004903,home,757.92,"Address_4325, India",delivered,2026-08-21,requested
ORD_004904,TXN_004904,electronics,4180.08,"Address_5266, India",pending,2026-05-24,none
ORD_004905,TXN_004905,home,12238.04,"Address_5176, India",delivered,2026-05-02,requested
ORD_004906,TXN_004906,grocery,3844.44,"Address_1420, India",delivered,2026-01-24,processed
ORD_004907,TXN_004907,fashion,2537.97,"Address_6364, India",pending,2026-03-14,processed
ORD_004908,TXN_004908,travel,4297.77,"Address_4313, India",delivered,2026-06-19,requested
ORD_004909,TXN_004909,travel,1973.59,"Address_3071, India",pending,2026-04-30,none
ORD_004910,TXN_004910,software,6016.32,"Address_8763, India",pending,2026-06-24,requested
ORD_004911,TXN_004911,grocery,3911.61,"Address_5271, India",delivered,2026-04-08,none
ORD_004912,TXN_004912,grocery,1994.16,"Address_8718, India",delivered,2026-06-26,none
ORD_004913,TXN_004913,electronics,4335.08,"Address_4166, India",pending,2026-06-07,none
ORD_004914,TXN_004914,travel,1474.01,"Address_3092, India",failed,2026-04-26,none
ORD_004915,TXN_004915,home,1763.63,"Address_6833, India",pending,2026-05-16,none
ORD_004916,TXN_004916,beauty,2166.9,"Address_4649, India",pending,2026-04-28,none
ORD_004917,TXN_004917,home,4794.3,"Address_3928, India",pending,2026-06-02,none
ORD_004918,TXN_004918,grocery,11101.96,"Address_5234, India",delivered,2026-03-27,none
ORD_004919,TXN_004919,beauty,12488.64,"Address_9358, India",failed,2026-06-15,processed
ORD_004920,TXN_004920,home,1439.13,"Address_6918, India",failed,2026-05-04,none
ORD_004921,TXN_004921,fashion,2332.58,"Address_7542, India",delivered,2026-07-30,none
ORD_004922,TXN_004922,fashion,755.59,"Address_1804, India",failed,2026-08-04,requested
ORD_004923,TXN_004923,electronics,7944.33,"Address_6434, India",delivered,2026-06-30,requested
ORD_004924,TXN_004924,travel,2815.85,"Address_7516, India",delivered,2026-02-28,none
ORD_004925,TXN_004925,beauty,2847.37,"Address_1183, India",delivered,2026-01-19,requested
ORD_004926,TXN_004926,home,11680.56,"Address_3693, India",pending,2026-06-15,none
ORD_004927,TXN_004927,travel,931.3,"Address_4932, India",failed,2026-07-21,none
ORD_004928,TXN_004928,software,1211.01,"Address_3404, India",failed,2026-08-02,none
ORD_004929,TXN_004929,travel,2552.54,"Address_6786, India",failed,2026-04-03,none
ORD_004930,TXN_004930,software,6090.71,"Address_5366, India",delivered,2026-04-14,none
ORD_004931,TXN_004931,travel,6120.25,"Address_8637, India",delivered,2026-03-16,none
ORD_004932,TXN_004932,grocery,2649.09,"Address_5428, India",delivered,2026-05-24,none
ORD_004933,TXN_004933,electronics,7982.26,"Address_3553, India",failed,2026-06-15,none
ORD_004934,TXN_004934,travel,4889.9,"Address_9775, India",delivered,2026-05-21,requested
ORD_004935,TXN_004935,beauty,2579.6,"Address_9604, India",pending,2026-01-11,processed
ORD_004936,TXN_004936,software,4283.11,"Address_1766, India",failed,2026-08-08,requested
ORD_004937,TXN_004937,home,3626.44,"Address_4266, India",delivered,2026-06-23,none
ORD_004938,TXN_004938,home,1288.58,"Address_3712, India",delivered,2026-07-25,requested
ORD_004939,TXN_004939,electronics,1942.85,"Address_2825, India",delivered,2026-02-16,processed
ORD_004940,TXN_004940,home,2165.99,"Address_4170, India",pending,2026-05-01,processed
ORD_004941,TXN_004941,electronics,910.7,"Address_6593, India",pending,2026-01-28,requested
ORD_004942,TXN_004942,fashion,2321.74,"Address_2064, India",pending,2026-06-14,requested
ORD_004943,TXN_004943,home,8160.99,"Address_2405, India",delivered,2026-06-27,processed
ORD_004944,TXN_004944,software,2600.28,"Address_9114, India",delivered,2026-05-24,none
ORD_004945,TXN_004945,electronics,5912.39,"Address_4530, India",delivered,2026-01-16,none
ORD_004946,TXN_004946,home,1473.5,"Address_7965, India",pending,2026-07-09,none
ORD_004947,TXN_004947,home,2113.84,"Address_3778, India",delivered,2026-01-13,requested
ORD_004948,TXN_004948,beauty,4823.71,"Address_9938, India",failed,2026-01-26,processed
ORD_004949,TXN_004949,software,2327.11,"Address_8071, India",pending,2026-06-22,none
ORD_004950,TXN_004950,software,1026.69,"Address_2245, India",failed,2026-04-11,none
ORD_004951,TXN_004951,grocery,1778.09,"Address_8609, India",failed,2026-05-12,none
ORD_004952,TXN_004952,fashion,1927.36,"Address_5221, India",pending,2026-03-26,processed
ORD_004953,TXN_004953,home,4099.49,"Address_8208, India",delivered,2026-02-04,requested
ORD_004954,TXN_004954,electronics,1519.29,"Address_7429, India",pending,2026-07-18,none
ORD_004955,TXN_004955,beauty,2358.77,"Address_6886, India",pending,2026-04-06,none
ORD_004956,TXN_004956,grocery,4382.55,"Address_8472, India",failed,2026-04-08,none
ORD_004957,TXN_004957,fashion,2660.18,"Address_6168, India",delivered,2026-01-20,processed
ORD_004958,TXN_004958,electronics,2370.87,"Address_1424, India",failed,2026-05-20,none
ORD_004959,TXN_004959,travel,1685.12,"Address_2149, India",delivered,2026-03-08,requested
ORD_004960,TXN_004960,fashion,1873.83,"Address_5114, India",delivered,2026-01-05,none
ORD_004961,TXN_004961,grocery,1776.91,"Address_8836, India",delivered,2026-06-05,none
ORD_004962,TXN_004962,grocery,8340.89,"Address_9485, India",delivered,2026-06-19,none
ORD_004963,TXN_004963,electronics,877.71,"Address_2855, India",failed,2026-08-09,none
ORD_004964,TXN_004964,home,1630.56,"Address_2508, India",failed,2026-04-17,requested
ORD_004965,TXN_004965,travel,12201.98,"Address_1426, India",pending,2026-05-18,requested
ORD_004966,TXN_004966,software,3208.18,"Address_8003, India",failed,2026-06-22,none
ORD_004967,TXN_004967,fashion,8047.45,"Address_2592, India",pending,2026-08-01,none
ORD_004968,TXN_004968,grocery,10285.45,"Address_4994, India",failed,2026-07-30,none
ORD_004969,TXN_004969,home,1544.58,"Address_5849, India",delivered,2026-02-17,none
ORD_004970,TXN_004970,electronics,7228.8,"Address_4652, India",delivered,2026-03-04,none
ORD_004971,TXN_004971,software,10070.1,"Address_3864, India",delivered,2026-02-07,none
ORD_004972,TXN_004972,fashion,3624.53,"Address_6526, India",delivered,2026-01-29,requested
ORD_004973,TXN_004973,home,9891.09,"Address_6365, India",failed,2026-01-21,none
ORD_004974,TXN_004974,beauty,11650.59,"Address_6868, India",failed,2026-08-02,requested
ORD_004975,TXN_004975,home,1253.97,"Address_1692, India",delivered,2026-05-07,requested
ORD_004976,TXN_004976,electronics,1156.72,"Address_6904, India",pending,2026-04-16,none
ORD_004977,TXN_004977,grocery,3601.13,"Address_4214, India",delivered,2026-04-08,none
ORD_004978,TXN_004978,grocery,7386.44,"Address_4545, India",delivered,2026-06-28,none
ORD_004979,TXN_004979,home,5703.17,"Address_4161, India",pending,2026-02-05,requested
ORD_004980,TXN_004980,beauty,3764.3,"Address_9360, India",failed,2026-04-14,none
ORD_004981,TXN_004981,home,1201.07,"Address_9201, India",pending,2026-06-27,requested
ORD_004982,TXN_004982,software,1359.54,"Address_5920, India",delivered,2026-05-28,none
ORD_004983,TXN_004983,beauty,2383.14,"Address_9319, India",delivered,2026-05-13,requested
ORD_004984,TXN_004984,fashion,5971.75,"Address_3167, India",pending,2026-08-16,requested
ORD_004985,TXN_004985,travel,2717.8,"Address_4160, India",failed,2026-06-23,none
ORD_004986,TXN_004986,home,16655.35,"Address_1377, India",delivered,2026-03-10,processed
ORD_004987,TXN_004987,grocery,6893.04,"Address_3405, India",failed,2026-03-15,none
ORD_004988,TXN_004988,travel,5164.02,"Address_2251, India",delivered,2026-04-29,none
ORD_004989,TXN_004989,grocery,3662.22,"Address_8321, India",delivered,2026-02-22,none
ORD_004990,TXN_004990,electronics,6622.4,"Address_8059, India",failed,2026-05-06,requested
ORD_004991,TXN_004991,beauty,2222.7,"Address_3776, India",delivered,2026-01-08,processed
ORD_004992,TXN_004992,software,2551.21,"Address_4392, India",failed,2026-05-24,none
ORD_004993,TXN_004993,travel,4536.6,"Address_2944, India",delivered,2026-07-11,none
ORD_004994,TXN_004994,fashion,1135.16,"Address_9382, India",delivered,2026-06-23,processed
ORD_004995,TXN_004995,beauty,3226.45,"Address_9278, India",delivered,2026-02-22,processed
ORD_004996,TXN_004996,travel,3636.06,"Address_1670, India",delivered,2026-03-17,none
ORD_004997,TXN_004997,travel,8544.9,"Address_7021, India",failed,2026-01-30,none
ORD_004998,TXN_004998,home,1122.54,"Address_7976, India",delivered,2026-08-19,processed
ORD_004999,TXN_004999,travel,4871.93,"Address_1997, India",pending,2026-07-28,none
ORD_005000,TXN_005000,fashion,4207.24,"Address_1624, India",delivered,2026-05-06,none
