transaction_id,customer_id,amount,payment_method,device_id,ip_country,transaction_time,authentication_status,previous_transactions
TXN_000001,CUST_01856,1074.45,wallet,DEV_02377,US,2026-07-12,success,43
TXN_000002,CUST_00011,26291.41,netbanking,DEV_01445,GB,2026-05-09,failed,25
TXN_000003,CUST_01484,255.47,netbanking,DEV_00224,IN,2026-04-06,success,31
TXN_000004,CUST_00819,2270.65,wallet,DEV_01992,SG,2026-05-15,success,12
TXN_000005,CUST_00851,2066.71,wallet,DEV_02908,SG,2026-06-23,success,3
TXN_000006,CUST_01641,3870.98,wallet,DEV_02544,GB,2026-07-24,success,13
TXN_000007,CUST_01507,4191.61,upi,DEV_01876,IN,2026-01-21,failed,49
TXN_000008,CUST_00598,2147.1,upi,DEV_01182,IN,2026-01-28,success,47
TXN_000009,CUST_01466,1341.26,netbanking,DEV_00459,US,2026-05-08,success,48
TXN_000010,CUST_00447,4475.46,upi,DEV_02133,IN,2026-03-17,failed,6
TXN_000011,CUST_01389,3510.32,upi,DEV_01942,GB,2026-04-18,failed,10
TXN_000012,CUST_01657,2574.71,card,DEV_01195,US,2026-01-17,success,50
TXN_000013,CUST_01510,7760.82,upi,DEV_02129,GB,2026-04-16,success,19
TXN_000014,CUST_00668,9569.79,netbanking,DEV_01992,SG,2026-06-20,failed,20
TXN_000015,CUST_00860,4328.23,wallet,DEV_01246,SG,2026-02-03,success,49
TXN_000016,CUST_00069,1800.22,upi,DEV_01065,US,2026-05-04,success,35
TXN_000017,CUST_01711,1906.82,netbanking,DEV_00194,US,2026-04-01,success,12
TXN_000018,CUST_01599,9009.84,wallet,DEV_00682,SG,2026-02-11,success,28
TXN_000019,CUST_00161,2272.3,upi,DEV_00719,US,2026-02-11,success,50
TXN_000020,CUST_01266,2329.02,card,DEV_00169,GB,2026-05-28,success,46
TXN_000021,CUST_00907,9119.52,wallet,DEV_01067,GB,2026-02-17,success,25
TXN_000022,CUST_00718,6118.24,card,DEV_02727,GB,2026-03-30,success,17
TXN_000023,CUST_01276,5615.29,netbanking,DEV_01837,SG,2026-02-11,success,3
TXN_000024,CUST_01867,8899.77,card,DEV_00103,AE,2026-05-08,success,18
TXN_000025,CUST_01273,3636.46,wallet,DEV_01312,US,2026-01-02,success,49
TXN_000026,CUST_01561,21023.18,netbanking,DEV_01942,GB,2026-07-13,success,3
TXN_000027,CUST_01080,3507.13,wallet,DEV_01388,IN,2026-07-07,failed,24
TXN_000028,CUST_01855,4157.9,card,DEV_00572,SG,2026-01-30,success,32
TXN_000029,CUST_00352,9740.28,card,DEV_01646,SG,2026-08-04,success,10
TXN_000030,CUST_01285,8598.41,wallet,DEV_01464,IN,2026-03-25,success,35
TXN_000031,CUST_01289,1476.16,upi,DEV_02390,SG,2026-02-26,success,17
TXN_000032,CUST_00035,2585.51,upi,DEV_00093,IN,2026-05-18,failed,5
TXN_000033,CUST_01216,2123.7,card,DEV_02097,AE,2026-02-19,failed,23
TXN_000034,CUST_00913,8148.57,netbanking,DEV_02471,SG,2026-05-11,success,45
TXN_000035,CUST_00359,2586.76,netbanking,DEV_01629,US,2026-07-03,failed,50
TXN_000036,CUST_01187,3257.73,netbanking,DEV_01582,GB,2026-01-04,success,27
TXN_000037,CUST_00905,6842.8,netbanking,DEV_01440,GB,2026-04-25,success,16
TXN_000038,CUST_01325,3372.22,upi,DEV_02982,AE,2026-07-09,failed,7
TXN_000039,CUST_00274,5323.74,wallet,DEV_01183,US,2026-07-26,failed,36
TXN_000040,CUST_01917,5216.87,wallet,DEV_00572,SG,2026-06-03,success,14
TXN_000041,CUST_01375,14561.34,upi,DEV_00852,GB,2026-05-02,success,35
TXN_000042,CUST_00834,2206.63,card,DEV_02420,AE,2026-01-23,success,39
TXN_000043,CUST_01277,4994.41,wallet,DEV_02617,GB,2026-04-17,success,8
TXN_000044,CUST_01410,35518.74,wallet,DEV_02910,SG,2026-07-13,success,3
TXN_000045,CUST_00021,2884.82,upi,DEV_00762,AE,2026-03-16,failed,18
TXN_000046,CUST_01414,7232.85,card,DEV_01237,SG,2026-03-19,failed,1
TXN_000047,CUST_01395,2762.9,wallet,DEV_00920,IN,2026-07-22,success,46
TXN_000048,CUST_01640,4041.71,upi,DEV_01076,GB,2026-06-13,failed,21
TXN_000049,CUST_01851,3683.13,card,DEV_02679,GB,2026-04-17,success,29
TXN_000050,CUST_00986,915.16,wallet,DEV_02818,US,2026-01-08,success,19
TXN_000051,CUST_00510,548.43,netbanking,DEV_02020,IN,2026-06-03,success,34
TXN_000052,CUST_01048,6998.93,wallet,DEV_02317,AE,2026-08-11,success,8
TXN_000053,CUST_00024,10732.28,wallet,DEV_02844,IN,2026-04-06,success,41
TXN_000054,CUST_01129,2495.77,netbanking,DEV_00668,SG,2026-01-15,success,19
TXN_000055,CUST_00954,3709.28,netbanking,DEV_01889,US,2026-04-02,success,24
TXN_000056,CUST_01079,4826.11,card,DEV_01117,GB,2026-04-18,success,48
TXN_000057,CUST_00808,18200.98,card,DEV_01188,GB,2026-05-16,success,2
TXN_000058,CUST_01180,5043.15,upi,DEV_02573,US,2026-07-15,success,29
TXN_000059,CUST_01813,1512.88,upi,DEV_02228,GB,2026-08-12,success,36
TXN_000060,CUST_00677,3649.34,netbanking,DEV_01112,GB,2026-01-25,success,26
TXN_000061,CUST_00564,3767.02,upi,DEV_00053,US,2026-05-13,success,29
TXN_000062,CUST_00813,5446.95,netbanking,DEV_01987,AE,2026-03-29,success,29
TXN_000063,CUST_01941,1705.78,card,DEV_00893,US,2026-05-09,success,29
TXN_000064,CUST_00888,2300.01,upi,DEV_02289,SG,2026-06-26,success,15
TXN_000065,CUST_01254,2192.72,wallet,DEV_01887,IN,2026-01-30,success,41
TXN_000066,CUST_00353,1589.86,card,DEV_01965,GB,2026-03-21,success,10
TXN_000067,CUST_01264,2229.95,upi,DEV_01811,SG,2026-05-14,success,41
TXN_000068,CUST_01230,11207.81,upi,DEV_02908,GB,2026-01-08,success,26
TXN_000069,CUST_01053,16274.14,upi,DEV_00528,US,2026-06-26,success,30
TXN_000070,CUST_00862,947.44,netbanking,DEV_00514,US,2026-02-03,success,10
TXN_000071,CUST_00435,3248.82,wallet,DEV_02830,IN,2026-01-20,success,38
TXN_000072,CUST_00116,8708.01,wallet,DEV_01767,IN,2026-02-20,success,15
TXN_000073,CUST_00018,1156.41,card,DEV_02703,SG,2026-06-01,success,15
TXN_000074,CUST_01451,23478.32,wallet,DEV_00488,GB,2026-01-12,success,36
TXN_000075,CUST_00877,4376.18,netbanking,DEV_02735,IN,2026-07-13,success,28
TXN_000076,CUST_00489,18234.86,card,DEV_02465,US,2026-05-31,success,40
TXN_000077,CUST_01462,600.83,upi,DEV_02747,GB,2026-01-08,success,32
TXN_000078,CUST_00287,2795.91,upi,DEV_01137,SG,2026-03-31,success,30
TXN_000079,CUST_01279,9598.44,upi,DEV_02051,SG,2026-03-03,success,34
TXN_000080,CUST_01999,8243.88,card,DEV_02369,IN,2026-05-16,success,46
TXN_000081,CUST_01208,6793.29,upi,DEV_01155,US,2026-07-13,success,36
TXN_000082,CUST_01277,2603.13,card,DEV_00877,SG,2026-08-06,failed,8
TXN_000083,CUST_01086,5477.25,netbanking,DEV_02860,SG,2026-02-17,failed,29
TXN_000084,CUST_01133,3004.93,card,DEV_00741,GB,2026-04-08,failed,4
TXN_000085,CUST_00042,1356.72,upi,DEV_02107,US,2026-04-15,success,24
TXN_000086,CUST_01470,1817.59,netbanking,DEV_00507,AE,2026-01-29,success,37
TXN_000087,CUST_01742,5865.87,wallet,DEV_01480,GB,2026-05-23,success,27
TXN_000088,CUST_01181,4615.99,card,DEV_01344,AE,2026-01-30,failed,47
TXN_000089,CUST_01830,1168.57,netbanking,DEV_01872,SG,2026-07-08,success,32
TXN_000090,CUST_01340,3017.4,wallet,DEV_00926,SG,2026-04-15,success,15
TXN_000091,CUST_00025,1862.87,wallet,DEV_00774,IN,2026-08-04,failed,21
TXN_000092,CUST_01869,1026.72,netbanking,DEV_00735,IN,2026-06-22,failed,50
TXN_000093,CUST_01564,5288.77,card,DEV_01624,AE,2026-05-14,success,14
TXN_000094,CUST_01675,11426.85,card,DEV_00588,AE,2026-04-13,success,21
TXN_000095,CUST_01516,5873.8,upi,DEV_00266,GB,2026-02-20,success,10
TXN_000096,CUST_00871,7429.95,upi,DEV_02437,AE,2026-02-01,success,35
TXN_000097,CUST_01685,1680.77,wallet,DEV_02971,AE,2026-03-13,success,42
TXN_000098,CUST_00956,2941.66,wallet,DEV_01459,AE,2026-06-20,failed,38
TXN_000099,CUST_00727,5330.48,wallet,DEV_02095,GB,2026-02-07,failed,1
TXN_000100,CUST_01900,10017.16,card,DEV_00501,GB,2026-05-06,failed,26
TXN_000101,CUST_00216,2737.49,upi,DEV_02574,US,2026-01-08,success,38
TXN_000102,CUST_00099,1999.19,card,DEV_00280,AE,2026-06-23,success,41
TXN_000103,CUST_01745,5348.31,upi,DEV_01568,SG,2026-06-23,success,44
TXN_000104,CUST_01893,1479.8,upi,DEV_01241,SG,2026-06-09,success,17
TXN_000105,CUST_01522,5932.47,card,DEV_02708,SG,2026-07-16,failed,31
TXN_000106,CUST_00428,3599.78,wallet,DEV_00828,GB,2026-06-19,failed,41
TXN_000107,CUST_00100,2729.94,wallet,DEV_02068,GB,2026-05-19,success,1
TXN_000108,CUST_01412,6041.62,card,DEV_00130,AE,2026-08-14,success,50
TXN_000109,CUST_00603,7459.32,wallet,DEV_01844,GB,2026-08-07,failed,45
TXN_000110,CUST_01617,8473.71,wallet,DEV_01883,IN,2026-01-09,success,43
TXN_000111,CUST_00976,1124.0,netbanking,DEV_02893,US,2026-05-06,failed,41
TXN_000112,CUST_00100,3345.18,upi,DEV_01280,AE,2026-05-05,success,1
TXN_000113,CUST_00995,8558.02,wallet,DEV_02704,SG,2026-06-25,failed,50
TXN_000114,CUST_01713,5289.67,wallet,DEV_02303,US,2026-05-10,success,48
TXN_000115,CUST_00647,5516.77,wallet,DEV_01079,AE,2026-06-01,failed,16
TXN_000116,CUST_01173,3352.92,netbanking,DEV_01166,GB,2026-01-16,success,47
TXN_000117,CUST_00312,5437.98,card,DEV_00526,GB,2026-03-31,success,19
TXN_000118,CUST_01079,9890.12,netbanking,DEV_01559,IN,2026-04-20,success,48
TXN_000119,CUST_00416,20878.81,netbanking,DEV_01688,GB,2026-01-15,success,28
TXN_000120,CUST_01184,8243.4,upi,DEV_00962,GB,2026-06-01,success,25
TXN_000121,CUST_00393,1752.44,card,DEV_01249,IN,2026-03-28,success,27
TXN_000122,CUST_00811,6444.69,card,DEV_02206,GB,2026-01-10,failed,22
TXN_000123,CUST_00070,2063.29,wallet,DEV_02327,SG,2026-04-18,success,49
TXN_000124,CUST_00091,7503.48,card,DEV_02851,AE,2026-05-31,success,19
TXN_000125,CUST_01977,5966.44,netbanking,DEV_01548,SG,2026-04-10,success,21
TXN_000126,CUST_01234,3362.04,card,DEV_02001,IN,2026-06-26,success,48
TXN_000127,CUST_00567,1828.06,netbanking,DEV_02035,SG,2026-07-27,success,9
TXN_000128,CUST_01734,7286.52,upi,DEV_02519,GB,2026-04-04,failed,36
TXN_000129,CUST_01172,1073.97,upi,DEV_02036,IN,2026-08-04,success,6
TXN_000130,CUST_00179,1500.41,netbanking,DEV_01087,IN,2026-03-18,failed,2
TXN_000131,CUST_00616,2383.37,upi,DEV_02559,IN,2026-07-03,success,23
TXN_000132,CUST_01920,1504.71,netbanking,DEV_01120,IN,2026-05-26,failed,48
TXN_000133,CUST_01380,7730.03,wallet,DEV_00860,GB,2026-07-23,success,34
TXN_000134,CUST_00952,695.92,netbanking,DEV_02068,GB,2026-04-21,success,4
TXN_000135,CUST_01546,3467.32,upi,DEV_01698,AE,2026-03-06,failed,37
TXN_000136,CUST_01583,3271.86,upi,DEV_00077,SG,2026-08-09,success,29
TXN_000137,CUST_01244,1120.49,wallet,DEV_00873,AE,2026-03-10,failed,11
TXN_000138,CUST_01616,2840.81,card,DEV_02140,US,2026-04-04,failed,44
TXN_000139,CUST_01167,1661.78,upi,DEV_00985,US,2026-07-11,success,46
TXN_000140,CUST_01731,3969.9,wallet,DEV_01681,GB,2026-08-09,success,41
TXN_000141,CUST_01373,1446.08,upi,DEV_01690,GB,2026-07-30,success,10
TXN_000142,CUST_00858,2372.54,upi,DEV_01051,SG,2026-03-02,failed,46
TXN_000143,CUST_01855,1951.76,upi,DEV_00466,US,2026-02-19,success,32
TXN_000144,CUST_00109,1619.64,upi,DEV_01272,AE,2026-05-05,failed,48
TXN_000145,CUST_00978,482.35,wallet,DEV_02650,IN,2026-02-21,success,5
TXN_000146,CUST_00670,3834.78,netbanking,DEV_00559,IN,2026-03-08,success,28
TXN_000147,CUST_01403,4185.77,upi,DEV_02640,IN,2026-07-04,failed,17
TXN_000148,CUST_00181,2631.81,card,DEV_00227,IN,2026-03-22,success,14
TXN_000149,CUST_00970,4100.62,card,DEV_01668,GB,2026-06-21,success,4
TXN_000150,CUST_01191,14407.13,wallet,DEV_02967,US,2026-03-02,success,32
TXN_000151,CUST_01184,4460.08,card,DEV_02138,SG,2026-07-18,success,25
TXN_000152,CUST_00914,674.14,wallet,DEV_00370,US,2026-06-03,success,35
TXN_000153,CUST_01689,1100.87,netbanking,DEV_01349,SG,2026-07-08,failed,12
TXN_000154,CUST_00673,8301.83,upi,DEV_01733,US,2026-02-06,success,9
TXN_000155,CUST_00197,4545.47,upi,DEV_00877,GB,2026-04-23,failed,16
TXN_000156,CUST_00500,1701.48,netbanking,DEV_02415,IN,2026-05-06,success,9
TXN_000157,CUST_01721,6101.16,card,DEV_01297,SG,2026-04-19,failed,47
TXN_000158,CUST_01763,2051.32,upi,DEV_01138,US,2026-04-03,failed,50
TXN_000159,CUST_01441,1229.06,netbanking,DEV_01263,IN,2026-06-15,success,37
TXN_000160,CUST_00004,7207.04,card,DEV_02830,US,2026-03-06,failed,28
TXN_000161,CUST_00627,2323.35,netbanking,DEV_02618,GB,2026-07-27,success,50
TXN_000162,CUST_01990,3574.18,upi,DEV_01813,AE,2026-01-03,failed,24
TXN_000163,CUST_00999,2086.62,netbanking,DEV_01233,IN,2026-07-30,success,35
TXN_000164,CUST_01185,2157.48,netbanking,DEV_00862,US,2026-04-23,success,11
TXN_000165,CUST_01787,6222.1,wallet,DEV_00139,GB,2026-08-10,success,31
TXN_000166,CUST_00659,3720.06,wallet,DEV_01930,AE,2026-08-04,success,29
TXN_000167,CUST_00584,7931.88,wallet,DEV_00412,US,2026-06-28,success,33
TXN_000168,CUST_00510,9462.05,card,DEV_01442,AE,2026-06-04,success,34
TXN_000169,CUST_01261,4567.2,wallet,DEV_02848,IN,2026-07-15,success,17
TXN_000170,CUST_00300,1359.13,upi,DEV_02582,AE,2026-07-22,success,34
TXN_000171,CUST_01239,8100.44,card,DEV_01642,US,2026-06-10,success,37
TXN_000172,CUST_01148,6117.69,netbanking,DEV_02359,IN,2026-01-29,success,5
TXN_000173,CUST_00984,639.86,upi,DEV_02116,US,2026-08-05,failed,18
TXN_000174,CUST_00899,5890.03,netbanking,DEV_01850,AE,2026-08-12,success,18
TXN_000175,CUST_00212,5724.62,netbanking,DEV_00711,SG,2026-07-31,success,30
TXN_000176,CUST_00323,3469.38,netbanking,DEV_00814,IN,2026-04-17,success,31
TXN_000177,CUST_00169,7437.86,upi,DEV_01612,AE,2026-08-02,success,26
TXN_000178,CUST_00308,1955.92,card,DEV_00095,SG,2026-06-15,success,28
TXN_000179,CUST_00620,876.24,card,DEV_01895,US,2026-03-09,success,29
TXN_000180,CUST_01221,9492.07,card,DEV_01643,SG,2026-04-20,success,26
TXN_000181,CUST_00186,11089.63,upi,DEV_00365,GB,2026-02-13,success,45
TXN_000182,CUST_00454,2030.05,card,DEV_02944,SG,2026-04-22,failed,14
TXN_000183,CUST_01862,1008.76,wallet,DEV_00486,US,2026-07-02,success,10
TXN_000184,CUST_01041,9431.43,upi,DEV_01091,GB,2026-07-11,failed,45
TXN_000185,CUST_00269,1782.93,wallet,DEV_00534,AE,2026-08-08,success,27
TXN_000186,CUST_01081,6396.39,upi,DEV_01160,US,2026-04-18,success,20
TXN_000187,CUST_01958,8631.39,wallet,DEV_00598,IN,2026-03-16,success,13
TXN_000188,CUST_01219,7856.97,upi,DEV_02531,AE,2026-03-05,success,46
TXN_000189,CUST_01204,2219.85,wallet,DEV_00352,IN,2026-05-01,success,37
TXN_000190,CUST_01183,2163.96,netbanking,DEV_02839,AE,2026-06-25,success,26
TXN_000191,CUST_00999,1084.62,wallet,DEV_02902,AE,2026-07-08,success,35
TXN_000192,CUST_01181,6270.2,card,DEV_00391,SG,2026-01-16,success,47
TXN_000193,CUST_00506,2033.7,netbanking,DEV_00962,AE,2026-04-01,success,23
TXN_000194,CUST_00776,11636.06,card,DEV_01039,SG,2026-06-08,failed,32
TXN_000195,CUST_01643,4956.13,netbanking,DEV_01617,GB,2026-02-03,success,34
TXN_000196,CUST_00006,750.38,upi,DEV_01067,US,2026-05-09,failed,13
TXN_000197,CUST_00382,3535.21,netbanking,DEV_01918,US,2026-01-23,success,37
TXN_000198,CUST_00303,2369.86,wallet,DEV_00581,GB,2026-01-30,success,38
TXN_000199,CUST_01940,558.13,card,DEV_00524,AE,2026-08-12,success,10
TXN_000200,CUST_00205,2124.83,netbanking,DEV_01762,GB,2026-08-13,success,27
TXN_000201,CUST_01600,1174.61,netbanking,DEV_02118,GB,2026-04-22,success,50
TXN_000202,CUST_00304,11364.65,netbanking,DEV_02013,US,2026-05-23,failed,41
TXN_000203,CUST_01578,4083.57,card,DEV_00774,US,2026-01-14,success,21
TXN_000204,CUST_01297,4770.72,upi,DEV_00147,AE,2026-03-08,success,44
TXN_000205,CUST_00067,2946.61,wallet,DEV_01788,IN,2026-05-07,success,16
TXN_000206,CUST_00449,2786.99,wallet,DEV_01461,SG,2026-05-05,failed,39
TXN_000207,CUST_00470,4367.7,wallet,DEV_00461,US,2026-02-01,success,34
TXN_000208,CUST_01615,2450.42,card,DEV_00835,GB,2026-02-16,success,5
TXN_000209,CUST_01292,2100.69,netbanking,DEV_02308,SG,2026-02-24,success,21
TXN_000210,CUST_00455,2399.22,upi,DEV_01706,IN,2026-03-05,failed,15
TXN_000211,CUST_00431,4049.94,card,DEV_01347,IN,2026-03-14,success,33
TXN_000212,CUST_00930,4975.42,wallet,DEV_01531,SG,2026-01-28,success,11
TXN_000213,CUST_00554,3170.02,upi,DEV_00119,IN,2026-04-28,failed,41
TXN_000214,CUST_01229,18182.41,wallet,DEV_02574,GB,2026-06-02,success,25
TXN_000215,CUST_01587,1406.83,netbanking,DEV_00180,SG,2026-04-26,success,14
TXN_000216,CUST_00162,4936.06,upi,DEV_00866,IN,2026-07-25,success,49
TXN_000217,CUST_01909,1205.08,netbanking,DEV_00228,IN,2026-05-21,failed,7
TXN_000218,CUST_01152,3135.25,card,DEV_01634,GB,2026-02-15,success,26
TXN_000219,CUST_01012,2115.88,wallet,DEV_00366,IN,2026-08-07,success,5
TXN_000220,CUST_01242,12363.48,upi,DEV_01592,AE,2026-03-14,success,25
TXN_000221,CUST_00691,4161.44,card,DEV_01223,AE,2026-07-25,failed,20
TXN_000222,CUST_01706,2349.41,netbanking,DEV_02806,SG,2026-02-03,success,36
TXN_000223,CUST_00211,8687.15,card,DEV_01506,SG,2026-02-21,failed,36
TXN_000224,CUST_01782,5056.23,wallet,DEV_01590,AE,2026-03-10,failed,15
TXN_000225,CUST_01933,5084.73,card,DEV_01731,GB,2026-06-07,success,49
TXN_000226,CUST_01127,2437.71,wallet,DEV_02584,AE,2026-01-24,success,23
TXN_000227,CUST_01644,1595.78,netbanking,DEV_01899,US,2026-06-15,success,26
TXN_000228,CUST_01663,2577.39,wallet,DEV_02160,SG,2026-01-22,success,12
TXN_000229,CUST_00723,2332.69,wallet,DEV_01792,IN,2026-07-25,failed,11
TXN_000230,CUST_00312,1856.79,netbanking,DEV_00609,US,2026-06-25,success,19
TXN_000231,CUST_00475,1472.61,upi,DEV_02143,AE,2026-03-17,success,33
TXN_000232,CUST_00926,454.46,card,DEV_00185,SG,2026-01-28,failed,28
TXN_000233,CUST_00102,5024.42,wallet,DEV_00388,AE,2026-06-19,success,46
TXN_000234,CUST_01736,3338.38,netbanking,DEV_01044,SG,2026-01-21,success,47
TXN_000235,CUST_01908,668.32,card,DEV_02710,AE,2026-02-15,success,13
TXN_000236,CUST_01760,4898.4,wallet,DEV_00186,IN,2026-04-17,success,46
TXN_000237,CUST_01262,1541.64,netbanking,DEV_02406,AE,2026-07-13,failed,46
TXN_000238,CUST_00477,13590.83,netbanking,DEV_01399,US,2026-02-24,success,21
TXN_000239,CUST_00908,6328.87,card,DEV_02475,GB,2026-08-12,success,35
TXN_000240,CUST_01957,2303.33,wallet,DEV_02189,IN,2026-01-02,failed,16
TXN_000241,CUST_01327,32792.99,card,DEV_00055,US,2026-06-17,failed,47
TXN_000242,CUST_00707,6489.84,wallet,DEV_02834,AE,2026-08-11,failed,14
TXN_000243,CUST_00447,24903.09,netbanking,DEV_02534,SG,2026-04-03,failed,6
TXN_000244,CUST_00124,4353.68,netbanking,DEV_00359,US,2026-02-04,success,37
TXN_000245,CUST_00817,6811.68,upi,DEV_00459,IN,2026-06-28,success,11
TXN_000246,CUST_01711,15068.84,card,DEV_00858,AE,2026-06-16,success,12
TXN_000247,CUST_01996,7172.39,upi,DEV_01785,SG,2026-02-18,success,4
TXN_000248,CUST_00335,6903.37,netbanking,DEV_01899,US,2026-05-02,failed,9
TXN_000249,CUST_00967,14064.73,card,DEV_00478,US,2026-02-09,failed,46
TXN_000250,CUST_01773,16687.93,wallet,DEV_01932,IN,2026-08-09,failed,29
TXN_000251,CUST_00712,1741.71,upi,DEV_00825,GB,2026-05-26,failed,19
TXN_000252,CUST_01249,4264.32,card,DEV_01368,IN,2026-01-27,failed,33
TXN_000253,CUST_00657,2987.43,wallet,DEV_02031,SG,2026-06-02,success,35
TXN_000254,CUST_01953,5770.16,card,DEV_01997,AE,2026-05-05,failed,28
TXN_000255,CUST_00654,8537.75,upi,DEV_02926,IN,2026-05-16,success,15
TXN_000256,CUST_00550,5636.48,wallet,DEV_02361,GB,2026-05-22,success,11
TXN_000257,CUST_00350,4658.68,netbanking,DEV_02656,AE,2026-05-02,success,49
TXN_000258,CUST_01737,4223.26,wallet,DEV_02551,GB,2026-04-25,failed,12
TXN_000259,CUST_01549,10393.31,card,DEV_00661,GB,2026-07-05,success,34
TXN_000260,CUST_01012,5746.37,wallet,DEV_01409,AE,2026-03-01,success,5
TXN_000261,CUST_00320,5874.44,netbanking,DEV_02467,AE,2026-02-03,success,48
TXN_000262,CUST_01093,667.88,wallet,DEV_01708,GB,2026-07-23,failed,24
TXN_000263,CUST_01803,2549.79,upi,DEV_02548,US,2026-03-14,success,42
TXN_000264,CUST_00985,3335.67,wallet,DEV_00529,US,2026-02-21,success,40
TXN_000265,CUST_00025,8837.0,wallet,DEV_00414,AE,2026-05-07,success,21
TXN_000266,CUST_01602,2391.26,upi,DEV_00858,SG,2026-01-13,success,20
TXN_000267,CUST_00519,869.52,netbanking,DEV_01069,GB,2026-06-23,success,41
TXN_000268,CUST_01832,2295.69,upi,DEV_02063,IN,2026-07-26,success,3
TXN_000269,CUST_01497,7398.21,netbanking,DEV_01764,IN,2026-06-08,success,27
TXN_000270,CUST_00466,1984.4,card,DEV_02302,US,2026-05-05,success,34
TXN_000271,CUST_01463,5721.31,netbanking,DEV_01456,IN,2026-07-17,success,37
TXN_000272,CUST_01316,3683.41,upi,DEV_02827,SG,2026-06-04,success,40
TXN_000273,CUST_01891,9921.37,card,DEV_01794,AE,2026-08-04,success,35
TXN_000274,CUST_00673,2391.15,card,DEV_02501,SG,2026-07-20,success,9
TXN_000275,CUST_00020,6368.48,card,DEV_02078,IN,2026-02-12,success,24
TXN_000276,CUST_01858,3740.28,upi,DEV_01482,US,2026-07-06,success,17
TXN_000277,CUST_01008,2811.93,wallet,DEV_02073,AE,2026-07-07,success,40
TXN_000278,CUST_01522,539.35,upi,DEV_02651,GB,2026-03-27,success,31
TXN_000279,CUST_00138,6311.36,card,DEV_00827,AE,2026-04-17,success,33
TXN_000280,CUST_01623,2428.83,upi,DEV_01941,GB,2026-03-15,success,24
TXN_000281,CUST_01184,2018.91,card,DEV_01090,GB,2026-07-03,failed,25
TXN_000282,CUST_01678,1815.97,netbanking,DEV_02579,US,2026-02-08,failed,7
TXN_000283,CUST_01599,2552.62,upi,DEV_00566,AE,2026-04-16,failed,28
TXN_000284,CUST_01987,2719.64,wallet,DEV_02115,GB,2026-01-08,failed,20
TXN_000285,CUST_01454,6269.54,upi,DEV_00041,SG,2026-01-18,success,27
TXN_000286,CUST_00592,10177.39,netbanking,DEV_01290,AE,2026-07-17,success,40
TXN_000287,CUST_00223,2674.28,wallet,DEV_00252,AE,2026-07-14,success,29
TXN_000288,CUST_01725,7681.63,upi,DEV_02354,IN,2026-06-11,success,47
TXN_000289,CUST_01925,12508.05,wallet,DEV_01647,SG,2026-08-12,success,11
TXN_000290,CUST_00066,7245.93,netbanking,DEV_01410,IN,2026-07-31,success,28
TXN_000291,CUST_01023,11810.62,upi,DEV_02869,AE,2026-04-25,success,22
TXN_000292,CUST_01283,1986.16,wallet,DEV_02857,GB,2026-07-27,failed,5
TXN_000293,CUST_01512,1917.21,upi,DEV_01236,IN,2026-01-10,success,21
TXN_000294,CUST_00054,3111.78,wallet,DEV_02971,US,2026-05-14,success,38
TXN_000295,CUST_00131,7396.06,upi,DEV_00381,SG,2026-05-22,success,19
TXN_000296,CUST_01133,3257.21,netbanking,DEV_02604,US,2026-01-06,success,4
TXN_000297,CUST_01971,3425.56,netbanking,DEV_00989,GB,2026-07-05,failed,19
TXN_000298,CUST_00984,16681.87,card,DEV_02999,IN,2026-08-04,success,18
TXN_000299,CUST_00179,2393.83,netbanking,DEV_02569,SG,2026-04-01,success,2
TXN_000300,CUST_01801,2121.39,card,DEV_02667,IN,2026-04-25,success,20
TXN_000301,CUST_01423,1114.93,card,DEV_01857,GB,2026-03-02,success,16
TXN_000302,CUST_00990,7095.19,netbanking,DEV_01226,GB,2026-06-20,success,35
TXN_000303,CUST_00147,1632.4,wallet,DEV_02129,US,2026-01-27,success,36
TXN_000304,CUST_01121,5196.38,upi,DEV_01480,AE,2026-01-26,success,47
TXN_000305,CUST_01384,752.05,wallet,DEV_01688,IN,2026-01-24,success,15
TXN_000306,CUST_00258,2483.77,wallet,DEV_00533,AE,2026-02-24,failed,49
TXN_000307,CUST_00133,3118.43,card,DEV_01513,SG,2026-04-14,failed,48
TXN_000308,CUST_01355,1494.45,netbanking,DEV_02394,AE,2026-06-12,failed,46
TXN_000309,CUST_01059,1842.37,wallet,DEV_02823,AE,2026-07-07,failed,44
TXN_000310,CUST_00078,5318.18,upi,DEV_00592,SG,2026-02-02,failed,21
TXN_000311,CUST_00723,7877.4,wallet,DEV_00530,SG,2026-08-09,success,11
TXN_000312,CUST_00853,3294.72,upi,DEV_01866,AE,2026-01-09,success,16
TXN_000313,CUST_00984,2404.04,netbanking,DEV_00487,SG,2026-08-07,failed,18
TXN_000314,CUST_01842,1674.36,card,DEV_00496,GB,2026-05-27,success,45
TXN_000315,CUST_01545,2835.15,card,DEV_02142,US,2026-01-31,success,19
TXN_000316,CUST_00588,3099.75,netbanking,DEV_01534,GB,2026-03-17,failed,10
TXN_000317,CUST_01651,11061.85,card,DEV_00586,US,2026-07-20,failed,44
TXN_000318,CUST_01986,7698.05,card,DEV_01250,GB,2026-02-25,success,6
TXN_000319,CUST_01811,1583.43,wallet,DEV_00009,IN,2026-05-21,success,33
TXN_000320,CUST_01492,10209.82,card,DEV_00184,AE,2026-05-04,success,29
TXN_000321,CUST_00570,7942.0,wallet,DEV_01384,AE,2026-05-02,success,4
TXN_000322,CUST_01810,3238.41,upi,DEV_02068,AE,2026-07-14,failed,23
TXN_000323,CUST_00103,2032.85,wallet,DEV_00611,GB,2026-01-23,failed,5
TXN_000324,CUST_00501,1426.95,wallet,DEV_00954,AE,2026-03-28,success,19
TXN_000325,CUST_01403,1850.1,wallet,DEV_01137,IN,2026-08-10,success,17
TXN_000326,CUST_01213,6316.58,card,DEV_02343,GB,2026-05-24,success,36
TXN_000327,CUST_01994,3381.16,card,DEV_00789,SG,2026-05-19,success,44
TXN_000328,CUST_00642,2502.45,upi,DEV_01950,SG,2026-01-05,success,19
TXN_000329,CUST_00499,6599.48,upi,DEV_00078,GB,2026-07-21,success,31
TXN_000330,CUST_00830,5648.13,upi,DEV_02891,SG,2026-04-24,success,44
TXN_000331,CUST_00762,5926.86,netbanking,DEV_01646,SG,2026-01-12,failed,50
TXN_000332,CUST_00768,1782.59,card,DEV_01393,AE,2026-02-16,failed,6
TXN_000333,CUST_00470,1538.68,card,DEV_02163,GB,2026-04-08,success,34
TXN_000334,CUST_01468,8492.8,card,DEV_00470,IN,2026-05-19,success,2
TXN_000335,CUST_01126,11963.14,netbanking,DEV_00590,US,2026-03-07,success,44
TXN_000336,CUST_00645,3442.69,upi,DEV_01257,AE,2026-06-23,success,26
TXN_000337,CUST_01586,1389.97,card,DEV_02517,GB,2026-02-16,success,20
TXN_000338,CUST_01674,1098.63,card,DEV_01221,AE,2026-01-26,success,29
TXN_000339,CUST_00191,14212.46,upi,DEV_01691,GB,2026-03-08,failed,27
TXN_000340,CUST_00845,3637.71,card,DEV_00213,US,2026-03-03,success,19
TXN_000341,CUST_00538,1768.3,wallet,DEV_02084,SG,2026-04-09,success,24
TXN_000342,CUST_01250,6543.34,netbanking,DEV_00249,GB,2026-04-29,failed,25
TXN_000343,CUST_00597,2162.42,card,DEV_01984,IN,2026-04-15,success,8
TXN_000344,CUST_01944,3852.27,card,DEV_01103,SG,2026-05-31,success,20
TXN_000345,CUST_00103,7434.2,upi,DEV_02273,US,2026-03-19,failed,5
TXN_000346,CUST_00529,5338.52,wallet,DEV_00344,SG,2026-02-22,success,48
TXN_000347,CUST_00903,4408.33,netbanking,DEV_02214,US,2026-07-20,success,26
TXN_000348,CUST_00139,5750.87,wallet,DEV_02274,AE,2026-01-11,success,49
TXN_000349,CUST_00728,10704.76,wallet,DEV_02543,GB,2026-06-17,success,41
TXN_000350,CUST_00077,3220.49,card,DEV_00247,AE,2026-03-11,success,38
TXN_000351,CUST_01763,11688.61,wallet,DEV_01440,US,2026-05-30,success,50
TXN_000352,CUST_00872,5021.97,card,DEV_00662,SG,2026-05-25,success,14
TXN_000353,CUST_01367,4476.29,netbanking,DEV_00368,AE,2026-06-28,success,27
TXN_000354,CUST_01004,7504.96,upi,DEV_02970,SG,2026-03-13,failed,13
TXN_000355,CUST_01863,2552.92,upi,DEV_02501,SG,2026-07-25,success,19
TXN_000356,CUST_00287,7436.12,netbanking,DEV_02602,GB,2026-07-12,failed,30
TXN_000357,CUST_00271,5925.96,netbanking,DEV_01008,GB,2026-03-29,success,10
TXN_000358,CUST_01723,2015.38,wallet,DEV_02456,GB,2026-01-05,success,37
TXN_000359,CUST_01074,1462.34,card,DEV_02494,AE,2026-01-02,success,25
TXN_000360,CUST_01886,1647.77,upi,DEV_01693,SG,2026-06-28,failed,4
TXN_000361,CUST_01766,5141.35,wallet,DEV_02205,IN,2026-07-21,success,35
TXN_000362,CUST_01092,5949.92,card,DEV_02751,AE,2026-06-22,success,3
TXN_000363,CUST_01161,2467.36,netbanking,DEV_01542,SG,2026-04-02,failed,44
TXN_000364,CUST_01537,3526.79,upi,DEV_02856,IN,2026-02-01,failed,32
TXN_000365,CUST_01838,3139.35,netbanking,DEV_00791,AE,2026-01-03,success,4
TXN_000366,CUST_00332,679.15,card,DEV_01152,GB,2026-02-19,success,40
TXN_000367,CUST_00900,4551.85,netbanking,DEV_02941,US,2026-03-01,failed,36
TXN_000368,CUST_01459,6941.15,netbanking,DEV_00151,GB,2026-05-07,success,48
TXN_000369,CUST_01926,1129.04,card,DEV_00804,AE,2026-01-29,success,7
TXN_000370,CUST_00594,3789.01,wallet,DEV_00699,SG,2026-02-19,success,33
TXN_000371,CUST_00780,2991.17,card,DEV_02410,US,2026-07-10,success,40
TXN_000372,CUST_01520,725.19,upi,DEV_01064,SG,2026-08-08,success,49
TXN_000373,CUST_00639,2606.96,netbanking,DEV_00786,IN,2026-06-27,success,13
TXN_000374,CUST_01803,1281.06,wallet,DEV_00009,AE,2026-06-14,success,42
TXN_000375,CUST_01830,2356.29,netbanking,DEV_01772,AE,2026-03-12,success,32
TXN_000376,CUST_00410,28427.9,wallet,DEV_02030,GB,2026-05-13,success,26
TXN_000377,CUST_01770,1487.76,upi,DEV_00193,GB,2026-04-18,failed,35
TXN_000378,CUST_01772,5651.65,netbanking,DEV_00022,AE,2026-02-19,success,5
TXN_000379,CUST_00461,1013.78,card,DEV_02343,IN,2026-07-08,success,44
TXN_000380,CUST_01694,12006.7,wallet,DEV_00305,US,2026-02-20,success,34
TXN_000381,CUST_00943,3195.42,netbanking,DEV_01274,IN,2026-06-10,success,13
TXN_000382,CUST_01948,1848.98,card,DEV_01966,AE,2026-07-26,success,50
TXN_000383,CUST_00953,3354.23,netbanking,DEV_01026,US,2026-01-28,failed,3
TXN_000384,CUST_01860,2943.61,upi,DEV_01396,IN,2026-07-30,success,31
TXN_000385,CUST_01890,12432.36,upi,DEV_00299,SG,2026-06-08,failed,42
TXN_000386,CUST_01767,3010.48,card,DEV_02562,AE,2026-05-29,success,8
TXN_000387,CUST_00958,7561.32,card,DEV_00249,IN,2026-04-07,success,17
TXN_000388,CUST_00161,4753.28,card,DEV_00523,IN,2026-07-25,failed,50
TXN_000389,CUST_01992,4421.59,card,DEV_01235,SG,2026-06-10,failed,45
TXN_000390,CUST_00753,7047.97,card,DEV_00418,IN,2026-05-24,success,25
TXN_000391,CUST_00711,3518.22,netbanking,DEV_01563,AE,2026-01-25,failed,16
TXN_000392,CUST_01272,3150.22,upi,DEV_02456,SG,2026-01-03,failed,49
TXN_000393,CUST_00528,13251.25,wallet,DEV_01902,AE,2026-08-14,success,18
TXN_000394,CUST_00741,5235.62,netbanking,DEV_02667,IN,2026-04-27,success,15
TXN_000395,CUST_00313,4097.39,upi,DEV_00443,IN,2026-01-04,success,1
TXN_000396,CUST_00408,1396.12,upi,DEV_02348,US,2026-06-13,success,28
TXN_000397,CUST_00609,1883.23,netbanking,DEV_01725,AE,2026-07-05,failed,31
TXN_000398,CUST_01457,2511.45,upi,DEV_00996,US,2026-07-24,success,7
TXN_000399,CUST_01948,3456.23,card,DEV_00523,GB,2026-05-30,failed,50
TXN_000400,CUST_00313,4675.98,netbanking,DEV_01275,SG,2026-08-15,success,1
TXN_000401,CUST_00470,10651.42,upi,DEV_01924,GB,2026-06-04,success,34
TXN_000402,CUST_01346,2781.79,netbanking,DEV_01511,IN,2026-05-13,success,48
TXN_000403,CUST_00147,1305.68,card,DEV_00973,SG,2026-07-29,success,36
TXN_000404,CUST_00487,1344.65,wallet,DEV_01409,US,2026-02-21,success,33
TXN_000405,CUST_00391,7508.99,card,DEV_01399,US,2026-06-20,failed,48
TXN_000406,CUST_01946,2553.93,wallet,DEV_02457,GB,2026-08-07,success,34
TXN_000407,CUST_01513,1622.37,netbanking,DEV_01715,GB,2026-02-11,success,35
TXN_000408,CUST_01004,2084.95,wallet,DEV_00173,AE,2026-02-26,success,13
TXN_000409,CUST_01989,7226.87,upi,DEV_02840,US,2026-04-30,success,30
TXN_000410,CUST_00324,1368.51,upi,DEV_01970,GB,2026-07-26,failed,8
TXN_000411,CUST_01057,7627.69,upi,DEV_01640,US,2026-07-31,success,38
TXN_000412,CUST_01641,15988.07,netbanking,DEV_00041,IN,2026-04-02,success,13
TXN_000413,CUST_00895,1224.79,card,DEV_00584,GB,2026-04-23,success,27
TXN_000414,CUST_00732,2438.6,netbanking,DEV_00180,IN,2026-02-20,success,32
TXN_000415,CUST_00908,2562.14,netbanking,DEV_00714,US,2026-08-15,success,35
TXN_000416,CUST_00833,1560.89,upi,DEV_01392,SG,2026-03-04,success,45
TXN_000417,CUST_01785,2710.14,upi,DEV_00089,US,2026-08-04,success,21
TXN_000418,CUST_01481,1737.3,card,DEV_00086,US,2026-04-08,success,47
TXN_000419,CUST_00027,1560.52,netbanking,DEV_00862,GB,2026-04-27,success,5
TXN_000420,CUST_00781,8771.94,netbanking,DEV_01526,US,2026-05-15,failed,9
TXN_000421,CUST_01175,2495.06,card,DEV_00486,US,2026-08-14,success,30
TXN_000422,CUST_00039,3438.95,upi,DEV_00786,SG,2026-04-07,success,28
TXN_000423,CUST_00891,3313.88,netbanking,DEV_02456,AE,2026-06-12,success,49
TXN_000424,CUST_01182,3428.8,card,DEV_02524,SG,2026-02-18,success,22
TXN_000425,CUST_01334,2663.01,upi,DEV_01343,US,2026-01-14,success,30
TXN_000426,CUST_01991,4965.36,upi,DEV_02082,SG,2026-08-15,failed,41
TXN_000427,CUST_01023,4256.74,upi,DEV_02980,IN,2026-07-20,failed,22
TXN_000428,CUST_01402,4053.48,card,DEV_00686,SG,2026-04-10,success,39
TXN_000429,CUST_01238,5280.8,wallet,DEV_02126,AE,2026-02-15,success,8
TXN_000430,CUST_01306,5021.39,netbanking,DEV_02153,AE,2026-07-03,failed,14
TXN_000431,CUST_00197,6352.49,wallet,DEV_01100,SG,2026-04-13,success,16
TXN_000432,CUST_01675,4246.34,upi,DEV_00900,US,2026-04-26,success,21
TXN_000433,CUST_00040,4675.73,wallet,DEV_00896,GB,2026-04-19,failed,47
TXN_000434,CUST_00428,8781.06,upi,DEV_01533,GB,2026-05-21,success,41
TXN_000435,CUST_00006,4351.87,upi,DEV_00345,GB,2026-04-24,success,13
TXN_000436,CUST_01030,6616.89,upi,DEV_02392,IN,2026-04-30,success,27
TXN_000437,CUST_01042,3239.51,wallet,DEV_01848,AE,2026-04-21,failed,19
TXN_000438,CUST_00928,2662.37,netbanking,DEV_02038,GB,2026-03-11,failed,30
TXN_000439,CUST_00913,4121.03,card,DEV_00736,AE,2026-03-01,success,45
TXN_000440,CUST_01384,11836.13,card,DEV_01471,IN,2026-03-17,success,15
TXN_000441,CUST_00255,5310.58,netbanking,DEV_00933,IN,2026-01-31,success,21
TXN_000442,CUST_00893,1926.7,netbanking,DEV_00157,SG,2026-02-21,success,42
TXN_000443,CUST_00832,3248.66,upi,DEV_02766,GB,2026-03-06,success,20
TXN_000444,CUST_01555,4585.15,netbanking,DEV_00781,SG,2026-02-05,success,34
TXN_000445,CUST_01701,1177.05,card,DEV_01227,GB,2026-07-30,success,49
TXN_000446,CUST_00134,7287.96,wallet,DEV_01662,SG,2026-07-13,success,36
TXN_000447,CUST_00748,3611.2,wallet,DEV_02680,SG,2026-07-14,success,3
TXN_000448,CUST_00419,5497.93,wallet,DEV_00933,US,2026-07-05,success,50
TXN_000449,CUST_00872,2619.75,wallet,DEV_00958,SG,2026-05-31,failed,14
TXN_000450,CUST_01897,2716.01,wallet,DEV_01396,IN,2026-03-22,success,3
TXN_000451,CUST_00485,21787.4,wallet,DEV_02859,AE,2026-02-23,failed,41
TXN_000452,CUST_01958,3622.79,wallet,DEV_02288,IN,2026-04-06,success,13
TXN_000453,CUST_01254,1445.03,upi,DEV_01252,IN,2026-05-08,success,41
TXN_000454,CUST_01468,3527.33,netbanking,DEV_00924,AE,2026-04-19,failed,2
TXN_000455,CUST_01380,2171.09,netbanking,DEV_01336,SG,2026-01-06,success,34
TXN_000456,CUST_01001,9602.79,upi,DEV_00630,GB,2026-05-26,failed,16
TXN_000457,CUST_00506,3587.84,wallet,DEV_00837,AE,2026-01-17,failed,23
TXN_000458,CUST_00545,6942.22,upi,DEV_01945,IN,2026-03-26,failed,21
TXN_000459,CUST_00376,952.4,netbanking,DEV_00382,US,2026-01-27,success,28
TXN_000460,CUST_01513,3870.25,card,DEV_02823,SG,2026-05-06,success,35
TXN_000461,CUST_01353,2657.88,upi,DEV_00816,IN,2026-04-09,success,42
TXN_000462,CUST_01438,13211.13,upi,DEV_00955,GB,2026-06-18,success,6
TXN_000463,CUST_00315,4435.87,wallet,DEV_00236,GB,2026-05-13,success,41
TXN_000464,CUST_01049,11578.17,upi,DEV_01339,AE,2026-04-11,success,32
TXN_000465,CUST_01547,1534.6,card,DEV_00529,SG,2026-04-18,failed,47
TXN_000466,CUST_01585,597.13,card,DEV_01594,US,2026-02-03,success,2
TXN_000467,CUST_01407,8444.2,netbanking,DEV_01771,AE,2026-02-10,success,32
TXN_000468,CUST_01888,3781.94,upi,DEV_02059,AE,2026-03-12,success,29
TXN_000469,CUST_01509,3586.9,card,DEV_00585,AE,2026-01-17,failed,13
TXN_000470,CUST_01322,3751.95,upi,DEV_02154,GB,2026-05-26,failed,24
TXN_000471,CUST_00766,1033.41,wallet,DEV_01896,SG,2026-01-11,success,6
TXN_000472,CUST_01803,9695.48,netbanking,DEV_02648,AE,2026-03-30,success,42
TXN_000473,CUST_01325,3578.99,wallet,DEV_02511,US,2026-04-17,success,7
TXN_000474,CUST_00192,6437.71,upi,DEV_02531,AE,2026-04-28,failed,24
TXN_000475,CUST_00728,9802.87,upi,DEV_02862,SG,2026-01-25,failed,41
TXN_000476,CUST_01723,4057.52,card,DEV_00982,US,2026-03-12,success,37
TXN_000477,CUST_01680,17908.41,card,DEV_02860,US,2026-05-07,failed,3
TXN_000478,CUST_00916,3878.25,card,DEV_01511,IN,2026-07-13,success,14
TXN_000479,CUST_00071,4078.3,netbanking,DEV_01680,AE,2026-02-12,success,32
TXN_000480,CUST_00188,1436.74,upi,DEV_02073,IN,2026-04-29,success,37
TXN_000481,CUST_00253,6742.03,card,DEV_02617,AE,2026-04-08,success,38
TXN_000482,CUST_01429,3110.92,wallet,DEV_00797,AE,2026-01-10,success,19
TXN_000483,CUST_01081,1591.82,netbanking,DEV_00470,US,2026-03-25,failed,20
TXN_000484,CUST_00053,1565.0,wallet,DEV_01890,IN,2026-01-22,success,15
TXN_000485,CUST_01467,3646.49,wallet,DEV_00575,AE,2026-07-30,success,24
TXN_000486,CUST_01593,1510.16,upi,DEV_00699,IN,2026-06-05,success,14
TXN_000487,CUST_01265,481.47,upi,DEV_01205,IN,2026-05-17,failed,37
TXN_000488,CUST_01304,2241.72,upi,DEV_00318,IN,2026-06-23,success,1
TXN_000489,CUST_00421,4295.16,upi,DEV_01805,GB,2026-02-15,success,50
TXN_000490,CUST_00126,2474.64,card,DEV_02765,SG,2026-02-25,failed,35
TXN_000491,CUST_00062,896.37,card,DEV_02601,SG,2026-06-14,success,27
TXN_000492,CUST_01246,4867.41,wallet,DEV_02828,GB,2026-04-24,success,35
TXN_000493,CUST_01469,5453.02,card,DEV_00200,AE,2026-07-16,success,44
TXN_000494,CUST_00717,5311.47,upi,DEV_01535,US,2026-02-21,success,3
TXN_000495,CUST_00686,1402.96,card,DEV_01728,IN,2026-01-04,success,48
TXN_000496,CUST_01817,7136.17,upi,DEV_02786,IN,2026-02-26,success,21
TXN_000497,CUST_00703,8668.97,upi,DEV_02966,US,2026-01-12,failed,42
TXN_000498,CUST_01717,7162.33,card,DEV_01340,GB,2026-05-24,success,31
TXN_000499,CUST_00378,20239.6,upi,DEV_02219,AE,2026-04-20,success,36
TXN_000500,CUST_00297,6700.96,upi,DEV_00876,IN,2026-04-02,success,11
TXN_000501,CUST_01476,8678.01,upi,DEV_00062,AE,2026-06-17,success,5
TXN_000502,CUST_00194,3540.89,card,DEV_01595,US,2026-04-28,success,34
TXN_000503,CUST_00230,4468.6,card,DEV_02696,GB,2026-06-16,success,34
TXN_000504,CUST_00951,5568.77,card,DEV_00276,US,2026-04-16,success,34
TXN_000505,CUST_01069,3676.59,wallet,DEV_00418,SG,2026-07-22,success,18
TXN_000506,CUST_00129,1556.96,netbanking,DEV_00389,SG,2026-03-25,failed,20
TXN_000507,CUST_00074,1127.78,upi,DEV_01361,US,2026-06-12,success,30
TXN_000508,CUST_01644,2605.75,wallet,DEV_00277,GB,2026-01-05,failed,26
TXN_000509,CUST_00499,1319.15,wallet,DEV_02094,US,2026-05-09,success,31
TXN_000510,CUST_01548,8183.27,upi,DEV_00087,SG,2026-07-14,success,39
TXN_000511,CUST_00140,1555.17,netbanking,DEV_00969,AE,2026-07-13,success,13
TXN_000512,CUST_00038,3201.91,card,DEV_00246,US,2026-04-06,failed,42
TXN_000513,CUST_01415,2803.12,netbanking,DEV_00828,US,2026-04-07,success,19
TXN_000514,CUST_00484,4154.34,card,DEV_00976,SG,2026-04-24,success,8
TXN_000515,CUST_00903,9495.01,upi,DEV_01140,GB,2026-06-14,success,26
TXN_000516,CUST_01098,2608.81,wallet,DEV_02655,GB,2026-07-12,success,11
TXN_000517,CUST_01142,6123.89,upi,DEV_01357,GB,2026-03-04,success,28
TXN_000518,CUST_00648,1629.79,card,DEV_02724,US,2026-07-25,success,16
TXN_000519,CUST_00024,21692.14,wallet,DEV_02136,GB,2026-02-16,failed,41
TXN_000520,CUST_01745,1716.63,card,DEV_00265,AE,2026-01-18,success,44
TXN_000521,CUST_00391,5687.39,card,DEV_02599,US,2026-02-22,success,48
TXN_000522,CUST_01375,5885.42,card,DEV_00712,SG,2026-05-21,success,35
TXN_000523,CUST_00224,2833.54,upi,DEV_02079,IN,2026-04-20,failed,17
TXN_000524,CUST_01330,2246.36,netbanking,DEV_00673,US,2026-03-04,failed,38
TXN_000525,CUST_01564,8227.64,upi,DEV_02482,US,2026-03-19,success,14
TXN_000526,CUST_01203,8701.67,wallet,DEV_02604,US,2026-03-11,failed,16
TXN_000527,CUST_00387,4070.24,card,DEV_01473,AE,2026-04-07,success,43
TXN_000528,CUST_01981,2459.83,wallet,DEV_01808,AE,2026-05-10,failed,34
TXN_000529,CUST_01697,4318.94,upi,DEV_01975,IN,2026-07-15,failed,10
TXN_000530,CUST_01495,7264.19,wallet,DEV_00341,GB,2026-06-02,success,23
TXN_000531,CUST_00023,3246.47,upi,DEV_01054,AE,2026-04-29,success,30
TXN_000532,CUST_01838,9765.51,wallet,DEV_01161,AE,2026-05-24,failed,4
TXN_000533,CUST_01918,4182.11,card,DEV_01365,US,2026-07-03,failed,44
TXN_000534,CUST_01746,3555.54,upi,DEV_00634,US,2026-01-02,success,10
TXN_000535,CUST_00617,1296.68,netbanking,DEV_02013,AE,2026-04-17,failed,8
TXN_000536,CUST_01910,1355.22,netbanking,DEV_01574,AE,2026-03-20,success,41
TXN_000537,CUST_01273,2554.82,wallet,DEV_00160,IN,2026-04-09,success,49
TXN_000538,CUST_00855,37874.28,upi,DEV_01788,GB,2026-07-17,success,40
TXN_000539,CUST_01382,3299.11,wallet,DEV_02601,GB,2026-06-28,success,48
TXN_000540,CUST_00534,1056.74,wallet,DEV_01737,US,2026-03-04,failed,12
TXN_000541,CUST_00226,4933.18,card,DEV_01481,IN,2026-06-28,success,37
TXN_000542,CUST_01792,2769.41,netbanking,DEV_02480,AE,2026-06-24,success,38
TXN_000543,CUST_01462,1190.35,netbanking,DEV_01014,SG,2026-05-29,success,32
TXN_000544,CUST_01268,7379.19,card,DEV_00479,IN,2026-06-14,failed,33
TXN_000545,CUST_01806,835.24,wallet,DEV_02893,SG,2026-01-21,success,35
TXN_000546,CUST_00490,6969.34,wallet,DEV_00680,AE,2026-03-06,success,27
TXN_000547,CUST_00246,2952.25,wallet,DEV_02401,GB,2026-07-07,failed,26
TXN_000548,CUST_01134,6006.58,card,DEV_00448,SG,2026-07-18,success,22
TXN_000549,CUST_00833,1759.03,upi,DEV_01102,US,2026-07-11,failed,45
TXN_000550,CUST_00612,2325.13,netbanking,DEV_00027,US,2026-07-28,failed,31
TXN_000551,CUST_00583,2004.76,card,DEV_00397,IN,2026-07-18,failed,36
TXN_000552,CUST_00318,3669.29,wallet,DEV_02681,GB,2026-07-07,failed,29
TXN_000553,CUST_00113,2734.62,upi,DEV_00723,GB,2026-02-17,success,45
TXN_000554,CUST_00015,11959.2,upi,DEV_01993,US,2026-05-09,success,41
TXN_000555,CUST_00898,1371.84,wallet,DEV_02323,US,2026-02-17,success,28
TXN_000556,CUST_01387,1909.22,card,DEV_00749,US,2026-03-08,failed,1
TXN_000557,CUST_01305,3729.14,wallet,DEV_02568,SG,2026-01-28,success,1
TXN_000558,CUST_00003,3052.36,card,DEV_01201,IN,2026-04-07,success,48
TXN_000559,CUST_00559,872.49,netbanking,DEV_00264,GB,2026-01-08,success,37
TXN_000560,CUST_00883,4081.11,wallet,DEV_01988,IN,2026-01-03,success,6
TXN_000561,CUST_01113,2316.44,netbanking,DEV_00030,SG,2026-07-22,success,22
TXN_000562,CUST_00397,2894.56,card,DEV_00865,SG,2026-07-22,success,40
TXN_000563,CUST_01151,2485.28,wallet,DEV_02470,SG,2026-07-14,success,32
TXN_000564,CUST_00722,2990.52,wallet,DEV_01939,GB,2026-06-04,failed,49
TXN_000565,CUST_00072,3893.83,netbanking,DEV_01519,GB,2026-03-22,success,26
TXN_000566,CUST_01259,5010.27,netbanking,DEV_02725,AE,2026-04-07,success,3
TXN_000567,CUST_00536,1206.08,netbanking,DEV_01353,IN,2026-01-01,failed,5
TXN_000568,CUST_01758,4918.79,wallet,DEV_02971,US,2026-01-07,success,34
TXN_000569,CUST_00588,6491.63,netbanking,DEV_02865,US,2026-04-05,failed,10
TXN_000570,CUST_00720,658.97,wallet,DEV_02110,AE,2026-06-19,success,25
TXN_000571,CUST_00825,1046.17,card,DEV_02614,GB,2026-01-05,success,13
TXN_000572,CUST_01685,2992.36,card,DEV_01334,AE,2026-03-01,failed,42
TXN_000573,CUST_01674,5724.12,wallet,DEV_02510,IN,2026-03-31,failed,29
TXN_000574,CUST_00618,2621.72,wallet,DEV_02697,IN,2026-07-07,failed,26
TXN_000575,CUST_01727,1105.91,netbanking,DEV_02487,US,2026-07-02,success,19
TXN_000576,CUST_01245,2826.79,card,DEV_00524,AE,2026-07-23,success,4
TXN_000577,CUST_00848,10382.18,netbanking,DEV_02757,SG,2026-08-12,failed,49
TXN_000578,CUST_00674,1247.67,upi,DEV_01828,IN,2026-05-04,success,25
TXN_000579,CUST_01306,7846.98,upi,DEV_00867,US,2026-07-12,success,14
TXN_000580,CUST_00980,1254.76,card,DEV_01782,IN,2026-02-11,success,3
TXN_000581,CUST_01152,1411.3,wallet,DEV_01149,US,2026-07-04,success,26
TXN_000582,CUST_00874,9364.59,wallet,DEV_02747,IN,2026-06-20,success,32
TXN_000583,CUST_00733,15143.7,wallet,DEV_00371,GB,2026-08-12,success,36
TXN_000584,CUST_01578,3475.64,card,DEV_02638,GB,2026-04-07,failed,21
TXN_000585,CUST_01814,1897.65,wallet,DEV_00956,US,2026-03-08,success,36
TXN_000586,CUST_00504,2306.53,netbanking,DEV_00360,IN,2026-01-23,success,35
TXN_000587,CUST_01468,1246.22,upi,DEV_00476,SG,2026-04-05,success,2
TXN_000588,CUST_00438,2418.81,netbanking,DEV_01558,SG,2026-07-08,success,4
TXN_000589,CUST_01500,2399.66,netbanking,DEV_00254,SG,2026-05-18,success,32
TXN_000590,CUST_01838,4360.92,wallet,DEV_01736,GB,2026-07-17,success,4
TXN_000591,CUST_01003,3081.67,upi,DEV_02129,SG,2026-06-01,success,45
TXN_000592,CUST_00345,5025.88,card,DEV_01620,IN,2026-05-18,failed,18
TXN_000593,CUST_01226,6737.8,netbanking,DEV_00593,GB,2026-08-03,success,38
TXN_000594,CUST_01499,1953.04,wallet,DEV_02786,AE,2026-02-07,success,19
TXN_000595,CUST_00704,6541.1,upi,DEV_02726,IN,2026-06-03,success,24
TXN_000596,CUST_00024,5298.61,netbanking,DEV_02058,IN,2026-03-12,failed,41
TXN_000597,CUST_00591,3595.71,upi,DEV_02028,GB,2026-06-30,failed,30
TXN_000598,CUST_01532,4810.92,card,DEV_01365,US,2026-07-31,success,16
TXN_000599,CUST_01742,561.94,upi,DEV_02869,IN,2026-08-10,success,27
TXN_000600,CUST_00414,3650.26,wallet,DEV_02980,AE,2026-03-18,success,26
TXN_000601,CUST_01214,1888.48,card,DEV_02245,AE,2026-03-28,failed,43
TXN_000602,CUST_00152,2815.96,wallet,DEV_01427,AE,2026-04-11,success,16
TXN_000603,CUST_00695,5652.7,netbanking,DEV_01157,US,2026-06-29,failed,42
TXN_000604,CUST_01597,11640.45,card,DEV_00537,GB,2026-07-12,success,37
TXN_000605,CUST_00455,7750.36,netbanking,DEV_01875,US,2026-05-28,success,15
TXN_000606,CUST_01544,3924.31,wallet,DEV_02851,AE,2026-03-16,success,3
TXN_000607,CUST_01323,964.91,upi,DEV_00894,US,2026-07-08,success,31
TXN_000608,CUST_01209,4558.25,netbanking,DEV_02974,SG,2026-01-27,success,39
TXN_000609,CUST_00192,2982.75,wallet,DEV_01750,US,2026-01-15,success,24
TXN_000610,CUST_00562,3531.5,netbanking,DEV_01941,US,2026-01-14,success,44
TXN_000611,CUST_01158,7165.69,netbanking,DEV_02431,AE,2026-02-08,failed,45
TXN_000612,CUST_01902,2910.81,upi,DEV_00140,IN,2026-03-03,failed,35
TXN_000613,CUST_00423,5977.74,wallet,DEV_01240,SG,2026-02-14,failed,10
TXN_000614,CUST_01123,3660.65,card,DEV_01900,AE,2026-03-12,failed,11
TXN_000615,CUST_01596,1045.57,netbanking,DEV_00048,IN,2026-01-30,success,42
TXN_000616,CUST_01282,352.54,card,DEV_02004,SG,2026-02-27,success,50
TXN_000617,CUST_01796,2183.91,wallet,DEV_01122,IN,2026-07-23,success,28
TXN_000618,CUST_01435,6530.9,wallet,DEV_01984,AE,2026-03-18,success,16
TXN_000619,CUST_01897,4276.48,card,DEV_01333,IN,2026-07-02,success,3
TXN_000620,CUST_00228,3712.7,wallet,DEV_02871,IN,2026-04-11,failed,16
TXN_000621,CUST_01820,3337.98,card,DEV_02126,SG,2026-05-18,success,36
TXN_000622,CUST_01751,3455.69,upi,DEV_02698,IN,2026-02-16,success,32
TXN_000623,CUST_01004,5947.06,card,DEV_02273,AE,2026-07-24,success,13
TXN_000624,CUST_00237,12721.82,card,DEV_00161,US,2026-05-28,success,39
TXN_000625,CUST_00224,5537.33,upi,DEV_00360,SG,2026-03-07,success,17
TXN_000626,CUST_01618,6220.0,card,DEV_00511,SG,2026-03-18,success,23
TXN_000627,CUST_00282,846.07,upi,DEV_01733,IN,2026-03-05,success,25
TXN_000628,CUST_01841,5262.36,card,DEV_02128,GB,2026-06-18,failed,19
TXN_000629,CUST_00715,11820.58,upi,DEV_02364,AE,2026-06-27,success,7
TXN_000630,CUST_00953,3968.62,netbanking,DEV_02483,SG,2026-05-11,success,3
TXN_000631,CUST_00918,3608.47,card,DEV_02715,IN,2026-03-02,success,45
TXN_000632,CUST_00701,2270.38,upi,DEV_00581,GB,2026-08-08,success,36
TXN_000633,CUST_01112,874.45,upi,DEV_02467,SG,2026-02-25,success,44
TXN_000634,CUST_01181,2743.39,netbanking,DEV_00527,SG,2026-04-19,success,47
TXN_000635,CUST_01377,860.71,netbanking,DEV_01068,AE,2026-06-16,success,39
TXN_000636,CUST_00636,2866.37,wallet,DEV_01869,IN,2026-03-07,failed,39
TXN_000637,CUST_01169,6186.46,upi,DEV_02196,US,2026-01-19,success,31
TXN_000638,CUST_00754,2179.15,upi,DEV_02927,GB,2026-05-25,success,49
TXN_000639,CUST_00570,1692.88,wallet,DEV_00629,GB,2026-07-21,failed,4
TXN_000640,CUST_00854,5689.63,wallet,DEV_00107,SG,2026-03-05,success,46
TXN_000641,CUST_01510,2238.97,netbanking,DEV_00511,SG,2026-01-29,failed,19
TXN_000642,CUST_00184,1619.23,card,DEV_01350,IN,2026-04-03,success,2
TXN_000643,CUST_00813,25091.8,netbanking,DEV_00600,US,2026-03-12,success,29
TXN_000644,CUST_00232,4611.81,card,DEV_01545,US,2026-04-07,success,37
TXN_000645,CUST_01941,2526.28,card,DEV_00720,SG,2026-07-06,success,29
TXN_000646,CUST_01388,2140.3,wallet,DEV_00392,SG,2026-03-31,success,21
TXN_000647,CUST_00563,2915.51,netbanking,DEV_02489,IN,2026-01-13,success,5
TXN_000648,CUST_01097,3028.58,netbanking,DEV_01596,US,2026-03-30,failed,31
TXN_000649,CUST_01367,6899.41,wallet,DEV_02427,US,2026-03-08,success,27
TXN_000650,CUST_00764,16677.59,upi,DEV_02694,US,2026-02-06,failed,10
TXN_000651,CUST_00447,1628.58,netbanking,DEV_00217,GB,2026-07-01,success,6
TXN_000652,CUST_01071,1544.86,wallet,DEV_02895,AE,2026-02-16,failed,10
TXN_000653,CUST_01355,511.81,netbanking,DEV_01920,SG,2026-03-15,success,46
TXN_000654,CUST_01825,2420.99,wallet,DEV_02133,US,2026-03-20,success,6
TXN_000655,CUST_01187,2746.17,netbanking,DEV_01666,GB,2026-08-05,success,27
TXN_000656,CUST_01072,888.45,card,DEV_00315,US,2026-01-24,success,7
TXN_000657,CUST_01249,6498.28,card,DEV_00347,GB,2026-05-22,failed,33
TXN_000658,CUST_00455,1226.77,card,DEV_01737,SG,2026-07-07,success,15
TXN_000659,CUST_01081,11285.97,wallet,DEV_02040,SG,2026-06-25,success,20
TXN_000660,CUST_01895,2322.1,wallet,DEV_00057,SG,2026-02-18,success,29
TXN_000661,CUST_00016,12069.8,wallet,DEV_02878,SG,2026-07-11,success,13
TXN_000662,CUST_00056,1298.58,upi,DEV_02709,SG,2026-06-25,success,41
TXN_000663,CUST_01471,3643.3,wallet,DEV_00691,SG,2026-02-27,success,19
TXN_000664,CUST_00407,2996.86,card,DEV_01504,US,2026-05-12,success,8
TXN_000665,CUST_00413,2658.01,card,DEV_01732,AE,2026-04-08,success,41
TXN_000666,CUST_01585,8725.33,netbanking,DEV_00464,GB,2026-06-23,success,2
TXN_000667,CUST_00201,3809.96,card,DEV_01189,GB,2026-05-04,success,32
TXN_000668,CUST_01174,1945.67,netbanking,DEV_00873,IN,2026-07-08,failed,15
TXN_000669,CUST_00296,3354.15,upi,DEV_01249,SG,2026-07-31,success,49
TXN_000670,CUST_01857,3171.36,wallet,DEV_02531,AE,2026-01-15,success,37
TXN_000671,CUST_00803,8362.06,card,DEV_02522,AE,2026-03-26,success,22
TXN_000672,CUST_01268,7779.44,netbanking,DEV_00439,IN,2026-03-31,success,33
TXN_000673,CUST_01363,3754.04,wallet,DEV_01453,IN,2026-01-26,failed,26
TXN_000674,CUST_01048,1710.3,wallet,DEV_00810,IN,2026-05-16,success,8
TXN_000675,CUST_01725,2499.9,wallet,DEV_00508,AE,2026-01-02,success,47
TXN_000676,CUST_01842,1554.13,netbanking,DEV_00927,AE,2026-04-12,success,45
TXN_000677,CUST_00457,12419.42,netbanking,DEV_01493,AE,2026-02-16,success,22
TXN_000678,CUST_01734,2984.5,card,DEV_01797,AE,2026-02-11,success,36
TXN_000679,CUST_00165,1877.89,netbanking,DEV_01778,IN,2026-04-02,success,15
TXN_000680,CUST_00703,2251.37,card,DEV_00777,GB,2026-01-11,success,42
TXN_000681,CUST_00607,5908.99,wallet,DEV_01725,GB,2026-01-09,success,48
TXN_000682,CUST_00785,7099.91,upi,DEV_01964,GB,2026-01-31,failed,21
TXN_000683,CUST_00822,2250.43,wallet,DEV_02254,AE,2026-07-24,success,46
TXN_000684,CUST_00050,6562.26,netbanking,DEV_01638,SG,2026-07-05,failed,35
TXN_000685,CUST_01466,852.56,upi,DEV_00450,IN,2026-07-22,success,48
TXN_000686,CUST_01485,1429.31,upi,DEV_00638,GB,2026-05-09,success,50
TXN_000687,CUST_01716,3409.07,upi,DEV_00214,GB,2026-04-20,success,28
TXN_000688,CUST_01416,1785.55,wallet,DEV_01967,GB,2026-03-14,failed,18
TXN_000689,CUST_00597,5079.76,card,DEV_01757,US,2026-06-08,success,8
TXN_000690,CUST_01333,3118.73,upi,DEV_01022,GB,2026-07-16,success,15
TXN_000691,CUST_00329,4250.84,netbanking,DEV_02872,US,2026-06-20,failed,48
TXN_000692,CUST_01557,3718.23,upi,DEV_01942,IN,2026-06-29,success,27
TXN_000693,CUST_01897,2656.41,upi,DEV_02422,US,2026-02-28,success,3
TXN_000694,CUST_00742,2578.91,upi,DEV_01644,IN,2026-03-12,success,42
TXN_000695,CUST_00439,5094.64,upi,DEV_01747,IN,2026-06-07,success,22
TXN_000696,CUST_01397,4537.89,card,DEV_00209,AE,2026-04-15,success,45
TXN_000697,CUST_00711,3307.87,upi,DEV_00909,GB,2026-04-20,failed,16
TXN_000698,CUST_01910,5096.55,card,DEV_02089,AE,2026-06-14,success,41
TXN_000699,CUST_00248,2120.1,netbanking,DEV_00451,GB,2026-04-04,success,28
TXN_000700,CUST_00901,14056.85,netbanking,DEV_02915,AE,2026-03-05,success,45
TXN_000701,CUST_00662,1493.11,card,DEV_00745,IN,2026-01-01,success,35
TXN_000702,CUST_01108,867.81,netbanking,DEV_00869,GB,2026-05-01,success,14
TXN_000703,CUST_01766,1756.85,card,DEV_01765,US,2026-03-06,failed,35
TXN_000704,CUST_00080,3246.38,netbanking,DEV_01370,GB,2026-01-29,success,33
TXN_000705,CUST_01694,2529.21,card,DEV_02798,SG,2026-07-17,success,34
TXN_000706,CUST_01706,6259.65,netbanking,DEV_01477,GB,2026-07-10,success,36
TXN_000707,CUST_01905,5672.79,upi,DEV_02664,GB,2026-02-23,failed,22
TXN_000708,CUST_01759,3977.63,card,DEV_00436,US,2026-06-11,success,47
TXN_000709,CUST_00067,589.5,card,DEV_02403,US,2026-02-19,failed,16
TXN_000710,CUST_00458,4199.93,card,DEV_00307,SG,2026-06-08,success,25
TXN_000711,CUST_00596,5446.05,netbanking,DEV_02972,AE,2026-07-14,success,2
TXN_000712,CUST_00919,4660.79,upi,DEV_00180,US,2026-02-19,failed,16
TXN_000713,CUST_00966,5500.34,netbanking,DEV_02296,GB,2026-04-04,failed,11
TXN_000714,CUST_00153,26795.36,card,DEV_01787,IN,2026-05-04,failed,50
TXN_000715,CUST_00761,3629.41,card,DEV_00684,SG,2026-03-12,success,44
TXN_000716,CUST_00862,1636.3,netbanking,DEV_00187,SG,2026-01-16,success,10
TXN_000717,CUST_01704,1767.31,wallet,DEV_02028,SG,2026-08-11,success,43
TXN_000718,CUST_00307,6390.14,upi,DEV_01794,SG,2026-04-09,failed,29
TXN_000719,CUST_01287,1248.66,wallet,DEV_02488,GB,2026-02-22,success,46
TXN_000720,CUST_00352,3743.92,card,DEV_00656,SG,2026-02-25,success,10
TXN_000721,CUST_01947,2072.42,wallet,DEV_02064,SG,2026-03-08,success,49
TXN_000722,CUST_01203,990.5,upi,DEV_01214,GB,2026-05-22,success,16
TXN_000723,CUST_00762,16682.07,upi,DEV_00918,IN,2026-05-17,success,50
TXN_000724,CUST_00393,2773.06,netbanking,DEV_00161,US,2026-08-15,success,27
TXN_000725,CUST_00830,1716.7,upi,DEV_01108,IN,2026-06-14,success,44
TXN_000726,CUST_00968,1341.25,upi,DEV_02190,IN,2026-01-01,success,21
TXN_000727,CUST_00313,6698.33,netbanking,DEV_01330,IN,2026-06-30,success,1
TXN_000728,CUST_00827,2142.87,upi,DEV_01673,SG,2026-03-17,success,25
TXN_000729,CUST_01357,19708.94,card,DEV_02564,IN,2026-07-30,success,31
TXN_000730,CUST_01257,5822.66,upi,DEV_02993,GB,2026-02-15,success,12
TXN_000731,CUST_00152,1254.57,card,DEV_02202,SG,2026-01-28,failed,16
TXN_000732,CUST_01192,2736.94,netbanking,DEV_02566,SG,2026-05-22,success,3
TXN_000733,CUST_00820,3153.61,wallet,DEV_00904,GB,2026-03-10,success,2
TXN_000734,CUST_00265,10734.94,wallet,DEV_00638,AE,2026-03-01,failed,9
TXN_000735,CUST_00043,4554.68,netbanking,DEV_00608,AE,2026-01-24,failed,21
TXN_000736,CUST_00830,1020.01,upi,DEV_01882,US,2026-07-28,success,44
TXN_000737,CUST_00107,1953.97,upi,DEV_02334,AE,2026-07-06,success,16
TXN_000738,CUST_00591,4871.26,netbanking,DEV_00087,GB,2026-02-11,success,30
TXN_000739,CUST_01580,7400.95,wallet,DEV_02816,SG,2026-02-18,success,47
TXN_000740,CUST_01223,9289.22,upi,DEV_00296,AE,2026-03-04,failed,27
TXN_000741,CUST_01563,3870.38,wallet,DEV_00411,SG,2026-02-05,success,24
TXN_000742,CUST_00063,4329.18,card,DEV_01548,AE,2026-01-06,success,42
TXN_000743,CUST_01738,5266.36,card,DEV_02640,IN,2026-02-03,success,22
TXN_000744,CUST_00338,3233.1,card,DEV_01097,US,2026-06-10,success,24
TXN_000745,CUST_00623,2905.12,card,DEV_00436,SG,2026-07-08,success,7
TXN_000746,CUST_00051,16901.66,card,DEV_00829,US,2026-05-03,failed,43
TXN_000747,CUST_00899,2639.57,upi,DEV_01260,GB,2026-05-03,success,18
TXN_000748,CUST_00106,1407.53,upi,DEV_00229,SG,2026-06-27,success,3
TXN_000749,CUST_00762,610.45,card,DEV_00087,IN,2026-01-27,success,50
TXN_000750,CUST_01959,7992.77,card,DEV_02096,AE,2026-02-06,success,50
TXN_000751,CUST_00645,1223.09,upi,DEV_00099,US,2026-04-20,failed,26
TXN_000752,CUST_00068,2113.18,upi,DEV_01448,GB,2026-02-27,failed,36
TXN_000753,CUST_00792,6494.94,card,DEV_02015,US,2026-01-29,success,47
TXN_000754,CUST_00005,4260.54,card,DEV_01155,GB,2026-01-20,success,14
TXN_000755,CUST_01982,33091.93,card,DEV_01477,IN,2026-01-12,success,45
TXN_000756,CUST_01764,3798.59,upi,DEV_01756,SG,2026-03-27,success,37
TXN_000757,CUST_01555,9523.06,wallet,DEV_00616,GB,2026-06-09,success,34
TXN_000758,CUST_01766,2646.43,netbanking,DEV_00426,GB,2026-05-08,success,35
TXN_000759,CUST_01983,5407.45,netbanking,DEV_02914,IN,2026-07-21,success,16
TXN_000760,CUST_00136,3745.3,upi,DEV_02687,US,2026-03-23,success,29
TXN_000761,CUST_01366,14082.75,wallet,DEV_01830,AE,2026-07-28,success,31
TXN_000762,CUST_01254,3366.86,card,DEV_02367,AE,2026-07-06,success,41
TXN_000763,CUST_01615,4707.74,upi,DEV_00371,GB,2026-02-02,success,5
TXN_000764,CUST_00048,4423.34,wallet,DEV_01445,GB,2026-05-07,failed,31
TXN_000765,CUST_00111,899.83,wallet,DEV_02841,AE,2026-06-04,success,12
TXN_000766,CUST_00122,23312.17,upi,DEV_02679,US,2026-04-09,failed,39
TXN_000767,CUST_01138,5086.03,wallet,DEV_02207,SG,2026-05-07,success,18
TXN_000768,CUST_01576,14268.51,wallet,DEV_00343,SG,2026-07-03,failed,22
TXN_000769,CUST_01649,2367.27,upi,DEV_02880,IN,2026-03-02,success,10
TXN_000770,CUST_00164,1993.98,card,DEV_00833,IN,2026-04-03,failed,25
TXN_000771,CUST_01704,4180.08,upi,DEV_00452,IN,2026-03-31,success,43
TXN_000772,CUST_00850,16722.37,upi,DEV_01208,AE,2026-02-06,failed,42
TXN_000773,CUST_00062,8791.62,upi,DEV_00864,US,2026-01-15,success,27
TXN_000774,CUST_01961,1439.93,card,DEV_02850,US,2026-04-07,success,13
TXN_000775,CUST_00788,2691.8,wallet,DEV_01523,IN,2026-06-29,success,16
TXN_000776,CUST_00448,5854.5,card,DEV_01954,SG,2026-08-11,success,23
TXN_000777,CUST_00883,2665.12,card,DEV_00602,GB,2026-02-06,success,6
TXN_000778,CUST_01408,4736.94,upi,DEV_00316,IN,2026-05-26,failed,43
TXN_000779,CUST_00308,1777.05,upi,DEV_00748,AE,2026-07-10,success,28
TXN_000780,CUST_00935,1581.82,netbanking,DEV_01926,AE,2026-07-04,success,3
TXN_000781,CUST_00608,3473.01,wallet,DEV_02642,IN,2026-03-15,success,14
TXN_000782,CUST_00761,2650.6,upi,DEV_00246,IN,2026-06-04,success,44
TXN_000783,CUST_01468,31738.51,upi,DEV_00045,AE,2026-08-02,failed,2
TXN_000784,CUST_00652,1633.04,wallet,DEV_02270,GB,2026-05-27,success,11
TXN_000785,CUST_01735,2828.41,upi,DEV_01736,US,2026-03-11,success,44
TXN_000786,CUST_00331,4218.34,wallet,DEV_00513,US,2026-04-13,success,44
TXN_000787,CUST_01676,4097.35,upi,DEV_01607,US,2026-07-30,success,26
TXN_000788,CUST_00156,2342.63,wallet,DEV_01956,GB,2026-06-17,failed,22
TXN_000789,CUST_00419,1848.81,wallet,DEV_00676,IN,2026-07-25,success,50
TXN_000790,CUST_01266,3612.85,wallet,DEV_00798,GB,2026-01-28,success,46
TXN_000791,CUST_00689,9579.51,card,DEV_01486,SG,2026-07-19,success,19
TXN_000792,CUST_00950,9308.22,card,DEV_00982,GB,2026-02-11,success,48
TXN_000793,CUST_01967,7119.85,card,DEV_00868,SG,2026-01-03,success,13
TXN_000794,CUST_01701,3726.84,upi,DEV_02260,US,2026-06-13,success,49
TXN_000795,CUST_00460,1112.61,upi,DEV_01103,IN,2026-05-26,success,29
TXN_000796,CUST_01016,2275.99,wallet,DEV_00188,IN,2026-03-22,success,46
TXN_000797,CUST_01655,1536.25,netbanking,DEV_00035,GB,2026-07-12,success,9
TXN_000798,CUST_00328,6341.27,wallet,DEV_02049,US,2026-03-22,failed,8
TXN_000799,CUST_01323,1816.13,netbanking,DEV_00531,IN,2026-03-26,failed,31
TXN_000800,CUST_00029,3537.6,card,DEV_02057,US,2026-01-07,failed,42
TXN_000801,CUST_00531,6850.12,wallet,DEV_02402,IN,2026-03-16,success,50
TXN_000802,CUST_01731,2228.98,upi,DEV_02796,AE,2026-01-21,success,41
TXN_000803,CUST_00539,7241.8,upi,DEV_00884,US,2026-07-16,success,13
TXN_000804,CUST_01817,6037.43,netbanking,DEV_01833,US,2026-03-28,success,21
TXN_000805,CUST_00761,8451.24,netbanking,DEV_02554,AE,2026-01-11,failed,44
TXN_000806,CUST_01003,3223.37,upi,DEV_00856,SG,2026-06-05,success,45
TXN_000807,CUST_00575,3436.74,upi,DEV_02323,AE,2026-01-25,success,2
TXN_000808,CUST_00753,3378.45,upi,DEV_01268,SG,2026-08-11,success,25
TXN_000809,CUST_01039,879.07,wallet,DEV_00386,AE,2026-03-22,success,28
TXN_000810,CUST_01591,1439.54,netbanking,DEV_00662,IN,2026-03-13,success,38
TXN_000811,CUST_01403,3578.64,netbanking,DEV_00366,IN,2026-02-15,failed,17
TXN_000812,CUST_01460,1628.6,netbanking,DEV_01939,GB,2026-07-15,failed,1
TXN_000813,CUST_00286,19863.76,upi,DEV_00508,SG,2026-05-05,success,7
TXN_000814,CUST_01591,1664.98,netbanking,DEV_01175,AE,2026-04-15,success,38
TXN_000815,CUST_00533,14717.99,wallet,DEV_01503,SG,2026-08-05,success,8
TXN_000816,CUST_01312,2472.38,netbanking,DEV_00342,AE,2026-05-10,failed,5
TXN_000817,CUST_00295,1833.6,netbanking,DEV_02796,IN,2026-06-08,success,48
TXN_000818,CUST_00866,2493.95,upi,DEV_02867,SG,2026-01-03,success,41
TXN_000819,CUST_00821,1448.41,card,DEV_01191,AE,2026-02-10,failed,38
TXN_000820,CUST_01308,7917.87,card,DEV_00914,AE,2026-08-12,failed,12
TXN_000821,CUST_01884,4022.77,card,DEV_01430,AE,2026-04-30,failed,43
TXN_000822,CUST_01773,4894.29,card,DEV_00352,US,2026-07-07,success,29
TXN_000823,CUST_01579,1793.15,wallet,DEV_01775,US,2026-04-13,success,24
TXN_000824,CUST_00135,4562.53,card,DEV_01300,GB,2026-06-04,failed,14
TXN_000825,CUST_00102,6145.93,upi,DEV_02877,AE,2026-01-30,success,46
TXN_000826,CUST_00293,3274.28,wallet,DEV_00157,SG,2026-02-09,failed,35
TXN_000827,CUST_01269,2682.93,upi,DEV_02623,US,2026-03-23,success,35
TXN_000828,CUST_01868,1395.42,wallet,DEV_00256,GB,2026-07-22,failed,42
TXN_000829,CUST_00175,4676.82,wallet,DEV_00875,IN,2026-02-24,success,6
TXN_000830,CUST_01875,950.34,wallet,DEV_01106,GB,2026-06-12,success,15
TXN_000831,CUST_01991,9535.0,card,DEV_00581,IN,2026-03-12,failed,41
TXN_000832,CUST_01850,9243.11,card,DEV_01222,AE,2026-08-12,failed,12
TXN_000833,CUST_01830,3939.87,upi,DEV_02743,GB,2026-02-17,success,32
TXN_000834,CUST_01536,3092.02,card,DEV_01756,GB,2026-07-12,success,50
TXN_000835,CUST_00854,1719.69,upi,DEV_00814,GB,2026-04-18,failed,46
TXN_000836,CUST_01902,9904.37,wallet,DEV_02194,US,2026-06-28,failed,35
TXN_000837,CUST_00092,3102.64,netbanking,DEV_02839,SG,2026-04-10,success,35
TXN_000838,CUST_00756,4427.79,upi,DEV_00319,SG,2026-06-07,success,28
TXN_000839,CUST_01731,7240.36,netbanking,DEV_02721,GB,2026-01-04,success,41
TXN_000840,CUST_01150,3614.56,wallet,DEV_00605,AE,2026-08-10,success,44
TXN_000841,CUST_00258,6325.38,card,DEV_02761,AE,2026-03-09,success,49
TXN_000842,CUST_00164,22765.66,wallet,DEV_00515,AE,2026-06-13,success,25
TXN_000843,CUST_01827,22411.77,card,DEV_00896,US,2026-04-18,success,12
TXN_000844,CUST_00985,7952.92,wallet,DEV_00886,GB,2026-02-23,success,40
TXN_000845,CUST_01749,17077.71,card,DEV_01517,GB,2026-01-05,success,8
TXN_000846,CUST_00201,3347.72,netbanking,DEV_02057,IN,2026-06-29,failed,32
TXN_000847,CUST_01471,3051.78,wallet,DEV_01696,AE,2026-04-01,success,19
TXN_000848,CUST_01792,4331.85,wallet,DEV_02143,GB,2026-01-30,success,38
TXN_000849,CUST_00579,4166.76,wallet,DEV_01755,GB,2026-02-15,success,35
TXN_000850,CUST_00907,4339.88,wallet,DEV_01563,GB,2026-08-05,failed,25
TXN_000851,CUST_01140,2916.13,netbanking,DEV_02876,SG,2026-08-08,success,49
TXN_000852,CUST_00201,1332.22,card,DEV_00426,IN,2026-06-16,success,32
TXN_000853,CUST_00421,4131.69,wallet,DEV_00425,AE,2026-07-11,success,50
TXN_000854,CUST_00642,3185.15,wallet,DEV_02062,SG,2026-07-26,success,19
TXN_000855,CUST_00057,3051.78,netbanking,DEV_01723,US,2026-02-27,failed,3
TXN_000856,CUST_00243,1988.85,wallet,DEV_00469,US,2026-08-08,failed,4
TXN_000857,CUST_01863,2038.06,card,DEV_01437,AE,2026-04-16,failed,19
TXN_000858,CUST_00285,4885.4,card,DEV_01535,US,2026-05-10,success,3
TXN_000859,CUST_01249,3932.61,netbanking,DEV_02698,GB,2026-03-20,failed,33
TXN_000860,CUST_01809,2251.22,upi,DEV_00018,AE,2026-01-09,success,44
TXN_000861,CUST_01920,5345.49,card,DEV_00629,GB,2026-08-04,success,48
TXN_000862,CUST_00503,1425.47,netbanking,DEV_00699,SG,2026-04-21,success,20
TXN_000863,CUST_01695,1318.09,wallet,DEV_00790,SG,2026-06-14,failed,36
TXN_000864,CUST_01561,4757.93,card,DEV_02367,AE,2026-02-02,failed,3
TXN_000865,CUST_01791,1512.32,upi,DEV_01652,GB,2026-05-13,success,20
TXN_000866,CUST_01190,2423.66,wallet,DEV_00947,IN,2026-07-01,success,2
TXN_000867,CUST_00473,21059.92,card,DEV_02587,SG,2026-07-20,failed,15
TXN_000868,CUST_00075,2181.75,netbanking,DEV_02265,US,2026-03-24,success,47
TXN_000869,CUST_00528,2686.59,card,DEV_00383,IN,2026-04-22,success,18
TXN_000870,CUST_01971,14039.96,upi,DEV_00114,SG,2026-07-01,success,19
TXN_000871,CUST_01210,2498.15,wallet,DEV_00104,US,2026-04-27,success,33
TXN_000872,CUST_01501,1438.57,upi,DEV_00982,US,2026-03-18,success,50
TXN_000873,CUST_01424,4414.87,upi,DEV_02975,AE,2026-07-17,success,30
TXN_000874,CUST_01962,1976.08,card,DEV_01127,IN,2026-02-06,success,31
TXN_000875,CUST_01085,3214.14,card,DEV_00455,AE,2026-06-02,success,27
TXN_000876,CUST_01312,3021.29,card,DEV_00581,GB,2026-03-09,success,5
TXN_000877,CUST_00091,2266.3,card,DEV_00317,AE,2026-08-05,success,19
TXN_000878,CUST_01958,3868.85,upi,DEV_01601,IN,2026-05-06,success,13
TXN_000879,CUST_01982,5795.42,wallet,DEV_00302,AE,2026-06-10,success,45
TXN_000880,CUST_00418,7149.33,upi,DEV_02816,AE,2026-04-07,success,20
TXN_000881,CUST_00002,6305.01,wallet,DEV_00660,US,2026-03-18,success,15
TXN_000882,CUST_01475,3839.74,upi,DEV_02702,SG,2026-06-11,success,22
TXN_000883,CUST_01405,10226.02,card,DEV_01405,GB,2026-05-04,success,26
TXN_000884,CUST_01628,4385.42,upi,DEV_02138,GB,2026-02-01,success,48
TXN_000885,CUST_00159,5203.54,card,DEV_02196,IN,2026-05-13,success,27
TXN_000886,CUST_00657,1405.52,upi,DEV_01495,IN,2026-02-25,success,35
TXN_000887,CUST_00624,1190.65,netbanking,DEV_00568,US,2026-01-22,success,43
TXN_000888,CUST_01542,5572.19,netbanking,DEV_01121,AE,2026-02-21,success,29
TXN_000889,CUST_01536,3269.78,netbanking,DEV_02901,SG,2026-06-16,success,50
TXN_000890,CUST_01095,3325.85,wallet,DEV_02031,AE,2026-05-12,failed,8
TXN_000891,CUST_00522,5437.9,upi,DEV_01025,US,2026-02-20,success,9
TXN_000892,CUST_01359,988.87,wallet,DEV_00422,SG,2026-07-23,success,16
TXN_000893,CUST_00468,6871.9,upi,DEV_00844,AE,2026-04-21,failed,17
TXN_000894,CUST_01683,2649.72,wallet,DEV_02443,GB,2026-07-28,success,28
TXN_000895,CUST_01465,4740.28,card,DEV_02488,AE,2026-04-20,success,17
TXN_000896,CUST_00287,5987.32,netbanking,DEV_01532,IN,2026-04-26,success,30
TXN_000897,CUST_00958,1676.57,card,DEV_02095,GB,2026-05-31,failed,17
TXN_000898,CUST_00761,3337.29,netbanking,DEV_02474,SG,2026-04-01,failed,44
TXN_000899,CUST_00593,4960.06,card,DEV_00470,US,2026-07-27,success,40
TXN_000900,CUST_01330,6135.61,wallet,DEV_00762,GB,2026-03-04,success,38
TXN_000901,CUST_00365,34373.28,upi,DEV_02691,GB,2026-04-06,success,6
TXN_000902,CUST_01624,3536.84,netbanking,DEV_00501,IN,2026-03-23,success,48
TXN_000903,CUST_00096,4573.15,netbanking,DEV_00876,AE,2026-05-26,success,39
TXN_000904,CUST_00566,4934.53,upi,DEV_02301,IN,2026-04-09,success,46
TXN_000905,CUST_01296,9027.48,upi,DEV_02160,US,2026-01-27,success,5
TXN_000906,CUST_01876,4895.89,card,DEV_02351,AE,2026-06-24,failed,3
TXN_000907,CUST_00769,15824.79,netbanking,DEV_01312,US,2026-02-20,success,36
TXN_000908,CUST_00023,1428.19,wallet,DEV_02043,IN,2026-03-12,failed,30
TXN_000909,CUST_01988,7394.23,card,DEV_00509,AE,2026-02-13,success,37
TXN_000910,CUST_00300,3411.73,wallet,DEV_00969,SG,2026-01-06,success,34
TXN_000911,CUST_00304,2069.82,card,DEV_02637,SG,2026-01-02,failed,41
TXN_000912,CUST_01429,7739.06,netbanking,DEV_00537,AE,2026-01-10,success,19
TXN_000913,CUST_00543,8253.9,netbanking,DEV_02642,IN,2026-01-18,failed,20
TXN_000914,CUST_00094,10434.16,card,DEV_01701,GB,2026-03-12,success,9
TXN_000915,CUST_00884,1521.19,netbanking,DEV_01640,IN,2026-05-23,success,14
TXN_000916,CUST_01273,1658.9,wallet,DEV_02509,IN,2026-04-11,success,49
TXN_000917,CUST_00459,5667.87,wallet,DEV_02021,IN,2026-08-04,success,45
TXN_000918,CUST_01153,7824.75,card,DEV_00120,US,2026-01-13,success,47
TXN_000919,CUST_00891,10276.33,upi,DEV_00431,GB,2026-08-09,failed,49
TXN_000920,CUST_01511,5374.13,upi,DEV_00698,IN,2026-02-18,success,29
TXN_000921,CUST_00891,7018.16,card,DEV_02820,IN,2026-03-08,success,49
TXN_000922,CUST_01314,7431.96,card,DEV_00197,GB,2026-01-20,success,22
TXN_000923,CUST_00661,4363.92,netbanking,DEV_02818,SG,2026-07-22,failed,36
TXN_000924,CUST_01135,3389.18,netbanking,DEV_02862,US,2026-02-05,failed,21
TXN_000925,CUST_00167,3261.11,card,DEV_00518,GB,2026-08-09,success,44
TXN_000926,CUST_00718,3408.67,wallet,DEV_02609,AE,2026-06-21,success,17
TXN_000927,CUST_00448,3431.94,upi,DEV_02368,AE,2026-06-19,failed,23
TXN_000928,CUST_00719,3362.3,netbanking,DEV_01319,AE,2026-02-27,success,10
TXN_000929,CUST_01705,7925.58,netbanking,DEV_01214,IN,2026-04-01,success,29
TXN_000930,CUST_01531,6411.3,upi,DEV_02847,IN,2026-01-20,failed,24
TXN_000931,CUST_01402,6815.22,card,DEV_00871,IN,2026-06-21,success,39
TXN_000932,CUST_01302,5842.96,wallet,DEV_01578,US,2026-05-05,success,41
TXN_000933,CUST_00178,4927.99,netbanking,DEV_00855,SG,2026-07-14,success,2
TXN_000934,CUST_01142,1750.86,netbanking,DEV_02903,AE,2026-06-17,success,28
TXN_000935,CUST_01668,2292.57,card,DEV_00533,US,2026-04-04,failed,42
TXN_000936,CUST_01920,1735.26,wallet,DEV_02542,SG,2026-02-21,failed,48
TXN_000937,CUST_01871,3249.34,upi,DEV_00282,GB,2026-04-19,success,22
TXN_000938,CUST_01224,2850.11,netbanking,DEV_02365,IN,2026-02-07,failed,29
TXN_000939,CUST_00319,5484.47,card,DEV_00452,US,2026-01-05,failed,9
TXN_000940,CUST_01641,4653.69,upi,DEV_01093,IN,2026-05-02,failed,13
TXN_000941,CUST_01952,8203.63,netbanking,DEV_01088,IN,2026-05-21,success,42
TXN_000942,CUST_01521,1994.47,netbanking,DEV_01768,US,2026-02-08,failed,50
TXN_000943,CUST_01084,1915.34,wallet,DEV_02081,GB,2026-01-14,failed,29
TXN_000944,CUST_01152,2385.38,netbanking,DEV_01515,IN,2026-01-13,failed,26
TXN_000945,CUST_00737,4198.94,wallet,DEV_00795,GB,2026-02-18,failed,10
TXN_000946,CUST_01950,3422.97,upi,DEV_02434,GB,2026-05-16,failed,10
TXN_000947,CUST_01663,7583.56,wallet,DEV_00448,IN,2026-06-15,success,12
TXN_000948,CUST_00901,4018.05,card,DEV_00900,IN,2026-01-14,success,45
TXN_000949,CUST_01686,4672.84,netbanking,DEV_00978,IN,2026-05-17,success,33
TXN_000950,CUST_01843,6225.14,netbanking,DEV_00928,SG,2026-06-29,failed,37
TXN_000951,CUST_01730,8623.58,wallet,DEV_01610,IN,2026-02-26,success,3
TXN_000952,CUST_00749,2268.65,wallet,DEV_00843,US,2026-07-21,success,35
TXN_000953,CUST_01222,1395.53,netbanking,DEV_02609,GB,2026-06-30,success,13
TXN_000954,CUST_01496,6437.36,card,DEV_00387,US,2026-05-09,failed,6
TXN_000955,CUST_01984,17345.41,netbanking,DEV_02818,US,2026-02-13,success,47
TXN_000956,CUST_01177,2605.93,card,DEV_00683,US,2026-03-27,failed,44
TXN_000957,CUST_01558,923.61,upi,DEV_00053,AE,2026-04-20,success,7
TXN_000958,CUST_01247,3615.26,card,DEV_00728,GB,2026-08-14,success,29
TXN_000959,CUST_01505,2789.92,upi,DEV_02783,IN,2026-06-02,success,25
TXN_000960,CUST_01663,3378.33,wallet,DEV_02389,IN,2026-05-06,success,12
TXN_000961,CUST_00334,862.97,wallet,DEV_00449,IN,2026-07-29,success,30
TXN_000962,CUST_00031,4017.33,netbanking,DEV_00936,SG,2026-05-09,success,38
TXN_000963,CUST_00786,4887.67,upi,DEV_00385,IN,2026-03-19,success,21
TXN_000964,CUST_00484,6048.02,wallet,DEV_02010,GB,2026-05-20,success,8
TXN_000965,CUST_01213,4174.7,wallet,DEV_01039,GB,2026-04-28,success,36
TXN_000966,CUST_01310,2427.14,netbanking,DEV_01234,GB,2026-05-13,failed,49
TXN_000967,CUST_00704,2672.38,card,DEV_01106,SG,2026-07-06,success,24
TXN_000968,CUST_01093,2519.83,upi,DEV_01681,US,2026-06-18,success,24
TXN_000969,CUST_01772,5159.36,netbanking,DEV_02040,IN,2026-03-04,failed,5
TXN_000970,CUST_01746,6118.69,netbanking,DEV_00846,IN,2026-02-19,failed,10
TXN_000971,CUST_00959,5247.86,card,DEV_01122,SG,2026-04-26,success,48
TXN_000972,CUST_00090,4337.34,netbanking,DEV_02782,GB,2026-03-26,failed,23
TXN_000973,CUST_01983,4388.23,wallet,DEV_01132,GB,2026-02-18,success,16
TXN_000974,CUST_01600,621.95,netbanking,DEV_02509,IN,2026-04-21,failed,50
TXN_000975,CUST_01595,3676.62,netbanking,DEV_01182,IN,2026-01-03,failed,45
TXN_000976,CUST_01420,2742.59,upi,DEV_01911,US,2026-05-14,success,8
TXN_000977,CUST_01087,1506.97,upi,DEV_01244,AE,2026-03-15,success,32
TXN_000978,CUST_00050,3429.27,netbanking,DEV_00064,AE,2026-01-11,success,35
TXN_000979,CUST_01769,3141.9,netbanking,DEV_02430,IN,2026-01-14,failed,40
TXN_000980,CUST_01892,44397.53,netbanking,DEV_00021,AE,2026-04-01,success,42
TXN_000981,CUST_01985,12986.52,card,DEV_01030,US,2026-03-31,success,23
TXN_000982,CUST_00111,17350.82,upi,DEV_00353,GB,2026-02-06,success,12
TXN_000983,CUST_01353,4563.82,wallet,DEV_02398,IN,2026-03-16,success,42
TXN_000984,CUST_00442,6483.41,card,DEV_01939,GB,2026-03-05,failed,24
TXN_000985,CUST_00030,14127.59,wallet,DEV_01635,IN,2026-03-08,success,9
TXN_000986,CUST_01531,1369.99,netbanking,DEV_00710,SG,2026-04-22,success,24
TXN_000987,CUST_01987,1037.38,upi,DEV_02799,US,2026-03-06,success,20
TXN_000988,CUST_01187,4094.66,wallet,DEV_02271,US,2026-03-19,success,27
TXN_000989,CUST_00961,5724.46,card,DEV_01218,SG,2026-06-10,failed,13
TXN_000990,CUST_01190,8696.51,upi,DEV_01540,AE,2026-01-25,success,2
TXN_000991,CUST_00245,20396.12,wallet,DEV_02844,GB,2026-05-09,success,8
TXN_000992,CUST_01560,786.95,wallet,DEV_01451,AE,2026-04-30,failed,7
TXN_000993,CUST_01506,2834.37,wallet,DEV_01890,IN,2026-05-24,success,28
TXN_000994,CUST_01579,8045.72,wallet,DEV_00363,US,2026-06-07,success,24
TXN_000995,CUST_01194,2220.2,upi,DEV_02378,SG,2026-04-06,success,43
TXN_000996,CUST_01657,2733.55,netbanking,DEV_00220,AE,2026-02-02,failed,50
TXN_000997,CUST_01164,1826.41,card,DEV_01896,SG,2026-04-28,success,7
TXN_000998,CUST_00216,3083.25,card,DEV_00225,GB,2026-08-01,success,38
TXN_000999,CUST_00062,5315.69,netbanking,DEV_02435,IN,2026-07-30,success,27
TXN_001000,CUST_01039,834.68,wallet,DEV_02829,GB,2026-08-10,success,28
TXN_001001,CUST_01535,1399.34,card,DEV_02395,SG,2026-07-09,success,3
TXN_001002,CUST_00525,4706.31,upi,DEV_02115,US,2026-05-24,failed,29
TXN_001003,CUST_00267,2147.18,upi,DEV_00916,US,2026-03-19,success,41
TXN_001004,CUST_01905,12376.5,card,DEV_01987,SG,2026-06-26,success,22
TXN_001005,CUST_01210,3748.21,card,DEV_00276,IN,2026-02-09,success,33
TXN_001006,CUST_01771,17253.17,card,DEV_01013,US,2026-01-27,failed,10
TXN_001007,CUST_01146,3165.35,card,DEV_02072,AE,2026-04-11,success,45
TXN_001008,CUST_01389,12514.09,card,DEV_01229,AE,2026-05-04,success,10
TXN_001009,CUST_00592,7038.54,upi,DEV_02240,GB,2026-07-30,failed,40
TXN_001010,CUST_00280,1783.33,card,DEV_01771,US,2026-06-12,success,22
TXN_001011,CUST_00926,3755.04,upi,DEV_00581,US,2026-02-13,success,28
TXN_001012,CUST_01648,15301.56,wallet,DEV_01968,GB,2026-03-16,success,2
TXN_001013,CUST_00909,8973.67,wallet,DEV_01505,GB,2026-04-11,failed,31
TXN_001014,CUST_00755,2599.38,card,DEV_01901,AE,2026-07-28,failed,48
TXN_001015,CUST_01700,3187.58,upi,DEV_00115,GB,2026-04-28,success,9
TXN_001016,CUST_01056,5065.96,wallet,DEV_00046,SG,2026-03-19,success,43
TXN_001017,CUST_01980,1093.12,wallet,DEV_00175,GB,2026-02-05,failed,50
TXN_001018,CUST_01948,3415.78,wallet,DEV_01135,IN,2026-02-10,success,50
TXN_001019,CUST_01602,1918.84,upi,DEV_01429,SG,2026-04-10,success,20
TXN_001020,CUST_01683,2125.75,upi,DEV_02687,US,2026-04-01,success,28
TXN_001021,CUST_00344,3841.54,wallet,DEV_02930,US,2026-03-13,success,42
TXN_001022,CUST_00396,2064.72,wallet,DEV_00280,AE,2026-04-07,failed,4
TXN_001023,CUST_00729,4546.1,upi,DEV_02360,SG,2026-07-18,success,10
TXN_001024,CUST_00085,1242.36,upi,DEV_02859,GB,2026-05-31,success,17
TXN_001025,CUST_01085,16726.71,wallet,DEV_00277,IN,2026-01-08,success,27
TXN_001026,CUST_01414,3063.09,upi,DEV_00396,IN,2026-05-08,failed,1
TXN_001027,CUST_01227,2007.24,netbanking,DEV_00949,US,2026-01-27,success,38
TXN_001028,CUST_01380,6196.86,wallet,DEV_01721,IN,2026-01-16,success,34
TXN_001029,CUST_00164,5389.47,card,DEV_00154,IN,2026-04-24,success,25
TXN_001030,CUST_00829,8532.57,card,DEV_00713,GB,2026-01-28,failed,30
TXN_001031,CUST_00403,5617.9,wallet,DEV_00546,SG,2026-05-23,success,43
TXN_001032,CUST_00705,1885.37,upi,DEV_01035,AE,2026-04-23,success,18
TXN_001033,CUST_00694,4083.29,upi,DEV_00825,US,2026-04-22,success,32
TXN_001034,CUST_01304,5817.1,card,DEV_02385,IN,2026-06-11,success,1
TXN_001035,CUST_00499,2277.62,upi,DEV_00137,US,2026-01-02,success,31
TXN_001036,CUST_01344,928.4,wallet,DEV_02328,SG,2026-08-10,success,42
TXN_001037,CUST_00231,2383.31,netbanking,DEV_00760,SG,2026-05-08,success,29
TXN_001038,CUST_00809,1505.61,upi,DEV_02337,AE,2026-05-09,success,27
TXN_001039,CUST_00444,3604.41,netbanking,DEV_02534,SG,2026-08-07,success,41
TXN_001040,CUST_01756,2330.68,card,DEV_01798,AE,2026-06-10,failed,22
TXN_001041,CUST_01201,6471.11,card,DEV_02332,IN,2026-02-02,success,18
TXN_001042,CUST_01737,3943.21,card,DEV_00484,AE,2026-03-01,success,12
TXN_001043,CUST_00936,7468.7,netbanking,DEV_00093,US,2026-07-30,success,16
TXN_001044,CUST_00994,6393.53,netbanking,DEV_01600,GB,2026-01-18,success,39
TXN_001045,CUST_00886,1025.47,netbanking,DEV_00307,SG,2026-05-28,success,1
TXN_001046,CUST_00638,15081.2,netbanking,DEV_01636,SG,2026-01-15,success,9
TXN_001047,CUST_00646,5456.95,wallet,DEV_01078,IN,2026-01-09,success,9
TXN_001048,CUST_00680,5489.57,wallet,DEV_01069,US,2026-03-27,success,25
TXN_001049,CUST_01617,2889.99,upi,DEV_00837,SG,2026-07-29,success,43
TXN_001050,CUST_00396,3916.53,card,DEV_00966,AE,2026-01-19,success,4
TXN_001051,CUST_00911,9919.96,netbanking,DEV_00290,AE,2026-06-03,success,3
TXN_001052,CUST_01270,3412.33,wallet,DEV_00531,GB,2026-07-05,success,15
TXN_001053,CUST_00404,17493.85,card,DEV_00146,AE,2026-05-10,success,26
TXN_001054,CUST_01946,1770.73,netbanking,DEV_01768,AE,2026-03-19,success,34
TXN_001055,CUST_00286,4833.02,card,DEV_00227,IN,2026-07-18,success,7
TXN_001056,CUST_00606,2594.13,wallet,DEV_02794,IN,2026-05-22,failed,50
TXN_001057,CUST_00234,3148.85,card,DEV_01586,AE,2026-06-28,success,14
TXN_001058,CUST_00246,2516.54,wallet,DEV_02873,AE,2026-05-21,success,26
TXN_001059,CUST_01821,5810.63,card,DEV_01794,IN,2026-06-07,success,27
TXN_001060,CUST_01181,4559.21,netbanking,DEV_00794,GB,2026-04-22,success,47
TXN_001061,CUST_01977,808.5,upi,DEV_00951,IN,2026-05-31,success,21
TXN_001062,CUST_01290,13504.99,upi,DEV_01692,SG,2026-05-26,success,15
TXN_001063,CUST_00557,10661.89,card,DEV_02949,US,2026-07-28,success,37
TXN_001064,CUST_00648,5084.19,card,DEV_00233,US,2026-04-23,success,16
TXN_001065,CUST_01748,4392.38,netbanking,DEV_00180,GB,2026-03-31,success,39
TXN_001066,CUST_01381,1271.44,netbanking,DEV_00532,SG,2026-04-12,failed,31
TXN_001067,CUST_00765,3395.4,card,DEV_02690,IN,2026-01-20,success,25
TXN_001068,CUST_00593,5433.16,upi,DEV_02028,GB,2026-08-08,success,40
TXN_001069,CUST_00843,4537.54,wallet,DEV_02921,GB,2026-04-04,success,37
TXN_001070,CUST_00895,9102.49,upi,DEV_02158,GB,2026-03-23,success,27
TXN_001071,CUST_00636,10395.94,card,DEV_01420,AE,2026-06-30,failed,39
TXN_001072,CUST_01891,18237.24,netbanking,DEV_00322,US,2026-02-05,success,35
TXN_001073,CUST_00975,14466.49,netbanking,DEV_02265,US,2026-02-01,success,13
TXN_001074,CUST_01408,1808.19,upi,DEV_00147,US,2026-06-28,failed,43
TXN_001075,CUST_00390,2785.53,wallet,DEV_00468,IN,2026-05-08,success,43
TXN_001076,CUST_01456,1830.43,netbanking,DEV_01139,SG,2026-04-09,success,37
TXN_001077,CUST_00037,927.37,card,DEV_00245,GB,2026-08-07,failed,1
TXN_001078,CUST_01635,2613.78,wallet,DEV_00078,AE,2026-04-09,failed,30
TXN_001079,CUST_00812,3948.34,card,DEV_00920,US,2026-04-08,success,31
TXN_001080,CUST_00919,7842.51,wallet,DEV_02182,IN,2026-06-19,success,16
TXN_001081,CUST_01797,5618.66,card,DEV_02219,GB,2026-01-07,success,45
TXN_001082,CUST_00085,5430.72,netbanking,DEV_02421,US,2026-07-13,success,17
TXN_001083,CUST_02000,10629.54,netbanking,DEV_02973,SG,2026-04-22,failed,16
TXN_001084,CUST_01482,9216.64,card,DEV_00448,SG,2026-04-10,success,48
TXN_001085,CUST_00724,3258.76,wallet,DEV_01737,SG,2026-07-04,success,47
TXN_001086,CUST_01288,1066.77,upi,DEV_01562,AE,2026-07-10,success,5
TXN_001087,CUST_00911,3733.04,upi,DEV_00063,GB,2026-07-24,success,3
TXN_001088,CUST_01359,1843.15,card,DEV_01024,SG,2026-03-17,success,16
TXN_001089,CUST_00591,3935.05,wallet,DEV_00159,SG,2026-03-12,success,30
TXN_001090,CUST_01758,5186.31,netbanking,DEV_02701,GB,2026-07-20,success,34
TXN_001091,CUST_00209,4404.64,card,DEV_01258,SG,2026-06-19,success,38
TXN_001092,CUST_01562,10682.82,netbanking,DEV_00733,AE,2026-04-29,success,40
TXN_001093,CUST_01346,1690.62,wallet,DEV_00037,AE,2026-01-10,success,48
TXN_001094,CUST_01969,2419.71,wallet,DEV_02613,SG,2026-02-25,failed,9
TXN_001095,CUST_01960,6671.89,card,DEV_02374,IN,2026-03-12,success,7
TXN_001096,CUST_01518,10141.93,card,DEV_01805,US,2026-03-08,success,32
TXN_001097,CUST_01352,8487.31,netbanking,DEV_02028,US,2026-02-28,success,11
TXN_001098,CUST_00464,1823.04,upi,DEV_02532,IN,2026-03-01,success,13
TXN_001099,CUST_00101,2331.74,card,DEV_00755,SG,2026-08-09,failed,17
TXN_001100,CUST_00550,4117.23,netbanking,DEV_00172,SG,2026-07-03,success,11
TXN_001101,CUST_00267,4487.99,card,DEV_02927,GB,2026-03-07,success,41
TXN_001102,CUST_01198,923.07,netbanking,DEV_02214,IN,2026-06-03,success,42
TXN_001103,CUST_00475,3867.51,netbanking,DEV_00448,IN,2026-05-10,failed,33
TXN_001104,CUST_00136,2359.06,card,DEV_02094,IN,2026-03-02,success,29
TXN_001105,CUST_00101,2560.37,netbanking,DEV_02337,GB,2026-08-01,failed,17
TXN_001106,CUST_01180,3180.41,card,DEV_02630,AE,2026-08-13,success,29
TXN_001107,CUST_01637,4665.36,upi,DEV_00102,GB,2026-06-05,success,43
TXN_001108,CUST_00582,723.47,netbanking,DEV_01672,GB,2026-05-01,success,4
TXN_001109,CUST_01676,4823.09,card,DEV_00657,GB,2026-01-12,success,26
TXN_001110,CUST_01085,3131.91,upi,DEV_02422,IN,2026-01-28,success,27
TXN_001111,CUST_00726,5058.27,netbanking,DEV_02093,SG,2026-07-20,success,3
TXN_001112,CUST_01093,5043.77,upi,DEV_01552,SG,2026-01-09,success,24
TXN_001113,CUST_00196,2146.67,wallet,DEV_02660,IN,2026-01-20,success,47
TXN_001114,CUST_01154,19603.08,wallet,DEV_02208,IN,2026-08-05,success,2
TXN_001115,CUST_00636,2491.53,wallet,DEV_02701,SG,2026-05-14,failed,39
TXN_001116,CUST_00237,832.51,netbanking,DEV_01103,US,2026-08-03,success,39
TXN_001117,CUST_01381,593.75,upi,DEV_01347,US,2026-07-24,success,31
TXN_001118,CUST_01259,3542.99,upi,DEV_01868,GB,2026-07-11,success,3
TXN_001119,CUST_01279,7565.91,upi,DEV_01823,AE,2026-04-03,success,34
TXN_001120,CUST_01942,1328.71,netbanking,DEV_02296,SG,2026-01-20,success,12
TXN_001121,CUST_01403,1586.39,wallet,DEV_02479,US,2026-04-25,failed,17
TXN_001122,CUST_01131,1702.41,upi,DEV_02333,US,2026-05-18,success,13
TXN_001123,CUST_00788,3500.84,wallet,DEV_02762,SG,2026-06-20,success,16
TXN_001124,CUST_01921,4689.57,netbanking,DEV_01176,GB,2026-03-22,success,2
TXN_001125,CUST_00308,1610.62,card,DEV_01674,AE,2026-05-10,success,28
TXN_001126,CUST_01600,12760.24,wallet,DEV_02592,US,2026-02-16,failed,50
TXN_001127,CUST_00670,5159.97,card,DEV_00684,IN,2026-04-18,success,28
TXN_001128,CUST_00479,10243.48,wallet,DEV_00414,US,2026-08-11,success,31
TXN_001129,CUST_01219,1044.84,wallet,DEV_00099,US,2026-01-19,success,46
TXN_001130,CUST_01480,2377.11,wallet,DEV_01730,GB,2026-02-02,failed,11
TXN_001131,CUST_00182,1726.65,upi,DEV_02917,GB,2026-01-31,success,24
TXN_001132,CUST_01182,4578.23,netbanking,DEV_02423,SG,2026-06-07,success,22
TXN_001133,CUST_01423,3283.5,card,DEV_00303,GB,2026-04-25,failed,16
TXN_001134,CUST_01704,8795.01,wallet,DEV_01785,GB,2026-07-13,failed,43
TXN_001135,CUST_01957,2416.19,upi,DEV_00752,SG,2026-07-29,success,16
TXN_001136,CUST_00390,1944.37,upi,DEV_00032,SG,2026-06-01,success,43
TXN_001137,CUST_00431,6546.29,wallet,DEV_01554,GB,2026-04-23,success,33
TXN_001138,CUST_01921,3457.03,netbanking,DEV_00397,US,2026-03-18,failed,2
TXN_001139,CUST_00386,2388.99,netbanking,DEV_00198,SG,2026-05-13,failed,28
TXN_001140,CUST_01577,1610.51,netbanking,DEV_01323,AE,2026-03-23,success,39
TXN_001141,CUST_00070,10758.7,upi,DEV_00172,US,2026-04-21,success,49
TXN_001142,CUST_01546,6337.81,netbanking,DEV_00408,GB,2026-03-14,success,37
TXN_001143,CUST_00978,833.61,card,DEV_01180,GB,2026-05-05,failed,5
TXN_001144,CUST_01407,2698.5,upi,DEV_00694,GB,2026-03-08,success,32
TXN_001145,CUST_00336,4971.35,upi,DEV_02730,GB,2026-02-06,success,32
TXN_001146,CUST_00594,8963.07,upi,DEV_02262,SG,2026-07-13,success,33
TXN_001147,CUST_00680,18077.1,card,DEV_02452,IN,2026-05-19,success,25
TXN_001148,CUST_01297,373.34,card,DEV_02001,IN,2026-04-05,success,44
TXN_001149,CUST_00641,1125.08,netbanking,DEV_02340,AE,2026-07-07,failed,12
TXN_001150,CUST_01268,1966.37,upi,DEV_01859,GB,2026-01-29,success,33
TXN_001151,CUST_00613,9867.03,wallet,DEV_01771,AE,2026-03-09,success,36
TXN_001152,CUST_00897,4043.11,upi,DEV_01141,IN,2026-04-01,success,49
TXN_001153,CUST_00530,2596.03,upi,DEV_02980,IN,2026-03-25,success,25
TXN_001154,CUST_00539,5957.16,netbanking,DEV_01131,AE,2026-06-11,success,13
TXN_001155,CUST_00052,19171.49,netbanking,DEV_00158,AE,2026-01-26,success,34
TXN_001156,CUST_00063,1258.5,upi,DEV_02287,IN,2026-06-12,success,42
TXN_001157,CUST_01818,3974.07,upi,DEV_00561,SG,2026-04-07,success,28
TXN_001158,CUST_01498,807.1,upi,DEV_01087,AE,2026-02-08,failed,1
TXN_001159,CUST_01300,4334.02,upi,DEV_02035,GB,2026-02-03,success,35
TXN_001160,CUST_01366,4198.97,card,DEV_02115,US,2026-01-01,failed,31
TXN_001161,CUST_00446,4591.73,card,DEV_02010,SG,2026-06-06,success,17
TXN_001162,CUST_00520,4557.05,upi,DEV_00159,AE,2026-06-26,success,48
TXN_001163,CUST_00096,7742.58,wallet,DEV_02585,SG,2026-03-02,success,39
TXN_001164,CUST_01413,1503.01,wallet,DEV_02173,US,2026-08-13,success,26
TXN_001165,CUST_01659,6610.42,upi,DEV_01197,AE,2026-05-06,failed,21
TXN_001166,CUST_01290,26060.16,netbanking,DEV_02226,AE,2026-03-17,success,15
TXN_001167,CUST_01840,22651.3,upi,DEV_00461,GB,2026-04-18,failed,47
TXN_001168,CUST_01990,4328.07,netbanking,DEV_01014,AE,2026-01-30,success,24
TXN_001169,CUST_00566,7454.03,wallet,DEV_01307,IN,2026-03-30,failed,46
TXN_001170,CUST_01023,1379.48,upi,DEV_01982,AE,2026-06-03,failed,22
TXN_001171,CUST_01582,7988.0,upi,DEV_00119,GB,2026-03-10,success,36
TXN_001172,CUST_00372,2543.48,wallet,DEV_00250,SG,2026-07-17,success,7
TXN_001173,CUST_01595,1310.56,netbanking,DEV_02765,GB,2026-04-16,failed,45
TXN_001174,CUST_01384,18951.0,wallet,DEV_01742,AE,2026-03-08,success,15
TXN_001175,CUST_01369,7619.05,netbanking,DEV_01989,US,2026-03-28,success,47
TXN_001176,CUST_01229,747.46,netbanking,DEV_01834,AE,2026-02-26,success,25
TXN_001177,CUST_00035,4468.14,upi,DEV_02562,IN,2026-06-07,success,5
TXN_001178,CUST_01396,6207.52,upi,DEV_02478,SG,2026-01-06,success,43
TXN_001179,CUST_00768,2130.98,wallet,DEV_00370,GB,2026-04-01,success,6
TXN_001180,CUST_01171,7554.09,card,DEV_02125,US,2026-04-03,success,37
TXN_001181,CUST_01941,3677.69,upi,DEV_02195,AE,2026-08-09,success,29
TXN_001182,CUST_01670,14997.54,netbanking,DEV_00662,GB,2026-03-26,failed,11
TXN_001183,CUST_01401,1462.89,upi,DEV_02265,US,2026-01-04,success,6
TXN_001184,CUST_00943,5236.64,card,DEV_02157,IN,2026-05-09,failed,13
TXN_001185,CUST_01793,14705.42,wallet,DEV_00174,US,2026-03-14,success,16
TXN_001186,CUST_01103,5485.38,card,DEV_00943,US,2026-01-09,success,50
TXN_001187,CUST_01397,3732.56,card,DEV_01548,AE,2026-02-03,success,45
TXN_001188,CUST_01169,1308.43,card,DEV_00314,IN,2026-05-10,failed,31
TXN_001189,CUST_00552,940.67,card,DEV_00061,SG,2026-06-04,success,34
TXN_001190,CUST_00364,4214.54,card,DEV_02410,AE,2026-02-19,success,46
TXN_001191,CUST_01228,1658.65,netbanking,DEV_01742,SG,2026-07-10,success,25
TXN_001192,CUST_00252,1278.11,netbanking,DEV_01123,AE,2026-02-21,success,42
TXN_001193,CUST_01420,2959.5,netbanking,DEV_02688,SG,2026-05-01,failed,8
TXN_001194,CUST_00646,5127.79,netbanking,DEV_01760,IN,2026-02-26,failed,9
TXN_001195,CUST_01283,3805.25,netbanking,DEV_01980,GB,2026-06-29,success,5
TXN_001196,CUST_01934,1653.41,wallet,DEV_00071,AE,2026-07-06,failed,24
TXN_001197,CUST_01323,3861.3,netbanking,DEV_02239,IN,2026-04-26,success,31
TXN_001198,CUST_00960,6418.37,card,DEV_01628,US,2026-04-25,success,18
TXN_001199,CUST_01262,2369.33,wallet,DEV_02307,IN,2026-06-14,success,46
TXN_001200,CUST_01146,3399.46,netbanking,DEV_00589,IN,2026-01-25,success,45
TXN_001201,CUST_00136,15534.65,upi,DEV_02007,SG,2026-03-05,success,29
TXN_001202,CUST_00825,2245.92,upi,DEV_01652,SG,2026-08-03,failed,13
TXN_001203,CUST_00957,7328.36,upi,DEV_00242,AE,2026-03-06,failed,43
TXN_001204,CUST_00984,2213.96,netbanking,DEV_01384,US,2026-01-10,success,18
TXN_001205,CUST_00214,5367.92,wallet,DEV_00023,GB,2026-06-26,success,8
TXN_001206,CUST_01149,1128.93,wallet,DEV_02235,AE,2026-03-22,success,19
TXN_001207,CUST_00994,1964.61,netbanking,DEV_01890,AE,2026-05-12,success,39
TXN_001208,CUST_01886,1909.86,card,DEV_01744,IN,2026-04-07,success,4
TXN_001209,CUST_01199,3236.19,card,DEV_00664,SG,2026-07-11,success,32
TXN_001210,CUST_00715,7740.82,upi,DEV_00809,AE,2026-08-11,success,7
TXN_001211,CUST_00024,6258.73,card,DEV_01738,AE,2026-02-13,failed,41
TXN_001212,CUST_01926,4827.26,upi,DEV_02241,AE,2026-04-13,success,7
TXN_001213,CUST_00589,690.15,netbanking,DEV_00482,AE,2026-03-17,success,3
TXN_001214,CUST_01981,23884.61,netbanking,DEV_02520,GB,2026-05-25,success,34
TXN_001215,CUST_01937,2608.2,upi,DEV_01189,SG,2026-06-25,success,32
TXN_001216,CUST_01711,4499.46,netbanking,DEV_02128,SG,2026-03-06,failed,12
TXN_001217,CUST_01205,1501.86,wallet,DEV_00863,GB,2026-07-11,success,32
TXN_001218,CUST_00452,4368.53,upi,DEV_02148,AE,2026-01-03,success,43
TXN_001219,CUST_00196,4749.9,wallet,DEV_00735,US,2026-05-01,success,47
TXN_001220,CUST_00676,1417.06,card,DEV_01278,US,2026-02-21,success,23
TXN_001221,CUST_01761,2430.83,wallet,DEV_01356,IN,2026-01-16,failed,20
TXN_001222,CUST_01629,1317.91,upi,DEV_00274,GB,2026-06-12,success,35
TXN_001223,CUST_00669,5579.85,netbanking,DEV_02576,IN,2026-02-19,success,1
TXN_001224,CUST_00600,760.29,netbanking,DEV_01746,SG,2026-07-06,success,4
TXN_001225,CUST_00410,7197.07,netbanking,DEV_02558,AE,2026-03-07,success,26
TXN_001226,CUST_00940,4838.49,card,DEV_02428,US,2026-01-27,success,26
TXN_001227,CUST_00478,4122.47,netbanking,DEV_00731,GB,2026-05-25,success,10
TXN_001228,CUST_00355,2042.26,upi,DEV_02140,SG,2026-06-15,failed,1
TXN_001229,CUST_00626,3373.17,netbanking,DEV_02358,SG,2026-06-04,success,22
TXN_001230,CUST_00210,3425.51,wallet,DEV_00858,US,2026-01-01,success,34
TXN_001231,CUST_01239,2727.65,upi,DEV_00375,SG,2026-02-07,success,37
TXN_001232,CUST_00566,3825.08,upi,DEV_01948,IN,2026-03-24,success,46
TXN_001233,CUST_01717,7227.66,card,DEV_00562,SG,2026-07-26,failed,31
TXN_001234,CUST_01938,3687.6,wallet,DEV_02724,AE,2026-03-25,success,12
TXN_001235,CUST_00748,13540.73,card,DEV_00987,SG,2026-04-11,failed,3
TXN_001236,CUST_00956,2768.39,wallet,DEV_02893,AE,2026-04-01,success,38
TXN_001237,CUST_01788,1844.43,netbanking,DEV_02174,IN,2026-08-15,success,50
TXN_001238,CUST_00955,4546.98,upi,DEV_02596,GB,2026-07-02,success,7
TXN_001239,CUST_01843,2537.73,wallet,DEV_02296,AE,2026-05-06,success,37
TXN_001240,CUST_01529,14678.28,card,DEV_02286,AE,2026-06-16,success,36
TXN_001241,CUST_00995,4181.67,upi,DEV_00104,GB,2026-08-07,failed,50
TXN_001242,CUST_00814,7231.95,netbanking,DEV_02984,AE,2026-02-24,success,20
TXN_001243,CUST_01785,5443.2,wallet,DEV_01533,US,2026-07-11,success,21
TXN_001244,CUST_01542,1397.36,upi,DEV_01811,GB,2026-05-15,success,29
TXN_001245,CUST_00572,1990.96,card,DEV_02402,GB,2026-03-26,success,11
TXN_001246,CUST_01047,12444.74,netbanking,DEV_01040,SG,2026-01-04,success,41
TXN_001247,CUST_00331,3579.47,card,DEV_02652,GB,2026-06-14,failed,44
TXN_001248,CUST_01114,2008.95,wallet,DEV_00180,GB,2026-03-12,success,18
TXN_001249,CUST_00572,2912.73,card,DEV_02942,AE,2026-06-05,failed,11
TXN_001250,CUST_00038,1759.84,wallet,DEV_00712,AE,2026-07-11,success,42
TXN_001251,CUST_01529,1837.08,card,DEV_01514,IN,2026-06-06,success,36
TXN_001252,CUST_01929,8104.65,upi,DEV_00540,IN,2026-04-18,success,48
TXN_001253,CUST_01945,3222.74,card,DEV_01817,IN,2026-03-22,success,36
TXN_001254,CUST_01996,1077.55,netbanking,DEV_00796,SG,2026-07-08,success,4
TXN_001255,CUST_00210,7539.22,netbanking,DEV_02753,GB,2026-07-01,success,34
TXN_001256,CUST_00010,3583.44,netbanking,DEV_02115,IN,2026-06-20,failed,49
TXN_001257,CUST_00116,2655.28,wallet,DEV_02735,IN,2026-01-17,success,15
TXN_001258,CUST_01190,3160.07,upi,DEV_02986,GB,2026-01-22,success,2
TXN_001259,CUST_00886,3678.76,wallet,DEV_00183,GB,2026-06-05,success,1
TXN_001260,CUST_00958,2419.78,wallet,DEV_00709,IN,2026-03-21,success,17
TXN_001261,CUST_01970,2177.9,netbanking,DEV_00483,GB,2026-04-30,success,27
TXN_001262,CUST_00929,3883.51,wallet,DEV_00362,IN,2026-01-24,success,32
TXN_001263,CUST_01552,1997.27,card,DEV_00761,GB,2026-06-01,success,2
TXN_001264,CUST_01152,4462.81,upi,DEV_00043,US,2026-06-13,success,26
TXN_001265,CUST_01925,1137.69,wallet,DEV_00333,US,2026-03-20,success,11
TXN_001266,CUST_01111,2588.49,upi,DEV_01272,IN,2026-04-08,success,42
TXN_001267,CUST_00714,2647.21,upi,DEV_01143,US,2026-05-25,success,24
TXN_001268,CUST_01017,3129.47,wallet,DEV_00926,US,2026-03-11,success,43
TXN_001269,CUST_00805,6053.26,upi,DEV_01209,GB,2026-06-28,failed,48
TXN_001270,CUST_01482,12617.1,netbanking,DEV_00379,AE,2026-04-01,success,48
TXN_001271,CUST_00867,3200.54,netbanking,DEV_02629,SG,2026-04-26,success,48
TXN_001272,CUST_01448,9302.08,card,DEV_02398,AE,2026-02-09,success,45
TXN_001273,CUST_00775,20293.36,wallet,DEV_01421,GB,2026-02-23,success,9
TXN_001274,CUST_01762,7014.03,netbanking,DEV_00372,SG,2026-07-17,success,30
TXN_001275,CUST_00896,2184.21,netbanking,DEV_00894,AE,2026-03-08,success,14
TXN_001276,CUST_01306,2798.74,card,DEV_02118,US,2026-05-02,success,14
TXN_001277,CUST_01348,4236.85,wallet,DEV_02404,GB,2026-04-06,failed,42
TXN_001278,CUST_00803,3994.56,card,DEV_01321,IN,2026-06-11,success,22
TXN_001279,CUST_01069,4850.4,card,DEV_00651,AE,2026-05-02,success,18
TXN_001280,CUST_00138,1912.74,netbanking,DEV_02654,IN,2026-02-17,success,33
TXN_001281,CUST_01437,4712.61,netbanking,DEV_00667,AE,2026-05-20,success,50
TXN_001282,CUST_00396,12245.51,card,DEV_01799,SG,2026-04-27,failed,4
TXN_001283,CUST_00933,52050.2,wallet,DEV_01940,US,2026-03-06,success,1
TXN_001284,CUST_00639,5375.48,netbanking,DEV_01977,AE,2026-03-18,success,13
TXN_001285,CUST_00766,2038.0,upi,DEV_02077,IN,2026-04-18,failed,6
TXN_001286,CUST_01786,8535.13,netbanking,DEV_02366,AE,2026-06-01,success,5
TXN_001287,CUST_01581,2573.69,upi,DEV_02098,US,2026-03-18,success,35
TXN_001288,CUST_01738,2222.98,upi,DEV_00533,GB,2026-07-21,success,22
TXN_001289,CUST_00156,4090.48,card,DEV_01267,US,2026-07-25,success,22
TXN_001290,CUST_00166,2276.99,wallet,DEV_01622,US,2026-04-28,success,2
TXN_001291,CUST_01560,7012.75,upi,DEV_00821,US,2026-03-19,success,7
TXN_001292,CUST_01933,3001.19,card,DEV_00757,US,2026-08-08,success,49
TXN_001293,CUST_01756,1819.95,wallet,DEV_00370,US,2026-02-09,success,22
TXN_001294,CUST_01773,6260.08,card,DEV_01956,US,2026-03-30,success,29
TXN_001295,CUST_00201,1415.76,wallet,DEV_02253,AE,2026-06-28,success,32
TXN_001296,CUST_01439,525.52,wallet,DEV_02738,AE,2026-08-01,failed,1
TXN_001297,CUST_00143,4423.66,upi,DEV_00393,AE,2026-02-02,success,45
TXN_001298,CUST_00680,8400.2,upi,DEV_01638,GB,2026-03-14,failed,25
TXN_001299,CUST_01018,14920.84,wallet,DEV_02188,IN,2026-03-30,failed,20
TXN_001300,CUST_01838,2042.32,card,DEV_00909,SG,2026-02-15,success,4
TXN_001301,CUST_01422,1065.66,netbanking,DEV_01484,GB,2026-05-09,success,29
TXN_001302,CUST_00592,10846.55,wallet,DEV_00317,US,2026-02-05,failed,40
TXN_001303,CUST_00030,21175.98,upi,DEV_00182,US,2026-03-19,failed,9
TXN_001304,CUST_01989,3287.99,card,DEV_01391,AE,2026-06-17,success,30
TXN_001305,CUST_00182,2868.96,wallet,DEV_00618,GB,2026-03-21,failed,24
TXN_001306,CUST_00028,5032.0,wallet,DEV_00143,GB,2026-04-18,success,42
TXN_001307,CUST_01608,5784.06,upi,DEV_01632,SG,2026-08-02,success,9
TXN_001308,CUST_00799,4214.02,wallet,DEV_00339,GB,2026-06-25,success,24
TXN_001309,CUST_01860,4601.51,wallet,DEV_00051,US,2026-03-23,success,31
TXN_001310,CUST_00264,4599.15,wallet,DEV_02812,AE,2026-01-03,failed,4
TXN_001311,CUST_00025,4448.9,wallet,DEV_01731,IN,2026-03-19,failed,21
TXN_001312,CUST_01452,5565.06,netbanking,DEV_02598,IN,2026-06-04,failed,31
TXN_001313,CUST_00240,1303.92,netbanking,DEV_01940,GB,2026-08-05,success,17
TXN_001314,CUST_01957,622.02,card,DEV_00733,AE,2026-05-17,failed,16
TXN_001315,CUST_01143,8673.67,card,DEV_00616,IN,2026-03-28,success,3
TXN_001316,CUST_00931,6536.71,upi,DEV_02110,SG,2026-07-06,failed,37
TXN_001317,CUST_00099,1356.45,wallet,DEV_00199,AE,2026-03-14,success,41
TXN_001318,CUST_01363,3892.21,card,DEV_02006,AE,2026-04-04,success,26
TXN_001319,CUST_01078,1575.94,netbanking,DEV_01034,AE,2026-03-28,success,26
TXN_001320,CUST_01328,2594.57,card,DEV_02224,GB,2026-02-15,success,5
TXN_001321,CUST_00909,1686.22,netbanking,DEV_01709,IN,2026-04-25,success,31
TXN_001322,CUST_00319,3774.55,netbanking,DEV_02605,IN,2026-06-02,success,9
TXN_001323,CUST_01550,3885.09,netbanking,DEV_02998,IN,2026-05-17,failed,17
TXN_001324,CUST_01342,1381.63,upi,DEV_00718,IN,2026-05-17,success,43
TXN_001325,CUST_01273,2004.72,upi,DEV_02977,US,2026-06-12,failed,49
TXN_001326,CUST_01938,9049.42,wallet,DEV_01126,GB,2026-04-28,success,12
TXN_001327,CUST_00408,5544.65,wallet,DEV_00167,IN,2026-03-25,success,28
TXN_001328,CUST_00339,8206.09,card,DEV_00602,SG,2026-07-05,success,48
TXN_001329,CUST_00984,7214.79,wallet,DEV_02100,IN,2026-03-28,success,18
TXN_001330,CUST_00528,11924.66,wallet,DEV_01642,IN,2026-02-17,success,18
TXN_001331,CUST_00290,4122.33,card,DEV_01776,IN,2026-07-23,success,6
TXN_001332,CUST_01531,6455.87,netbanking,DEV_01242,SG,2026-05-12,success,24
TXN_001333,CUST_01444,3105.72,card,DEV_01533,SG,2026-05-02,success,34
TXN_001334,CUST_01448,2859.13,wallet,DEV_01126,US,2026-03-12,success,45
TXN_001335,CUST_00499,3615.73,wallet,DEV_00743,GB,2026-03-11,success,31
TXN_001336,CUST_01936,5213.23,wallet,DEV_00849,IN,2026-07-20,failed,7
TXN_001337,CUST_00267,4962.16,upi,DEV_01126,GB,2026-04-29,success,41
TXN_001338,CUST_00657,833.28,card,DEV_00907,US,2026-01-05,success,35
TXN_001339,CUST_00128,1866.92,upi,DEV_00262,SG,2026-03-15,failed,21
TXN_001340,CUST_00495,25662.31,wallet,DEV_02601,SG,2026-03-26,failed,43
TXN_001341,CUST_00893,2678.02,wallet,DEV_02285,IN,2026-03-29,success,42
TXN_001342,CUST_01233,4676.31,netbanking,DEV_01419,AE,2026-02-08,failed,45
TXN_001343,CUST_00628,4813.25,wallet,DEV_00863,SG,2026-06-28,success,11
TXN_001344,CUST_00396,1563.19,wallet,DEV_01048,AE,2026-01-09,success,4
TXN_001345,CUST_00230,4045.33,wallet,DEV_02300,GB,2026-01-22,success,34
TXN_001346,CUST_00969,2269.48,netbanking,DEV_01246,GB,2026-07-12,success,16
TXN_001347,CUST_01033,8004.3,wallet,DEV_02763,AE,2026-01-08,success,29
TXN_001348,CUST_00942,4965.17,upi,DEV_02557,GB,2026-05-25,failed,36
TXN_001349,CUST_01420,1269.5,wallet,DEV_00096,GB,2026-05-23,failed,8
TXN_001350,CUST_00392,5592.98,upi,DEV_01538,SG,2026-02-03,failed,48
TXN_001351,CUST_00705,3295.95,card,DEV_00398,AE,2026-02-25,success,18
TXN_001352,CUST_00334,3348.73,card,DEV_02338,GB,2026-02-15,success,30
TXN_001353,CUST_01338,1585.94,wallet,DEV_02254,AE,2026-04-01,success,12
TXN_001354,CUST_00706,1145.39,wallet,DEV_02455,GB,2026-03-23,success,5
TXN_001355,CUST_01704,1540.86,card,DEV_02721,GB,2026-05-09,failed,43
TXN_001356,CUST_01928,13086.93,upi,DEV_01655,AE,2026-07-13,failed,13
TXN_001357,CUST_00867,2050.58,netbanking,DEV_01841,US,2026-08-12,success,48
TXN_001358,CUST_01984,12216.31,wallet,DEV_01182,IN,2026-05-17,success,47
TXN_001359,CUST_01401,6983.11,wallet,DEV_02688,US,2026-06-24,success,6
TXN_001360,CUST_01067,8077.18,wallet,DEV_02377,AE,2026-04-18,failed,47
TXN_001361,CUST_01875,6187.32,upi,DEV_02607,IN,2026-06-08,success,15
TXN_001362,CUST_01313,8635.67,upi,DEV_02498,SG,2026-05-09,success,47
TXN_001363,CUST_00223,15149.73,wallet,DEV_00094,GB,2026-06-06,success,29
TXN_001364,CUST_00396,5106.82,upi,DEV_02332,AE,2026-06-25,success,4
TXN_001365,CUST_01277,1561.33,netbanking,DEV_00094,SG,2026-08-15,failed,8
TXN_001366,CUST_00960,6304.58,upi,DEV_00662,AE,2026-04-05,success,18
TXN_001367,CUST_00349,5822.62,upi,DEV_01935,US,2026-03-24,success,37
TXN_001368,CUST_00912,2195.99,netbanking,DEV_00266,IN,2026-02-22,failed,19
TXN_001369,CUST_00630,1405.79,wallet,DEV_01004,SG,2026-04-24,success,19
TXN_001370,CUST_00938,7654.16,upi,DEV_01890,SG,2026-06-14,success,33
TXN_001371,CUST_00626,944.48,netbanking,DEV_00653,US,2026-04-29,success,22
TXN_001372,CUST_01668,12151.68,card,DEV_00133,AE,2026-08-10,failed,42
TXN_001373,CUST_00901,2120.62,wallet,DEV_00289,AE,2026-03-08,success,45
TXN_001374,CUST_00269,1943.43,card,DEV_01797,AE,2026-07-31,success,27
TXN_001375,CUST_00176,3085.45,netbanking,DEV_01632,IN,2026-04-04,failed,35
TXN_001376,CUST_01442,4947.61,wallet,DEV_01756,IN,2026-01-27,success,49
TXN_001377,CUST_00686,4329.63,netbanking,DEV_02375,IN,2026-07-04,success,48
TXN_001378,CUST_01999,4324.37,netbanking,DEV_01692,GB,2026-02-06,success,46
TXN_001379,CUST_01484,8459.24,wallet,DEV_00861,GB,2026-01-25,success,31
TXN_001380,CUST_00811,4236.17,card,DEV_01877,AE,2026-07-12,success,22
TXN_001381,CUST_01650,2658.19,netbanking,DEV_01403,GB,2026-06-26,failed,9
TXN_001382,CUST_00272,3209.75,netbanking,DEV_01845,GB,2026-05-26,success,46
TXN_001383,CUST_01572,3234.58,card,DEV_00574,US,2026-05-14,success,41
TXN_001384,CUST_00019,2776.09,card,DEV_00906,GB,2026-05-25,success,30
TXN_001385,CUST_00072,3056.79,netbanking,DEV_01257,US,2026-05-26,success,26
TXN_001386,CUST_00220,4362.97,wallet,DEV_02921,AE,2026-06-22,success,4
TXN_001387,CUST_01710,4262.04,upi,DEV_02848,US,2026-02-07,success,6
TXN_001388,CUST_01843,6369.9,wallet,DEV_01054,US,2026-01-08,success,37
TXN_001389,CUST_00424,6928.92,netbanking,DEV_00608,SG,2026-01-04,success,39
TXN_001390,CUST_00721,2382.78,netbanking,DEV_02954,SG,2026-07-10,failed,36
TXN_001391,CUST_00615,2374.1,wallet,DEV_02534,US,2026-03-30,success,46
TXN_001392,CUST_01125,7034.06,netbanking,DEV_02144,GB,2026-04-07,failed,17
TXN_001393,CUST_00777,1056.16,upi,DEV_02152,AE,2026-02-14,failed,28
TXN_001394,CUST_00821,2748.17,wallet,DEV_00059,IN,2026-03-29,success,38
TXN_001395,CUST_01407,2754.04,netbanking,DEV_00846,US,2026-02-08,success,32
TXN_001396,CUST_00803,3867.21,card,DEV_02663,US,2026-04-02,failed,22
TXN_001397,CUST_01939,5080.09,wallet,DEV_02333,IN,2026-08-04,success,45
TXN_001398,CUST_00874,6877.04,upi,DEV_01490,IN,2026-04-13,success,32
TXN_001399,CUST_01180,1289.5,netbanking,DEV_02079,IN,2026-03-11,success,29
TXN_001400,CUST_01250,7499.4,card,DEV_01830,SG,2026-05-14,success,25
TXN_001401,CUST_01064,1247.9,upi,DEV_01049,US,2026-06-26,success,3
TXN_001402,CUST_00826,4037.23,upi,DEV_02825,AE,2026-02-15,success,43
TXN_001403,CUST_00664,237.82,netbanking,DEV_02261,GB,2026-01-24,success,14
TXN_001404,CUST_01571,1353.24,card,DEV_00543,SG,2026-03-19,success,13
TXN_001405,CUST_01478,1870.13,upi,DEV_00933,US,2026-05-30,failed,19
TXN_001406,CUST_01424,4979.67,wallet,DEV_00403,SG,2026-08-14,success,30
TXN_001407,CUST_00798,3551.83,netbanking,DEV_02597,IN,2026-02-20,failed,33
TXN_001408,CUST_01278,7890.78,card,DEV_01811,IN,2026-05-02,success,47
TXN_001409,CUST_01492,10402.91,card,DEV_02222,SG,2026-02-25,failed,29
TXN_001410,CUST_00395,1181.0,netbanking,DEV_02332,IN,2026-05-29,failed,37
TXN_001411,CUST_00622,1900.02,card,DEV_02950,AE,2026-07-19,success,35
TXN_001412,CUST_00884,1115.11,wallet,DEV_00003,GB,2026-07-13,failed,14
TXN_001413,CUST_01655,753.03,netbanking,DEV_02018,US,2026-03-26,failed,9
TXN_001414,CUST_00537,4323.74,netbanking,DEV_02644,GB,2026-03-09,success,20
TXN_001415,CUST_00313,1301.7,netbanking,DEV_01128,SG,2026-05-09,success,1
TXN_001416,CUST_01700,8659.35,wallet,DEV_00457,US,2026-05-05,success,9
TXN_001417,CUST_00002,2895.3,netbanking,DEV_02088,AE,2026-05-07,success,15
TXN_001418,CUST_00890,1395.73,upi,DEV_00269,AE,2026-06-22,success,20
TXN_001419,CUST_01377,27261.83,card,DEV_01816,GB,2026-06-13,success,39
TXN_001420,CUST_00415,7178.82,upi,DEV_00446,US,2026-02-24,success,40
TXN_001421,CUST_00453,5529.62,netbanking,DEV_01311,SG,2026-05-01,success,24
TXN_001422,CUST_01181,4821.81,netbanking,DEV_02497,US,2026-05-27,success,47
TXN_001423,CUST_00694,1893.59,netbanking,DEV_00641,US,2026-07-16,failed,32
TXN_001424,CUST_01083,3529.8,upi,DEV_00647,SG,2026-06-19,success,15
TXN_001425,CUST_00833,4840.18,netbanking,DEV_02116,AE,2026-06-17,failed,45
TXN_001426,CUST_00977,11155.25,netbanking,DEV_00937,GB,2026-05-01,success,38
TXN_001427,CUST_00816,9111.61,netbanking,DEV_00594,GB,2026-03-27,success,11
TXN_001428,CUST_00878,1144.69,netbanking,DEV_01843,GB,2026-04-19,failed,42
TXN_001429,CUST_00346,20763.88,wallet,DEV_00024,AE,2026-01-15,failed,30
TXN_001430,CUST_01236,2981.02,netbanking,DEV_02646,US,2026-04-27,success,23
TXN_001431,CUST_01982,3600.46,card,DEV_02885,US,2026-02-23,success,45
TXN_001432,CUST_00439,4694.79,netbanking,DEV_01530,IN,2026-03-24,failed,22
TXN_001433,CUST_00751,2434.84,wallet,DEV_01335,SG,2026-05-24,success,10
TXN_001434,CUST_01877,2323.54,upi,DEV_02530,SG,2026-04-23,success,39
TXN_001435,CUST_01710,1822.75,card,DEV_00305,US,2026-02-11,success,6
TXN_001436,CUST_00957,971.18,wallet,DEV_02955,SG,2026-05-01,success,43
TXN_001437,CUST_00676,1863.48,wallet,DEV_02818,AE,2026-03-05,success,23
TXN_001438,CUST_01667,1847.99,wallet,DEV_00243,IN,2026-01-15,success,33
TXN_001439,CUST_00786,1416.18,netbanking,DEV_02204,GB,2026-04-23,success,21
TXN_001440,CUST_01761,2375.04,card,DEV_01933,US,2026-08-14,success,20
TXN_001441,CUST_00192,2538.05,netbanking,DEV_01695,US,2026-08-12,success,24
TXN_001442,CUST_00727,1494.81,netbanking,DEV_02352,US,2026-05-24,success,1
TXN_001443,CUST_01349,788.81,wallet,DEV_01005,GB,2026-05-27,success,15
TXN_001444,CUST_01685,2496.0,netbanking,DEV_02825,IN,2026-02-05,success,42
TXN_001445,CUST_00070,2982.16,netbanking,DEV_01480,AE,2026-07-11,success,49
TXN_001446,CUST_01890,854.42,upi,DEV_01316,AE,2026-02-28,failed,42
TXN_001447,CUST_01293,5083.09,netbanking,DEV_01365,US,2026-06-23,success,8
TXN_001448,CUST_01649,1962.25,netbanking,DEV_02473,IN,2026-02-05,success,10
TXN_001449,CUST_00002,1786.97,wallet,DEV_01751,AE,2026-07-26,failed,15
TXN_001450,CUST_01521,1087.69,card,DEV_02165,IN,2026-05-12,success,50
TXN_001451,CUST_01003,5678.21,card,DEV_02318,AE,2026-01-09,success,45
TXN_001452,CUST_00485,1120.53,wallet,DEV_01158,SG,2026-03-27,success,41
TXN_001453,CUST_01777,7839.41,card,DEV_02316,IN,2026-05-23,success,23
TXN_001454,CUST_00311,454.78,upi,DEV_02104,IN,2026-05-27,failed,37
TXN_001455,CUST_00180,3020.46,upi,DEV_00300,AE,2026-07-29,success,9
TXN_001456,CUST_01696,5558.78,wallet,DEV_01849,US,2026-06-16,success,11
TXN_001457,CUST_01252,3406.34,card,DEV_00745,SG,2026-03-28,failed,48
TXN_001458,CUST_01177,12584.27,wallet,DEV_00088,AE,2026-05-28,success,44
TXN_001459,CUST_00060,6936.45,card,DEV_02555,AE,2026-01-05,success,31
TXN_001460,CUST_01577,5399.74,upi,DEV_01321,AE,2026-02-08,success,39
TXN_001461,CUST_00548,7911.98,upi,DEV_02394,GB,2026-05-17,failed,9
TXN_001462,CUST_01621,7534.05,upi,DEV_02353,GB,2026-08-14,success,29
TXN_001463,CUST_01412,1473.25,upi,DEV_00608,US,2026-03-20,success,50
TXN_001464,CUST_00944,4088.02,card,DEV_00108,SG,2026-06-04,success,40
TXN_001465,CUST_00124,1860.05,upi,DEV_02213,GB,2026-01-18,success,37
TXN_001466,CUST_00512,3321.52,netbanking,DEV_00943,US,2026-02-21,success,12
TXN_001467,CUST_00182,1928.5,upi,DEV_01738,GB,2026-03-01,success,24
TXN_001468,CUST_01696,3809.89,netbanking,DEV_00112,US,2026-08-13,failed,11
TXN_001469,CUST_00168,2042.92,card,DEV_01537,IN,2026-04-24,success,30
TXN_001470,CUST_01369,1894.09,wallet,DEV_00202,AE,2026-04-23,failed,47
TXN_001471,CUST_01819,5660.98,upi,DEV_00843,AE,2026-06-01,success,12
TXN_001472,CUST_00418,2551.88,card,DEV_00718,SG,2026-05-29,success,20
TXN_001473,CUST_01390,978.47,upi,DEV_00859,IN,2026-05-06,success,35
TXN_001474,CUST_00969,4113.81,netbanking,DEV_01701,US,2026-02-23,success,16
TXN_001475,CUST_00701,8084.94,netbanking,DEV_01958,GB,2026-05-11,success,36
TXN_001476,CUST_01610,2350.9,wallet,DEV_00067,IN,2026-04-08,failed,6
TXN_001477,CUST_01088,3168.93,wallet,DEV_00410,GB,2026-04-03,success,4
TXN_001478,CUST_00443,9223.77,card,DEV_01779,GB,2026-02-28,success,50
TXN_001479,CUST_01325,1406.13,wallet,DEV_01931,IN,2026-03-12,success,7
TXN_001480,CUST_00286,2659.02,card,DEV_00577,US,2026-02-15,success,7
TXN_001481,CUST_00949,19926.56,upi,DEV_02125,US,2026-02-05,failed,22
TXN_001482,CUST_01295,3064.54,card,DEV_00251,SG,2026-07-25,success,48
TXN_001483,CUST_00649,3788.83,netbanking,DEV_01523,SG,2026-04-17,success,22
TXN_001484,CUST_01742,3633.08,wallet,DEV_00707,US,2026-05-13,success,27
TXN_001485,CUST_00561,2099.25,upi,DEV_01496,IN,2026-07-21,success,20
TXN_001486,CUST_01416,3189.59,card,DEV_02038,US,2026-03-20,failed,18
TXN_001487,CUST_00378,2390.1,netbanking,DEV_01087,SG,2026-03-24,success,36
TXN_001488,CUST_00050,5629.39,card,DEV_01359,IN,2026-05-01,success,35
TXN_001489,CUST_01869,4861.68,upi,DEV_01670,IN,2026-05-19,failed,50
TXN_001490,CUST_00879,14380.66,upi,DEV_00648,IN,2026-01-04,success,18
TXN_001491,CUST_01588,2586.33,upi,DEV_00378,AE,2026-01-17,success,45
TXN_001492,CUST_01168,2407.68,wallet,DEV_01903,AE,2026-08-08,failed,3
TXN_001493,CUST_00283,7590.66,upi,DEV_02471,IN,2026-03-21,failed,21
TXN_001494,CUST_00217,2081.91,wallet,DEV_01053,US,2026-03-24,success,13
TXN_001495,CUST_01492,3505.24,card,DEV_01958,AE,2026-07-11,success,29
TXN_001496,CUST_00591,11948.96,upi,DEV_00899,SG,2026-02-03,success,30
TXN_001497,CUST_00295,959.22,upi,DEV_02701,IN,2026-07-10,success,48
TXN_001498,CUST_01985,1178.91,wallet,DEV_01157,SG,2026-01-27,success,23
TXN_001499,CUST_00583,340.26,upi,DEV_01027,US,2026-07-06,success,36
TXN_001500,CUST_00099,10202.51,netbanking,DEV_02911,AE,2026-06-21,success,41
TXN_001501,CUST_00974,2489.94,upi,DEV_01344,AE,2026-04-06,success,1
TXN_001502,CUST_00668,5331.37,card,DEV_01578,IN,2026-07-23,success,20
TXN_001503,CUST_01401,9817.57,upi,DEV_00059,US,2026-06-12,success,6
TXN_001504,CUST_01789,8340.49,upi,DEV_00664,AE,2026-03-24,success,7
TXN_001505,CUST_00816,2007.98,wallet,DEV_01982,GB,2026-02-18,failed,11
TXN_001506,CUST_00343,1093.62,wallet,DEV_00880,AE,2026-06-09,success,24
TXN_001507,CUST_00743,10724.99,wallet,DEV_00483,GB,2026-06-17,success,25
TXN_001508,CUST_01600,7496.27,netbanking,DEV_00764,GB,2026-03-29,failed,50
TXN_001509,CUST_01097,1016.55,wallet,DEV_02717,IN,2026-06-21,success,31
TXN_001510,CUST_01813,5139.6,netbanking,DEV_00259,GB,2026-04-20,success,36
TXN_001511,CUST_00591,3840.97,upi,DEV_00388,US,2026-04-28,success,30
TXN_001512,CUST_01857,4739.42,card,DEV_02255,GB,2026-02-02,success,37
TXN_001513,CUST_01917,1404.07,netbanking,DEV_01854,AE,2026-05-22,success,14
TXN_001514,CUST_00875,6594.31,upi,DEV_01629,SG,2026-02-19,success,7
TXN_001515,CUST_00512,3644.95,upi,DEV_00069,US,2026-07-07,success,12
TXN_001516,CUST_00203,600.97,upi,DEV_02306,SG,2026-05-15,success,39
TXN_001517,CUST_01957,5351.78,netbanking,DEV_02210,US,2026-06-27,success,16
TXN_001518,CUST_01391,6666.74,netbanking,DEV_00651,IN,2026-06-24,success,18
TXN_001519,CUST_01421,20551.86,upi,DEV_02934,US,2026-05-19,failed,35
TXN_001520,CUST_01105,3531.77,upi,DEV_01141,IN,2026-04-13,success,17
TXN_001521,CUST_00413,6155.47,wallet,DEV_02138,AE,2026-05-02,failed,41
TXN_001522,CUST_01171,11670.77,netbanking,DEV_00558,GB,2026-01-01,success,37
TXN_001523,CUST_00703,2508.29,netbanking,DEV_02902,SG,2026-06-21,success,42
TXN_001524,CUST_01362,7603.67,upi,DEV_02512,SG,2026-01-18,success,11
TXN_001525,CUST_01423,3638.26,wallet,DEV_00575,US,2026-05-04,success,16
TXN_001526,CUST_01229,1737.55,upi,DEV_01603,US,2026-06-15,failed,25
TXN_001527,CUST_01806,3302.96,wallet,DEV_02423,US,2026-03-05,success,35
TXN_001528,CUST_00720,4926.77,card,DEV_00927,GB,2026-02-05,failed,25
TXN_001529,CUST_01691,4400.43,card,DEV_02974,SG,2026-06-22,success,45
TXN_001530,CUST_01205,1237.49,upi,DEV_01817,US,2026-06-22,success,32
TXN_001531,CUST_00959,1004.69,netbanking,DEV_00045,IN,2026-05-14,success,48
TXN_001532,CUST_01071,10898.03,card,DEV_02575,SG,2026-05-01,success,10
TXN_001533,CUST_00717,6142.32,wallet,DEV_01224,IN,2026-05-19,failed,3
TXN_001534,CUST_00506,1370.02,upi,DEV_00289,GB,2026-08-13,success,23
TXN_001535,CUST_01033,2295.1,card,DEV_01563,GB,2026-01-29,failed,29
TXN_001536,CUST_01573,2023.9,wallet,DEV_02397,US,2026-08-13,failed,7
TXN_001537,CUST_01223,2948.36,netbanking,DEV_00921,SG,2026-01-27,success,27
TXN_001538,CUST_01293,5784.51,netbanking,DEV_00989,AE,2026-08-03,failed,8
TXN_001539,CUST_00432,3944.75,wallet,DEV_00233,IN,2026-08-10,success,29
TXN_001540,CUST_00803,3603.5,netbanking,DEV_01031,SG,2026-03-26,failed,22
TXN_001541,CUST_00632,9139.95,netbanking,DEV_01461,IN,2026-01-04,success,48
TXN_001542,CUST_01349,6859.95,wallet,DEV_00995,SG,2026-05-07,success,15
TXN_001543,CUST_00395,1520.84,wallet,DEV_02727,GB,2026-01-27,failed,37
TXN_001544,CUST_00785,11960.76,wallet,DEV_02485,SG,2026-08-11,failed,21
TXN_001545,CUST_00299,2122.29,card,DEV_02465,IN,2026-06-01,success,24
TXN_001546,CUST_01710,7825.4,card,DEV_00482,US,2026-04-03,failed,6
TXN_001547,CUST_01262,5263.53,wallet,DEV_02943,IN,2026-03-30,failed,46
TXN_001548,CUST_01696,1868.95,wallet,DEV_02349,SG,2026-01-10,failed,11
TXN_001549,CUST_00187,1816.17,wallet,DEV_02741,IN,2026-02-25,success,45
TXN_001550,CUST_00347,1372.07,card,DEV_02583,GB,2026-01-26,success,41
TXN_001551,CUST_00205,5907.5,wallet,DEV_00117,AE,2026-08-06,success,27
TXN_001552,CUST_01945,1605.94,netbanking,DEV_02798,GB,2026-04-01,success,36
TXN_001553,CUST_01330,2527.99,netbanking,DEV_01827,IN,2026-03-25,failed,38
TXN_001554,CUST_01023,9325.37,netbanking,DEV_00658,US,2026-05-23,success,22
TXN_001555,CUST_01972,2008.3,wallet,DEV_01428,US,2026-08-05,failed,41
TXN_001556,CUST_01481,2919.85,card,DEV_01368,GB,2026-06-07,success,47
TXN_001557,CUST_00879,1469.04,netbanking,DEV_01253,IN,2026-07-04,success,18
TXN_001558,CUST_00585,10317.77,wallet,DEV_01282,SG,2026-05-08,success,40
TXN_001559,CUST_00425,11889.34,wallet,DEV_00829,GB,2026-08-08,failed,50
TXN_001560,CUST_00934,2047.77,netbanking,DEV_01381,AE,2026-04-03,success,24
TXN_001561,CUST_01916,1218.65,upi,DEV_01323,IN,2026-01-29,success,47
TXN_001562,CUST_01654,5295.26,netbanking,DEV_02074,SG,2026-03-17,success,35
TXN_001563,CUST_01079,8649.15,wallet,DEV_02534,IN,2026-02-20,success,48
TXN_001564,CUST_01081,6127.0,card,DEV_02915,SG,2026-08-13,failed,20
TXN_001565,CUST_01922,20262.78,netbanking,DEV_00598,GB,2026-05-17,success,45
TXN_001566,CUST_01307,10399.85,wallet,DEV_00545,AE,2026-01-27,success,42
TXN_001567,CUST_00557,1904.27,card,DEV_01327,US,2026-04-24,success,37
TXN_001568,CUST_01096,1543.82,upi,DEV_02245,US,2026-06-20,success,32
TXN_001569,CUST_01794,3872.89,card,DEV_02026,US,2026-08-02,success,25
TXN_001570,CUST_00285,6097.92,upi,DEV_00926,AE,2026-06-15,success,3
TXN_001571,CUST_01002,6449.24,upi,DEV_00051,GB,2026-03-04,success,48
TXN_001572,CUST_00854,2502.99,wallet,DEV_01798,AE,2026-05-23,success,46
TXN_001573,CUST_01635,3250.0,wallet,DEV_00763,SG,2026-05-29,failed,30
TXN_001574,CUST_01573,2046.38,wallet,DEV_01072,GB,2026-07-25,success,7
TXN_001575,CUST_01336,2581.93,wallet,DEV_01517,GB,2026-03-02,success,16
TXN_001576,CUST_00023,1727.78,netbanking,DEV_00316,US,2026-03-24,success,30
TXN_001577,CUST_01160,683.52,upi,DEV_00396,SG,2026-07-01,failed,45
TXN_001578,CUST_00446,1365.8,netbanking,DEV_00430,SG,2026-02-28,success,17
TXN_001579,CUST_00703,1727.39,upi,DEV_01906,GB,2026-05-28,success,42
TXN_001580,CUST_00268,3286.89,wallet,DEV_02535,AE,2026-05-08,failed,11
TXN_001581,CUST_00850,1258.59,card,DEV_00702,IN,2026-05-24,failed,42
TXN_001582,CUST_01031,10860.59,card,DEV_01424,AE,2026-08-11,success,35
TXN_001583,CUST_00050,6982.3,card,DEV_02794,GB,2026-01-17,success,35
TXN_001584,CUST_01359,2739.08,netbanking,DEV_02981,IN,2026-07-02,failed,16
TXN_001585,CUST_01056,3107.98,wallet,DEV_02885,US,2026-04-12,success,43
TXN_001586,CUST_00041,1659.42,wallet,DEV_01270,SG,2026-06-28,success,7
TXN_001587,CUST_00602,3618.96,netbanking,DEV_00953,SG,2026-07-24,failed,44
TXN_001588,CUST_01707,3177.61,upi,DEV_02211,SG,2026-03-22,success,12
TXN_001589,CUST_01117,3279.72,card,DEV_02917,GB,2026-05-31,success,21
TXN_001590,CUST_01182,2123.75,card,DEV_02515,IN,2026-05-16,failed,22
TXN_001591,CUST_01253,4403.32,upi,DEV_00798,US,2026-06-03,success,50
TXN_001592,CUST_01388,5502.17,upi,DEV_00121,AE,2026-07-06,success,21
TXN_001593,CUST_00934,6500.6,netbanking,DEV_00365,IN,2026-04-14,failed,24
TXN_001594,CUST_00410,2574.96,wallet,DEV_01562,AE,2026-02-05,success,26
TXN_001595,CUST_00926,2217.16,upi,DEV_00393,GB,2026-04-01,success,28
TXN_001596,CUST_01680,2008.58,wallet,DEV_01033,AE,2026-01-24,success,3
TXN_001597,CUST_00496,2511.58,netbanking,DEV_01645,US,2026-02-28,success,38
TXN_001598,CUST_00515,5091.24,card,DEV_01392,AE,2026-07-12,success,46
TXN_001599,CUST_00896,1381.55,netbanking,DEV_00084,SG,2026-01-16,success,14
TXN_001600,CUST_01530,2741.8,netbanking,DEV_00392,US,2026-01-01,success,31
TXN_001601,CUST_01588,3279.33,card,DEV_01339,AE,2026-03-20,success,45
TXN_001602,CUST_01655,1063.95,netbanking,DEV_00285,US,2026-02-18,failed,9
TXN_001603,CUST_01362,9061.99,upi,DEV_02193,US,2026-03-30,success,11
TXN_001604,CUST_01858,5723.62,upi,DEV_02457,GB,2026-05-27,success,17
TXN_001605,CUST_00969,2185.44,wallet,DEV_02894,US,2026-05-10,success,16
TXN_001606,CUST_01095,2624.65,wallet,DEV_00125,SG,2026-01-10,success,8
TXN_001607,CUST_01562,51376.64,netbanking,DEV_01194,IN,2026-03-31,success,40
TXN_001608,CUST_00503,3885.51,upi,DEV_00409,AE,2026-02-19,success,20
TXN_001609,CUST_00945,11981.29,netbanking,DEV_01863,SG,2026-08-01,failed,38
TXN_001610,CUST_00774,1686.45,wallet,DEV_00477,SG,2026-01-17,success,34
TXN_001611,CUST_00083,33568.53,upi,DEV_01498,US,2026-03-03,failed,6
TXN_001612,CUST_01483,11721.28,upi,DEV_01656,IN,2026-04-02,success,26
TXN_001613,CUST_00421,12786.18,wallet,DEV_02702,SG,2026-01-26,success,50
TXN_001614,CUST_01093,986.06,netbanking,DEV_02160,SG,2026-05-28,failed,24
TXN_001615,CUST_01523,5135.57,upi,DEV_01158,GB,2026-02-04,failed,17
TXN_001616,CUST_01199,1120.84,upi,DEV_01200,AE,2026-04-14,failed,32
TXN_001617,CUST_00703,11267.95,wallet,DEV_00338,AE,2026-01-07,failed,42
TXN_001618,CUST_01362,1040.62,card,DEV_01317,SG,2026-05-04,failed,11
TXN_001619,CUST_01748,14618.02,netbanking,DEV_02039,GB,2026-07-17,success,39
TXN_001620,CUST_00061,8828.34,card,DEV_00771,IN,2026-03-20,success,7
TXN_001621,CUST_01709,456.42,netbanking,DEV_00197,SG,2026-01-08,success,3
TXN_001622,CUST_01166,1044.43,netbanking,DEV_01577,US,2026-04-01,success,13
TXN_001623,CUST_00900,13773.22,wallet,DEV_02083,SG,2026-08-06,success,36
TXN_001624,CUST_01555,4630.51,netbanking,DEV_02790,IN,2026-02-24,success,34
TXN_001625,CUST_01414,4371.53,wallet,DEV_00761,US,2026-07-02,success,1
TXN_001626,CUST_01899,2016.68,card,DEV_02925,US,2026-05-07,success,1
TXN_001627,CUST_00336,2739.35,card,DEV_00186,AE,2026-02-22,success,32
TXN_001628,CUST_01287,8649.34,netbanking,DEV_00020,US,2026-06-18,success,46
TXN_001629,CUST_00693,8338.3,upi,DEV_01598,US,2026-04-06,failed,38
TXN_001630,CUST_00329,1643.11,card,DEV_00639,US,2026-06-03,success,48
TXN_001631,CUST_00472,3773.91,netbanking,DEV_01732,SG,2026-07-01,success,33
TXN_001632,CUST_01385,4093.29,upi,DEV_02677,GB,2026-04-15,success,35
TXN_001633,CUST_00592,6371.65,wallet,DEV_01695,AE,2026-03-13,success,40
TXN_001634,CUST_01916,5910.29,wallet,DEV_01039,SG,2026-01-03,failed,47
TXN_001635,CUST_01511,3134.27,card,DEV_02851,AE,2026-02-02,success,29
TXN_001636,CUST_01003,8386.2,card,DEV_02612,IN,2026-01-30,success,45
TXN_001637,CUST_01957,4668.52,wallet,DEV_00273,US,2026-05-18,success,16
TXN_001638,CUST_01939,4717.8,upi,DEV_01051,AE,2026-03-14,success,45
TXN_001639,CUST_00662,2340.54,netbanking,DEV_02336,GB,2026-01-28,success,35
TXN_001640,CUST_01563,2923.97,wallet,DEV_00828,IN,2026-05-23,failed,24
TXN_001641,CUST_01380,3444.85,upi,DEV_00521,SG,2026-01-10,failed,34
TXN_001642,CUST_00429,2496.72,wallet,DEV_00448,IN,2026-02-28,success,5
TXN_001643,CUST_00222,4059.66,wallet,DEV_00756,IN,2026-07-15,success,1
TXN_001644,CUST_00390,19295.33,upi,DEV_01786,SG,2026-04-05,failed,43
TXN_001645,CUST_01008,8584.41,upi,DEV_01811,SG,2026-07-16,success,40
TXN_001646,CUST_01317,1479.54,upi,DEV_00862,GB,2026-01-12,success,32
TXN_001647,CUST_00867,11393.09,upi,DEV_01399,GB,2026-02-14,success,48
TXN_001648,CUST_01820,1082.61,wallet,DEV_00822,IN,2026-04-11,failed,36
TXN_001649,CUST_01356,3167.11,upi,DEV_01196,SG,2026-01-17,success,22
TXN_001650,CUST_01037,5642.14,upi,DEV_02570,US,2026-03-27,failed,6
TXN_001651,CUST_00675,9418.28,card,DEV_01805,IN,2026-08-04,success,6
TXN_001652,CUST_00054,3685.81,netbanking,DEV_02281,US,2026-02-06,success,38
TXN_001653,CUST_01113,5209.84,card,DEV_00457,IN,2026-04-15,success,22
TXN_001654,CUST_01877,4015.74,upi,DEV_02966,GB,2026-04-05,success,39
TXN_001655,CUST_00704,1863.27,upi,DEV_00426,US,2026-01-02,failed,24
TXN_001656,CUST_01419,3220.41,card,DEV_02305,IN,2026-07-28,failed,5
TXN_001657,CUST_00588,2714.7,card,DEV_00920,IN,2026-05-25,success,10
TXN_001658,CUST_00099,5465.76,card,DEV_02658,AE,2026-05-27,failed,41
TXN_001659,CUST_00297,9950.34,netbanking,DEV_02809,SG,2026-04-10,failed,11
TXN_001660,CUST_01364,3212.1,upi,DEV_02798,AE,2026-06-06,success,47
TXN_001661,CUST_00772,4026.79,netbanking,DEV_02608,AE,2026-05-03,success,25
TXN_001662,CUST_01390,6618.66,wallet,DEV_02198,GB,2026-02-27,success,35
TXN_001663,CUST_01738,4639.15,netbanking,DEV_02610,US,2026-04-10,success,22
TXN_001664,CUST_01577,3532.51,upi,DEV_01508,IN,2026-04-21,success,39
TXN_001665,CUST_00954,1610.81,upi,DEV_00175,AE,2026-04-16,success,24
TXN_001666,CUST_00711,3276.27,wallet,DEV_00513,GB,2026-02-23,failed,16
TXN_001667,CUST_01954,6435.88,wallet,DEV_01712,AE,2026-07-07,failed,49
TXN_001668,CUST_00099,1846.56,wallet,DEV_01592,AE,2026-04-04,success,41
TXN_001669,CUST_01473,3615.63,netbanking,DEV_02726,AE,2026-02-04,success,6
TXN_001670,CUST_01008,7878.63,upi,DEV_00889,US,2026-05-26,success,40
TXN_001671,CUST_00984,8987.57,netbanking,DEV_01898,SG,2026-08-09,failed,18
TXN_001672,CUST_00553,4117.34,netbanking,DEV_02638,GB,2026-02-24,failed,13
TXN_001673,CUST_01200,2174.77,upi,DEV_01927,IN,2026-05-19,failed,32
TXN_001674,CUST_00328,1795.83,netbanking,DEV_02555,AE,2026-01-14,success,8
TXN_001675,CUST_00070,13224.29,upi,DEV_01384,SG,2026-02-10,failed,49
TXN_001676,CUST_00751,6977.99,wallet,DEV_00739,AE,2026-01-07,success,10
TXN_001677,CUST_00528,910.89,wallet,DEV_02325,US,2026-03-11,success,18
TXN_001678,CUST_01470,8482.92,wallet,DEV_02356,US,2026-02-08,failed,37
TXN_001679,CUST_00762,3722.01,netbanking,DEV_01920,US,2026-08-11,success,50
TXN_001680,CUST_00320,4927.16,wallet,DEV_01296,SG,2026-07-15,success,48
TXN_001681,CUST_01165,6070.55,card,DEV_00268,IN,2026-01-06,success,7
TXN_001682,CUST_01152,18520.46,card,DEV_01358,IN,2026-03-22,success,26
TXN_001683,CUST_01326,5514.2,upi,DEV_00617,US,2026-03-20,success,18
TXN_001684,CUST_01348,4059.97,netbanking,DEV_02553,GB,2026-05-30,failed,42
TXN_001685,CUST_00653,1998.18,wallet,DEV_01387,US,2026-03-16,success,8
TXN_001686,CUST_01945,5200.17,card,DEV_02302,US,2026-08-14,success,36
TXN_001687,CUST_01717,3362.84,upi,DEV_01701,IN,2026-05-17,failed,31
TXN_001688,CUST_00094,8311.29,upi,DEV_02301,SG,2026-06-10,failed,9
TXN_001689,CUST_00150,4431.05,netbanking,DEV_02827,US,2026-01-30,success,36
TXN_001690,CUST_00246,4508.06,wallet,DEV_00398,IN,2026-02-04,failed,26
TXN_001691,CUST_01644,6766.43,wallet,DEV_01554,AE,2026-02-13,success,26
TXN_001692,CUST_01869,1812.41,netbanking,DEV_01807,SG,2026-05-27,success,50
TXN_001693,CUST_01406,1547.01,wallet,DEV_00082,AE,2026-06-21,success,39
TXN_001694,CUST_00709,1930.42,netbanking,DEV_00349,GB,2026-01-18,success,48
TXN_001695,CUST_00676,1950.72,upi,DEV_02557,GB,2026-06-23,failed,23
TXN_001696,CUST_00504,3519.71,upi,DEV_00455,US,2026-06-12,success,35
TXN_001697,CUST_00254,955.48,netbanking,DEV_02914,IN,2026-04-01,failed,31
TXN_001698,CUST_01614,2846.65,card,DEV_02548,SG,2026-04-17,success,40
TXN_001699,CUST_01826,4936.23,netbanking,DEV_01036,US,2026-05-12,success,30
TXN_001700,CUST_01926,1094.37,card,DEV_02006,GB,2026-02-12,success,7
TXN_001701,CUST_01463,3183.82,upi,DEV_02870,GB,2026-03-09,failed,37
TXN_001702,CUST_00740,1812.8,wallet,DEV_01383,IN,2026-03-11,failed,26
TXN_001703,CUST_00726,2452.6,card,DEV_01364,SG,2026-01-09,success,3
TXN_001704,CUST_00023,3233.5,card,DEV_02350,IN,2026-03-19,failed,30
TXN_001705,CUST_00145,1159.49,upi,DEV_01926,AE,2026-04-10,success,49
TXN_001706,CUST_01346,9041.04,netbanking,DEV_02855,AE,2026-03-27,success,48
TXN_001707,CUST_00387,5391.04,wallet,DEV_01668,GB,2026-02-03,success,43
TXN_001708,CUST_01027,10567.36,netbanking,DEV_02263,US,2026-05-06,success,45
TXN_001709,CUST_00205,5410.22,netbanking,DEV_00342,AE,2026-06-21,success,27
TXN_001710,CUST_01302,1371.47,netbanking,DEV_02085,IN,2026-01-06,success,41
TXN_001711,CUST_00030,1463.65,card,DEV_00996,IN,2026-02-15,success,9
TXN_001712,CUST_01941,1189.64,card,DEV_00631,SG,2026-07-25,success,29
TXN_001713,CUST_00709,3644.89,card,DEV_00309,IN,2026-07-05,success,48
TXN_001714,CUST_00660,1907.25,netbanking,DEV_02530,IN,2026-02-09,failed,37
TXN_001715,CUST_00458,1578.51,netbanking,DEV_02724,IN,2026-06-06,success,25
TXN_001716,CUST_00678,4153.97,card,DEV_02885,US,2026-02-21,success,15
TXN_001717,CUST_01005,5038.68,upi,DEV_00376,IN,2026-01-01,failed,32
TXN_001718,CUST_01328,8569.42,upi,DEV_00862,IN,2026-07-03,success,5
TXN_001719,CUST_01685,9420.25,wallet,DEV_01313,SG,2026-02-19,failed,42
TXN_001720,CUST_01635,14020.91,upi,DEV_02901,AE,2026-06-04,success,30
TXN_001721,CUST_01689,1013.65,wallet,DEV_01180,SG,2026-08-10,success,12
TXN_001722,CUST_00379,1974.71,wallet,DEV_00758,SG,2026-01-02,success,8
TXN_001723,CUST_00708,2614.82,upi,DEV_00810,GB,2026-02-06,success,1
TXN_001724,CUST_01762,3635.11,card,DEV_02879,IN,2026-02-18,success,30
TXN_001725,CUST_00811,15198.11,netbanking,DEV_00933,US,2026-04-12,success,22
TXN_001726,CUST_00821,4302.27,wallet,DEV_02076,GB,2026-02-25,failed,38
TXN_001727,CUST_01477,1536.56,netbanking,DEV_01413,US,2026-05-16,success,15
TXN_001728,CUST_00480,1118.54,netbanking,DEV_01153,US,2026-01-17,success,40
TXN_001729,CUST_01217,1896.75,card,DEV_02024,GB,2026-07-07,success,34
TXN_001730,CUST_01778,705.56,wallet,DEV_00328,AE,2026-01-04,success,13
TXN_001731,CUST_01751,8773.95,netbanking,DEV_02410,GB,2026-06-28,success,32
TXN_001732,CUST_00468,1644.47,netbanking,DEV_02979,GB,2026-04-26,success,17
TXN_001733,CUST_00104,16395.65,wallet,DEV_01518,AE,2026-03-18,failed,3
TXN_001734,CUST_01527,11083.98,netbanking,DEV_02237,US,2026-02-28,success,25
TXN_001735,CUST_01178,6051.19,card,DEV_02830,GB,2026-04-15,failed,8
TXN_001736,CUST_01668,5699.3,wallet,DEV_01329,AE,2026-04-29,failed,42
TXN_001737,CUST_01193,2496.41,wallet,DEV_00626,US,2026-07-08,failed,21
TXN_001738,CUST_00686,3489.1,wallet,DEV_00101,US,2026-07-21,success,48
TXN_001739,CUST_01288,6066.77,wallet,DEV_02590,US,2026-04-13,success,5
TXN_001740,CUST_01313,16749.12,card,DEV_01780,US,2026-02-08,success,47
TXN_001741,CUST_01537,8664.09,upi,DEV_00389,IN,2026-04-11,failed,32
TXN_001742,CUST_01047,4954.39,upi,DEV_01110,GB,2026-02-20,success,41
TXN_001743,CUST_01698,2387.02,wallet,DEV_01607,US,2026-03-19,success,20
TXN_001744,CUST_01931,1922.14,upi,DEV_00779,AE,2026-06-05,failed,14
TXN_001745,CUST_00522,500.26,wallet,DEV_01783,US,2026-05-05,success,9
TXN_001746,CUST_00727,848.84,netbanking,DEV_00435,IN,2026-03-24,failed,1
TXN_001747,CUST_00509,2972.91,netbanking,DEV_00580,US,2026-05-13,failed,12
TXN_001748,CUST_00083,6090.86,upi,DEV_01706,AE,2026-01-04,success,6
TXN_001749,CUST_01486,1789.87,upi,DEV_01387,GB,2026-06-25,failed,17
TXN_001750,CUST_01188,3513.79,card,DEV_02454,US,2026-05-16,success,37
TXN_001751,CUST_01067,989.65,netbanking,DEV_02969,GB,2026-07-26,success,47
TXN_001752,CUST_01715,4584.35,netbanking,DEV_02316,AE,2026-01-17,success,24
TXN_001753,CUST_01621,1144.78,wallet,DEV_01516,AE,2026-03-05,success,29
TXN_001754,CUST_00022,2879.35,netbanking,DEV_02820,US,2026-08-12,success,41
TXN_001755,CUST_00200,1786.11,wallet,DEV_01150,SG,2026-03-29,success,2
TXN_001756,CUST_00362,2182.51,upi,DEV_00521,GB,2026-07-20,success,42
TXN_001757,CUST_01437,4344.46,upi,DEV_01021,AE,2026-05-25,failed,50
TXN_001758,CUST_00732,15540.4,card,DEV_01284,SG,2026-08-14,success,32
TXN_001759,CUST_00248,22197.06,wallet,DEV_00608,SG,2026-03-24,success,28
TXN_001760,CUST_01071,1725.3,wallet,DEV_01896,SG,2026-07-06,success,10
TXN_001761,CUST_01333,11711.33,card,DEV_01842,AE,2026-07-19,success,15
TXN_001762,CUST_00223,4709.3,netbanking,DEV_02916,US,2026-04-04,success,29
TXN_001763,CUST_00793,6241.26,wallet,DEV_01011,US,2026-06-12,success,19
TXN_001764,CUST_01544,6539.8,netbanking,DEV_01459,SG,2026-05-04,success,3
TXN_001765,CUST_00611,2235.8,netbanking,DEV_01311,AE,2026-03-22,success,23
TXN_001766,CUST_00133,1125.96,upi,DEV_02448,SG,2026-01-31,success,48
TXN_001767,CUST_00092,5530.77,card,DEV_00799,SG,2026-07-24,success,35
TXN_001768,CUST_00032,7390.19,upi,DEV_01541,AE,2026-06-29,success,15
TXN_001769,CUST_00880,13379.79,netbanking,DEV_01070,US,2026-02-06,success,6
TXN_001770,CUST_00963,2589.43,card,DEV_00119,AE,2026-01-21,success,21
TXN_001771,CUST_00612,13252.31,wallet,DEV_00605,AE,2026-06-10,failed,31
TXN_001772,CUST_01318,2414.4,upi,DEV_02433,AE,2026-07-14,success,43
TXN_001773,CUST_00352,14974.16,card,DEV_01121,AE,2026-03-12,success,10
TXN_001774,CUST_01322,5819.38,wallet,DEV_01167,US,2026-05-31,success,24
TXN_001775,CUST_00724,2817.86,netbanking,DEV_00070,IN,2026-01-14,success,47
TXN_001776,CUST_00329,4623.64,wallet,DEV_01511,US,2026-03-22,failed,48
TXN_001777,CUST_00205,7478.63,card,DEV_02576,AE,2026-06-15,success,27
TXN_001778,CUST_00019,723.2,wallet,DEV_00730,GB,2026-06-06,success,30
TXN_001779,CUST_00536,2488.84,netbanking,DEV_01328,SG,2026-07-13,success,5
TXN_001780,CUST_01298,13849.45,card,DEV_02961,US,2026-05-08,success,49
TXN_001781,CUST_00174,3675.73,card,DEV_00574,US,2026-01-27,success,49
TXN_001782,CUST_00956,4613.8,upi,DEV_00377,GB,2026-04-02,success,38
TXN_001783,CUST_00180,2622.87,card,DEV_01691,GB,2026-07-12,success,9
TXN_001784,CUST_00353,1122.15,wallet,DEV_01641,SG,2026-01-16,failed,10
TXN_001785,CUST_00299,3644.25,wallet,DEV_02846,US,2026-05-21,success,24
TXN_001786,CUST_00257,6901.39,upi,DEV_01838,US,2026-01-30,success,32
TXN_001787,CUST_00577,2502.87,upi,DEV_00981,IN,2026-06-15,success,23
TXN_001788,CUST_01199,7296.42,card,DEV_02634,US,2026-05-03,success,32
TXN_001789,CUST_01465,1711.22,card,DEV_00898,US,2026-02-09,success,17
TXN_001790,CUST_00390,7147.65,netbanking,DEV_01323,AE,2026-07-13,failed,43
TXN_001791,CUST_00917,2016.97,card,DEV_02090,GB,2026-05-07,success,38
TXN_001792,CUST_00866,5161.49,wallet,DEV_02253,IN,2026-01-11,success,41
TXN_001793,CUST_00134,1512.22,card,DEV_00856,US,2026-05-30,failed,36
TXN_001794,CUST_00169,5933.83,card,DEV_01432,IN,2026-05-29,success,26
TXN_001795,CUST_00230,892.32,upi,DEV_01627,US,2026-02-08,success,34
TXN_001796,CUST_00935,1245.73,netbanking,DEV_01089,SG,2026-04-06,failed,3
TXN_001797,CUST_00115,1779.48,upi,DEV_00826,SG,2026-03-07,success,30
TXN_001798,CUST_01548,2247.05,upi,DEV_01340,GB,2026-04-11,success,39
TXN_001799,CUST_00337,4045.13,netbanking,DEV_01850,IN,2026-04-25,failed,35
TXN_001800,CUST_01599,3349.05,upi,DEV_00758,IN,2026-01-11,failed,28
TXN_001801,CUST_01475,5365.62,card,DEV_00843,US,2026-07-14,success,22
TXN_001802,CUST_01863,4199.45,upi,DEV_02430,GB,2026-04-03,failed,19
TXN_001803,CUST_01329,7777.02,card,DEV_02654,US,2026-05-26,success,38
TXN_001804,CUST_00158,2890.31,upi,DEV_02094,IN,2026-03-21,success,10
TXN_001805,CUST_00088,5369.0,upi,DEV_00742,GB,2026-02-22,failed,40
TXN_001806,CUST_01019,1466.53,wallet,DEV_02949,GB,2026-04-28,failed,47
TXN_001807,CUST_01486,5975.9,upi,DEV_02014,AE,2026-05-24,success,17
TXN_001808,CUST_00110,1136.72,upi,DEV_00319,SG,2026-01-28,success,11
TXN_001809,CUST_00783,10965.97,card,DEV_02537,IN,2026-08-08,success,22
TXN_001810,CUST_00423,1393.99,netbanking,DEV_00001,GB,2026-04-24,failed,10
TXN_001811,CUST_00331,5932.17,upi,DEV_00399,IN,2026-04-05,success,44
TXN_001812,CUST_01779,15757.92,upi,DEV_01734,GB,2026-01-20,success,49
TXN_001813,CUST_01400,4792.41,wallet,DEV_02678,IN,2026-03-18,success,25
TXN_001814,CUST_01991,2401.67,card,DEV_01238,US,2026-03-09,failed,41
TXN_001815,CUST_01945,2038.78,upi,DEV_00493,IN,2026-08-14,failed,36
TXN_001816,CUST_00735,3889.7,upi,DEV_00059,IN,2026-01-23,success,33
TXN_001817,CUST_00493,7236.33,wallet,DEV_02375,SG,2026-03-11,success,17
TXN_001818,CUST_01180,2855.73,card,DEV_02879,SG,2026-05-03,success,29
TXN_001819,CUST_01766,14981.58,upi,DEV_00883,IN,2026-04-12,failed,35
TXN_001820,CUST_01768,1920.24,card,DEV_00153,AE,2026-04-21,failed,18
TXN_001821,CUST_01674,1222.97,wallet,DEV_00717,IN,2026-05-28,success,29
TXN_001822,CUST_00707,1038.16,card,DEV_01151,GB,2026-07-04,failed,14
TXN_001823,CUST_00575,13987.6,upi,DEV_01095,IN,2026-06-21,success,2
TXN_001824,CUST_00973,490.35,upi,DEV_00962,AE,2026-07-27,success,30
TXN_001825,CUST_01919,2331.65,card,DEV_02307,AE,2026-05-24,failed,38
TXN_001826,CUST_01508,2141.9,upi,DEV_02931,IN,2026-03-15,success,42
TXN_001827,CUST_00169,2266.44,card,DEV_02450,GB,2026-04-27,failed,26
TXN_001828,CUST_01730,3421.85,upi,DEV_01529,GB,2026-07-05,success,3
TXN_001829,CUST_00885,2287.55,netbanking,DEV_02619,GB,2026-04-15,success,38
TXN_001830,CUST_01473,1735.67,wallet,DEV_01525,AE,2026-03-30,success,6
TXN_001831,CUST_00862,8655.09,upi,DEV_02756,AE,2026-06-22,failed,10
TXN_001832,CUST_01851,2501.33,netbanking,DEV_01769,IN,2026-06-04,success,29
TXN_001833,CUST_00429,5596.19,upi,DEV_01364,GB,2026-06-15,failed,5
TXN_001834,CUST_01336,1541.9,wallet,DEV_02209,US,2026-01-11,success,16
TXN_001835,CUST_00322,16395.6,upi,DEV_02453,GB,2026-05-19,success,33
TXN_001836,CUST_00945,5467.73,upi,DEV_00844,AE,2026-01-21,failed,38
TXN_001837,CUST_01253,863.81,card,DEV_02054,SG,2026-01-11,success,50
TXN_001838,CUST_01434,10392.58,card,DEV_01044,SG,2026-06-20,success,48
TXN_001839,CUST_01300,9339.29,upi,DEV_02802,GB,2026-05-06,success,35
TXN_001840,CUST_01648,2771.28,netbanking,DEV_02998,GB,2026-05-21,failed,2
TXN_001841,CUST_00269,2270.42,wallet,DEV_00898,SG,2026-03-31,failed,27
TXN_001842,CUST_01875,5360.93,card,DEV_00925,AE,2026-02-09,success,15
TXN_001843,CUST_01728,5143.64,card,DEV_02067,IN,2026-05-07,success,2
TXN_001844,CUST_00484,1596.85,card,DEV_02847,GB,2026-03-03,failed,8
TXN_001845,CUST_00375,4599.24,netbanking,DEV_00858,SG,2026-06-13,success,6
TXN_001846,CUST_00618,819.67,upi,DEV_00097,IN,2026-01-08,success,26
TXN_001847,CUST_00295,1373.99,card,DEV_00849,US,2026-07-31,success,48
TXN_001848,CUST_00518,10713.09,card,DEV_01039,AE,2026-01-31,failed,41
TXN_001849,CUST_01754,2666.57,netbanking,DEV_02710,AE,2026-01-03,success,13
TXN_001850,CUST_01049,2556.56,netbanking,DEV_01589,GB,2026-02-23,success,32
TXN_001851,CUST_00011,2870.86,wallet,DEV_02537,SG,2026-05-03,success,25
TXN_001852,CUST_00495,3670.12,wallet,DEV_00130,AE,2026-03-23,success,43
TXN_001853,CUST_00975,1835.11,card,DEV_01048,AE,2026-08-09,failed,13
TXN_001854,CUST_00101,6998.75,card,DEV_01732,SG,2026-06-08,success,17
TXN_001855,CUST_01269,912.1,wallet,DEV_00112,AE,2026-01-10,failed,35
TXN_001856,CUST_01479,2772.39,card,DEV_01946,GB,2026-05-20,success,29
TXN_001857,CUST_00582,7917.57,card,DEV_01006,IN,2026-04-27,failed,4
TXN_001858,CUST_01817,5361.5,netbanking,DEV_00989,SG,2026-05-01,success,21
TXN_001859,CUST_00354,3686.79,netbanking,DEV_01269,SG,2026-07-18,failed,12
TXN_001860,CUST_00508,4033.6,upi,DEV_02514,AE,2026-01-25,success,26
TXN_001861,CUST_00764,4983.32,upi,DEV_02431,IN,2026-05-10,failed,10
TXN_001862,CUST_00009,4717.54,card,DEV_02057,US,2026-04-29,success,18
TXN_001863,CUST_00629,5093.92,wallet,DEV_02195,IN,2026-03-06,success,42
TXN_001864,CUST_00837,4389.22,wallet,DEV_00713,AE,2026-03-17,success,12
TXN_001865,CUST_00200,3600.0,card,DEV_01190,SG,2026-03-26,failed,2
TXN_001866,CUST_00428,1690.93,card,DEV_02814,US,2026-08-03,success,41
TXN_001867,CUST_00532,8133.87,upi,DEV_01975,AE,2026-03-05,success,40
TXN_001868,CUST_01100,3240.74,wallet,DEV_02679,US,2026-07-17,failed,37
TXN_001869,CUST_01276,1760.63,card,DEV_01239,US,2026-02-27,success,3
TXN_001870,CUST_01062,7892.21,wallet,DEV_00937,AE,2026-07-26,success,49
TXN_001871,CUST_00679,5779.24,card,DEV_00674,US,2026-02-03,success,30
TXN_001872,CUST_00600,4770.24,wallet,DEV_02033,GB,2026-07-23,failed,4
TXN_001873,CUST_01269,3271.9,card,DEV_02902,SG,2026-06-27,success,35
TXN_001874,CUST_01987,2588.96,card,DEV_01715,AE,2026-01-09,success,20
TXN_001875,CUST_00190,794.54,wallet,DEV_02283,AE,2026-01-18,success,33
TXN_001876,CUST_01390,4468.56,card,DEV_01077,GB,2026-05-02,failed,35
TXN_001877,CUST_01745,12253.24,upi,DEV_00564,IN,2026-01-07,success,44
TXN_001878,CUST_01195,2851.03,card,DEV_02337,US,2026-06-20,success,43
TXN_001879,CUST_01565,32425.51,wallet,DEV_02703,SG,2026-04-06,success,6
TXN_001880,CUST_01691,759.91,wallet,DEV_00274,US,2026-05-30,failed,45
TXN_001881,CUST_01364,5470.0,card,DEV_02293,IN,2026-03-01,success,47
TXN_001882,CUST_00335,3165.69,upi,DEV_01231,US,2026-07-11,failed,9
TXN_001883,CUST_01975,1346.26,card,DEV_01524,IN,2026-05-11,success,31
TXN_001884,CUST_00766,1650.68,card,DEV_02149,GB,2026-05-30,success,6
TXN_001885,CUST_01103,2556.31,netbanking,DEV_00562,GB,2026-03-04,failed,50
TXN_001886,CUST_00062,11239.67,upi,DEV_00773,AE,2026-05-03,failed,27
TXN_001887,CUST_01062,5172.65,upi,DEV_00406,US,2026-04-10,success,49
TXN_001888,CUST_01801,1684.23,upi,DEV_02733,US,2026-08-08,success,20
TXN_001889,CUST_00849,9383.25,card,DEV_01957,SG,2026-01-19,success,14
TXN_001890,CUST_00073,1327.96,upi,DEV_02568,AE,2026-08-03,success,1
TXN_001891,CUST_01866,2922.97,upi,DEV_01076,AE,2026-01-16,failed,28
TXN_001892,CUST_01345,2723.84,card,DEV_01313,AE,2026-01-08,success,34
TXN_001893,CUST_01512,8516.82,netbanking,DEV_01601,AE,2026-06-05,success,21
TXN_001894,CUST_00165,1949.06,upi,DEV_01964,SG,2026-07-22,failed,15
TXN_001895,CUST_00870,3645.18,upi,DEV_00989,SG,2026-05-14,success,43
TXN_001896,CUST_00151,820.19,wallet,DEV_00308,AE,2026-06-03,success,31
TXN_001897,CUST_00498,5708.3,wallet,DEV_00272,SG,2026-01-22,success,42
TXN_001898,CUST_00658,840.87,card,DEV_01514,GB,2026-04-11,success,16
TXN_001899,CUST_01654,14411.27,wallet,DEV_02664,GB,2026-03-19,success,35
TXN_001900,CUST_00642,2625.33,netbanking,DEV_01925,SG,2026-05-05,failed,19
TXN_001901,CUST_00011,1700.19,upi,DEV_01923,GB,2026-01-24,failed,25
TXN_001902,CUST_01420,3133.45,netbanking,DEV_02183,SG,2026-06-07,success,8
TXN_001903,CUST_00743,3341.21,netbanking,DEV_02577,GB,2026-03-11,success,25
TXN_001904,CUST_01416,8505.57,upi,DEV_01283,GB,2026-03-03,success,18
TXN_001905,CUST_00990,2489.61,netbanking,DEV_01255,US,2026-07-31,success,35
TXN_001906,CUST_00115,3784.53,wallet,DEV_01141,GB,2026-06-03,failed,30
TXN_001907,CUST_01231,7060.51,upi,DEV_02512,US,2026-07-25,success,9
TXN_001908,CUST_00384,2575.15,upi,DEV_02815,GB,2026-07-02,success,7
TXN_001909,CUST_00213,1421.02,upi,DEV_01896,SG,2026-05-14,success,15
TXN_001910,CUST_01749,3027.33,card,DEV_02968,GB,2026-06-13,success,8
TXN_001911,CUST_01173,1643.63,upi,DEV_02450,GB,2026-02-16,failed,47
TXN_001912,CUST_01898,1374.45,netbanking,DEV_01007,AE,2026-05-04,success,45
TXN_001913,CUST_01644,1685.1,wallet,DEV_02202,GB,2026-02-07,success,26
TXN_001914,CUST_00681,2895.9,card,DEV_01035,IN,2026-04-07,failed,23
TXN_001915,CUST_01094,2716.42,card,DEV_00273,US,2026-07-27,success,30
TXN_001916,CUST_01000,9456.13,wallet,DEV_01863,SG,2026-05-30,success,25
TXN_001917,CUST_00544,3392.85,wallet,DEV_00816,GB,2026-01-14,failed,27
TXN_001918,CUST_01738,2321.79,wallet,DEV_02439,IN,2026-05-02,failed,22
TXN_001919,CUST_01824,2273.27,wallet,DEV_01283,IN,2026-02-05,success,47
TXN_001920,CUST_00133,4994.96,card,DEV_01481,IN,2026-01-11,success,48
TXN_001921,CUST_00958,5775.94,netbanking,DEV_00441,SG,2026-05-18,success,17
TXN_001922,CUST_00969,2639.53,upi,DEV_00393,AE,2026-02-22,success,16
TXN_001923,CUST_01112,3446.06,card,DEV_00041,IN,2026-03-28,success,44
TXN_001924,CUST_00100,5513.93,netbanking,DEV_01761,US,2026-03-01,success,1
TXN_001925,CUST_00068,13131.09,netbanking,DEV_02264,GB,2026-08-04,success,36
TXN_001926,CUST_00862,9546.56,upi,DEV_00095,SG,2026-05-30,success,10
TXN_001927,CUST_00977,5486.32,upi,DEV_00704,AE,2026-02-22,success,38
TXN_001928,CUST_00166,783.24,upi,DEV_00374,SG,2026-07-09,success,2
TXN_001929,CUST_00875,3477.15,wallet,DEV_00511,IN,2026-03-05,failed,7
TXN_001930,CUST_01928,2835.89,upi,DEV_00992,AE,2026-06-06,success,13
TXN_001931,CUST_00333,2407.6,upi,DEV_00903,GB,2026-01-28,success,40
TXN_001932,CUST_01233,18106.58,upi,DEV_02750,GB,2026-04-22,failed,45
TXN_001933,CUST_01018,2280.08,wallet,DEV_00875,US,2026-01-26,success,20
TXN_001934,CUST_00017,70217.43,wallet,DEV_02919,AE,2026-04-24,success,15
TXN_001935,CUST_00468,3887.02,wallet,DEV_02520,AE,2026-01-06,success,17
TXN_001936,CUST_01676,5050.58,upi,DEV_02758,AE,2026-04-22,success,26
TXN_001937,CUST_00333,11007.35,netbanking,DEV_00085,AE,2026-05-10,failed,40
TXN_001938,CUST_00113,1230.49,wallet,DEV_02485,US,2026-04-06,success,45
TXN_001939,CUST_00120,1980.62,card,DEV_02462,AE,2026-02-13,failed,2
TXN_001940,CUST_00335,3502.92,upi,DEV_00893,GB,2026-04-01,failed,9
TXN_001941,CUST_00691,4696.78,netbanking,DEV_01019,GB,2026-03-01,failed,20
TXN_001942,CUST_00195,1424.56,wallet,DEV_00100,SG,2026-03-04,success,35
TXN_001943,CUST_00885,4413.13,wallet,DEV_02921,IN,2026-04-10,success,38
TXN_001944,CUST_01239,3121.67,netbanking,DEV_01561,IN,2026-05-06,failed,37
TXN_001945,CUST_01720,2769.67,wallet,DEV_01738,IN,2026-04-22,success,37
TXN_001946,CUST_01398,3281.27,netbanking,DEV_00937,GB,2026-04-04,success,33
TXN_001947,CUST_01414,15093.58,wallet,DEV_00648,US,2026-02-26,success,1
TXN_001948,CUST_00829,1288.44,card,DEV_01563,GB,2026-01-13,success,30
TXN_001949,CUST_00572,2261.24,card,DEV_02897,US,2026-01-24,success,11
TXN_001950,CUST_01202,1112.21,netbanking,DEV_00325,SG,2026-03-07,failed,42
TXN_001951,CUST_01473,1749.03,upi,DEV_01201,US,2026-08-08,failed,6
TXN_001952,CUST_00510,1101.05,netbanking,DEV_00762,US,2026-04-15,success,34
TXN_001953,CUST_01400,10199.51,upi,DEV_02133,IN,2026-03-01,success,25
TXN_001954,CUST_00464,7827.59,card,DEV_02346,US,2026-03-15,failed,13
TXN_001955,CUST_00926,1835.86,wallet,DEV_00688,US,2026-01-05,success,28
TXN_001956,CUST_00209,6798.35,card,DEV_00276,IN,2026-03-10,success,38
TXN_001957,CUST_00315,1440.91,card,DEV_01895,SG,2026-07-14,success,41
TXN_001958,CUST_00037,6895.82,upi,DEV_00626,SG,2026-02-17,success,1
TXN_001959,CUST_01393,1446.8,card,DEV_01334,US,2026-07-16,success,24
TXN_001960,CUST_01674,4693.25,card,DEV_02052,SG,2026-01-15,failed,29
TXN_001961,CUST_01313,6453.98,upi,DEV_00685,IN,2026-05-01,success,47
TXN_001962,CUST_00611,2111.55,upi,DEV_00991,SG,2026-08-02,success,23
TXN_001963,CUST_01271,688.07,netbanking,DEV_01895,US,2026-04-27,success,24
TXN_001964,CUST_01954,843.58,card,DEV_02923,US,2026-02-11,success,49
TXN_001965,CUST_01859,1124.57,card,DEV_01546,US,2026-01-01,success,30
TXN_001966,CUST_01684,2202.36,wallet,DEV_02167,AE,2026-06-23,failed,34
TXN_001967,CUST_00456,4221.67,wallet,DEV_02151,AE,2026-06-15,success,19
TXN_001968,CUST_00469,1894.81,wallet,DEV_01030,SG,2026-04-15,success,24
TXN_001969,CUST_01725,6589.58,wallet,DEV_00518,IN,2026-02-22,success,47
TXN_001970,CUST_01532,3934.87,netbanking,DEV_01223,IN,2026-06-04,failed,16
TXN_001971,CUST_00875,6547.74,wallet,DEV_01540,GB,2026-04-06,success,7
TXN_001972,CUST_00476,17043.04,netbanking,DEV_01996,US,2026-07-12,success,6
TXN_001973,CUST_00680,3865.27,upi,DEV_01784,US,2026-04-26,success,25
TXN_001974,CUST_01225,1387.0,netbanking,DEV_01624,US,2026-02-06,success,1
TXN_001975,CUST_01087,8566.61,upi,DEV_01799,GB,2026-05-05,failed,32
TXN_001976,CUST_01442,2582.98,wallet,DEV_02920,AE,2026-04-06,success,49
TXN_001977,CUST_01076,765.76,wallet,DEV_00535,AE,2026-01-14,success,18
TXN_001978,CUST_01049,2583.14,upi,DEV_02622,IN,2026-03-17,success,32
TXN_001979,CUST_01267,4749.52,card,DEV_01436,AE,2026-04-09,failed,12
TXN_001980,CUST_00571,1496.41,card,DEV_02451,GB,2026-04-01,failed,40
TXN_001981,CUST_00887,1549.78,card,DEV_01964,IN,2026-04-01,success,28
TXN_001982,CUST_01159,4482.99,upi,DEV_01272,SG,2026-02-12,success,25
TXN_001983,CUST_00067,1414.65,card,DEV_00598,SG,2026-03-11,success,16
TXN_001984,CUST_01315,3629.21,card,DEV_02087,US,2026-06-11,success,42
TXN_001985,CUST_01411,6563.78,card,DEV_01837,AE,2026-03-27,failed,1
TXN_001986,CUST_00226,3396.46,netbanking,DEV_02547,GB,2026-03-14,success,37
TXN_001987,CUST_01286,6093.08,card,DEV_02118,SG,2026-02-01,failed,44
TXN_001988,CUST_00880,7535.38,wallet,DEV_01776,SG,2026-01-10,success,6
TXN_001989,CUST_00939,1648.7,upi,DEV_01548,GB,2026-06-19,failed,15
TXN_001990,CUST_00111,1450.14,netbanking,DEV_00590,US,2026-07-15,success,12
TXN_001991,CUST_00645,5863.09,card,DEV_02527,AE,2026-03-12,failed,26
TXN_001992,CUST_01492,8308.3,upi,DEV_00172,IN,2026-03-19,success,29
TXN_001993,CUST_01839,2943.35,upi,DEV_00797,AE,2026-05-26,success,30
TXN_001994,CUST_00305,5629.04,wallet,DEV_00622,AE,2026-05-21,success,43
TXN_001995,CUST_00556,4899.89,upi,DEV_00003,IN,2026-02-11,success,43
TXN_001996,CUST_01835,10758.16,netbanking,DEV_02979,AE,2026-07-21,success,34
TXN_001997,CUST_01537,5613.31,upi,DEV_01919,US,2026-06-22,failed,32
TXN_001998,CUST_00668,9253.72,card,DEV_00328,AE,2026-07-27,success,20
TXN_001999,CUST_00463,865.66,netbanking,DEV_01921,GB,2026-05-28,success,16
TXN_002000,CUST_00982,7988.64,netbanking,DEV_02158,US,2026-06-20,success,2
TXN_002001,CUST_00905,2810.82,upi,DEV_00927,IN,2026-04-22,failed,16
TXN_002002,CUST_00220,2225.47,netbanking,DEV_01345,SG,2026-03-18,failed,4
TXN_002003,CUST_01595,2222.08,wallet,DEV_00211,SG,2026-03-18,success,45
TXN_002004,CUST_00174,2360.94,card,DEV_00607,SG,2026-02-27,success,49
TXN_002005,CUST_00752,1539.02,upi,DEV_01902,US,2026-01-26,success,11
TXN_002006,CUST_01248,3600.54,wallet,DEV_01638,AE,2026-05-26,success,42
TXN_002007,CUST_00264,1451.79,netbanking,DEV_00333,US,2026-02-11,failed,4
TXN_002008,CUST_00081,7253.31,card,DEV_01286,IN,2026-04-22,failed,39
TXN_002009,CUST_00531,3411.88,wallet,DEV_00631,AE,2026-05-02,success,50
TXN_002010,CUST_01847,5614.36,netbanking,DEV_01518,IN,2026-03-20,success,5
TXN_002011,CUST_00679,9135.53,wallet,DEV_02015,AE,2026-05-31,success,30
TXN_002012,CUST_00241,10495.62,wallet,DEV_01762,US,2026-03-15,success,8
TXN_002013,CUST_00344,1471.54,upi,DEV_01377,US,2026-06-03,success,42
TXN_002014,CUST_00737,3899.76,wallet,DEV_00340,IN,2026-01-22,success,10
TXN_002015,CUST_01191,3910.87,card,DEV_00615,SG,2026-04-20,failed,32
TXN_002016,CUST_01180,2651.69,card,DEV_02857,US,2026-01-14,success,29
TXN_002017,CUST_01256,6816.33,wallet,DEV_00728,IN,2026-02-04,success,47
TXN_002018,CUST_00900,11669.18,netbanking,DEV_02781,GB,2026-06-20,success,36
TXN_002019,CUST_00270,3611.77,card,DEV_00677,GB,2026-03-26,success,8
TXN_002020,CUST_00671,2334.64,card,DEV_02388,IN,2026-01-11,success,4
TXN_002021,CUST_00311,2745.7,upi,DEV_00697,AE,2026-07-30,failed,37
TXN_002022,CUST_00420,3072.69,card,DEV_01095,SG,2026-03-16,success,41
TXN_002023,CUST_01291,2532.0,netbanking,DEV_00568,IN,2026-04-29,success,29
TXN_002024,CUST_00426,3279.08,upi,DEV_02636,SG,2026-01-25,failed,49
TXN_002025,CUST_00139,2388.47,upi,DEV_02823,GB,2026-01-09,failed,49
TXN_002026,CUST_01965,1765.12,netbanking,DEV_02724,US,2026-06-27,failed,24
TXN_002027,CUST_01380,2253.59,wallet,DEV_01470,SG,2026-03-20,success,34
TXN_002028,CUST_00809,2798.65,wallet,DEV_01713,US,2026-07-23,success,27
TXN_002029,CUST_01707,2470.41,netbanking,DEV_00863,US,2026-04-29,success,12
TXN_002030,CUST_01242,4840.1,upi,DEV_00151,IN,2026-01-16,success,25
TXN_002031,CUST_00009,7061.92,upi,DEV_00442,AE,2026-02-02,success,18
TXN_002032,CUST_01169,6906.54,card,DEV_01158,GB,2026-06-26,success,31
TXN_002033,CUST_01355,5652.78,upi,DEV_02944,AE,2026-04-22,failed,46
TXN_002034,CUST_01421,5361.65,card,DEV_02640,SG,2026-07-06,success,35
TXN_002035,CUST_01743,2817.95,upi,DEV_01939,IN,2026-04-04,success,47
TXN_002036,CUST_00235,29515.91,wallet,DEV_00785,GB,2026-01-17,success,16
TXN_002037,CUST_01098,1714.19,card,DEV_01033,AE,2026-02-17,failed,11
TXN_002038,CUST_01748,6162.62,wallet,DEV_02697,AE,2026-07-20,success,39
TXN_002039,CUST_00267,6642.75,wallet,DEV_00545,GB,2026-07-10,failed,41
TXN_002040,CUST_01889,5503.76,netbanking,DEV_02321,US,2026-01-02,success,13
TXN_002041,CUST_01583,1606.31,netbanking,DEV_01704,IN,2026-05-05,success,29
TXN_002042,CUST_00901,1743.79,upi,DEV_00173,US,2026-03-03,failed,45
TXN_002043,CUST_00400,4280.7,netbanking,DEV_00829,US,2026-04-17,success,14
TXN_002044,CUST_01232,6408.53,card,DEV_02587,GB,2026-07-02,success,45
TXN_002045,CUST_00326,6669.46,netbanking,DEV_01382,IN,2026-01-27,failed,36
TXN_002046,CUST_01446,3189.42,upi,DEV_00865,US,2026-03-27,success,44
TXN_002047,CUST_00570,11107.92,wallet,DEV_02166,SG,2026-06-06,success,4
TXN_002048,CUST_00881,4985.38,wallet,DEV_02996,IN,2026-04-27,success,26
TXN_002049,CUST_01436,3851.11,wallet,DEV_00183,GB,2026-03-27,success,13
TXN_002050,CUST_01226,2684.26,wallet,DEV_02414,IN,2026-05-02,failed,38
TXN_002051,CUST_01069,3388.77,wallet,DEV_02494,SG,2026-03-01,success,18
TXN_002052,CUST_00683,4508.98,upi,DEV_01841,GB,2026-03-18,success,43
TXN_002053,CUST_01651,21729.61,upi,DEV_02738,SG,2026-03-07,failed,44
TXN_002054,CUST_01188,2726.56,netbanking,DEV_00018,SG,2026-02-28,success,37
TXN_002055,CUST_00459,22572.32,upi,DEV_01841,US,2026-04-12,success,45
TXN_002056,CUST_01223,789.04,wallet,DEV_00196,IN,2026-07-25,success,27
TXN_002057,CUST_00812,6579.99,wallet,DEV_00067,SG,2026-08-11,success,31
TXN_002058,CUST_00524,15183.87,card,DEV_02035,SG,2026-02-24,success,37
TXN_002059,CUST_01021,1335.86,card,DEV_00962,AE,2026-05-24,success,39
TXN_002060,CUST_01965,2469.94,upi,DEV_02233,US,2026-01-04,failed,24
TXN_002061,CUST_00973,1385.59,card,DEV_01347,US,2026-05-03,success,30
TXN_002062,CUST_01565,2820.81,card,DEV_00532,GB,2026-02-13,success,6
TXN_002063,CUST_00206,8115.14,netbanking,DEV_01703,US,2026-04-20,success,31
TXN_002064,CUST_01612,4379.65,upi,DEV_01481,IN,2026-07-15,success,36
TXN_002065,CUST_01589,6575.52,netbanking,DEV_02222,SG,2026-06-13,success,3
TXN_002066,CUST_01385,7277.93,card,DEV_00638,IN,2026-08-07,success,35
TXN_002067,CUST_00941,9916.99,upi,DEV_00271,GB,2026-02-15,success,19
TXN_002068,CUST_00088,1650.1,wallet,DEV_01383,IN,2026-05-09,failed,40
TXN_002069,CUST_00085,5913.48,card,DEV_01972,SG,2026-03-13,success,17
TXN_002070,CUST_01212,36689.43,netbanking,DEV_00377,GB,2026-02-15,failed,4
TXN_002071,CUST_01856,9735.63,upi,DEV_02234,GB,2026-07-05,success,43
TXN_002072,CUST_01571,5037.25,card,DEV_00260,US,2026-02-07,success,13
TXN_002073,CUST_00574,15957.75,upi,DEV_02139,SG,2026-02-19,failed,30
TXN_002074,CUST_00946,14880.72,netbanking,DEV_00123,GB,2026-08-07,failed,35
TXN_002075,CUST_01421,3976.99,wallet,DEV_00425,SG,2026-07-18,failed,35
TXN_002076,CUST_00459,5818.62,upi,DEV_00687,US,2026-06-08,failed,45
TXN_002077,CUST_00334,2536.11,card,DEV_00929,AE,2026-05-23,failed,30
TXN_002078,CUST_00103,1350.58,wallet,DEV_01320,GB,2026-02-20,success,5
TXN_002079,CUST_01442,1755.06,card,DEV_01856,US,2026-01-01,success,49
TXN_002080,CUST_00686,3023.42,card,DEV_02723,GB,2026-06-16,success,48
TXN_002081,CUST_01631,4872.41,wallet,DEV_00031,GB,2026-08-09,failed,45
TXN_002082,CUST_00148,5184.03,card,DEV_00550,IN,2026-06-02,success,9
TXN_002083,CUST_00302,3617.79,upi,DEV_01940,AE,2026-05-22,success,44
TXN_002084,CUST_01901,4443.61,card,DEV_02560,IN,2026-07-21,success,25
TXN_002085,CUST_00423,2282.9,upi,DEV_01279,SG,2026-07-30,failed,10
TXN_002086,CUST_00094,4972.85,netbanking,DEV_00160,IN,2026-01-15,success,9
TXN_002087,CUST_01897,726.88,upi,DEV_02851,GB,2026-07-28,failed,3
TXN_002088,CUST_01923,2361.63,upi,DEV_01150,GB,2026-08-06,failed,12
TXN_002089,CUST_00020,7417.01,card,DEV_02175,GB,2026-01-20,failed,24
TXN_002090,CUST_01171,3915.54,netbanking,DEV_01229,AE,2026-01-06,success,37
TXN_002091,CUST_00802,3915.98,netbanking,DEV_01343,US,2026-07-02,success,42
TXN_002092,CUST_01848,3980.34,upi,DEV_02151,SG,2026-06-03,success,40
TXN_002093,CUST_01430,757.78,netbanking,DEV_00465,IN,2026-03-09,success,48
TXN_002094,CUST_01031,5518.0,netbanking,DEV_00507,US,2026-05-28,success,35
TXN_002095,CUST_00796,449.76,card,DEV_00949,IN,2026-03-12,success,28
TXN_002096,CUST_01213,3303.05,card,DEV_02920,SG,2026-05-28,success,36
TXN_002097,CUST_01456,1153.49,netbanking,DEV_00412,AE,2026-07-12,success,37
TXN_002098,CUST_01537,3557.01,netbanking,DEV_01722,IN,2026-06-18,success,32
TXN_002099,CUST_00397,3918.54,netbanking,DEV_00214,US,2026-01-18,success,40
TXN_002100,CUST_00181,2485.65,card,DEV_00438,AE,2026-01-11,failed,14
TXN_002101,CUST_01884,1442.06,netbanking,DEV_01663,SG,2026-01-28,success,43
TXN_002102,CUST_00966,4981.81,upi,DEV_02421,SG,2026-07-23,success,11
TXN_002103,CUST_01771,2801.3,card,DEV_01369,US,2026-02-17,success,10
TXN_002104,CUST_00692,2118.36,card,DEV_01927,US,2026-07-06,success,20
TXN_002105,CUST_00784,10542.75,upi,DEV_02796,SG,2026-03-03,failed,42
TXN_002106,CUST_00609,3730.09,card,DEV_02792,SG,2026-08-13,success,31
TXN_002107,CUST_00574,5144.82,upi,DEV_02018,SG,2026-03-02,success,30
TXN_002108,CUST_00235,13584.48,wallet,DEV_00865,SG,2026-06-20,failed,16
TXN_002109,CUST_01618,4656.6,upi,DEV_02162,GB,2026-03-30,success,23
TXN_002110,CUST_01288,22149.76,wallet,DEV_02420,AE,2026-05-29,success,5
TXN_002111,CUST_01260,12908.01,netbanking,DEV_01021,SG,2026-08-08,success,17
TXN_002112,CUST_01094,2482.22,wallet,DEV_01045,SG,2026-05-08,success,30
TXN_002113,CUST_00158,9841.21,card,DEV_01662,SG,2026-02-18,success,10
TXN_002114,CUST_01403,2354.71,upi,DEV_02362,US,2026-07-28,success,17
TXN_002115,CUST_01245,1837.08,upi,DEV_00543,IN,2026-03-01,success,4
TXN_002116,CUST_01610,2068.52,card,DEV_02996,IN,2026-06-25,failed,6
TXN_002117,CUST_00499,6971.85,upi,DEV_00894,GB,2026-01-29,success,31
TXN_002118,CUST_00090,2545.93,upi,DEV_02938,IN,2026-08-01,success,23
TXN_002119,CUST_00958,6582.35,wallet,DEV_00439,GB,2026-02-22,failed,17
TXN_002120,CUST_00183,3529.49,upi,DEV_00603,IN,2026-08-11,success,11
TXN_002121,CUST_00914,3615.43,netbanking,DEV_01684,AE,2026-06-18,success,35
TXN_002122,CUST_01639,1418.22,wallet,DEV_02717,US,2026-08-08,success,25
TXN_002123,CUST_00278,5899.12,upi,DEV_01595,GB,2026-02-18,success,47
TXN_002124,CUST_00986,6156.66,wallet,DEV_02003,GB,2026-04-22,success,19
TXN_002125,CUST_01068,16233.32,netbanking,DEV_00013,AE,2026-04-29,success,36
TXN_002126,CUST_00899,10599.27,card,DEV_00245,AE,2026-05-15,success,18
TXN_002127,CUST_00110,6798.48,upi,DEV_01694,IN,2026-08-14,success,11
TXN_002128,CUST_00381,5450.76,upi,DEV_01161,GB,2026-02-15,failed,39
TXN_002129,CUST_00830,4574.24,card,DEV_01939,SG,2026-01-17,failed,44
TXN_002130,CUST_01691,5905.4,netbanking,DEV_01242,US,2026-04-26,success,45
TXN_002131,CUST_01973,10353.79,netbanking,DEV_01954,AE,2026-03-11,success,36
TXN_002132,CUST_01105,3060.51,wallet,DEV_00904,AE,2026-02-04,success,17
TXN_002133,CUST_01581,2415.86,upi,DEV_02643,AE,2026-04-09,success,35
TXN_002134,CUST_01667,1759.97,upi,DEV_00450,GB,2026-07-04,success,33
TXN_002135,CUST_01847,5677.41,netbanking,DEV_02826,IN,2026-03-11,success,5
TXN_002136,CUST_01615,2917.71,wallet,DEV_00084,IN,2026-05-26,success,5
TXN_002137,CUST_00979,3577.38,upi,DEV_01159,GB,2026-07-27,success,9
TXN_002138,CUST_00396,4337.64,upi,DEV_02571,AE,2026-05-16,success,4
TXN_002139,CUST_01541,14348.17,upi,DEV_00081,GB,2026-07-16,failed,15
TXN_002140,CUST_00559,1896.17,netbanking,DEV_00006,AE,2026-02-19,success,37
TXN_002141,CUST_01797,2430.13,card,DEV_01255,AE,2026-03-06,success,45
TXN_002142,CUST_01657,1472.46,upi,DEV_02576,AE,2026-06-21,success,50
TXN_002143,CUST_01194,5071.28,card,DEV_01557,AE,2026-06-09,success,43
TXN_002144,CUST_00246,7392.31,upi,DEV_01331,IN,2026-08-08,success,26
TXN_002145,CUST_00308,3417.36,netbanking,DEV_01931,US,2026-05-17,success,28
TXN_002146,CUST_00758,4566.82,wallet,DEV_00933,AE,2026-05-24,success,21
TXN_002147,CUST_00209,41884.92,card,DEV_00423,SG,2026-02-05,success,38
TXN_002148,CUST_00825,5873.0,wallet,DEV_00180,US,2026-04-30,failed,13
TXN_002149,CUST_01124,1334.19,card,DEV_00421,SG,2026-04-23,success,7
TXN_002150,CUST_01400,1729.81,upi,DEV_00879,US,2026-04-05,success,25
TXN_002151,CUST_00929,1219.39,card,DEV_01051,IN,2026-05-31,failed,32
TXN_002152,CUST_01428,4148.24,card,DEV_01149,SG,2026-04-26,success,35
TXN_002153,CUST_01772,1502.17,card,DEV_01396,US,2026-06-06,success,5
TXN_002154,CUST_00118,7712.28,card,DEV_01026,SG,2026-05-18,success,5
TXN_002155,CUST_00243,17007.65,card,DEV_01950,GB,2026-05-19,success,4
TXN_002156,CUST_00129,11728.75,card,DEV_02006,US,2026-07-23,failed,20
TXN_002157,CUST_01946,2495.43,netbanking,DEV_00410,IN,2026-05-09,success,34
TXN_002158,CUST_00008,880.39,netbanking,DEV_00001,AE,2026-06-28,success,1
TXN_002159,CUST_00747,2898.08,netbanking,DEV_01853,SG,2026-06-28,success,45
TXN_002160,CUST_00900,4162.84,card,DEV_00400,SG,2026-01-06,success,36
TXN_002161,CUST_00269,3827.26,upi,DEV_00705,US,2026-03-01,success,27
TXN_002162,CUST_00611,874.93,upi,DEV_00803,US,2026-02-20,success,23
TXN_002163,CUST_01595,1063.59,netbanking,DEV_01888,IN,2026-06-19,failed,45
TXN_002164,CUST_01881,5482.19,upi,DEV_02534,US,2026-01-09,success,8
TXN_002165,CUST_00913,4108.07,upi,DEV_01502,GB,2026-08-02,failed,45
TXN_002166,CUST_00709,2954.6,upi,DEV_02818,IN,2026-08-02,success,48
TXN_002167,CUST_01637,4907.42,wallet,DEV_01549,IN,2026-02-13,success,43
TXN_002168,CUST_01086,3833.22,card,DEV_02184,US,2026-06-25,failed,29
TXN_002169,CUST_01964,1851.01,card,DEV_00348,US,2026-02-24,success,40
TXN_002170,CUST_00088,1288.61,upi,DEV_01701,IN,2026-04-22,success,40
TXN_002171,CUST_01504,4542.32,upi,DEV_01091,SG,2026-07-02,success,16
TXN_002172,CUST_00622,6546.81,wallet,DEV_00645,SG,2026-05-17,success,35
TXN_002173,CUST_01450,4158.69,wallet,DEV_01741,US,2026-06-06,failed,24
TXN_002174,CUST_01890,18613.33,netbanking,DEV_01294,GB,2026-06-05,success,42
TXN_002175,CUST_00370,4240.66,card,DEV_00804,AE,2026-03-17,failed,29
TXN_002176,CUST_01435,905.75,wallet,DEV_00373,SG,2026-01-30,success,16
TXN_002177,CUST_00177,6454.41,card,DEV_00942,SG,2026-08-08,success,42
TXN_002178,CUST_00661,2871.33,wallet,DEV_01617,SG,2026-07-02,success,36
TXN_002179,CUST_00686,6759.27,card,DEV_02122,US,2026-05-18,success,48
TXN_002180,CUST_00569,3900.36,upi,DEV_00986,IN,2026-05-11,success,29
TXN_002181,CUST_00004,3778.98,upi,DEV_02208,SG,2026-01-22,success,28
TXN_002182,CUST_00710,17383.64,card,DEV_01064,GB,2026-03-27,success,16
TXN_002183,CUST_00340,2054.24,upi,DEV_00181,AE,2026-05-06,success,7
TXN_002184,CUST_00310,19905.12,upi,DEV_00904,IN,2026-05-13,success,31
TXN_002185,CUST_01977,6973.79,wallet,DEV_00293,AE,2026-07-04,success,21
TXN_002186,CUST_00374,3297.42,netbanking,DEV_01888,US,2026-06-24,success,10
TXN_002187,CUST_01896,5765.53,netbanking,DEV_00123,IN,2026-07-15,success,42
TXN_002188,CUST_01208,1176.02,card,DEV_02724,IN,2026-08-09,success,36
TXN_002189,CUST_01655,6921.27,card,DEV_01321,US,2026-07-13,success,9
TXN_002190,CUST_01443,1322.59,card,DEV_02818,US,2026-05-04,success,15
TXN_002191,CUST_00595,4405.24,wallet,DEV_02208,GB,2026-01-15,success,37
TXN_002192,CUST_00065,728.93,upi,DEV_01448,GB,2026-04-08,success,13
TXN_002193,CUST_00183,1102.41,netbanking,DEV_01197,GB,2026-02-10,success,11
TXN_002194,CUST_00570,13714.4,upi,DEV_02460,SG,2026-05-19,failed,4
TXN_002195,CUST_01918,6962.69,netbanking,DEV_02012,SG,2026-07-16,success,44
TXN_002196,CUST_00677,6191.84,upi,DEV_00720,GB,2026-05-09,success,26
TXN_002197,CUST_01391,2867.83,netbanking,DEV_01555,AE,2026-01-11,failed,18
TXN_002198,CUST_01096,2791.55,wallet,DEV_00108,IN,2026-06-03,success,32
TXN_002199,CUST_01627,25114.8,card,DEV_02712,GB,2026-08-15,success,31
TXN_002200,CUST_01029,2735.26,wallet,DEV_01415,GB,2026-01-23,success,29
TXN_002201,CUST_01684,1696.89,netbanking,DEV_02172,US,2026-04-14,failed,34
TXN_002202,CUST_00770,10200.99,card,DEV_00966,AE,2026-02-08,success,2
TXN_002203,CUST_00725,4152.62,upi,DEV_01318,GB,2026-06-19,success,35
TXN_002204,CUST_00397,10736.56,netbanking,DEV_01271,US,2026-07-20,failed,40
TXN_002205,CUST_00664,6462.49,card,DEV_02264,IN,2026-06-10,failed,14
TXN_002206,CUST_00666,5196.06,card,DEV_01666,US,2026-03-03,failed,9
TXN_002207,CUST_01154,1265.95,wallet,DEV_02532,GB,2026-07-21,success,2
TXN_002208,CUST_01891,6522.3,upi,DEV_00516,IN,2026-01-16,success,35
TXN_002209,CUST_00639,16472.31,card,DEV_00502,AE,2026-03-06,success,13
TXN_002210,CUST_01377,2805.29,card,DEV_01072,GB,2026-08-08,success,39
TXN_002211,CUST_00271,17182.37,wallet,DEV_02042,US,2026-05-13,success,10
TXN_002212,CUST_01409,1383.42,wallet,DEV_02942,US,2026-05-16,success,3
TXN_002213,CUST_01095,2222.5,wallet,DEV_01097,US,2026-02-09,success,8
TXN_002214,CUST_01937,908.37,upi,DEV_02854,AE,2026-06-08,success,32
TXN_002215,CUST_00544,1395.02,upi,DEV_02137,SG,2026-06-15,success,27
TXN_002216,CUST_00156,6137.43,wallet,DEV_01219,US,2026-01-06,success,22
TXN_002217,CUST_00479,4239.66,wallet,DEV_02937,US,2026-04-05,failed,31
TXN_002218,CUST_01482,1625.97,upi,DEV_00427,GB,2026-07-19,success,48
TXN_002219,CUST_00579,2695.52,card,DEV_01893,IN,2026-07-30,failed,35
TXN_002220,CUST_01401,903.16,netbanking,DEV_02588,AE,2026-02-10,success,6
TXN_002221,CUST_00330,2353.7,netbanking,DEV_01191,IN,2026-02-17,failed,25
TXN_002222,CUST_00231,7265.62,upi,DEV_02954,GB,2026-03-29,success,29
TXN_002223,CUST_01861,2609.94,netbanking,DEV_00786,IN,2026-06-21,success,44
TXN_002224,CUST_01650,2332.87,wallet,DEV_01546,GB,2026-04-16,success,9
TXN_002225,CUST_00586,1938.94,netbanking,DEV_02102,SG,2026-07-28,success,7
TXN_002226,CUST_00533,1319.93,upi,DEV_02994,IN,2026-04-05,success,8
TXN_002227,CUST_01167,3583.57,upi,DEV_01129,GB,2026-07-05,success,46
TXN_002228,CUST_00994,1307.56,wallet,DEV_02499,IN,2026-06-22,success,39
TXN_002229,CUST_00661,5930.99,card,DEV_01187,IN,2026-08-07,success,36
TXN_002230,CUST_01234,9200.29,upi,DEV_00839,US,2026-02-23,success,48
TXN_002231,CUST_01740,1474.66,upi,DEV_02156,GB,2026-05-31,success,10
TXN_002232,CUST_00924,3745.91,card,DEV_01617,US,2026-07-26,success,24
TXN_002233,CUST_00365,2665.53,card,DEV_00369,IN,2026-07-02,failed,6
TXN_002234,CUST_00747,3903.07,wallet,DEV_02955,IN,2026-05-20,success,45
TXN_002235,CUST_01964,1976.3,upi,DEV_00988,SG,2026-01-24,success,40
TXN_002236,CUST_00111,4521.22,wallet,DEV_00888,US,2026-04-14,success,12
TXN_002237,CUST_00748,762.21,upi,DEV_00161,AE,2026-08-07,success,3
TXN_002238,CUST_01780,26894.23,card,DEV_00344,SG,2026-07-14,failed,45
TXN_002239,CUST_00369,1935.08,netbanking,DEV_01595,IN,2026-04-29,failed,45
TXN_002240,CUST_01789,2929.91,card,DEV_00044,US,2026-02-23,success,7
TXN_002241,CUST_00195,3824.37,card,DEV_02401,IN,2026-03-27,failed,35
TXN_002242,CUST_00318,1498.59,card,DEV_02252,US,2026-08-03,success,29
TXN_002243,CUST_01105,1352.41,upi,DEV_02820,AE,2026-03-27,failed,17
TXN_002244,CUST_01829,2663.39,wallet,DEV_01081,GB,2026-07-30,success,12
TXN_002245,CUST_00841,3947.47,wallet,DEV_00013,SG,2026-06-24,success,44
TXN_002246,CUST_01784,6324.12,wallet,DEV_01507,SG,2026-07-22,success,12
TXN_002247,CUST_00482,2287.46,upi,DEV_00238,IN,2026-03-21,success,47
TXN_002248,CUST_01920,404.35,card,DEV_02155,SG,2026-03-15,success,48
TXN_002249,CUST_00494,2814.81,netbanking,DEV_00926,US,2026-04-12,failed,5
TXN_002250,CUST_01255,7031.37,netbanking,DEV_00109,SG,2026-02-05,failed,38
TXN_002251,CUST_00758,1062.55,upi,DEV_00699,US,2026-02-25,success,21
TXN_002252,CUST_01377,1744.58,card,DEV_00984,AE,2026-03-12,success,39
TXN_002253,CUST_00114,2622.05,netbanking,DEV_01714,IN,2026-01-24,success,3
TXN_002254,CUST_00194,11012.47,card,DEV_02849,GB,2026-02-03,failed,34
TXN_002255,CUST_00663,905.47,card,DEV_01503,IN,2026-07-19,success,34
TXN_002256,CUST_00023,3534.85,upi,DEV_02017,AE,2026-04-20,failed,30
TXN_002257,CUST_00178,3783.02,card,DEV_02128,IN,2026-01-30,success,2
TXN_002258,CUST_01040,1582.52,wallet,DEV_00074,IN,2026-02-19,success,22
TXN_002259,CUST_01205,1015.95,upi,DEV_01480,AE,2026-04-12,success,32
TXN_002260,CUST_00954,1377.8,card,DEV_01583,US,2026-06-25,failed,24
TXN_002261,CUST_01171,5045.11,card,DEV_01313,US,2026-01-26,success,37
TXN_002262,CUST_01139,4352.53,upi,DEV_01041,GB,2026-04-02,success,49
TXN_002263,CUST_01746,8462.28,wallet,DEV_02086,SG,2026-02-16,failed,10
TXN_002264,CUST_01806,3121.52,card,DEV_01989,AE,2026-04-19,success,35
TXN_002265,CUST_01736,4155.11,upi,DEV_02149,GB,2026-03-16,success,47
TXN_002266,CUST_01890,5779.8,card,DEV_00992,GB,2026-05-22,success,42
TXN_002267,CUST_01950,4877.81,wallet,DEV_00795,GB,2026-03-18,success,10
TXN_002268,CUST_01160,10653.85,wallet,DEV_02733,SG,2026-07-08,success,45
TXN_002269,CUST_01029,3284.92,wallet,DEV_00189,US,2026-03-01,success,29
TXN_002270,CUST_00842,1960.73,card,DEV_00219,IN,2026-06-20,success,29
TXN_002271,CUST_00803,3750.85,wallet,DEV_02831,IN,2026-06-05,success,22
TXN_002272,CUST_00489,5454.48,netbanking,DEV_02313,SG,2026-07-01,success,40
TXN_002273,CUST_00409,10321.77,netbanking,DEV_01171,SG,2026-02-16,success,35
TXN_002274,CUST_01556,8525.41,wallet,DEV_01046,SG,2026-07-26,success,36
TXN_002275,CUST_01864,9675.56,wallet,DEV_02449,SG,2026-06-09,failed,21
TXN_002276,CUST_01943,1665.16,wallet,DEV_02691,GB,2026-08-01,failed,12
TXN_002277,CUST_01020,8495.63,card,DEV_02139,GB,2026-02-07,success,50
TXN_002278,CUST_00259,7260.8,wallet,DEV_02609,SG,2026-03-05,success,6
TXN_002279,CUST_00208,2849.34,netbanking,DEV_02316,IN,2026-03-17,success,26
TXN_002280,CUST_00013,2316.17,netbanking,DEV_02333,SG,2026-07-22,success,3
TXN_002281,CUST_00769,1757.18,upi,DEV_00780,IN,2026-02-17,success,36
TXN_002282,CUST_01090,10564.31,netbanking,DEV_00579,AE,2026-04-14,success,50
TXN_002283,CUST_00797,6049.98,wallet,DEV_02549,IN,2026-05-23,failed,39
TXN_002284,CUST_01457,4394.44,upi,DEV_01631,IN,2026-04-28,failed,7
TXN_002285,CUST_01178,2891.15,card,DEV_02630,AE,2026-02-14,success,8
TXN_002286,CUST_00400,3593.71,netbanking,DEV_02301,US,2026-05-14,success,14
TXN_002287,CUST_01339,6044.13,netbanking,DEV_02745,SG,2026-04-03,success,47
TXN_002288,CUST_01732,3017.1,upi,DEV_02693,SG,2026-07-13,success,13
TXN_002289,CUST_00080,1567.04,netbanking,DEV_00013,GB,2026-04-15,success,33
TXN_002290,CUST_00517,5728.57,upi,DEV_02848,SG,2026-06-06,failed,47
TXN_002291,CUST_01191,7589.62,netbanking,DEV_00123,SG,2026-07-25,success,32
TXN_002292,CUST_01807,6408.77,wallet,DEV_02419,GB,2026-05-20,success,37
TXN_002293,CUST_00775,2969.4,wallet,DEV_02708,GB,2026-01-24,failed,9
TXN_002294,CUST_00269,2620.14,wallet,DEV_01412,AE,2026-06-11,success,27
TXN_002295,CUST_00203,11661.66,upi,DEV_00062,SG,2026-05-04,failed,39
TXN_002296,CUST_01742,7594.81,card,DEV_02753,US,2026-07-16,success,27
TXN_002297,CUST_01915,1207.92,netbanking,DEV_02341,GB,2026-07-12,success,22
TXN_002298,CUST_00798,50881.8,netbanking,DEV_00787,GB,2026-04-13,success,33
TXN_002299,CUST_01527,8064.03,upi,DEV_02407,GB,2026-08-06,success,25
TXN_002300,CUST_00940,682.02,card,DEV_00121,US,2026-05-03,success,26
TXN_002301,CUST_01668,1413.71,card,DEV_00027,SG,2026-04-22,failed,42
TXN_002302,CUST_00138,302.01,wallet,DEV_00257,IN,2026-01-30,failed,33
TXN_002303,CUST_00238,5330.38,upi,DEV_00308,IN,2026-06-21,success,15
TXN_002304,CUST_00377,2065.02,netbanking,DEV_00105,IN,2026-01-17,failed,9
TXN_002305,CUST_00293,5364.52,card,DEV_02508,GB,2026-01-21,success,35
TXN_002306,CUST_01211,3097.91,card,DEV_01317,IN,2026-04-27,failed,43
TXN_002307,CUST_01356,4001.84,upi,DEV_02579,SG,2026-02-20,failed,22
TXN_002308,CUST_01604,6972.88,wallet,DEV_02569,US,2026-01-13,success,33
TXN_002309,CUST_00176,2456.77,upi,DEV_02612,GB,2026-03-11,success,35
TXN_002310,CUST_01945,745.07,wallet,DEV_01805,AE,2026-06-03,success,36
TXN_002311,CUST_00246,6558.86,wallet,DEV_00665,IN,2026-07-02,failed,26
TXN_002312,CUST_01156,3676.66,upi,DEV_02974,AE,2026-07-15,failed,41
TXN_002313,CUST_01762,8608.07,upi,DEV_02443,US,2026-03-30,success,30
TXN_002314,CUST_01621,5560.68,card,DEV_02016,AE,2026-04-09,success,29
TXN_002315,CUST_01382,4411.22,upi,DEV_02316,SG,2026-01-18,success,48
TXN_002316,CUST_01828,9240.08,card,DEV_01628,SG,2026-06-22,success,29
TXN_002317,CUST_01123,3472.34,card,DEV_00800,US,2026-02-21,failed,11
TXN_002318,CUST_00567,1323.73,upi,DEV_00366,US,2026-03-22,success,9
TXN_002319,CUST_01583,456.45,upi,DEV_00830,GB,2026-04-13,success,29
TXN_002320,CUST_01580,20445.59,wallet,DEV_02232,IN,2026-04-29,success,47
TXN_002321,CUST_00392,3614.15,upi,DEV_00673,IN,2026-01-21,success,48
TXN_002322,CUST_00135,9590.52,card,DEV_01556,IN,2026-02-26,failed,14
TXN_002323,CUST_00169,11546.95,upi,DEV_02103,GB,2026-02-03,failed,26
TXN_002324,CUST_01999,2161.98,wallet,DEV_02237,SG,2026-03-30,failed,46
TXN_002325,CUST_01837,1165.35,card,DEV_00780,US,2026-04-25,success,41
TXN_002326,CUST_00968,7487.01,netbanking,DEV_01258,GB,2026-06-01,success,21
TXN_002327,CUST_01463,7007.52,upi,DEV_02371,GB,2026-01-13,success,37
TXN_002328,CUST_01255,3317.13,wallet,DEV_01205,SG,2026-01-12,success,38
TXN_002329,CUST_00014,3269.96,wallet,DEV_01129,GB,2026-01-14,success,25
TXN_002330,CUST_01682,5672.95,wallet,DEV_00840,GB,2026-08-01,success,20
TXN_002331,CUST_00563,3238.93,wallet,DEV_01927,SG,2026-01-28,success,5
TXN_002332,CUST_01747,5473.57,wallet,DEV_02047,SG,2026-02-13,success,25
TXN_002333,CUST_00467,3739.14,card,DEV_00058,US,2026-06-13,success,13
TXN_002334,CUST_00714,2000.49,wallet,DEV_02413,SG,2026-07-31,success,24
TXN_002335,CUST_00971,1560.72,card,DEV_02574,US,2026-03-08,failed,12
TXN_002336,CUST_00143,4846.6,upi,DEV_02346,SG,2026-03-29,failed,45
TXN_002337,CUST_01594,10494.94,wallet,DEV_00958,AE,2026-08-10,success,31
TXN_002338,CUST_01804,2554.42,upi,DEV_00471,SG,2026-02-15,success,14
TXN_002339,CUST_01539,3256.13,wallet,DEV_00120,GB,2026-02-28,failed,23
TXN_002340,CUST_00512,5723.19,card,DEV_02019,SG,2026-05-20,failed,12
TXN_002341,CUST_00795,8499.88,wallet,DEV_02789,IN,2026-04-27,failed,17
TXN_002342,CUST_01564,2248.92,card,DEV_01650,AE,2026-03-02,failed,14
TXN_002343,CUST_00572,1514.22,upi,DEV_00064,GB,2026-07-15,success,11
TXN_002344,CUST_00098,2476.39,wallet,DEV_02215,US,2026-01-22,success,32
TXN_002345,CUST_01093,5243.4,upi,DEV_00918,GB,2026-03-25,success,24
TXN_002346,CUST_01561,7003.64,card,DEV_01612,GB,2026-01-04,success,3
TXN_002347,CUST_01404,23728.4,wallet,DEV_00430,GB,2026-04-14,success,39
TXN_002348,CUST_00877,2197.93,card,DEV_02142,US,2026-01-19,success,28
TXN_002349,CUST_00292,6516.66,netbanking,DEV_02326,AE,2026-04-27,success,21
TXN_002350,CUST_00066,8868.63,netbanking,DEV_00964,AE,2026-06-09,success,28
TXN_002351,CUST_00039,1226.05,card,DEV_00649,US,2026-01-10,success,28
TXN_002352,CUST_00900,4339.9,card,DEV_02479,US,2026-06-19,failed,36
TXN_002353,CUST_01418,13129.28,netbanking,DEV_02079,GB,2026-06-15,success,12
TXN_002354,CUST_00109,3144.41,netbanking,DEV_02481,GB,2026-08-05,success,48
TXN_002355,CUST_01100,3791.28,card,DEV_01162,GB,2026-04-26,failed,37
TXN_002356,CUST_00129,2352.46,card,DEV_02848,AE,2026-01-24,success,20
TXN_002357,CUST_00944,3058.47,upi,DEV_00964,SG,2026-04-13,failed,40
TXN_002358,CUST_00121,8690.04,wallet,DEV_01957,US,2026-05-19,success,38
TXN_002359,CUST_01315,2500.24,card,DEV_02522,AE,2026-03-12,failed,42
TXN_002360,CUST_00296,5811.71,card,DEV_02516,IN,2026-07-04,failed,49
TXN_002361,CUST_01696,2802.03,wallet,DEV_02501,SG,2026-05-07,failed,11
TXN_002362,CUST_00738,4708.09,upi,DEV_02555,SG,2026-04-22,failed,34
TXN_002363,CUST_01492,7467.71,upi,DEV_00531,GB,2026-05-13,success,29
TXN_002364,CUST_01722,11937.24,wallet,DEV_00157,SG,2026-03-23,success,39
TXN_002365,CUST_01218,23159.01,wallet,DEV_02636,US,2026-06-24,success,11
TXN_002366,CUST_01997,7767.24,netbanking,DEV_00213,GB,2026-08-15,success,30
TXN_002367,CUST_01945,5915.91,netbanking,DEV_01599,AE,2026-07-06,success,36
TXN_002368,CUST_00494,6183.15,wallet,DEV_02332,IN,2026-01-08,success,5
TXN_002369,CUST_00795,1832.39,upi,DEV_01146,SG,2026-02-15,success,17
TXN_002370,CUST_00908,1778.02,netbanking,DEV_01100,GB,2026-02-16,failed,35
TXN_002371,CUST_01453,4622.38,wallet,DEV_02432,AE,2026-02-20,success,12
TXN_002372,CUST_01848,5500.55,netbanking,DEV_02505,GB,2026-02-17,success,40
TXN_002373,CUST_00072,2270.39,upi,DEV_02800,SG,2026-07-09,success,26
TXN_002374,CUST_00790,3536.67,wallet,DEV_00911,US,2026-05-20,success,37
TXN_002375,CUST_01086,4218.27,netbanking,DEV_01659,US,2026-03-08,success,29
TXN_002376,CUST_01389,5597.96,netbanking,DEV_00765,SG,2026-07-14,success,10
TXN_002377,CUST_01082,1884.13,wallet,DEV_00729,GB,2026-04-10,success,32
TXN_002378,CUST_00632,4138.33,upi,DEV_01654,SG,2026-02-26,success,48
TXN_002379,CUST_00572,2244.14,netbanking,DEV_02170,SG,2026-07-20,success,11
TXN_002380,CUST_01920,3227.14,card,DEV_00916,SG,2026-01-28,failed,48
TXN_002381,CUST_01326,4545.14,netbanking,DEV_01499,IN,2026-06-15,failed,18
TXN_002382,CUST_00658,1234.61,netbanking,DEV_01583,SG,2026-03-25,success,16
TXN_002383,CUST_00517,5349.64,netbanking,DEV_01998,GB,2026-07-31,success,47
TXN_002384,CUST_00560,1563.47,upi,DEV_00032,US,2026-03-20,success,41
TXN_002385,CUST_00693,4679.57,card,DEV_00464,AE,2026-06-03,failed,38
TXN_002386,CUST_01240,5734.97,upi,DEV_00193,US,2026-05-14,success,48
TXN_002387,CUST_01726,2458.36,upi,DEV_01103,IN,2026-01-23,success,12
TXN_002388,CUST_01845,6414.01,upi,DEV_01616,GB,2026-01-23,success,4
TXN_002389,CUST_01761,819.22,netbanking,DEV_01859,IN,2026-03-25,success,20
TXN_002390,CUST_00890,8580.08,upi,DEV_00440,US,2026-07-06,success,20
TXN_002391,CUST_01932,6658.44,netbanking,DEV_02537,US,2026-07-29,failed,5
TXN_002392,CUST_00808,3637.95,wallet,DEV_02982,SG,2026-01-25,success,2
TXN_002393,CUST_01265,1545.15,wallet,DEV_01833,GB,2026-01-12,success,37
TXN_002394,CUST_00917,2799.77,netbanking,DEV_00614,IN,2026-03-14,success,38
TXN_002395,CUST_01686,3428.92,card,DEV_01450,US,2026-04-27,failed,33
TXN_002396,CUST_00096,5332.99,card,DEV_02852,SG,2026-05-15,failed,39
TXN_002397,CUST_00702,3789.72,card,DEV_02479,US,2026-07-13,failed,16
TXN_002398,CUST_00871,2311.82,card,DEV_01113,GB,2026-02-03,success,35
TXN_002399,CUST_01382,3499.73,netbanking,DEV_01648,US,2026-02-05,success,48
TXN_002400,CUST_00635,1131.25,wallet,DEV_01705,IN,2026-03-25,failed,3
TXN_002401,CUST_01312,4094.72,wallet,DEV_02208,AE,2026-03-13,success,5
TXN_002402,CUST_00501,3603.73,upi,DEV_00567,AE,2026-06-30,success,19
TXN_002403,CUST_01040,2639.42,netbanking,DEV_02742,GB,2026-05-19,success,22
TXN_002404,CUST_00006,1098.85,wallet,DEV_01490,GB,2026-07-21,success,13
TXN_002405,CUST_01429,1818.78,upi,DEV_02057,US,2026-03-19,success,19
TXN_002406,CUST_00533,3849.76,card,DEV_02840,AE,2026-03-27,success,8
TXN_002407,CUST_01188,3832.22,upi,DEV_00026,IN,2026-01-11,success,37
TXN_002408,CUST_01772,3638.25,netbanking,DEV_01526,US,2026-05-31,success,5
TXN_002409,CUST_01934,1648.44,card,DEV_00969,US,2026-06-14,success,24
TXN_002410,CUST_01377,5134.24,netbanking,DEV_01300,IN,2026-02-23,success,39
TXN_002411,CUST_01949,3670.32,netbanking,DEV_01393,AE,2026-01-09,success,4
TXN_002412,CUST_01970,6276.33,wallet,DEV_02276,US,2026-06-24,success,27
TXN_002413,CUST_01773,4805.76,netbanking,DEV_01243,GB,2026-08-06,failed,29
TXN_002414,CUST_00754,6293.72,wallet,DEV_02403,SG,2026-07-03,failed,49
TXN_002415,CUST_00781,2868.07,upi,DEV_02047,US,2026-04-19,failed,9
TXN_002416,CUST_01250,2577.8,wallet,DEV_02947,GB,2026-06-14,failed,25
TXN_002417,CUST_00606,1707.05,upi,DEV_00027,US,2026-04-04,success,50
TXN_002418,CUST_00434,4656.72,netbanking,DEV_01180,US,2026-01-18,success,39
TXN_002419,CUST_00598,556.93,upi,DEV_02899,SG,2026-07-26,success,47
TXN_002420,CUST_00754,2800.5,upi,DEV_00780,IN,2026-02-02,success,49
TXN_002421,CUST_01750,3632.16,upi,DEV_02643,IN,2026-06-10,success,3
TXN_002422,CUST_01436,1000.54,card,DEV_00242,AE,2026-07-09,success,13
TXN_002423,CUST_00348,10705.24,card,DEV_02129,US,2026-04-17,success,22
TXN_002424,CUST_00939,7875.78,wallet,DEV_00656,US,2026-07-03,failed,15
TXN_002425,CUST_00469,2603.12,netbanking,DEV_00100,SG,2026-02-12,failed,24
TXN_002426,CUST_00026,3090.82,wallet,DEV_02125,IN,2026-06-20,failed,3
TXN_002427,CUST_01089,8421.44,upi,DEV_00741,GB,2026-05-03,failed,20
TXN_002428,CUST_01508,4227.53,netbanking,DEV_01067,GB,2026-05-24,success,42
TXN_002429,CUST_00638,5174.25,wallet,DEV_00556,AE,2026-02-09,success,9
TXN_002430,CUST_00246,7281.66,netbanking,DEV_00584,SG,2026-01-24,failed,26
TXN_002431,CUST_01392,1978.68,wallet,DEV_02694,SG,2026-03-03,success,14
TXN_002432,CUST_01962,2026.49,wallet,DEV_00218,SG,2026-08-11,success,31
TXN_002433,CUST_01693,1761.69,wallet,DEV_00496,AE,2026-02-14,success,46
TXN_002434,CUST_01196,1654.75,wallet,DEV_02816,US,2026-02-20,failed,43
TXN_002435,CUST_01110,12000.71,upi,DEV_02313,SG,2026-02-17,success,7
TXN_002436,CUST_01758,1142.62,netbanking,DEV_00745,US,2026-02-09,success,34
TXN_002437,CUST_01045,3005.53,wallet,DEV_00702,IN,2026-07-07,failed,6
TXN_002438,CUST_00796,2622.39,netbanking,DEV_02693,SG,2026-01-20,success,28
TXN_002439,CUST_00311,6286.16,upi,DEV_02266,SG,2026-02-06,success,37
TXN_002440,CUST_01804,10295.34,upi,DEV_01332,GB,2026-06-29,success,14
TXN_002441,CUST_01266,3891.99,upi,DEV_01312,SG,2026-03-20,success,46
TXN_002442,CUST_01458,5186.13,wallet,DEV_00501,AE,2026-07-05,failed,28
TXN_002443,CUST_00559,4164.33,wallet,DEV_00897,US,2026-07-26,failed,37
TXN_002444,CUST_00048,5850.59,netbanking,DEV_01013,IN,2026-05-27,success,31
TXN_002445,CUST_00079,7504.34,netbanking,DEV_01040,SG,2026-07-27,failed,31
TXN_002446,CUST_00585,10556.07,card,DEV_00740,AE,2026-06-04,failed,40
TXN_002447,CUST_01897,1939.79,card,DEV_00766,SG,2026-02-14,failed,3
TXN_002448,CUST_01564,6587.99,card,DEV_00664,IN,2026-03-26,success,14
TXN_002449,CUST_01271,3864.38,wallet,DEV_02159,AE,2026-07-04,success,24
TXN_002450,CUST_00504,28656.19,upi,DEV_02009,GB,2026-02-05,success,35
TXN_002451,CUST_00534,2987.88,upi,DEV_00612,IN,2026-07-27,success,12
TXN_002452,CUST_00114,3835.36,upi,DEV_01493,AE,2026-07-06,success,3
TXN_002453,CUST_00316,6068.2,upi,DEV_00710,IN,2026-08-15,success,49
TXN_002454,CUST_00809,4504.19,netbanking,DEV_02271,AE,2026-06-05,failed,27
TXN_002455,CUST_01480,5738.54,wallet,DEV_01431,US,2026-06-27,success,11
TXN_002456,CUST_00758,3928.74,netbanking,DEV_00757,US,2026-06-13,failed,21
TXN_002457,CUST_00432,2550.02,card,DEV_00166,US,2026-01-05,success,29
TXN_002458,CUST_00122,908.89,netbanking,DEV_00968,AE,2026-06-15,success,39
TXN_002459,CUST_00280,6130.43,netbanking,DEV_00449,AE,2026-01-18,success,22
TXN_002460,CUST_00157,5875.77,upi,DEV_00861,SG,2026-08-11,success,10
TXN_002461,CUST_01426,18705.42,card,DEV_00612,SG,2026-02-12,success,41
TXN_002462,CUST_01640,1329.76,card,DEV_00379,GB,2026-02-20,failed,21
TXN_002463,CUST_01311,1490.26,netbanking,DEV_02678,SG,2026-02-19,success,36
TXN_002464,CUST_01633,1179.72,upi,DEV_00021,SG,2026-04-17,failed,11
TXN_002465,CUST_01256,11019.35,card,DEV_00862,SG,2026-05-08,success,47
TXN_002466,CUST_01668,5165.49,card,DEV_00595,AE,2026-01-13,success,42
TXN_002467,CUST_00415,6155.55,upi,DEV_00474,US,2026-02-10,success,40
TXN_002468,CUST_00290,13741.58,wallet,DEV_01680,AE,2026-07-12,success,6
TXN_002469,CUST_01133,2574.14,card,DEV_00472,SG,2026-07-17,success,4
TXN_002470,CUST_01987,9235.17,card,DEV_00462,AE,2026-04-14,success,20
TXN_002471,CUST_01172,5282.94,upi,DEV_00741,IN,2026-01-31,success,6
TXN_002472,CUST_01124,8920.21,wallet,DEV_00558,GB,2026-06-19,failed,7
TXN_002473,CUST_01853,9599.08,upi,DEV_00811,SG,2026-07-11,success,34
TXN_002474,CUST_00330,4438.08,card,DEV_01203,SG,2026-02-19,failed,25
TXN_002475,CUST_00949,2367.92,wallet,DEV_01382,US,2026-05-18,success,22
TXN_002476,CUST_01207,1805.88,upi,DEV_01866,GB,2026-07-18,success,26
TXN_002477,CUST_01764,3696.45,upi,DEV_01156,US,2026-01-26,success,37
TXN_002478,CUST_00458,4706.04,netbanking,DEV_00094,SG,2026-06-24,failed,25
TXN_002479,CUST_00051,9650.91,upi,DEV_01381,IN,2026-05-28,success,43
TXN_002480,CUST_01318,7286.4,upi,DEV_00615,SG,2026-03-15,failed,43
TXN_002481,CUST_00014,1274.81,upi,DEV_00071,SG,2026-02-19,success,25
TXN_002482,CUST_00026,3028.91,netbanking,DEV_02956,AE,2026-08-03,success,3
TXN_002483,CUST_00458,8507.04,card,DEV_00880,SG,2026-06-02,success,25
TXN_002484,CUST_00615,7063.24,upi,DEV_02845,SG,2026-05-08,success,46
TXN_002485,CUST_01054,2489.11,card,DEV_00938,AE,2026-01-31,success,18
TXN_002486,CUST_01731,3416.3,netbanking,DEV_00782,AE,2026-04-02,success,41
TXN_002487,CUST_00826,7483.62,netbanking,DEV_01587,GB,2026-07-15,success,43
TXN_002488,CUST_00633,3026.81,upi,DEV_00111,GB,2026-01-20,success,12
TXN_002489,CUST_01166,5186.42,card,DEV_00577,AE,2026-01-14,failed,13
TXN_002490,CUST_01071,1919.18,card,DEV_01483,SG,2026-02-11,failed,10
TXN_002491,CUST_01814,2570.15,upi,DEV_02284,AE,2026-03-13,success,36
TXN_002492,CUST_00473,1539.54,upi,DEV_02454,SG,2026-01-16,failed,15
TXN_002493,CUST_01629,450.33,card,DEV_01767,AE,2026-08-09,success,35
TXN_002494,CUST_00774,4957.15,wallet,DEV_00935,US,2026-02-02,success,34
TXN_002495,CUST_01270,8937.34,card,DEV_01403,GB,2026-03-08,success,15
TXN_002496,CUST_00844,2708.52,card,DEV_00909,GB,2026-01-09,success,3
TXN_002497,CUST_01986,2237.83,card,DEV_00511,IN,2026-06-07,success,6
TXN_002498,CUST_00481,6026.87,wallet,DEV_02034,SG,2026-07-16,failed,17
TXN_002499,CUST_00829,1804.71,netbanking,DEV_01734,GB,2026-06-09,success,30
TXN_002500,CUST_00173,17638.21,netbanking,DEV_01814,SG,2026-06-23,success,21
TXN_002501,CUST_01607,2664.31,netbanking,DEV_01168,AE,2026-08-04,success,28
TXN_002502,CUST_01554,2944.11,upi,DEV_01030,AE,2026-08-04,success,5
TXN_002503,CUST_01829,1426.79,upi,DEV_01029,AE,2026-04-22,success,12
TXN_002504,CUST_01094,3759.05,card,DEV_00181,SG,2026-01-16,success,30
TXN_002505,CUST_00064,1799.81,card,DEV_00159,US,2026-01-07,failed,26
TXN_002506,CUST_00757,1821.73,upi,DEV_00412,AE,2026-04-13,success,39
TXN_002507,CUST_01658,1261.67,card,DEV_02003,US,2026-04-19,success,5
TXN_002508,CUST_01450,14243.43,card,DEV_02118,IN,2026-07-27,success,24
TXN_002509,CUST_01761,9770.15,wallet,DEV_00440,US,2026-06-01,success,20
TXN_002510,CUST_00824,13292.77,card,DEV_01404,IN,2026-04-29,success,35
TXN_002511,CUST_01908,1875.75,upi,DEV_02083,IN,2026-04-15,failed,13
TXN_002512,CUST_01636,6621.51,card,DEV_01010,IN,2026-04-29,success,25
TXN_002513,CUST_00103,4212.67,netbanking,DEV_00327,IN,2026-07-28,success,5
TXN_002514,CUST_00749,556.01,netbanking,DEV_02174,GB,2026-05-06,success,35
TXN_002515,CUST_01620,3231.31,upi,DEV_01641,US,2026-01-30,success,20
TXN_002516,CUST_01089,3830.88,card,DEV_00072,SG,2026-04-22,success,20
TXN_002517,CUST_01748,1737.9,netbanking,DEV_02178,SG,2026-06-23,success,39
TXN_002518,CUST_00263,1693.32,wallet,DEV_01745,AE,2026-06-02,success,49
TXN_002519,CUST_01759,3053.23,wallet,DEV_00122,US,2026-01-31,success,47
TXN_002520,CUST_01473,11019.24,netbanking,DEV_00815,US,2026-06-05,failed,6
TXN_002521,CUST_01664,1739.99,upi,DEV_01801,GB,2026-08-03,failed,37
TXN_002522,CUST_00986,1844.66,wallet,DEV_01790,US,2026-01-21,success,19
TXN_002523,CUST_01562,3090.64,card,DEV_02149,US,2026-08-01,success,40
TXN_002524,CUST_01346,1774.99,wallet,DEV_00078,IN,2026-01-15,success,48
TXN_002525,CUST_01927,11758.38,wallet,DEV_01700,AE,2026-01-26,success,40
TXN_002526,CUST_00100,6458.21,netbanking,DEV_02568,SG,2026-01-07,success,1
TXN_002527,CUST_01106,2443.67,card,DEV_00208,AE,2026-05-31,failed,46
TXN_002528,CUST_01591,907.27,wallet,DEV_00510,GB,2026-01-10,success,38
TXN_002529,CUST_00049,1718.31,netbanking,DEV_02399,US,2026-05-20,success,34
TXN_002530,CUST_00026,6331.6,netbanking,DEV_02352,IN,2026-03-22,success,3
TXN_002531,CUST_01326,6763.84,card,DEV_01298,US,2026-01-11,success,18
TXN_002532,CUST_00081,596.54,card,DEV_02416,GB,2026-06-15,failed,39
TXN_002533,CUST_00652,4253.45,wallet,DEV_02483,SG,2026-05-07,success,11
TXN_002534,CUST_01253,10374.78,card,DEV_00814,AE,2026-06-01,failed,50
TXN_002535,CUST_00779,2965.96,card,DEV_01699,AE,2026-06-04,success,16
TXN_002536,CUST_00992,7732.76,card,DEV_01683,AE,2026-01-26,success,32
TXN_002537,CUST_01041,8826.65,upi,DEV_01987,GB,2026-01-13,failed,45
TXN_002538,CUST_01496,11392.7,wallet,DEV_02339,GB,2026-03-05,success,6
TXN_002539,CUST_01588,4150.81,upi,DEV_01321,AE,2026-02-16,success,45
TXN_002540,CUST_00420,8147.43,netbanking,DEV_02388,SG,2026-01-30,failed,41
TXN_002541,CUST_01932,1806.91,card,DEV_00275,GB,2026-02-12,failed,5
TXN_002542,CUST_00023,5799.12,upi,DEV_00108,US,2026-04-30,success,30
TXN_002543,CUST_01427,1837.2,wallet,DEV_02215,US,2026-01-28,success,21
TXN_002544,CUST_00971,3723.19,wallet,DEV_00225,US,2026-06-19,success,12
TXN_002545,CUST_00786,11170.24,netbanking,DEV_00390,SG,2026-07-24,success,21
TXN_002546,CUST_00895,10590.62,upi,DEV_01513,SG,2026-05-27,failed,27
TXN_002547,CUST_00977,5108.72,upi,DEV_00459,IN,2026-04-24,success,38
TXN_002548,CUST_01068,30123.35,netbanking,DEV_02710,SG,2026-01-08,success,36
TXN_002549,CUST_01262,845.28,wallet,DEV_01066,GB,2026-05-17,success,46
TXN_002550,CUST_00935,762.59,upi,DEV_00493,AE,2026-08-14,success,3
TXN_002551,CUST_00930,3126.08,upi,DEV_02340,AE,2026-05-10,success,11
TXN_002552,CUST_01780,2683.26,wallet,DEV_00048,SG,2026-02-14,success,45
TXN_002553,CUST_00964,7372.74,card,DEV_01063,SG,2026-01-12,failed,23
TXN_002554,CUST_01423,11280.03,wallet,DEV_01312,AE,2026-06-20,success,16
TXN_002555,CUST_01696,2701.1,upi,DEV_00774,AE,2026-05-25,success,11
TXN_002556,CUST_00454,3727.44,netbanking,DEV_02440,AE,2026-01-24,success,14
TXN_002557,CUST_00703,14020.86,upi,DEV_02093,AE,2026-06-22,success,42
TXN_002558,CUST_01355,1124.28,upi,DEV_02458,AE,2026-05-24,success,46
TXN_002559,CUST_00311,12454.27,wallet,DEV_02975,AE,2026-05-29,failed,37
TXN_002560,CUST_00449,2053.54,card,DEV_01095,IN,2026-05-31,success,39
TXN_002561,CUST_01370,1013.92,upi,DEV_02923,IN,2026-03-08,success,30
TXN_002562,CUST_01457,2942.28,wallet,DEV_00461,GB,2026-04-20,success,7
TXN_002563,CUST_00508,4154.88,wallet,DEV_02261,US,2026-02-15,failed,26
TXN_002564,CUST_00314,2002.89,netbanking,DEV_02762,SG,2026-05-23,success,19
TXN_002565,CUST_01141,6481.26,netbanking,DEV_02961,AE,2026-04-01,success,28
TXN_002566,CUST_00057,3146.25,wallet,DEV_02380,AE,2026-02-16,success,3
TXN_002567,CUST_01182,6448.51,card,DEV_02478,AE,2026-06-29,success,22
TXN_002568,CUST_00047,7584.92,wallet,DEV_01572,SG,2026-03-05,success,35
TXN_002569,CUST_01833,1703.07,wallet,DEV_00105,GB,2026-04-26,success,38
TXN_002570,CUST_01822,2924.83,upi,DEV_00266,AE,2026-01-03,success,43
TXN_002571,CUST_00582,10825.35,netbanking,DEV_00419,AE,2026-02-06,success,4
TXN_002572,CUST_00376,13659.61,netbanking,DEV_02376,US,2026-07-31,failed,28
TXN_002573,CUST_00634,3298.45,netbanking,DEV_02223,SG,2026-02-02,success,32
TXN_002574,CUST_00330,8607.81,upi,DEV_01090,SG,2026-04-13,success,25
TXN_002575,CUST_00907,1599.61,card,DEV_01786,US,2026-03-08,failed,25
TXN_002576,CUST_00628,8716.48,wallet,DEV_00620,SG,2026-04-24,success,11
TXN_002577,CUST_00064,3322.67,wallet,DEV_00091,SG,2026-08-02,success,26
TXN_002578,CUST_01874,2027.16,card,DEV_01229,IN,2026-02-24,success,34
TXN_002579,CUST_01848,2472.86,upi,DEV_01466,SG,2026-06-13,success,40
TXN_002580,CUST_00875,1315.71,upi,DEV_02928,AE,2026-01-28,success,7
TXN_002581,CUST_00031,2041.39,upi,DEV_01947,AE,2026-01-01,success,38
TXN_002582,CUST_00960,617.79,upi,DEV_01019,IN,2026-03-07,success,18
TXN_002583,CUST_01777,5971.41,card,DEV_01641,GB,2026-07-19,success,23
TXN_002584,CUST_00716,9463.84,upi,DEV_01476,GB,2026-07-12,success,14
TXN_002585,CUST_01071,2035.66,wallet,DEV_00593,GB,2026-02-01,success,10
TXN_002586,CUST_00247,5114.45,wallet,DEV_01303,IN,2026-08-12,success,6
TXN_002587,CUST_00688,4062.17,netbanking,DEV_01121,IN,2026-07-21,failed,50
TXN_002588,CUST_00871,1922.63,wallet,DEV_00259,AE,2026-07-13,failed,35
TXN_002589,CUST_01658,3027.96,card,DEV_02113,US,2026-06-29,success,5
TXN_002590,CUST_00422,6109.03,card,DEV_02240,SG,2026-07-06,success,42
TXN_002591,CUST_00478,3540.26,wallet,DEV_01892,SG,2026-02-07,success,10
TXN_002592,CUST_01012,7991.58,netbanking,DEV_00327,AE,2026-03-11,failed,5
TXN_002593,CUST_01268,2178.71,card,DEV_00928,GB,2026-06-09,success,33
TXN_002594,CUST_00924,3749.1,wallet,DEV_02567,AE,2026-03-09,failed,24
TXN_002595,CUST_00208,5031.34,upi,DEV_02863,SG,2026-04-12,failed,26
TXN_002596,CUST_01563,1810.64,netbanking,DEV_02076,AE,2026-05-26,success,24
TXN_002597,CUST_01623,1693.6,card,DEV_01341,GB,2026-05-31,success,24
TXN_002598,CUST_00349,1817.56,netbanking,DEV_02703,IN,2026-01-29,success,37
TXN_002599,CUST_01329,322.04,upi,DEV_02959,SG,2026-06-23,success,38
TXN_002600,CUST_00177,5356.5,card,DEV_02816,AE,2026-04-03,success,42
TXN_002601,CUST_00549,11974.33,wallet,DEV_02846,IN,2026-03-31,success,8
TXN_002602,CUST_00595,3114.09,card,DEV_01944,IN,2026-04-19,success,37
TXN_002603,CUST_00934,5112.13,upi,DEV_02442,SG,2026-07-12,failed,24
TXN_002604,CUST_00347,6145.9,upi,DEV_01726,GB,2026-03-05,failed,41
TXN_002605,CUST_00370,2493.42,upi,DEV_00410,SG,2026-05-29,success,29
TXN_002606,CUST_01147,6263.38,netbanking,DEV_01526,SG,2026-01-15,failed,7
TXN_002607,CUST_00857,6331.0,wallet,DEV_00032,IN,2026-01-07,success,18
TXN_002608,CUST_01772,3131.86,upi,DEV_01224,SG,2026-05-29,success,5
TXN_002609,CUST_00323,6289.77,upi,DEV_00193,GB,2026-04-07,failed,31
TXN_002610,CUST_00173,6546.5,netbanking,DEV_02281,SG,2026-04-22,failed,21
TXN_002611,CUST_00412,5012.64,wallet,DEV_01682,IN,2026-03-25,failed,28
TXN_002612,CUST_00471,19405.83,netbanking,DEV_00663,IN,2026-07-29,success,49
TXN_002613,CUST_01827,2401.62,netbanking,DEV_01736,GB,2026-05-06,failed,12
TXN_002614,CUST_00613,2376.87,netbanking,DEV_02202,IN,2026-05-27,failed,36
TXN_002615,CUST_01392,2828.64,netbanking,DEV_01307,US,2026-02-19,success,14
TXN_002616,CUST_01122,2358.89,wallet,DEV_00536,US,2026-08-08,success,43
TXN_002617,CUST_01688,6139.22,netbanking,DEV_01657,AE,2026-07-20,success,27
TXN_002618,CUST_01375,2101.98,upi,DEV_01716,GB,2026-06-29,success,35
TXN_002619,CUST_01478,2515.5,card,DEV_00445,AE,2026-06-11,success,19
TXN_002620,CUST_01642,5867.54,netbanking,DEV_00938,IN,2026-01-03,failed,46
TXN_002621,CUST_01085,2568.68,upi,DEV_00765,IN,2026-02-14,success,27
TXN_002622,CUST_01039,2127.96,netbanking,DEV_00742,AE,2026-04-20,failed,28
TXN_002623,CUST_00699,1066.93,wallet,DEV_01273,AE,2026-02-04,success,15
TXN_002624,CUST_00406,8923.34,card,DEV_01599,IN,2026-01-27,success,9
TXN_002625,CUST_01751,10636.77,upi,DEV_01151,IN,2026-01-24,success,32
TXN_002626,CUST_01185,1486.13,netbanking,DEV_02185,SG,2026-06-13,failed,11
TXN_002627,CUST_01425,5561.96,card,DEV_00026,SG,2026-01-04,success,8
TXN_002628,CUST_01635,2701.32,wallet,DEV_02412,SG,2026-04-12,failed,30
TXN_002629,CUST_01760,1556.66,wallet,DEV_02289,US,2026-02-20,success,46
TXN_002630,CUST_00669,4898.57,upi,DEV_02367,SG,2026-08-14,success,1
TXN_002631,CUST_01786,6162.22,wallet,DEV_00056,GB,2026-04-25,success,5
TXN_002632,CUST_00091,3938.99,wallet,DEV_01078,US,2026-06-13,failed,19
TXN_002633,CUST_00327,3031.54,card,DEV_00604,IN,2026-02-12,success,26
TXN_002634,CUST_00631,4171.58,upi,DEV_02166,GB,2026-02-28,failed,50
TXN_002635,CUST_00009,5360.97,netbanking,DEV_00934,AE,2026-03-30,failed,18
TXN_002636,CUST_00293,2578.73,card,DEV_01890,SG,2026-03-31,success,35
TXN_002637,CUST_00850,1792.65,netbanking,DEV_01085,SG,2026-02-14,success,42
TXN_002638,CUST_01013,2157.23,upi,DEV_00506,SG,2026-06-27,success,7
TXN_002639,CUST_00060,2693.87,netbanking,DEV_01038,GB,2026-07-24,success,31
TXN_002640,CUST_00662,6080.48,card,DEV_00129,AE,2026-03-07,success,35
TXN_002641,CUST_01068,26747.3,netbanking,DEV_01169,AE,2026-03-28,success,36
TXN_002642,CUST_01592,1956.64,upi,DEV_00315,IN,2026-02-05,success,20
TXN_002643,CUST_00529,4208.12,upi,DEV_02921,AE,2026-03-15,failed,48
TXN_002644,CUST_00799,787.91,card,DEV_01847,AE,2026-07-18,failed,24
TXN_002645,CUST_01329,6585.74,upi,DEV_00995,GB,2026-06-15,success,38
TXN_002646,CUST_01494,1055.04,wallet,DEV_00696,IN,2026-02-19,failed,41
TXN_002647,CUST_01158,4175.39,upi,DEV_00299,AE,2026-04-01,success,45
TXN_002648,CUST_00886,3093.93,card,DEV_00276,SG,2026-07-20,failed,1
TXN_002649,CUST_01612,4161.29,upi,DEV_00171,GB,2026-03-26,success,36
TXN_002650,CUST_01134,3634.66,card,DEV_01584,SG,2026-07-22,success,22
TXN_002651,CUST_01875,5383.5,netbanking,DEV_02946,SG,2026-05-09,success,15
TXN_002652,CUST_00284,1306.67,netbanking,DEV_02557,US,2026-03-26,success,43
TXN_002653,CUST_01547,7913.55,netbanking,DEV_00049,IN,2026-08-08,success,47
TXN_002654,CUST_00123,6631.62,card,DEV_02930,AE,2026-04-23,failed,21
TXN_002655,CUST_00289,1150.74,netbanking,DEV_02107,IN,2026-08-04,failed,17
TXN_002656,CUST_01376,2591.9,netbanking,DEV_00706,GB,2026-03-07,success,31
TXN_002657,CUST_00084,2926.56,netbanking,DEV_01072,GB,2026-04-20,success,17
TXN_002658,CUST_01069,8172.09,upi,DEV_02192,GB,2026-06-26,success,18
TXN_002659,CUST_01090,8805.34,wallet,DEV_02469,SG,2026-02-25,failed,50
TXN_002660,CUST_01088,2716.92,card,DEV_00064,GB,2026-03-03,success,4
TXN_002661,CUST_01561,4037.83,upi,DEV_02199,AE,2026-05-09,success,3
TXN_002662,CUST_01807,3414.25,wallet,DEV_02549,SG,2026-05-29,failed,37
TXN_002663,CUST_01704,17444.33,upi,DEV_02829,SG,2026-01-16,success,43
TXN_002664,CUST_00118,9367.68,netbanking,DEV_01972,SG,2026-06-29,success,5
TXN_002665,CUST_01136,9008.13,wallet,DEV_00429,GB,2026-08-03,failed,22
TXN_002666,CUST_00887,4270.17,upi,DEV_01040,AE,2026-03-01,success,28
TXN_002667,CUST_00263,3756.09,card,DEV_02986,SG,2026-05-19,failed,49
TXN_002668,CUST_01575,4986.19,netbanking,DEV_00717,GB,2026-02-03,success,12
TXN_002669,CUST_00765,790.26,upi,DEV_02427,AE,2026-02-11,success,25
TXN_002670,CUST_01292,3964.7,upi,DEV_02327,IN,2026-02-08,success,21
TXN_002671,CUST_00776,1796.85,wallet,DEV_00124,AE,2026-07-29,success,32
TXN_002672,CUST_01300,4605.84,upi,DEV_00707,SG,2026-08-10,success,35
TXN_002673,CUST_01418,3248.33,upi,DEV_00688,US,2026-02-01,success,12
TXN_002674,CUST_00834,3408.65,card,DEV_00062,US,2026-02-28,success,39
TXN_002675,CUST_00562,1815.83,card,DEV_00067,IN,2026-06-27,failed,44
TXN_002676,CUST_00177,5959.6,wallet,DEV_01778,AE,2026-01-30,success,42
TXN_002677,CUST_01904,4198.28,card,DEV_02081,SG,2026-06-21,failed,42
TXN_002678,CUST_00819,2986.55,wallet,DEV_00499,IN,2026-05-21,success,12
TXN_002679,CUST_00503,4530.63,netbanking,DEV_00776,GB,2026-04-09,success,20
TXN_002680,CUST_01428,3312.37,netbanking,DEV_00253,US,2026-05-22,success,35
TXN_002681,CUST_01284,7159.32,netbanking,DEV_02662,US,2026-06-14,success,44
TXN_002682,CUST_01399,3923.99,card,DEV_01977,GB,2026-04-18,success,36
TXN_002683,CUST_01614,11142.56,upi,DEV_01290,GB,2026-04-15,success,40
TXN_002684,CUST_00150,3056.82,card,DEV_00143,IN,2026-02-20,success,36
TXN_002685,CUST_00115,10531.22,wallet,DEV_01656,US,2026-01-01,success,30
TXN_002686,CUST_01838,3180.36,netbanking,DEV_01350,SG,2026-04-08,failed,4
TXN_002687,CUST_01857,4127.45,card,DEV_01358,IN,2026-06-26,success,37
TXN_002688,CUST_00576,1866.98,wallet,DEV_01773,AE,2026-04-19,success,30
TXN_002689,CUST_00982,2767.79,card,DEV_00303,IN,2026-06-15,failed,2
TXN_002690,CUST_01655,2346.38,netbanking,DEV_01226,IN,2026-07-01,success,9
TXN_002691,CUST_00982,958.67,upi,DEV_01156,IN,2026-07-26,failed,2
TXN_002692,CUST_01533,2941.45,netbanking,DEV_00412,AE,2026-06-07,success,1
TXN_002693,CUST_00506,2665.1,wallet,DEV_00172,SG,2026-06-07,success,23
TXN_002694,CUST_01097,2520.87,netbanking,DEV_02301,US,2026-04-21,failed,31
TXN_002695,CUST_01890,3796.01,upi,DEV_01206,SG,2026-02-06,failed,42
TXN_002696,CUST_00965,16985.0,wallet,DEV_00653,AE,2026-06-05,failed,30
TXN_002697,CUST_00032,4264.07,card,DEV_02163,US,2026-05-19,failed,15
TXN_002698,CUST_00619,6663.64,card,DEV_01936,SG,2026-06-24,failed,3
TXN_002699,CUST_01077,2113.77,card,DEV_01492,IN,2026-04-05,failed,39
TXN_002700,CUST_01336,2398.95,upi,DEV_01487,AE,2026-08-05,success,16
TXN_002701,CUST_00338,2885.57,wallet,DEV_01545,IN,2026-06-27,success,24
TXN_002702,CUST_01072,4099.99,upi,DEV_00092,IN,2026-02-03,failed,7
TXN_002703,CUST_00725,1499.35,netbanking,DEV_01862,SG,2026-05-28,success,35
TXN_002704,CUST_01089,23535.46,wallet,DEV_00061,GB,2026-01-21,success,20
TXN_002705,CUST_01016,2261.88,netbanking,DEV_00571,IN,2026-07-20,failed,46
TXN_002706,CUST_00444,13784.71,netbanking,DEV_01375,SG,2026-03-22,success,41
TXN_002707,CUST_01044,7066.88,wallet,DEV_01994,AE,2026-03-16,success,4
TXN_002708,CUST_00577,3028.47,upi,DEV_02000,GB,2026-04-09,success,23
TXN_002709,CUST_00919,1946.34,card,DEV_00396,SG,2026-06-22,success,16
TXN_002710,CUST_00445,963.35,netbanking,DEV_00377,SG,2026-07-02,failed,22
TXN_002711,CUST_01453,1265.46,upi,DEV_01785,GB,2026-02-15,success,12
TXN_002712,CUST_01762,7513.43,upi,DEV_02471,AE,2026-03-27,success,30
TXN_002713,CUST_01285,12503.54,wallet,DEV_00219,GB,2026-07-04,success,35
TXN_002714,CUST_00673,3760.98,netbanking,DEV_00541,IN,2026-07-30,success,9
TXN_002715,CUST_01177,4013.35,netbanking,DEV_01528,AE,2026-08-02,success,44
TXN_002716,CUST_00691,2887.74,netbanking,DEV_01783,SG,2026-02-02,success,20
TXN_002717,CUST_00113,720.85,upi,DEV_00518,GB,2026-05-08,success,45
TXN_002718,CUST_00270,3437.21,card,DEV_00204,IN,2026-06-11,failed,8
TXN_002719,CUST_00157,3083.42,upi,DEV_02885,GB,2026-04-15,success,10
TXN_002720,CUST_00860,3787.92,card,DEV_01882,US,2026-02-24,success,49
TXN_002721,CUST_01885,1221.01,netbanking,DEV_01926,US,2026-05-09,success,50
TXN_002722,CUST_00420,30986.57,netbanking,DEV_02954,GB,2026-01-02,success,41
TXN_002723,CUST_01263,1769.29,card,DEV_01989,SG,2026-06-16,success,21
TXN_002724,CUST_01832,2581.28,upi,DEV_02822,GB,2026-07-03,failed,3
TXN_002725,CUST_00366,1198.01,upi,DEV_00370,US,2026-04-18,success,9
TXN_002726,CUST_01814,1976.02,wallet,DEV_02222,GB,2026-01-02,failed,36
TXN_002727,CUST_00756,14324.21,card,DEV_00242,GB,2026-05-24,success,28
TXN_002728,CUST_01789,1074.78,card,DEV_00476,SG,2026-04-06,success,7
TXN_002729,CUST_01049,2483.13,upi,DEV_01900,IN,2026-07-28,success,32
TXN_002730,CUST_01928,3792.88,netbanking,DEV_00762,AE,2026-01-21,success,13
TXN_002731,CUST_01045,4336.35,netbanking,DEV_00932,AE,2026-01-14,success,6
TXN_002732,CUST_00811,6893.95,upi,DEV_00180,IN,2026-04-29,success,22
TXN_002733,CUST_01264,884.91,wallet,DEV_02432,GB,2026-06-24,success,41
TXN_002734,CUST_01852,4699.18,card,DEV_01982,GB,2026-06-29,success,45
TXN_002735,CUST_00790,4259.79,netbanking,DEV_02302,GB,2026-06-28,success,37
TXN_002736,CUST_01609,999.02,upi,DEV_02646,US,2026-07-24,failed,37
TXN_002737,CUST_01960,10995.96,wallet,DEV_02430,SG,2026-05-27,success,7
TXN_002738,CUST_01259,37038.49,wallet,DEV_01412,US,2026-06-02,success,3
TXN_002739,CUST_00453,4395.34,netbanking,DEV_01935,IN,2026-04-16,success,24
TXN_002740,CUST_00250,11020.06,upi,DEV_01943,US,2026-07-26,success,44
TXN_002741,CUST_01837,2869.89,card,DEV_00874,IN,2026-01-10,success,41
TXN_002742,CUST_01607,14612.32,netbanking,DEV_00186,US,2026-04-01,failed,28
TXN_002743,CUST_01317,10976.0,upi,DEV_02805,US,2026-01-18,failed,32
TXN_002744,CUST_00607,2764.6,netbanking,DEV_00874,GB,2026-04-23,success,48
TXN_002745,CUST_00306,4383.68,upi,DEV_01382,US,2026-04-18,success,19
TXN_002746,CUST_00847,9290.06,wallet,DEV_01119,SG,2026-04-22,success,8
TXN_002747,CUST_00746,574.52,wallet,DEV_01835,US,2026-05-31,success,7
TXN_002748,CUST_00532,2962.4,netbanking,DEV_01228,SG,2026-05-09,success,40
TXN_002749,CUST_01806,1313.35,netbanking,DEV_00725,GB,2026-07-24,success,35
TXN_002750,CUST_00286,2353.09,wallet,DEV_02584,GB,2026-04-14,success,7
TXN_002751,CUST_01820,2977.19,card,DEV_01356,GB,2026-01-14,failed,36
TXN_002752,CUST_00069,4709.81,wallet,DEV_01134,IN,2026-04-11,success,35
TXN_002753,CUST_00323,486.54,wallet,DEV_02540,GB,2026-04-01,success,31
TXN_002754,CUST_00827,3364.47,netbanking,DEV_01627,US,2026-02-22,success,25
TXN_002755,CUST_00034,5991.55,card,DEV_02434,IN,2026-05-19,success,41
TXN_002756,CUST_00011,7499.0,netbanking,DEV_00439,IN,2026-05-07,success,25
TXN_002757,CUST_00081,1565.14,card,DEV_02729,SG,2026-01-27,success,39
TXN_002758,CUST_01197,3598.56,card,DEV_00342,IN,2026-04-29,failed,36
TXN_002759,CUST_00881,1713.08,card,DEV_02462,IN,2026-02-06,success,26
TXN_002760,CUST_00372,1736.18,netbanking,DEV_02885,AE,2026-06-24,failed,7
TXN_002761,CUST_00677,7726.19,card,DEV_02813,US,2026-02-13,success,26
TXN_002762,CUST_00362,1358.46,wallet,DEV_02938,SG,2026-04-05,success,42
TXN_002763,CUST_01900,5222.81,netbanking,DEV_01098,IN,2026-06-24,success,26
TXN_002764,CUST_00770,7334.81,card,DEV_00339,US,2026-02-16,failed,2
TXN_002765,CUST_00281,1104.09,netbanking,DEV_02318,GB,2026-08-12,success,21
TXN_002766,CUST_01409,4841.81,card,DEV_00647,AE,2026-07-14,success,3
TXN_002767,CUST_01615,7963.04,card,DEV_01309,IN,2026-03-28,success,5
TXN_002768,CUST_01034,3458.06,upi,DEV_01422,SG,2026-03-08,failed,2
TXN_002769,CUST_01652,5980.75,netbanking,DEV_00132,AE,2026-03-14,success,16
TXN_002770,CUST_00674,2485.37,wallet,DEV_00410,AE,2026-06-30,success,25
TXN_002771,CUST_01950,4148.36,upi,DEV_01900,SG,2026-05-21,success,10
TXN_002772,CUST_01706,2238.24,netbanking,DEV_02902,SG,2026-06-22,success,36
TXN_002773,CUST_01055,7010.82,card,DEV_00945,IN,2026-01-13,success,49
TXN_002774,CUST_01537,5657.65,wallet,DEV_01180,SG,2026-02-25,success,32
TXN_002775,CUST_01334,9177.46,card,DEV_00833,SG,2026-01-31,success,30
TXN_002776,CUST_00009,3519.43,netbanking,DEV_01427,US,2026-01-09,success,18
TXN_002777,CUST_00350,7504.54,wallet,DEV_00187,SG,2026-06-06,success,49
TXN_002778,CUST_00509,3027.11,card,DEV_00295,SG,2026-03-18,success,12
TXN_002779,CUST_01840,5453.03,upi,DEV_02679,GB,2026-08-14,success,47
TXN_002780,CUST_01536,16104.85,netbanking,DEV_01418,US,2026-04-06,success,50
TXN_002781,CUST_01349,7212.22,upi,DEV_00188,GB,2026-04-10,success,15
TXN_002782,CUST_00567,3668.75,card,DEV_00243,AE,2026-05-05,success,9
TXN_002783,CUST_01272,2385.1,card,DEV_01630,SG,2026-04-20,success,49
TXN_002784,CUST_01248,809.69,card,DEV_02240,AE,2026-07-03,failed,42
TXN_002785,CUST_01537,2141.26,wallet,DEV_01077,IN,2026-07-19,success,32
TXN_002786,CUST_01250,20556.5,wallet,DEV_02052,GB,2026-06-27,success,25
TXN_002787,CUST_00546,14402.84,upi,DEV_02713,US,2026-05-26,success,30
TXN_002788,CUST_01727,7311.98,netbanking,DEV_02380,GB,2026-08-09,success,19
TXN_002789,CUST_00108,2743.15,card,DEV_00012,AE,2026-05-06,failed,50
TXN_002790,CUST_00489,4505.18,wallet,DEV_00644,GB,2026-03-25,success,40
TXN_002791,CUST_01079,3739.28,upi,DEV_00659,GB,2026-08-01,success,48
TXN_002792,CUST_00748,1489.48,card,DEV_02021,US,2026-04-08,success,3
TXN_002793,CUST_01510,3726.65,netbanking,DEV_00533,AE,2026-02-17,success,19
TXN_002794,CUST_00594,2519.21,card,DEV_01882,SG,2026-03-07,success,33
TXN_002795,CUST_01896,3833.91,card,DEV_02572,US,2026-06-19,success,42
TXN_002796,CUST_01767,3675.29,upi,DEV_00907,GB,2026-03-26,success,8
TXN_002797,CUST_01200,3716.94,card,DEV_00063,IN,2026-05-27,success,32
TXN_002798,CUST_01197,2893.78,wallet,DEV_02773,IN,2026-04-02,success,36
TXN_002799,CUST_01225,2007.0,card,DEV_02610,SG,2026-05-23,failed,1
TXN_002800,CUST_01939,13637.44,netbanking,DEV_00996,IN,2026-02-08,success,45
TXN_002801,CUST_01273,7862.89,card,DEV_01573,AE,2026-04-24,success,49
TXN_002802,CUST_00768,1512.74,upi,DEV_02525,IN,2026-03-14,success,6
TXN_002803,CUST_00821,1864.34,wallet,DEV_01369,SG,2026-05-23,failed,38
TXN_002804,CUST_01553,4118.53,netbanking,DEV_02317,US,2026-01-23,success,40
TXN_002805,CUST_00838,3464.82,wallet,DEV_01277,US,2026-04-12,success,4
TXN_002806,CUST_00505,4304.34,upi,DEV_00985,AE,2026-06-21,success,49
TXN_002807,CUST_00204,2234.36,card,DEV_02844,US,2026-04-28,success,13
TXN_002808,CUST_00856,1547.09,netbanking,DEV_02133,US,2026-01-20,success,14
TXN_002809,CUST_01827,11404.76,wallet,DEV_01898,IN,2026-06-27,success,12
TXN_002810,CUST_00269,9794.72,card,DEV_01823,IN,2026-01-24,success,27
TXN_002811,CUST_00498,11514.74,upi,DEV_00925,SG,2026-01-02,success,42
TXN_002812,CUST_00928,3105.94,upi,DEV_01768,US,2026-01-26,success,30
TXN_002813,CUST_01680,2221.39,card,DEV_01445,SG,2026-07-21,success,3
TXN_002814,CUST_00156,2579.55,wallet,DEV_02961,IN,2026-06-25,success,22
TXN_002815,CUST_00252,3689.3,card,DEV_01777,IN,2026-07-17,success,42
TXN_002816,CUST_01887,900.18,wallet,DEV_00867,SG,2026-04-06,success,4
TXN_002817,CUST_00915,7287.21,card,DEV_02992,SG,2026-08-14,success,6
TXN_002818,CUST_01581,10449.99,wallet,DEV_02828,AE,2026-02-12,success,35
TXN_002819,CUST_00786,1167.46,wallet,DEV_02278,SG,2026-01-12,success,21
TXN_002820,CUST_01865,1798.96,netbanking,DEV_00969,AE,2026-05-17,success,35
TXN_002821,CUST_00121,7537.87,card,DEV_02243,AE,2026-06-05,success,38
TXN_002822,CUST_00901,7284.1,wallet,DEV_00707,SG,2026-03-12,success,45
TXN_002823,CUST_00378,2592.06,netbanking,DEV_00219,IN,2026-05-12,success,36
TXN_002824,CUST_00818,12163.01,upi,DEV_02959,AE,2026-02-11,success,30
TXN_002825,CUST_00107,2116.25,card,DEV_00728,SG,2026-02-24,success,16
TXN_002826,CUST_00410,1495.54,upi,DEV_02562,US,2026-02-04,success,26
TXN_002827,CUST_01007,1930.84,card,DEV_01033,IN,2026-03-13,success,34
TXN_002828,CUST_00172,2004.96,wallet,DEV_01142,US,2026-07-07,success,25
TXN_002829,CUST_00623,11537.46,card,DEV_00271,AE,2026-04-03,success,7
TXN_002830,CUST_00632,6536.22,card,DEV_02758,US,2026-07-08,success,48
TXN_002831,CUST_00036,2698.9,upi,DEV_00148,US,2026-01-13,success,30
TXN_002832,CUST_00942,2202.13,upi,DEV_00898,US,2026-02-03,failed,36
TXN_002833,CUST_00486,1862.05,wallet,DEV_01472,US,2026-06-28,success,8
TXN_002834,CUST_01187,3240.62,upi,DEV_01528,US,2026-01-11,success,27
TXN_002835,CUST_00184,13943.37,card,DEV_01712,GB,2026-08-15,success,2
TXN_002836,CUST_00290,16179.86,wallet,DEV_01039,AE,2026-02-20,success,6
TXN_002837,CUST_01321,10599.76,card,DEV_01411,SG,2026-03-01,failed,16
TXN_002838,CUST_01523,3323.18,wallet,DEV_01883,GB,2026-04-12,success,17
TXN_002839,CUST_00516,2531.53,upi,DEV_00541,IN,2026-06-25,success,29
TXN_002840,CUST_00797,24489.87,upi,DEV_02451,IN,2026-04-17,success,39
TXN_002841,CUST_01746,2434.07,wallet,DEV_01223,AE,2026-08-10,success,10
TXN_002842,CUST_00156,6407.49,upi,DEV_02385,SG,2026-02-25,success,22
TXN_002843,CUST_00372,3523.59,card,DEV_01080,US,2026-08-04,success,7
TXN_002844,CUST_01732,3337.61,card,DEV_02540,AE,2026-04-11,success,13
TXN_002845,CUST_00085,2822.12,upi,DEV_02325,IN,2026-07-25,success,17
TXN_002846,CUST_01602,4205.49,card,DEV_01720,AE,2026-01-04,success,20
TXN_002847,CUST_01806,2684.54,netbanking,DEV_01663,SG,2026-08-15,success,35
TXN_002848,CUST_01174,10894.35,wallet,DEV_01611,AE,2026-07-12,success,15
TXN_002849,CUST_00025,6195.98,wallet,DEV_00958,AE,2026-02-09,success,21
TXN_002850,CUST_00013,1050.59,wallet,DEV_01483,GB,2026-01-16,success,3
TXN_002851,CUST_00105,2557.87,netbanking,DEV_01044,GB,2026-06-17,success,9
TXN_002852,CUST_01379,6612.92,wallet,DEV_01768,AE,2026-02-20,success,27
TXN_002853,CUST_00136,3346.34,upi,DEV_02938,US,2026-05-26,failed,29
TXN_002854,CUST_01214,1458.31,netbanking,DEV_00035,GB,2026-06-15,failed,43
TXN_002855,CUST_00372,7494.97,upi,DEV_01859,US,2026-02-03,success,7
TXN_002856,CUST_00082,11993.72,wallet,DEV_00552,AE,2026-08-14,success,8
TXN_002857,CUST_01643,2118.74,card,DEV_01211,US,2026-03-07,success,34
TXN_002858,CUST_00084,4164.02,wallet,DEV_02726,US,2026-08-01,success,17
TXN_002859,CUST_01038,2259.77,netbanking,DEV_01092,US,2026-01-26,success,2
TXN_002860,CUST_01601,4803.34,wallet,DEV_02434,SG,2026-01-26,failed,50
TXN_002861,CUST_00934,5245.73,upi,DEV_02620,US,2026-07-05,success,24
TXN_002862,CUST_01777,2662.45,card,DEV_02696,SG,2026-05-27,failed,23
TXN_002863,CUST_00155,793.25,netbanking,DEV_00904,US,2026-05-24,success,46
TXN_002864,CUST_01652,1031.52,upi,DEV_00549,GB,2026-04-28,success,16
TXN_002865,CUST_00503,4010.25,netbanking,DEV_02731,IN,2026-04-04,success,20
TXN_002866,CUST_01458,11905.03,upi,DEV_01006,GB,2026-02-21,success,28
TXN_002867,CUST_00031,2562.62,upi,DEV_00318,IN,2026-06-30,success,38
TXN_002868,CUST_00667,3795.18,wallet,DEV_01662,IN,2026-04-06,success,37
TXN_002869,CUST_01731,11251.05,netbanking,DEV_01913,AE,2026-06-26,success,41
TXN_002870,CUST_00588,1870.62,wallet,DEV_01356,AE,2026-04-13,success,10
TXN_002871,CUST_00136,1459.45,netbanking,DEV_00817,GB,2026-03-03,failed,29
TXN_002872,CUST_00785,4387.25,netbanking,DEV_02312,AE,2026-08-08,success,21
TXN_002873,CUST_00935,1481.41,wallet,DEV_01584,SG,2026-07-18,failed,3
TXN_002874,CUST_00473,4570.74,card,DEV_01765,US,2026-03-13,success,15
TXN_002875,CUST_01450,5963.12,card,DEV_00726,GB,2026-03-15,success,24
TXN_002876,CUST_01402,9339.84,card,DEV_02194,IN,2026-05-27,success,39
TXN_002877,CUST_01614,5327.36,netbanking,DEV_02081,IN,2026-07-28,success,40
TXN_002878,CUST_00406,5508.73,upi,DEV_01635,SG,2026-02-06,success,9
TXN_002879,CUST_00577,4734.76,netbanking,DEV_02359,AE,2026-04-12,success,23
TXN_002880,CUST_00523,3508.16,wallet,DEV_00745,IN,2026-08-07,success,42
TXN_002881,CUST_01832,4530.48,card,DEV_01857,GB,2026-02-04,success,3
TXN_002882,CUST_00565,2897.24,netbanking,DEV_02939,SG,2026-01-31,success,14
TXN_002883,CUST_00217,3540.18,upi,DEV_01577,IN,2026-07-28,success,13
TXN_002884,CUST_01327,2325.19,card,DEV_02735,GB,2026-06-16,success,47
TXN_002885,CUST_01459,2602.84,upi,DEV_00645,AE,2026-07-29,success,48
TXN_002886,CUST_01671,720.24,netbanking,DEV_01298,GB,2026-02-24,success,27
TXN_002887,CUST_00070,1265.76,wallet,DEV_02321,AE,2026-02-26,failed,49
TXN_002888,CUST_01377,1367.99,upi,DEV_00428,IN,2026-01-08,success,39
TXN_002889,CUST_01048,1217.91,wallet,DEV_02175,GB,2026-02-12,success,8
TXN_002890,CUST_01892,1067.85,card,DEV_00326,GB,2026-07-06,failed,42
TXN_002891,CUST_00047,3940.21,card,DEV_02282,GB,2026-03-23,success,35
TXN_002892,CUST_00363,4467.47,upi,DEV_01486,GB,2026-07-09,success,26
TXN_002893,CUST_00239,1366.92,wallet,DEV_02071,AE,2026-03-08,success,30
TXN_002894,CUST_00439,995.75,wallet,DEV_00200,IN,2026-05-08,success,22
TXN_002895,CUST_01273,1580.4,upi,DEV_02655,IN,2026-06-27,failed,49
TXN_002896,CUST_00823,9404.45,netbanking,DEV_00605,US,2026-04-24,failed,49
TXN_002897,CUST_01872,8087.43,wallet,DEV_00541,SG,2026-04-21,failed,36
TXN_002898,CUST_01206,21679.86,netbanking,DEV_01666,US,2026-02-19,failed,32
TXN_002899,CUST_01464,9693.9,card,DEV_00457,GB,2026-01-16,success,45
TXN_002900,CUST_00833,4145.82,netbanking,DEV_00625,AE,2026-05-18,success,45
TXN_002901,CUST_01621,1157.16,card,DEV_01506,GB,2026-06-16,success,29
TXN_002902,CUST_01867,3334.72,card,DEV_00104,US,2026-05-04,success,18
TXN_002903,CUST_00649,4563.1,upi,DEV_00270,GB,2026-02-17,success,22
TXN_002904,CUST_01609,2714.55,wallet,DEV_02714,US,2026-01-31,failed,37
TXN_002905,CUST_01978,3315.81,card,DEV_02475,GB,2026-02-28,success,38
TXN_002906,CUST_00724,1836.42,upi,DEV_01631,SG,2026-07-26,success,47
TXN_002907,CUST_00727,2266.74,wallet,DEV_00674,IN,2026-02-20,success,1
TXN_002908,CUST_01769,1923.58,upi,DEV_01549,SG,2026-03-30,success,40
TXN_002909,CUST_01476,4240.82,upi,DEV_02123,AE,2026-02-15,success,5
TXN_002910,CUST_00008,1256.07,upi,DEV_02358,AE,2026-07-20,success,1
TXN_002911,CUST_01959,4075.94,netbanking,DEV_00524,GB,2026-06-07,success,50
TXN_002912,CUST_00688,4692.89,upi,DEV_00962,US,2026-02-13,success,50
TXN_002913,CUST_01191,4198.43,wallet,DEV_00930,SG,2026-02-18,success,32
TXN_002914,CUST_01760,7385.54,card,DEV_01177,GB,2026-08-07,failed,46
TXN_002915,CUST_00113,9847.77,upi,DEV_01451,US,2026-02-03,success,45
TXN_002916,CUST_01265,2236.0,wallet,DEV_01749,IN,2026-05-10,success,37
TXN_002917,CUST_01386,2388.57,card,DEV_01924,AE,2026-01-24,success,1
TXN_002918,CUST_01626,429.27,wallet,DEV_00187,SG,2026-02-17,failed,22
TXN_002919,CUST_01961,3882.82,wallet,DEV_00495,SG,2026-07-26,success,13
TXN_002920,CUST_01386,1353.88,upi,DEV_01562,IN,2026-01-26,success,1
TXN_002921,CUST_00453,14992.93,wallet,DEV_00511,US,2026-04-12,success,24
TXN_002922,CUST_00985,3105.66,netbanking,DEV_02642,SG,2026-02-26,success,40
TXN_002923,CUST_00548,4572.77,card,DEV_02020,AE,2026-07-01,success,9
TXN_002924,CUST_01978,5366.36,netbanking,DEV_01649,AE,2026-02-21,success,38
TXN_002925,CUST_00807,2039.71,wallet,DEV_01076,US,2026-02-07,success,44
TXN_002926,CUST_01584,4657.61,upi,DEV_02830,US,2026-02-06,success,47
TXN_002927,CUST_01556,5991.38,card,DEV_02600,IN,2026-07-13,success,36
TXN_002928,CUST_00773,4376.56,netbanking,DEV_00631,GB,2026-05-24,success,25
TXN_002929,CUST_00878,562.15,upi,DEV_00732,GB,2026-04-14,success,42
TXN_002930,CUST_01588,4235.63,wallet,DEV_00750,SG,2026-03-28,success,45
TXN_002931,CUST_00638,6185.93,netbanking,DEV_02688,IN,2026-04-10,success,9
TXN_002932,CUST_01909,2208.32,wallet,DEV_01003,IN,2026-08-07,success,7
TXN_002933,CUST_00137,2011.54,card,DEV_01113,AE,2026-06-25,failed,31
TXN_002934,CUST_01315,2785.18,netbanking,DEV_00429,US,2026-01-02,failed,42
TXN_002935,CUST_01929,5169.99,netbanking,DEV_00939,SG,2026-03-20,success,48
TXN_002936,CUST_01529,2797.99,netbanking,DEV_00609,IN,2026-06-18,success,36
TXN_002937,CUST_01086,4319.66,upi,DEV_01579,US,2026-04-13,success,29
TXN_002938,CUST_01206,3606.12,netbanking,DEV_02720,AE,2026-02-28,failed,32
TXN_002939,CUST_00723,4065.53,netbanking,DEV_01582,IN,2026-03-22,success,11
TXN_002940,CUST_01949,3084.76,wallet,DEV_00185,GB,2026-03-23,success,4
TXN_002941,CUST_00163,1924.98,card,DEV_00714,IN,2026-04-05,success,1
TXN_002942,CUST_00974,2685.99,wallet,DEV_02951,GB,2026-01-19,success,1
TXN_002943,CUST_00395,3478.74,netbanking,DEV_01352,AE,2026-03-11,success,37
TXN_002944,CUST_01070,8750.34,card,DEV_02361,AE,2026-06-01,success,1
TXN_002945,CUST_00997,1588.93,netbanking,DEV_01847,SG,2026-05-08,success,38
TXN_002946,CUST_01694,8850.52,upi,DEV_00247,AE,2026-07-25,success,34
TXN_002947,CUST_00640,34279.99,upi,DEV_00075,GB,2026-02-13,failed,47
TXN_002948,CUST_00737,3087.54,upi,DEV_02731,IN,2026-01-19,failed,10
TXN_002949,CUST_00736,1524.1,card,DEV_00557,IN,2026-02-08,success,12
TXN_002950,CUST_01849,6535.55,card,DEV_00827,SG,2026-03-04,failed,17
TXN_002951,CUST_01516,3763.02,wallet,DEV_01896,SG,2026-05-26,failed,10
TXN_002952,CUST_00698,1597.57,wallet,DEV_00149,SG,2026-05-14,failed,49
TXN_002953,CUST_00032,1123.39,upi,DEV_00304,US,2026-04-20,failed,15
TXN_002954,CUST_01667,3872.8,wallet,DEV_00948,IN,2026-07-24,success,33
TXN_002955,CUST_01576,4713.59,upi,DEV_01794,AE,2026-06-22,success,22
TXN_002956,CUST_00437,7047.57,wallet,DEV_01390,SG,2026-05-16,failed,39
TXN_002957,CUST_01002,11550.64,wallet,DEV_01444,US,2026-08-04,success,48
TXN_002958,CUST_00374,2165.75,netbanking,DEV_00832,IN,2026-06-04,success,10
TXN_002959,CUST_01818,4949.09,wallet,DEV_01347,GB,2026-02-18,success,28
TXN_002960,CUST_00695,5420.46,netbanking,DEV_00745,US,2026-02-01,success,42
TXN_002961,CUST_00061,5810.13,card,DEV_00650,IN,2026-05-31,success,7
TXN_002962,CUST_00345,9745.51,netbanking,DEV_00097,GB,2026-05-05,failed,18
TXN_002963,CUST_01779,2405.38,netbanking,DEV_01159,SG,2026-06-13,failed,49
TXN_002964,CUST_00727,6658.94,netbanking,DEV_01966,IN,2026-07-02,success,1
TXN_002965,CUST_01981,3557.64,card,DEV_00575,AE,2026-05-24,failed,34
TXN_002966,CUST_01789,1139.18,wallet,DEV_01255,GB,2026-05-20,failed,7
TXN_002967,CUST_00442,8543.08,wallet,DEV_01643,GB,2026-05-27,failed,24
TXN_002968,CUST_00074,2029.94,wallet,DEV_01268,IN,2026-04-18,success,30
TXN_002969,CUST_00688,3423.61,wallet,DEV_01424,AE,2026-06-26,success,50
TXN_002970,CUST_00566,6522.47,netbanking,DEV_01355,IN,2026-01-06,failed,46
TXN_002971,CUST_00379,5157.27,upi,DEV_01446,GB,2026-06-28,success,8
TXN_002972,CUST_00059,3139.95,wallet,DEV_00816,IN,2026-05-31,failed,35
TXN_002973,CUST_00412,808.83,netbanking,DEV_02315,AE,2026-06-07,success,28
TXN_002974,CUST_01076,665.21,wallet,DEV_01808,IN,2026-01-29,success,18
TXN_002975,CUST_01746,10407.45,upi,DEV_02332,AE,2026-02-27,success,10
TXN_002976,CUST_01793,6025.49,upi,DEV_00203,GB,2026-06-01,failed,16
TXN_002977,CUST_00744,2599.87,card,DEV_00735,GB,2026-03-31,success,41
TXN_002978,CUST_00665,5352.14,upi,DEV_02167,US,2026-04-29,failed,33
TXN_002979,CUST_01092,1778.08,upi,DEV_01748,GB,2026-03-02,success,3
TXN_002980,CUST_00611,1789.4,netbanking,DEV_02516,GB,2026-05-15,success,23
TXN_002981,CUST_01494,3866.14,wallet,DEV_01429,GB,2026-04-16,failed,41
TXN_002982,CUST_01781,3450.53,upi,DEV_01223,GB,2026-07-12,success,20
TXN_002983,CUST_01397,7713.7,netbanking,DEV_00907,GB,2026-07-01,success,45
TXN_002984,CUST_00702,1749.92,card,DEV_01251,SG,2026-02-01,failed,16
TXN_002985,CUST_00932,8887.12,upi,DEV_02489,US,2026-08-02,success,48
TXN_002986,CUST_01002,9516.05,netbanking,DEV_02369,AE,2026-03-14,success,48
TXN_002987,CUST_01462,4184.69,netbanking,DEV_01680,GB,2026-01-05,success,32
TXN_002988,CUST_00234,1934.15,upi,DEV_00920,IN,2026-06-01,success,14
TXN_002989,CUST_01215,20104.37,wallet,DEV_00526,SG,2026-07-05,failed,7
TXN_002990,CUST_00595,2189.41,upi,DEV_02358,SG,2026-06-14,success,37
TXN_002991,CUST_00733,6124.03,card,DEV_01021,US,2026-01-27,success,36
TXN_002992,CUST_00286,5718.66,wallet,DEV_00529,IN,2026-06-26,success,7
TXN_002993,CUST_00693,3307.71,card,DEV_01961,IN,2026-05-03,success,38
TXN_002994,CUST_00558,5920.13,netbanking,DEV_02125,GB,2026-02-19,success,3
TXN_002995,CUST_00485,5485.44,wallet,DEV_01518,GB,2026-05-01,success,41
TXN_002996,CUST_01960,7320.57,upi,DEV_00153,US,2026-01-03,success,7
TXN_002997,CUST_00853,4279.33,netbanking,DEV_01140,SG,2026-04-21,success,16
TXN_002998,CUST_01945,6612.71,wallet,DEV_00263,US,2026-07-05,success,36
TXN_002999,CUST_00001,1525.68,card,DEV_00113,US,2026-07-08,success,8
TXN_003000,CUST_01798,4437.05,card,DEV_00559,IN,2026-02-22,failed,43
TXN_003001,CUST_00555,2904.8,netbanking,DEV_01612,GB,2026-05-16,failed,42
TXN_003002,CUST_01397,17699.51,upi,DEV_01355,SG,2026-03-28,failed,45
TXN_003003,CUST_00702,13137.61,card,DEV_02275,AE,2026-07-26,success,16
TXN_003004,CUST_00189,20995.79,upi,DEV_00282,GB,2026-06-30,success,28
TXN_003005,CUST_01808,5568.35,netbanking,DEV_00775,GB,2026-06-28,success,44
TXN_003006,CUST_01307,4443.57,wallet,DEV_01589,US,2026-01-22,success,42
TXN_003007,CUST_00409,2243.65,upi,DEV_02221,SG,2026-04-05,success,35
TXN_003008,CUST_00580,2015.61,upi,DEV_01215,US,2026-02-18,failed,9
TXN_003009,CUST_00533,2182.7,upi,DEV_02748,US,2026-01-09,success,8
TXN_003010,CUST_01421,2100.01,upi,DEV_01270,AE,2026-03-16,success,35
TXN_003011,CUST_01973,9731.45,netbanking,DEV_01666,US,2026-06-17,success,36
TXN_003012,CUST_01944,1115.25,card,DEV_01234,US,2026-06-19,failed,20
TXN_003013,CUST_00170,2335.52,wallet,DEV_02067,AE,2026-07-20,success,42
TXN_003014,CUST_01878,3972.66,card,DEV_02262,GB,2026-07-01,success,39
TXN_003015,CUST_00868,2895.44,netbanking,DEV_01563,SG,2026-01-13,success,32
TXN_003016,CUST_00824,3051.63,card,DEV_02649,AE,2026-04-23,success,35
TXN_003017,CUST_00345,9092.21,card,DEV_01908,GB,2026-02-18,success,18
TXN_003018,CUST_00761,8113.88,netbanking,DEV_00852,GB,2026-01-15,success,44
TXN_003019,CUST_01712,17068.72,upi,DEV_02198,GB,2026-01-13,success,43
TXN_003020,CUST_01432,2096.06,upi,DEV_02291,SG,2026-03-13,failed,14
TXN_003021,CUST_01090,7410.3,wallet,DEV_01386,US,2026-04-25,success,50
TXN_003022,CUST_00792,3140.36,upi,DEV_00815,US,2026-02-04,success,47
TXN_003023,CUST_00049,2761.99,upi,DEV_00039,US,2026-01-05,success,34
TXN_003024,CUST_00822,4104.26,netbanking,DEV_01644,SG,2026-01-28,success,46
TXN_003025,CUST_01765,5657.36,upi,DEV_00041,US,2026-01-06,success,13
TXN_003026,CUST_00596,2713.48,upi,DEV_01039,AE,2026-04-30,failed,2
TXN_003027,CUST_00897,3639.87,card,DEV_02836,IN,2026-06-21,failed,49
TXN_003028,CUST_00721,4150.8,wallet,DEV_01496,IN,2026-04-23,failed,36
TXN_003029,CUST_01214,5899.5,upi,DEV_01960,SG,2026-06-06,success,43
TXN_003030,CUST_01334,4344.2,netbanking,DEV_01021,IN,2026-02-14,success,30
TXN_003031,CUST_00843,2174.88,netbanking,DEV_00863,IN,2026-01-21,success,37
TXN_003032,CUST_00882,3825.49,upi,DEV_02383,SG,2026-07-17,success,45
TXN_003033,CUST_01163,3341.04,wallet,DEV_00699,US,2026-01-08,success,34
TXN_003034,CUST_01981,11873.9,netbanking,DEV_02936,US,2026-01-12,success,34
TXN_003035,CUST_01190,4922.01,netbanking,DEV_01878,IN,2026-07-24,success,2
TXN_003036,CUST_01985,4030.43,card,DEV_01861,US,2026-02-11,success,23
TXN_003037,CUST_00590,2631.75,netbanking,DEV_00214,GB,2026-01-15,failed,46
TXN_003038,CUST_01067,3019.65,wallet,DEV_01061,SG,2026-04-29,success,47
TXN_003039,CUST_00313,4901.21,wallet,DEV_02631,AE,2026-03-24,success,1
TXN_003040,CUST_01634,2987.89,wallet,DEV_00434,SG,2026-07-21,success,45
TXN_003041,CUST_00324,2613.9,netbanking,DEV_00205,AE,2026-04-03,success,8
TXN_003042,CUST_01000,2350.07,wallet,DEV_00632,AE,2026-06-11,success,25
TXN_003043,CUST_01059,2661.6,netbanking,DEV_02072,IN,2026-02-16,success,44
TXN_003044,CUST_01594,2609.14,netbanking,DEV_02453,IN,2026-07-25,success,31
TXN_003045,CUST_00375,2309.32,wallet,DEV_01615,SG,2026-03-14,success,6
TXN_003046,CUST_00049,1153.95,upi,DEV_01014,AE,2026-03-05,success,34
TXN_003047,CUST_01294,9961.75,wallet,DEV_02349,IN,2026-07-23,success,47
TXN_003048,CUST_01447,2133.73,card,DEV_00533,IN,2026-01-23,success,45
TXN_003049,CUST_01379,2172.37,card,DEV_02175,AE,2026-05-12,success,27
TXN_003050,CUST_00973,24486.81,upi,DEV_02855,GB,2026-06-26,failed,30
TXN_003051,CUST_01553,6596.83,card,DEV_02743,IN,2026-04-27,success,40
TXN_003052,CUST_00103,18333.89,wallet,DEV_01194,IN,2026-07-24,success,5
TXN_003053,CUST_00197,1851.51,upi,DEV_01444,IN,2026-05-31,success,16
TXN_003054,CUST_00984,1728.86,netbanking,DEV_00730,SG,2026-03-23,success,18
TXN_003055,CUST_00261,5325.9,wallet,DEV_00418,US,2026-02-14,success,35
TXN_003056,CUST_01244,700.61,wallet,DEV_01589,GB,2026-03-05,success,11
TXN_003057,CUST_00569,3796.71,wallet,DEV_00745,US,2026-01-06,success,29
TXN_003058,CUST_01885,1634.0,netbanking,DEV_00613,US,2026-01-29,failed,50
TXN_003059,CUST_00962,2698.5,upi,DEV_01544,GB,2026-06-25,success,7
TXN_003060,CUST_01019,1454.8,wallet,DEV_00788,US,2026-07-09,success,47
TXN_003061,CUST_00628,1737.71,upi,DEV_00829,GB,2026-03-17,success,11
TXN_003062,CUST_00790,15951.87,wallet,DEV_00076,GB,2026-05-09,failed,37
TXN_003063,CUST_00608,1277.14,netbanking,DEV_00049,GB,2026-04-29,success,14
TXN_003064,CUST_01735,1206.41,upi,DEV_00043,GB,2026-06-07,failed,44
TXN_003065,CUST_01620,2876.93,netbanking,DEV_00293,SG,2026-07-16,success,20
TXN_003066,CUST_00498,15294.91,upi,DEV_02793,AE,2026-05-08,success,42
TXN_003067,CUST_00759,3854.1,upi,DEV_01628,AE,2026-06-12,success,29
TXN_003068,CUST_00270,3314.6,upi,DEV_02449,GB,2026-04-17,success,8
TXN_003069,CUST_01888,2908.93,netbanking,DEV_00758,AE,2026-05-08,failed,29
TXN_003070,CUST_01432,2065.74,netbanking,DEV_00699,US,2026-04-02,success,14
TXN_003071,CUST_01937,5456.68,card,DEV_01714,IN,2026-08-15,failed,32
TXN_003072,CUST_01827,3169.97,netbanking,DEV_02224,IN,2026-02-06,success,12
TXN_003073,CUST_01050,3384.58,card,DEV_02680,GB,2026-05-27,success,42
TXN_003074,CUST_01854,2531.78,upi,DEV_02427,GB,2026-01-30,success,10
TXN_003075,CUST_00448,2276.41,netbanking,DEV_01682,US,2026-01-11,success,23
TXN_003076,CUST_00804,1753.96,netbanking,DEV_01294,SG,2026-04-13,success,7
TXN_003077,CUST_00356,2734.96,wallet,DEV_01001,AE,2026-06-21,success,21
TXN_003078,CUST_01519,3792.31,wallet,DEV_00706,SG,2026-07-05,success,3
TXN_003079,CUST_01407,7366.13,upi,DEV_00176,AE,2026-04-07,success,32
TXN_003080,CUST_00190,7096.82,netbanking,DEV_02717,GB,2026-06-09,success,33
TXN_003081,CUST_00048,6219.81,netbanking,DEV_00398,US,2026-02-22,success,31
TXN_003082,CUST_00207,2417.5,upi,DEV_02682,SG,2026-07-14,success,2
TXN_003083,CUST_00143,7418.76,card,DEV_01117,SG,2026-05-17,success,45
TXN_003084,CUST_00771,1276.76,upi,DEV_00264,IN,2026-02-15,success,6
TXN_003085,CUST_01008,1309.27,card,DEV_00709,IN,2026-04-06,success,40
TXN_003086,CUST_00688,3599.98,card,DEV_02914,GB,2026-05-18,success,50
TXN_003087,CUST_00231,3590.73,wallet,DEV_02226,AE,2026-05-18,failed,29
TXN_003088,CUST_01845,884.32,wallet,DEV_01221,IN,2026-01-27,success,4
TXN_003089,CUST_00728,2934.02,netbanking,DEV_01074,SG,2026-05-18,success,41
TXN_003090,CUST_00185,7140.61,wallet,DEV_01267,GB,2026-07-12,success,46
TXN_003091,CUST_00113,2454.95,card,DEV_00175,AE,2026-02-15,failed,45
TXN_003092,CUST_01590,1336.93,wallet,DEV_02615,SG,2026-05-03,success,9
TXN_003093,CUST_01486,5874.71,netbanking,DEV_02134,GB,2026-07-18,failed,17
TXN_003094,CUST_00553,1537.0,wallet,DEV_01155,AE,2026-07-11,success,13
TXN_003095,CUST_01373,5734.11,card,DEV_02441,AE,2026-07-05,success,10
TXN_003096,CUST_01156,925.79,upi,DEV_01214,US,2026-01-29,success,41
TXN_003097,CUST_01382,1799.53,wallet,DEV_00594,US,2026-01-20,success,48
TXN_003098,CUST_00944,1548.89,upi,DEV_00071,GB,2026-06-26,success,40
TXN_003099,CUST_01937,1608.09,card,DEV_01165,US,2026-06-06,success,32
TXN_003100,CUST_01261,8523.89,upi,DEV_00462,GB,2026-07-07,failed,17
TXN_003101,CUST_00346,3078.28,card,DEV_00369,AE,2026-08-09,failed,30
TXN_003102,CUST_00824,4078.94,upi,DEV_01665,SG,2026-06-06,success,35
TXN_003103,CUST_01059,3145.83,card,DEV_02670,US,2026-05-12,success,44
TXN_003104,CUST_00072,3255.81,card,DEV_02251,IN,2026-01-15,success,26
TXN_003105,CUST_00671,6737.86,wallet,DEV_01730,AE,2026-01-06,success,4
TXN_003106,CUST_01737,693.26,card,DEV_00256,IN,2026-03-31,success,12
TXN_003107,CUST_00652,4050.76,upi,DEV_02209,GB,2026-02-19,failed,11
TXN_003108,CUST_01953,3727.71,upi,DEV_00395,IN,2026-03-24,success,28
TXN_003109,CUST_01846,1763.95,netbanking,DEV_00736,GB,2026-03-04,success,32
TXN_003110,CUST_01305,10738.23,card,DEV_01456,SG,2026-06-26,success,1
TXN_003111,CUST_00057,7314.82,wallet,DEV_02523,US,2026-06-18,success,3
TXN_003112,CUST_01581,2961.7,card,DEV_01848,AE,2026-05-17,failed,35
TXN_003113,CUST_00137,7296.15,upi,DEV_01874,AE,2026-03-04,success,31
TXN_003114,CUST_01440,1942.65,upi,DEV_02277,US,2026-08-14,failed,40
TXN_003115,CUST_01330,6395.78,upi,DEV_00879,AE,2026-04-15,success,38
TXN_003116,CUST_01442,4131.18,netbanking,DEV_02601,IN,2026-08-15,failed,49
TXN_003117,CUST_00904,1419.16,upi,DEV_01629,AE,2026-01-27,success,16
TXN_003118,CUST_01099,1565.17,wallet,DEV_02262,GB,2026-07-18,success,2
TXN_003119,CUST_00112,1559.83,card,DEV_00305,US,2026-02-09,success,43
TXN_003120,CUST_01097,1107.36,upi,DEV_00925,SG,2026-02-09,success,31
TXN_003121,CUST_00521,954.33,upi,DEV_01431,US,2026-04-29,success,2
TXN_003122,CUST_00148,3019.86,wallet,DEV_01333,IN,2026-04-14,failed,9
TXN_003123,CUST_00947,5446.61,wallet,DEV_01580,IN,2026-06-16,success,27
TXN_003124,CUST_00322,1127.67,wallet,DEV_02577,GB,2026-07-31,success,33
TXN_003125,CUST_01974,6863.62,card,DEV_02601,SG,2026-05-14,success,34
TXN_003126,CUST_01112,2928.99,netbanking,DEV_01014,IN,2026-06-09,success,44
TXN_003127,CUST_00135,1639.73,wallet,DEV_02486,AE,2026-04-15,success,14
TXN_003128,CUST_01767,5885.89,wallet,DEV_02061,IN,2026-04-01,failed,8
TXN_003129,CUST_00339,13837.85,upi,DEV_02217,GB,2026-03-31,failed,48
TXN_003130,CUST_01674,1207.61,upi,DEV_02768,IN,2026-07-03,success,29
TXN_003131,CUST_01297,2350.6,wallet,DEV_01544,GB,2026-06-28,failed,44
TXN_003132,CUST_00050,9550.9,wallet,DEV_00700,SG,2026-08-11,success,35
TXN_003133,CUST_01988,3945.34,card,DEV_00567,GB,2026-04-25,success,37
TXN_003134,CUST_01764,3487.9,netbanking,DEV_02527,SG,2026-06-01,success,37
TXN_003135,CUST_01397,2859.17,netbanking,DEV_01336,US,2026-06-04,success,45
TXN_003136,CUST_01211,7685.89,wallet,DEV_02574,IN,2026-07-15,failed,43
TXN_003137,CUST_01920,2937.01,netbanking,DEV_00560,SG,2026-08-09,success,48
TXN_003138,CUST_01089,40599.7,wallet,DEV_01099,AE,2026-02-06,failed,20
TXN_003139,CUST_01002,19416.67,wallet,DEV_02418,GB,2026-01-17,failed,48
TXN_003140,CUST_00501,21144.14,wallet,DEV_01985,IN,2026-05-24,success,19
TXN_003141,CUST_00596,2252.15,wallet,DEV_01258,AE,2026-03-07,success,2
TXN_003142,CUST_01470,18816.16,netbanking,DEV_01662,GB,2026-01-20,success,37
TXN_003143,CUST_01048,1063.03,netbanking,DEV_00461,AE,2026-04-29,success,8
TXN_003144,CUST_01498,3401.43,netbanking,DEV_01878,SG,2026-06-11,success,1
TXN_003145,CUST_00972,2846.97,upi,DEV_01633,SG,2026-05-18,success,29
TXN_003146,CUST_00456,2590.86,wallet,DEV_01200,SG,2026-05-17,success,19
TXN_003147,CUST_01730,11255.74,netbanking,DEV_01188,GB,2026-01-03,success,3
TXN_003148,CUST_00968,3276.14,wallet,DEV_00041,GB,2026-02-13,success,21
TXN_003149,CUST_00665,3166.16,card,DEV_00672,AE,2026-02-05,failed,33
TXN_003150,CUST_00877,6931.34,card,DEV_01625,AE,2026-03-16,success,28
TXN_003151,CUST_00540,4490.83,card,DEV_02230,US,2026-03-11,success,32
TXN_003152,CUST_01800,4329.62,netbanking,DEV_02131,IN,2026-07-17,success,36
TXN_003153,CUST_00307,1700.1,card,DEV_02279,SG,2026-05-27,success,29
TXN_003154,CUST_01643,3427.95,card,DEV_01352,AE,2026-03-20,success,34
TXN_003155,CUST_00102,3966.45,wallet,DEV_01073,IN,2026-05-22,success,46
TXN_003156,CUST_00143,3352.53,wallet,DEV_00969,IN,2026-02-08,failed,45
TXN_003157,CUST_00648,3511.41,netbanking,DEV_00053,IN,2026-01-01,success,16
TXN_003158,CUST_00881,2878.6,card,DEV_02784,GB,2026-07-04,failed,26
TXN_003159,CUST_00544,2690.61,wallet,DEV_00418,SG,2026-08-11,success,27
TXN_003160,CUST_01406,1224.02,upi,DEV_00071,GB,2026-04-10,success,39
TXN_003161,CUST_01917,4028.21,card,DEV_02286,GB,2026-07-16,success,14
TXN_003162,CUST_01000,10482.37,wallet,DEV_02218,GB,2026-04-21,failed,25
TXN_003163,CUST_00653,2956.24,card,DEV_02059,AE,2026-07-04,success,8
TXN_003164,CUST_00151,13627.36,card,DEV_02175,AE,2026-02-11,failed,31
TXN_003165,CUST_01710,3116.24,card,DEV_00128,IN,2026-06-11,success,6
TXN_003166,CUST_01545,290.12,wallet,DEV_01526,IN,2026-01-13,success,19
TXN_003167,CUST_00124,1589.24,netbanking,DEV_01211,GB,2026-03-06,success,37
TXN_003168,CUST_00007,10781.14,card,DEV_01612,AE,2026-03-12,success,29
TXN_003169,CUST_00304,11346.29,wallet,DEV_02289,AE,2026-07-29,success,41
TXN_003170,CUST_00003,1788.25,upi,DEV_01233,IN,2026-04-07,success,48
TXN_003171,CUST_01252,6644.01,upi,DEV_00479,GB,2026-03-30,failed,48
TXN_003172,CUST_00648,5751.9,wallet,DEV_00561,GB,2026-04-19,success,16
TXN_003173,CUST_01505,2492.48,upi,DEV_00741,IN,2026-06-05,success,25
TXN_003174,CUST_01917,4934.86,netbanking,DEV_00967,US,2026-06-12,success,14
TXN_003175,CUST_01287,2775.15,wallet,DEV_00121,GB,2026-05-08,success,46
TXN_003176,CUST_00265,1808.6,wallet,DEV_01593,GB,2026-05-19,success,9
TXN_003177,CUST_01689,873.31,netbanking,DEV_01526,SG,2026-02-27,failed,12
TXN_003178,CUST_00488,2467.58,netbanking,DEV_00700,IN,2026-08-06,success,10
TXN_003179,CUST_01373,7267.78,upi,DEV_01281,IN,2026-05-06,success,10
TXN_003180,CUST_01770,5957.58,upi,DEV_01178,GB,2026-07-06,success,35
TXN_003181,CUST_00501,2080.2,upi,DEV_00417,US,2026-06-29,success,19
TXN_003182,CUST_00855,28968.62,card,DEV_01021,AE,2026-02-02,success,40
TXN_003183,CUST_00343,3681.71,card,DEV_00279,AE,2026-03-02,success,24
TXN_003184,CUST_00335,1069.13,wallet,DEV_02027,US,2026-04-19,success,9
TXN_003185,CUST_01883,9814.45,upi,DEV_02530,GB,2026-05-23,success,30
TXN_003186,CUST_01990,6110.39,netbanking,DEV_02270,GB,2026-02-13,success,24
TXN_003187,CUST_01446,10223.33,netbanking,DEV_00698,GB,2026-02-05,success,44
TXN_003188,CUST_01155,12279.17,card,DEV_01664,IN,2026-05-09,success,24
TXN_003189,CUST_01251,3655.39,wallet,DEV_01509,SG,2026-01-22,failed,44
TXN_003190,CUST_00078,4017.25,card,DEV_00225,GB,2026-01-14,success,21
TXN_003191,CUST_00073,7113.01,netbanking,DEV_01264,SG,2026-01-24,success,1
TXN_003192,CUST_01861,2498.94,wallet,DEV_01861,GB,2026-03-10,failed,44
TXN_003193,CUST_01872,1737.83,upi,DEV_01500,US,2026-04-02,success,36
TXN_003194,CUST_01780,7647.3,netbanking,DEV_01796,SG,2026-07-07,success,45
TXN_003195,CUST_01278,1811.14,card,DEV_01890,IN,2026-04-02,success,47
TXN_003196,CUST_00129,2509.25,wallet,DEV_00817,GB,2026-03-16,success,20
TXN_003197,CUST_00753,3304.82,card,DEV_01366,US,2026-05-06,success,25
TXN_003198,CUST_00930,3620.83,upi,DEV_00800,IN,2026-05-16,success,11
TXN_003199,CUST_00988,4951.9,wallet,DEV_00341,IN,2026-06-26,success,18
TXN_003200,CUST_00832,8118.52,upi,DEV_02640,SG,2026-06-03,success,20
TXN_003201,CUST_00928,2597.87,wallet,DEV_00154,SG,2026-05-02,success,30
TXN_003202,CUST_01615,1365.44,card,DEV_01445,US,2026-05-03,failed,5
TXN_003203,CUST_00627,8010.22,upi,DEV_00040,GB,2026-07-31,failed,50
TXN_003204,CUST_00990,3466.23,upi,DEV_01295,IN,2026-03-22,success,35
TXN_003205,CUST_01996,6360.07,card,DEV_01824,GB,2026-04-15,success,4
TXN_003206,CUST_01940,5482.67,upi,DEV_01342,US,2026-05-04,success,10
TXN_003207,CUST_01744,2092.11,card,DEV_02097,SG,2026-08-10,success,35
TXN_003208,CUST_01471,4063.76,netbanking,DEV_01741,AE,2026-02-18,success,19
TXN_003209,CUST_01194,8882.07,netbanking,DEV_01563,AE,2026-01-23,failed,43
TXN_003210,CUST_01727,5964.56,wallet,DEV_01552,US,2026-06-01,failed,19
TXN_003211,CUST_01850,2813.65,card,DEV_01272,US,2026-02-23,failed,12
TXN_003212,CUST_00583,2493.4,upi,DEV_02408,SG,2026-05-28,success,36
TXN_003213,CUST_01632,10822.08,wallet,DEV_02577,AE,2026-03-09,success,38
TXN_003214,CUST_01629,6385.09,card,DEV_02497,SG,2026-05-28,success,35
TXN_003215,CUST_01304,6260.49,card,DEV_00460,IN,2026-05-17,success,1
TXN_003216,CUST_00717,6172.22,wallet,DEV_00934,SG,2026-01-05,success,3
TXN_003217,CUST_00986,4857.46,netbanking,DEV_00671,IN,2026-06-30,success,19
TXN_003218,CUST_00865,22793.26,wallet,DEV_02718,SG,2026-03-16,success,27
TXN_003219,CUST_01008,5842.07,upi,DEV_02665,GB,2026-04-10,success,40
TXN_003220,CUST_00171,4277.3,netbanking,DEV_02537,SG,2026-07-05,failed,30
TXN_003221,CUST_00767,2780.05,netbanking,DEV_01795,US,2026-05-24,success,24
TXN_003222,CUST_01689,2486.14,wallet,DEV_01346,SG,2026-03-31,success,12
TXN_003223,CUST_01560,2636.05,card,DEV_02427,IN,2026-02-15,success,7
TXN_003224,CUST_01834,2824.92,card,DEV_01807,SG,2026-04-29,success,47
TXN_003225,CUST_00247,7845.92,upi,DEV_01226,SG,2026-05-19,success,6
TXN_003226,CUST_01764,1913.06,wallet,DEV_00336,AE,2026-01-04,success,37
TXN_003227,CUST_00314,1444.21,netbanking,DEV_01076,GB,2026-07-27,success,19
TXN_003228,CUST_01053,6971.35,netbanking,DEV_00845,AE,2026-05-08,success,30
TXN_003229,CUST_00857,8799.95,wallet,DEV_02144,IN,2026-01-22,success,18
TXN_003230,CUST_01145,778.96,upi,DEV_02615,IN,2026-02-23,success,44
TXN_003231,CUST_01358,1963.23,wallet,DEV_02197,IN,2026-07-18,success,11
TXN_003232,CUST_00709,7142.43,upi,DEV_02498,AE,2026-08-02,success,48
TXN_003233,CUST_00640,7237.03,netbanking,DEV_01379,SG,2026-01-03,success,47
TXN_003234,CUST_00804,1084.6,upi,DEV_00432,AE,2026-04-30,success,7
TXN_003235,CUST_01769,1559.59,netbanking,DEV_01293,US,2026-05-24,failed,40
TXN_003236,CUST_00431,4183.15,wallet,DEV_02397,US,2026-02-26,success,33
TXN_003237,CUST_01862,2131.23,card,DEV_02573,GB,2026-07-10,success,10
TXN_003238,CUST_01930,2956.4,wallet,DEV_00049,GB,2026-02-19,success,8
TXN_003239,CUST_01918,5423.42,wallet,DEV_00082,IN,2026-02-01,success,44
TXN_003240,CUST_00074,5167.94,card,DEV_00043,US,2026-08-08,success,30
TXN_003241,CUST_01134,754.95,wallet,DEV_01260,US,2026-06-15,success,22
TXN_003242,CUST_01822,568.52,netbanking,DEV_00497,US,2026-07-05,failed,43
TXN_003243,CUST_01481,5390.44,card,DEV_02351,IN,2026-06-26,success,47
TXN_003244,CUST_00676,2425.49,card,DEV_02058,IN,2026-01-11,success,23
TXN_003245,CUST_00856,2941.96,netbanking,DEV_00250,US,2026-03-18,success,14
TXN_003246,CUST_00390,2638.29,wallet,DEV_00847,AE,2026-01-18,success,43
TXN_003247,CUST_01197,4364.13,wallet,DEV_00843,AE,2026-07-13,failed,36
TXN_003248,CUST_00159,3986.96,upi,DEV_01802,IN,2026-02-25,success,27
TXN_003249,CUST_01635,11845.91,wallet,DEV_02328,US,2026-02-23,success,30
TXN_003250,CUST_00373,11420.21,upi,DEV_02535,IN,2026-06-30,success,43
TXN_003251,CUST_01854,6100.32,netbanking,DEV_02231,GB,2026-08-12,failed,10
TXN_003252,CUST_00071,1663.75,card,DEV_01503,GB,2026-04-26,success,32
TXN_003253,CUST_00445,4880.41,card,DEV_02666,GB,2026-08-09,failed,22
TXN_003254,CUST_01244,5388.54,wallet,DEV_00981,SG,2026-05-05,success,11
TXN_003255,CUST_00216,3214.15,netbanking,DEV_01421,IN,2026-01-26,failed,38
TXN_003256,CUST_01317,3745.5,netbanking,DEV_01009,AE,2026-06-23,success,32
TXN_003257,CUST_01644,2096.08,upi,DEV_02082,US,2026-05-01,failed,26
TXN_003258,CUST_01049,4420.87,upi,DEV_01872,IN,2026-08-07,success,32
TXN_003259,CUST_01296,8817.42,wallet,DEV_02664,AE,2026-04-15,success,5
TXN_003260,CUST_01950,2119.37,netbanking,DEV_01022,GB,2026-02-15,success,10
TXN_003261,CUST_00056,2542.43,wallet,DEV_01045,GB,2026-01-18,failed,41
TXN_003262,CUST_00614,2543.02,card,DEV_00144,IN,2026-06-09,failed,20
TXN_003263,CUST_00168,1181.85,netbanking,DEV_02600,US,2026-03-27,success,30
TXN_003264,CUST_00662,10043.14,wallet,DEV_01088,IN,2026-04-06,success,35
TXN_003265,CUST_00940,2984.95,card,DEV_00774,SG,2026-05-20,success,26
TXN_003266,CUST_00764,4545.9,upi,DEV_02009,US,2026-01-03,success,10
TXN_003267,CUST_01870,6831.49,upi,DEV_01994,AE,2026-02-23,failed,44
TXN_003268,CUST_01220,1582.63,upi,DEV_02086,IN,2026-03-09,success,40
TXN_003269,CUST_01785,6452.21,netbanking,DEV_01857,IN,2026-05-16,success,21
TXN_003270,CUST_01959,16524.82,netbanking,DEV_00866,IN,2026-05-28,failed,50
TXN_003271,CUST_00224,5967.63,card,DEV_01714,AE,2026-04-13,success,17
TXN_003272,CUST_01674,1281.92,card,DEV_02334,US,2026-02-14,success,29
TXN_003273,CUST_00981,2769.83,wallet,DEV_01105,GB,2026-07-13,success,37
TXN_003274,CUST_01583,3949.12,card,DEV_02896,US,2026-08-01,success,29
TXN_003275,CUST_01149,9660.18,wallet,DEV_00557,AE,2026-02-01,failed,19
TXN_003276,CUST_01880,927.62,netbanking,DEV_00806,IN,2026-06-14,failed,43
TXN_003277,CUST_00352,2663.5,card,DEV_00433,AE,2026-08-03,success,10
TXN_003278,CUST_00477,1761.88,card,DEV_00832,GB,2026-02-23,success,21
TXN_003279,CUST_01315,2201.72,wallet,DEV_00842,SG,2026-05-01,failed,42
TXN_003280,CUST_00311,12336.71,netbanking,DEV_02098,US,2026-07-07,success,37
TXN_003281,CUST_00533,3060.63,upi,DEV_01658,GB,2026-07-14,failed,8
TXN_003282,CUST_01562,11122.02,wallet,DEV_00058,GB,2026-01-25,success,40
TXN_003283,CUST_00862,8032.18,card,DEV_02479,IN,2026-06-09,success,10
TXN_003284,CUST_01541,1903.43,netbanking,DEV_00791,SG,2026-07-31,failed,15
TXN_003285,CUST_00973,21375.53,card,DEV_00764,SG,2026-02-02,failed,30
TXN_003286,CUST_00485,708.64,upi,DEV_01429,GB,2026-07-21,success,41
TXN_003287,CUST_00400,4434.43,card,DEV_01074,IN,2026-06-17,success,14
TXN_003288,CUST_01833,3179.22,upi,DEV_00349,SG,2026-01-09,success,38
TXN_003289,CUST_00889,9309.89,wallet,DEV_01892,US,2026-01-02,success,7
TXN_003290,CUST_01482,904.92,netbanking,DEV_00272,IN,2026-01-15,failed,48
TXN_003291,CUST_01118,1121.32,netbanking,DEV_00409,SG,2026-02-25,success,2
TXN_003292,CUST_01535,1962.47,netbanking,DEV_01521,US,2026-08-04,success,3
TXN_003293,CUST_00142,1430.99,card,DEV_02546,AE,2026-07-02,success,27
TXN_003294,CUST_01109,4704.85,card,DEV_02599,US,2026-02-06,success,34
TXN_003295,CUST_01028,2476.0,wallet,DEV_00116,SG,2026-07-06,failed,7
TXN_003296,CUST_00579,5485.75,upi,DEV_01597,GB,2026-08-10,failed,35
TXN_003297,CUST_01350,13862.04,upi,DEV_00751,US,2026-04-06,success,23
TXN_003298,CUST_00008,3567.07,wallet,DEV_01223,US,2026-02-17,success,1
TXN_003299,CUST_01359,1835.84,card,DEV_01086,US,2026-02-14,failed,16
TXN_003300,CUST_00841,6453.87,card,DEV_00442,SG,2026-08-01,success,44
TXN_003301,CUST_01854,788.53,card,DEV_00789,GB,2026-04-08,failed,10
TXN_003302,CUST_01389,6577.01,card,DEV_02817,AE,2026-02-25,success,10
TXN_003303,CUST_00241,5113.72,wallet,DEV_00050,US,2026-05-20,failed,8
TXN_003304,CUST_00626,1280.24,wallet,DEV_02845,US,2026-01-15,success,22
TXN_003305,CUST_01672,3197.07,card,DEV_00131,SG,2026-03-27,success,27
TXN_003306,CUST_01762,3469.75,wallet,DEV_01697,US,2026-01-18,success,30
TXN_003307,CUST_00255,7890.84,upi,DEV_01677,SG,2026-05-30,success,21
TXN_003308,CUST_01022,28535.08,card,DEV_01389,AE,2026-05-02,success,37
TXN_003309,CUST_00194,2080.75,card,DEV_00246,IN,2026-05-07,success,34
TXN_003310,CUST_01492,3574.84,upi,DEV_01367,SG,2026-01-04,success,29
TXN_003311,CUST_00661,3631.04,wallet,DEV_00886,SG,2026-04-29,success,36
TXN_003312,CUST_01285,542.05,upi,DEV_00142,AE,2026-02-13,success,35
TXN_003313,CUST_00389,4974.48,card,DEV_00448,US,2026-05-19,failed,1
TXN_003314,CUST_01251,15269.06,card,DEV_02087,AE,2026-08-15,success,44
TXN_003315,CUST_00510,1823.28,wallet,DEV_02031,US,2026-02-17,success,34
TXN_003316,CUST_00956,1348.68,card,DEV_01040,GB,2026-08-11,success,38
TXN_003317,CUST_00413,9612.02,wallet,DEV_00459,AE,2026-01-29,success,41
TXN_003318,CUST_00611,22697.44,card,DEV_01942,IN,2026-04-27,success,23
TXN_003319,CUST_00585,5314.79,netbanking,DEV_01004,AE,2026-01-14,success,40
TXN_003320,CUST_00388,3686.67,upi,DEV_01236,GB,2026-08-08,success,18
TXN_003321,CUST_00400,1622.18,upi,DEV_01477,US,2026-01-24,failed,14
TXN_003322,CUST_00673,3428.07,card,DEV_00591,GB,2026-02-16,success,9
TXN_003323,CUST_00512,676.44,netbanking,DEV_00338,US,2026-07-07,success,12
TXN_003324,CUST_01971,12103.43,netbanking,DEV_01250,AE,2026-07-24,failed,19
TXN_003325,CUST_01730,1938.74,upi,DEV_01540,SG,2026-01-06,success,3
TXN_003326,CUST_00343,3659.65,upi,DEV_01724,GB,2026-03-22,success,24
TXN_003327,CUST_00662,1679.66,upi,DEV_00535,AE,2026-04-15,success,35
TXN_003328,CUST_00898,2261.04,wallet,DEV_02469,GB,2026-07-04,success,28
TXN_003329,CUST_00262,2437.69,upi,DEV_01108,GB,2026-07-31,success,13
TXN_003330,CUST_00904,4245.84,netbanking,DEV_00459,AE,2026-01-10,success,16
TXN_003331,CUST_00982,7049.83,card,DEV_00436,SG,2026-06-20,success,2
TXN_003332,CUST_00342,1662.71,netbanking,DEV_02200,SG,2026-08-04,success,29
TXN_003333,CUST_00317,5995.97,upi,DEV_01761,SG,2026-08-14,failed,7
TXN_003334,CUST_01587,4284.88,netbanking,DEV_02485,SG,2026-08-15,failed,14
TXN_003335,CUST_00794,14515.28,netbanking,DEV_01962,SG,2026-04-20,failed,32
TXN_003336,CUST_01380,1065.08,upi,DEV_00877,AE,2026-04-08,success,34
TXN_003337,CUST_01015,4384.46,card,DEV_02049,SG,2026-03-10,success,41
TXN_003338,CUST_01916,2315.01,wallet,DEV_01061,IN,2026-05-11,success,47
TXN_003339,CUST_01060,6658.15,wallet,DEV_02693,SG,2026-01-23,success,20
TXN_003340,CUST_00778,897.32,card,DEV_02010,GB,2026-06-08,success,31
TXN_003341,CUST_01587,4603.6,card,DEV_01791,GB,2026-01-12,success,14
TXN_003342,CUST_00195,2619.06,wallet,DEV_02340,SG,2026-07-30,success,35
TXN_003343,CUST_01635,720.16,wallet,DEV_02491,US,2026-08-02,success,30
TXN_003344,CUST_00312,18558.59,netbanking,DEV_00944,GB,2026-05-19,success,19
TXN_003345,CUST_01439,15023.91,wallet,DEV_01108,AE,2026-01-11,success,1
TXN_003346,CUST_01967,2281.18,card,DEV_00918,SG,2026-05-16,failed,13
TXN_003347,CUST_00292,6168.74,netbanking,DEV_01124,AE,2026-02-17,success,21
TXN_003348,CUST_00344,1182.94,card,DEV_00689,IN,2026-02-12,success,42
TXN_003349,CUST_01171,1477.18,wallet,DEV_02812,US,2026-08-10,success,37
TXN_003350,CUST_00265,7674.92,netbanking,DEV_01347,IN,2026-08-13,success,9
TXN_003351,CUST_01476,1769.41,upi,DEV_00009,IN,2026-01-06,success,5
TXN_003352,CUST_00822,5499.15,wallet,DEV_01019,GB,2026-07-10,failed,46
TXN_003353,CUST_00330,1616.36,wallet,DEV_00981,SG,2026-01-29,success,25
TXN_003354,CUST_01854,1393.95,card,DEV_02115,SG,2026-05-27,success,10
TXN_003355,CUST_01344,5227.23,card,DEV_01033,IN,2026-04-14,success,42
TXN_003356,CUST_00310,2781.13,card,DEV_02375,IN,2026-04-09,success,31
TXN_003357,CUST_00011,2224.91,upi,DEV_00569,AE,2026-02-21,failed,25
TXN_003358,CUST_01466,2570.68,wallet,DEV_02935,SG,2026-01-12,failed,48
TXN_003359,CUST_00988,649.69,card,DEV_02220,GB,2026-03-18,success,18
TXN_003360,CUST_00049,5492.99,wallet,DEV_01967,GB,2026-04-10,success,34
TXN_003361,CUST_01302,3021.7,card,DEV_00208,IN,2026-06-02,success,41
TXN_003362,CUST_00710,2564.57,upi,DEV_01021,AE,2026-01-31,success,16
TXN_003363,CUST_01573,1711.52,upi,DEV_01826,IN,2026-01-25,success,7
TXN_003364,CUST_00238,6359.39,netbanking,DEV_00379,SG,2026-05-23,success,15
TXN_003365,CUST_00540,3217.32,netbanking,DEV_01351,SG,2026-02-06,success,32
TXN_003366,CUST_00133,6337.23,upi,DEV_00075,US,2026-06-12,success,48
TXN_003367,CUST_01569,2883.2,card,DEV_00281,GB,2026-02-22,success,14
TXN_003368,CUST_01839,26073.8,upi,DEV_01138,AE,2026-04-16,success,30
TXN_003369,CUST_00261,2958.58,wallet,DEV_01318,AE,2026-05-28,success,35
TXN_003370,CUST_01198,1208.46,netbanking,DEV_02384,GB,2026-08-09,failed,42
TXN_003371,CUST_00539,1641.36,wallet,DEV_01809,US,2026-07-03,success,13
TXN_003372,CUST_00769,1985.3,card,DEV_00240,SG,2026-02-05,success,36
TXN_003373,CUST_00472,3026.62,card,DEV_00571,SG,2026-01-24,success,33
TXN_003374,CUST_00207,2631.11,upi,DEV_02674,US,2026-05-12,failed,2
TXN_003375,CUST_01564,1123.56,netbanking,DEV_00005,US,2026-04-11,success,14
TXN_003376,CUST_00871,4059.45,card,DEV_02175,GB,2026-05-09,success,35
TXN_003377,CUST_01802,5321.4,wallet,DEV_01074,GB,2026-02-04,failed,7
TXN_003378,CUST_01552,1123.05,upi,DEV_01469,US,2026-04-16,success,2
TXN_003379,CUST_01186,6080.35,upi,DEV_00911,GB,2026-04-27,success,47
TXN_003380,CUST_01347,3277.44,card,DEV_01207,IN,2026-02-10,success,42
TXN_003381,CUST_00720,2870.54,upi,DEV_02260,GB,2026-01-28,success,25
TXN_003382,CUST_01089,9510.84,wallet,DEV_00285,US,2026-07-21,success,20
TXN_003383,CUST_01909,2384.22,netbanking,DEV_02313,IN,2026-03-15,failed,7
TXN_003384,CUST_01872,8008.9,card,DEV_00130,IN,2026-04-29,success,36
TXN_003385,CUST_00201,3730.51,upi,DEV_00227,GB,2026-04-20,failed,32
TXN_003386,CUST_00551,1829.91,card,DEV_00221,IN,2026-02-02,success,46
TXN_003387,CUST_01960,10225.65,upi,DEV_01878,IN,2026-01-08,success,7
TXN_003388,CUST_01521,14013.03,upi,DEV_00822,US,2026-05-26,failed,50
TXN_003389,CUST_01691,7214.94,card,DEV_01438,IN,2026-02-02,success,45
TXN_003390,CUST_00151,1748.7,netbanking,DEV_02181,GB,2026-01-03,failed,31
TXN_003391,CUST_01325,2470.19,wallet,DEV_01783,GB,2026-02-27,success,7
TXN_003392,CUST_01495,2652.02,netbanking,DEV_01564,IN,2026-08-13,success,23
TXN_003393,CUST_01417,2187.84,upi,DEV_00592,AE,2026-04-18,success,26
TXN_003394,CUST_00313,9624.23,netbanking,DEV_01569,IN,2026-01-28,success,1
TXN_003395,CUST_01148,3686.72,netbanking,DEV_00970,IN,2026-04-04,failed,5
TXN_003396,CUST_01927,9681.82,upi,DEV_02998,GB,2026-05-06,success,40
TXN_003397,CUST_00529,2461.77,netbanking,DEV_00963,GB,2026-05-23,failed,48
TXN_003398,CUST_01767,2816.0,card,DEV_02012,AE,2026-05-17,success,8
TXN_003399,CUST_00096,2872.95,upi,DEV_01302,IN,2026-07-11,success,39
TXN_003400,CUST_00490,4426.48,wallet,DEV_02737,US,2026-04-11,failed,27
TXN_003401,CUST_00115,872.3,card,DEV_02087,AE,2026-08-05,failed,30
TXN_003402,CUST_00218,1303.08,wallet,DEV_01439,AE,2026-02-09,success,12
TXN_003403,CUST_00373,1805.59,netbanking,DEV_00314,SG,2026-08-14,failed,43
TXN_003404,CUST_01651,4216.81,wallet,DEV_02236,AE,2026-05-11,success,44
TXN_003405,CUST_00586,2791.05,netbanking,DEV_01939,AE,2026-08-01,success,7
TXN_003406,CUST_01155,1615.05,upi,DEV_02369,IN,2026-06-13,success,24
TXN_003407,CUST_00558,1051.13,netbanking,DEV_00062,IN,2026-04-16,success,3
TXN_003408,CUST_00297,2857.91,netbanking,DEV_02051,SG,2026-05-04,success,11
TXN_003409,CUST_00808,8261.05,upi,DEV_00515,US,2026-03-22,success,2
TXN_003410,CUST_00090,5057.51,upi,DEV_01260,IN,2026-03-20,failed,23
TXN_003411,CUST_00695,6725.82,wallet,DEV_02244,US,2026-01-29,success,42
TXN_003412,CUST_01574,3033.33,card,DEV_01378,AE,2026-08-04,success,43
TXN_003413,CUST_00560,1560.59,netbanking,DEV_00671,GB,2026-03-07,success,41
TXN_003414,CUST_01422,2088.64,card,DEV_01638,GB,2026-07-25,success,29
TXN_003415,CUST_01300,3006.09,card,DEV_00507,IN,2026-06-21,failed,35
TXN_003416,CUST_01038,1344.04,upi,DEV_02240,SG,2026-01-21,success,2
TXN_003417,CUST_00906,1197.04,wallet,DEV_01021,IN,2026-08-08,failed,1
TXN_003418,CUST_00230,3133.9,upi,DEV_01257,US,2026-03-28,success,34
TXN_003419,CUST_01489,8009.78,upi,DEV_02966,IN,2026-05-16,success,9
TXN_003420,CUST_01311,1769.11,wallet,DEV_02199,IN,2026-04-14,failed,36
TXN_003421,CUST_01329,11536.21,netbanking,DEV_00075,GB,2026-08-05,success,38
TXN_003422,CUST_00838,1398.68,card,DEV_00180,US,2026-01-24,success,4
TXN_003423,CUST_00222,8266.16,netbanking,DEV_01274,US,2026-06-18,success,1
TXN_003424,CUST_00397,946.36,card,DEV_02975,US,2026-03-05,success,40
TXN_003425,CUST_00100,1031.62,card,DEV_02901,AE,2026-01-14,success,1
TXN_003426,CUST_00216,5194.86,wallet,DEV_00018,US,2026-05-08,success,38
TXN_003427,CUST_01459,4230.14,card,DEV_02923,SG,2026-04-09,success,48
TXN_003428,CUST_01133,5599.55,card,DEV_00830,US,2026-01-16,success,4
TXN_003429,CUST_00407,2061.58,card,DEV_02436,AE,2026-05-21,success,8
TXN_003430,CUST_01216,5915.54,card,DEV_00367,GB,2026-01-09,success,23
TXN_003431,CUST_01671,6156.69,upi,DEV_01220,AE,2026-07-28,success,27
TXN_003432,CUST_00021,1536.65,upi,DEV_00439,AE,2026-07-11,success,18
TXN_003433,CUST_00355,5664.99,wallet,DEV_02672,SG,2026-04-17,success,1
TXN_003434,CUST_01895,7712.17,card,DEV_02582,AE,2026-08-15,success,29
TXN_003435,CUST_01053,1557.69,netbanking,DEV_02801,SG,2026-07-12,success,30
TXN_003436,CUST_00526,1099.45,netbanking,DEV_00404,SG,2026-06-15,success,49
TXN_003437,CUST_00890,3086.07,wallet,DEV_02146,GB,2026-08-11,success,20
TXN_003438,CUST_00028,1393.24,card,DEV_02576,IN,2026-01-20,success,42
TXN_003439,CUST_01104,4123.31,wallet,DEV_01396,US,2026-03-28,success,9
TXN_003440,CUST_01425,3184.2,card,DEV_00093,AE,2026-02-12,failed,8
TXN_003441,CUST_01055,3764.85,card,DEV_01932,US,2026-07-19,failed,49
TXN_003442,CUST_00179,585.14,card,DEV_02929,US,2026-04-30,success,2
TXN_003443,CUST_00632,3993.82,wallet,DEV_00434,AE,2026-01-08,success,48
TXN_003444,CUST_00364,8577.25,wallet,DEV_00634,US,2026-02-21,failed,46
TXN_003445,CUST_00727,16282.04,netbanking,DEV_01971,AE,2026-07-18,success,1
TXN_003446,CUST_00749,2288.3,upi,DEV_01988,GB,2026-08-03,success,35
TXN_003447,CUST_00757,1289.01,card,DEV_01833,AE,2026-05-24,success,39
TXN_003448,CUST_00855,1255.55,card,DEV_00746,GB,2026-05-21,success,40
TXN_003449,CUST_01850,3194.66,netbanking,DEV_01442,AE,2026-08-10,success,12
TXN_003450,CUST_00402,1268.71,card,DEV_00696,GB,2026-06-21,success,44
TXN_003451,CUST_01258,1084.08,upi,DEV_00553,US,2026-08-13,failed,12
TXN_003452,CUST_01991,3361.13,upi,DEV_00665,IN,2026-04-11,success,41
TXN_003453,CUST_01997,2308.53,wallet,DEV_02468,AE,2026-05-22,success,30
TXN_003454,CUST_00484,15515.12,wallet,DEV_01064,AE,2026-06-20,failed,8
TXN_003455,CUST_00077,6744.57,card,DEV_01594,AE,2026-06-24,success,38
TXN_003456,CUST_00531,1612.69,card,DEV_01790,SG,2026-06-26,success,50
TXN_003457,CUST_00678,2279.05,upi,DEV_02368,GB,2026-06-28,success,15
TXN_003458,CUST_01905,1450.4,card,DEV_01319,IN,2026-07-08,success,22
TXN_003459,CUST_00934,5742.27,wallet,DEV_01222,US,2026-04-10,success,24
TXN_003460,CUST_01633,2543.32,card,DEV_01968,IN,2026-02-25,success,11
TXN_003461,CUST_00189,3376.11,netbanking,DEV_00191,SG,2026-07-16,success,28
TXN_003462,CUST_01942,4133.02,upi,DEV_01156,US,2026-06-29,success,12
TXN_003463,CUST_01832,929.21,upi,DEV_02368,US,2026-03-15,success,3
TXN_003464,CUST_01140,1550.59,card,DEV_00903,IN,2026-01-03,success,49
TXN_003465,CUST_00190,9473.64,card,DEV_01742,SG,2026-07-27,success,33
TXN_003466,CUST_00162,20307.63,card,DEV_01296,US,2026-01-12,success,49
TXN_003467,CUST_01438,885.74,card,DEV_01509,IN,2026-04-07,failed,6
TXN_003468,CUST_01332,14146.27,netbanking,DEV_02926,SG,2026-04-10,success,50
TXN_003469,CUST_00814,5245.91,wallet,DEV_02921,US,2026-03-01,success,20
TXN_003470,CUST_01058,750.18,upi,DEV_01270,SG,2026-01-24,success,25
TXN_003471,CUST_00900,2687.33,card,DEV_01335,IN,2026-07-29,success,36
TXN_003472,CUST_00328,11440.78,netbanking,DEV_02043,AE,2026-03-08,success,8
TXN_003473,CUST_01371,4920.38,wallet,DEV_02071,SG,2026-07-21,failed,25
TXN_003474,CUST_01774,1099.82,card,DEV_01311,AE,2026-03-05,success,31
TXN_003475,CUST_01000,2568.55,netbanking,DEV_00456,US,2026-05-20,success,25
TXN_003476,CUST_00203,6702.76,wallet,DEV_02019,GB,2026-07-26,success,39
TXN_003477,CUST_00441,9054.05,upi,DEV_00960,SG,2026-04-06,failed,34
TXN_003478,CUST_00703,2261.91,card,DEV_01399,GB,2026-03-08,success,42
TXN_003479,CUST_00977,2502.58,wallet,DEV_02620,IN,2026-07-15,failed,38
TXN_003480,CUST_00837,4152.7,upi,DEV_00931,AE,2026-01-05,success,12
TXN_003481,CUST_00286,4790.92,netbanking,DEV_01199,AE,2026-07-14,success,7
TXN_003482,CUST_01520,1324.72,netbanking,DEV_01732,AE,2026-04-30,success,49
TXN_003483,CUST_00364,16806.31,card,DEV_01467,IN,2026-04-24,success,46
TXN_003484,CUST_01683,9174.98,card,DEV_01887,US,2026-01-16,failed,28
TXN_003485,CUST_00615,1578.64,card,DEV_01482,AE,2026-07-26,success,46
TXN_003486,CUST_01950,5606.73,wallet,DEV_02178,US,2026-05-04,success,10
TXN_003487,CUST_00036,9570.82,upi,DEV_00401,AE,2026-03-23,success,30
TXN_003488,CUST_00527,1156.69,upi,DEV_02172,IN,2026-07-18,success,24
TXN_003489,CUST_01245,8215.0,wallet,DEV_01215,IN,2026-08-04,success,4
TXN_003490,CUST_00891,6005.95,netbanking,DEV_02891,AE,2026-06-21,success,49
TXN_003491,CUST_01445,3954.41,wallet,DEV_00205,US,2026-05-25,success,35
TXN_003492,CUST_00242,308.16,netbanking,DEV_01064,AE,2026-06-25,failed,10
TXN_003493,CUST_00125,5926.7,upi,DEV_01847,US,2026-05-23,success,46
TXN_003494,CUST_00531,4873.52,card,DEV_01838,AE,2026-04-20,success,50
TXN_003495,CUST_01703,22254.74,upi,DEV_00043,AE,2026-06-17,failed,32
TXN_003496,CUST_00571,4169.24,upi,DEV_00590,AE,2026-01-18,success,40
TXN_003497,CUST_00554,6644.76,netbanking,DEV_00853,SG,2026-04-13,failed,41
TXN_003498,CUST_00599,3788.21,wallet,DEV_02833,US,2026-04-02,success,31
TXN_003499,CUST_00312,5088.28,upi,DEV_02167,AE,2026-07-04,failed,19
TXN_003500,CUST_01364,11322.34,card,DEV_01665,IN,2026-07-24,success,47
TXN_003501,CUST_00883,3169.73,wallet,DEV_02423,US,2026-02-15,success,6
TXN_003502,CUST_01645,3719.57,netbanking,DEV_01518,US,2026-03-08,success,44
TXN_003503,CUST_00375,3543.71,netbanking,DEV_00105,SG,2026-08-02,success,6
TXN_003504,CUST_01843,4422.12,wallet,DEV_00820,SG,2026-04-18,success,37
TXN_003505,CUST_00144,4048.81,netbanking,DEV_02442,AE,2026-04-20,success,16
TXN_003506,CUST_00241,4179.11,card,DEV_01288,US,2026-06-24,success,8
TXN_003507,CUST_00964,1923.75,wallet,DEV_01845,IN,2026-07-08,failed,23
TXN_003508,CUST_00242,9917.75,wallet,DEV_02048,GB,2026-03-30,success,10
TXN_003509,CUST_00510,7424.47,upi,DEV_01788,IN,2026-05-31,success,34
TXN_003510,CUST_01679,3913.13,upi,DEV_02159,GB,2026-02-07,success,3
TXN_003511,CUST_01972,3211.94,wallet,DEV_00861,AE,2026-07-11,success,41
TXN_003512,CUST_00207,1724.97,wallet,DEV_02985,US,2026-02-16,success,2
TXN_003513,CUST_00391,2569.87,upi,DEV_00719,US,2026-05-04,success,48
TXN_003514,CUST_01542,2261.06,card,DEV_00308,AE,2026-08-01,success,29
TXN_003515,CUST_01730,1527.93,wallet,DEV_01745,SG,2026-01-31,failed,3
TXN_003516,CUST_01813,6053.76,card,DEV_01733,US,2026-01-15,success,36
TXN_003517,CUST_01996,2824.09,upi,DEV_02527,SG,2026-04-06,success,4
TXN_003518,CUST_01690,1579.28,netbanking,DEV_01099,SG,2026-04-14,success,30
TXN_003519,CUST_00515,1453.84,card,DEV_01536,US,2026-01-27,failed,46
TXN_003520,CUST_00617,3584.58,card,DEV_00850,SG,2026-08-08,success,8
TXN_003521,CUST_00976,6101.97,upi,DEV_00122,US,2026-07-11,failed,41
TXN_003522,CUST_01774,1085.25,card,DEV_00392,GB,2026-02-17,failed,31
TXN_003523,CUST_01458,7705.3,netbanking,DEV_02030,IN,2026-01-16,failed,28
TXN_003524,CUST_01324,2843.13,card,DEV_00293,AE,2026-04-29,success,50
TXN_003525,CUST_00765,3415.64,upi,DEV_00330,AE,2026-02-19,failed,25
TXN_003526,CUST_00172,17037.78,card,DEV_01403,IN,2026-01-09,success,25
TXN_003527,CUST_01964,4122.44,upi,DEV_00855,US,2026-04-16,failed,40
TXN_003528,CUST_00477,8452.58,upi,DEV_01040,GB,2026-04-07,success,21
TXN_003529,CUST_00586,2911.32,card,DEV_01805,US,2026-05-25,success,7
TXN_003530,CUST_01586,2061.95,wallet,DEV_01775,US,2026-05-23,success,20
TXN_003531,CUST_01015,4393.25,upi,DEV_02306,IN,2026-07-09,failed,41
TXN_003532,CUST_01233,2339.82,netbanking,DEV_01066,IN,2026-02-10,success,45
TXN_003533,CUST_00786,6493.34,netbanking,DEV_00446,SG,2026-02-26,success,21
TXN_003534,CUST_01256,1674.19,upi,DEV_01893,US,2026-07-14,failed,47
TXN_003535,CUST_01684,2607.5,upi,DEV_02216,IN,2026-02-10,success,34
TXN_003536,CUST_00397,5231.25,wallet,DEV_00911,GB,2026-06-16,success,40
TXN_003537,CUST_00338,6968.77,netbanking,DEV_02307,AE,2026-01-16,success,24
TXN_003538,CUST_00595,3726.87,wallet,DEV_02944,AE,2026-04-26,failed,37
TXN_003539,CUST_01390,3486.08,netbanking,DEV_00704,AE,2026-08-09,success,35
TXN_003540,CUST_00052,6183.32,netbanking,DEV_01458,US,2026-05-31,failed,34
TXN_003541,CUST_00700,597.74,netbanking,DEV_02554,SG,2026-04-06,success,30
TXN_003542,CUST_00326,2887.12,wallet,DEV_02961,IN,2026-05-10,failed,36
TXN_003543,CUST_01769,3227.82,netbanking,DEV_00012,AE,2026-07-11,failed,40
TXN_003544,CUST_01759,14957.82,netbanking,DEV_01691,IN,2026-02-13,success,47
TXN_003545,CUST_00515,5234.58,card,DEV_02725,IN,2026-05-25,success,46
TXN_003546,CUST_00926,1329.51,card,DEV_00680,US,2026-07-17,success,28
TXN_003547,CUST_01747,4205.82,netbanking,DEV_01226,US,2026-06-08,success,25
TXN_003548,CUST_01340,2786.4,netbanking,DEV_01062,SG,2026-05-27,success,15
TXN_003549,CUST_00723,2241.52,upi,DEV_00711,US,2026-03-31,success,11
TXN_003550,CUST_01673,7799.68,upi,DEV_00845,US,2026-01-02,success,14
TXN_003551,CUST_01314,7602.51,upi,DEV_01465,IN,2026-01-11,success,22
TXN_003552,CUST_00860,940.76,netbanking,DEV_02671,GB,2026-03-30,success,49
TXN_003553,CUST_00658,687.33,card,DEV_02533,US,2026-03-28,success,16
TXN_003554,CUST_01468,4760.99,netbanking,DEV_02941,IN,2026-02-27,failed,2
TXN_003555,CUST_01320,7264.24,netbanking,DEV_02848,US,2026-06-09,success,28
TXN_003556,CUST_00193,10083.64,upi,DEV_00790,US,2026-03-17,success,10
TXN_003557,CUST_01254,3062.25,wallet,DEV_00669,SG,2026-04-20,success,41
TXN_003558,CUST_00071,1856.57,card,DEV_02202,IN,2026-03-30,success,32
TXN_003559,CUST_01780,8924.46,card,DEV_00518,GB,2026-07-12,success,45
TXN_003560,CUST_01281,4277.21,card,DEV_00663,SG,2026-01-15,failed,33
TXN_003561,CUST_01410,4777.39,netbanking,DEV_02452,AE,2026-03-22,success,3
TXN_003562,CUST_01878,17945.02,card,DEV_00483,US,2026-03-04,failed,39
TXN_003563,CUST_00211,5312.13,wallet,DEV_00812,IN,2026-05-04,failed,36
TXN_003564,CUST_00383,5485.96,netbanking,DEV_02409,GB,2026-03-13,success,43
TXN_003565,CUST_00737,2965.63,card,DEV_00061,AE,2026-02-16,success,10
TXN_003566,CUST_00097,10190.56,card,DEV_02320,US,2026-04-25,success,44
TXN_003567,CUST_00155,6408.07,card,DEV_02401,US,2026-02-16,failed,46
TXN_003568,CUST_00990,9638.56,wallet,DEV_00312,US,2026-01-26,failed,35
TXN_003569,CUST_01257,6036.08,netbanking,DEV_00951,AE,2026-02-02,failed,12
TXN_003570,CUST_00829,6211.96,netbanking,DEV_01940,GB,2026-02-08,failed,30
TXN_003571,CUST_01786,5319.09,netbanking,DEV_01570,IN,2026-02-06,success,5
TXN_003572,CUST_00340,3745.75,wallet,DEV_00494,AE,2026-07-27,success,7
TXN_003573,CUST_01122,4963.44,card,DEV_00019,SG,2026-06-01,success,43
TXN_003574,CUST_00733,9493.17,netbanking,DEV_01292,US,2026-03-11,success,36
TXN_003575,CUST_01382,10189.51,upi,DEV_00681,IN,2026-01-17,success,48
TXN_003576,CUST_01992,1851.16,upi,DEV_01360,GB,2026-01-03,success,45
TXN_003577,CUST_01252,1313.66,card,DEV_01110,US,2026-07-04,success,48
TXN_003578,CUST_01356,1421.14,card,DEV_02384,IN,2026-03-18,success,22
TXN_003579,CUST_00566,2247.47,card,DEV_02120,AE,2026-05-05,failed,46
TXN_003580,CUST_00637,1382.5,upi,DEV_01069,AE,2026-06-04,success,30
TXN_003581,CUST_00233,4801.12,netbanking,DEV_02837,GB,2026-08-09,success,48
TXN_003582,CUST_01050,2016.5,upi,DEV_00383,SG,2026-05-20,success,42
TXN_003583,CUST_00135,3242.47,netbanking,DEV_02574,GB,2026-06-29,success,14
TXN_003584,CUST_01262,1681.57,upi,DEV_00031,GB,2026-07-17,failed,46
TXN_003585,CUST_01279,2735.26,wallet,DEV_00170,AE,2026-05-07,failed,34
TXN_003586,CUST_01595,1749.27,upi,DEV_00856,US,2026-07-13,success,45
TXN_003587,CUST_00062,3807.76,wallet,DEV_01452,IN,2026-04-02,success,27
TXN_003588,CUST_01048,1282.42,upi,DEV_01394,AE,2026-07-03,success,8
TXN_003589,CUST_01263,1211.81,wallet,DEV_01127,IN,2026-08-15,success,21
TXN_003590,CUST_01470,4708.62,netbanking,DEV_02160,SG,2026-02-19,success,37
TXN_003591,CUST_00314,10163.64,netbanking,DEV_02866,AE,2026-07-01,failed,19
TXN_003592,CUST_00528,3395.13,upi,DEV_01657,US,2026-01-05,success,18
TXN_003593,CUST_00088,4670.37,wallet,DEV_01976,US,2026-06-18,success,40
TXN_003594,CUST_01590,8403.33,netbanking,DEV_01250,US,2026-08-09,success,9
TXN_003595,CUST_00952,2612.56,netbanking,DEV_00329,SG,2026-04-11,success,4
TXN_003596,CUST_00467,4632.36,upi,DEV_00708,US,2026-08-11,success,13
TXN_003597,CUST_01475,4992.47,card,DEV_00436,SG,2026-02-16,success,22
TXN_003598,CUST_01144,3190.05,wallet,DEV_00689,GB,2026-04-25,success,1
TXN_003599,CUST_01906,6306.7,wallet,DEV_00773,SG,2026-07-14,success,50
TXN_003600,CUST_01914,7357.98,upi,DEV_02647,IN,2026-01-24,success,35
TXN_003601,CUST_00532,5014.79,upi,DEV_01007,GB,2026-01-23,success,40
TXN_003602,CUST_01853,10040.34,upi,DEV_02434,IN,2026-07-21,success,34
TXN_003603,CUST_01764,8521.22,wallet,DEV_01616,US,2026-08-01,failed,37
TXN_003604,CUST_01194,7617.13,card,DEV_00551,AE,2026-04-13,success,43
TXN_003605,CUST_00278,703.24,netbanking,DEV_01404,IN,2026-05-29,success,47
TXN_003606,CUST_01880,5471.82,wallet,DEV_00796,US,2026-01-18,failed,43
TXN_003607,CUST_00370,4211.9,netbanking,DEV_02651,IN,2026-01-05,success,29
TXN_003608,CUST_00848,3702.68,card,DEV_00205,IN,2026-05-28,success,49
TXN_003609,CUST_01318,2667.18,upi,DEV_01519,US,2026-05-18,success,43
TXN_003610,CUST_01589,9044.95,upi,DEV_00657,GB,2026-08-03,failed,3
TXN_003611,CUST_00515,3357.89,card,DEV_00356,SG,2026-02-26,failed,46
TXN_003612,CUST_00575,12597.19,card,DEV_02847,IN,2026-04-18,success,2
TXN_003613,CUST_00685,2326.74,upi,DEV_01890,AE,2026-06-18,success,3
TXN_003614,CUST_00059,5835.32,netbanking,DEV_01639,GB,2026-04-13,success,35
TXN_003615,CUST_01253,5275.99,wallet,DEV_00225,AE,2026-04-22,success,50
TXN_003616,CUST_00836,6060.9,wallet,DEV_01153,US,2026-07-01,success,11
TXN_003617,CUST_01606,2896.04,card,DEV_00061,SG,2026-03-25,success,39
TXN_003618,CUST_00685,3659.89,wallet,DEV_00711,US,2026-03-11,failed,3
TXN_003619,CUST_00125,845.0,card,DEV_01822,AE,2026-06-18,success,46
TXN_003620,CUST_01714,1528.76,upi,DEV_02758,IN,2026-02-22,success,3
TXN_003621,CUST_00172,5628.04,wallet,DEV_00470,IN,2026-06-14,success,25
TXN_003622,CUST_01602,2622.24,netbanking,DEV_02919,IN,2026-04-22,success,20
TXN_003623,CUST_00026,4168.89,upi,DEV_00820,IN,2026-04-10,success,3
TXN_003624,CUST_00057,6273.22,netbanking,DEV_01179,IN,2026-07-11,success,3
TXN_003625,CUST_00424,10221.55,wallet,DEV_00732,AE,2026-05-01,failed,39
TXN_003626,CUST_00895,9330.36,netbanking,DEV_01953,AE,2026-07-12,success,27
TXN_003627,CUST_00611,6308.45,wallet,DEV_02837,US,2026-07-22,success,23
TXN_003628,CUST_01797,3168.05,netbanking,DEV_00738,SG,2026-01-12,success,45
TXN_003629,CUST_01141,613.9,wallet,DEV_00285,AE,2026-03-25,success,28
TXN_003630,CUST_01067,1627.08,card,DEV_02096,SG,2026-04-23,success,47
TXN_003631,CUST_00488,5699.31,card,DEV_02026,SG,2026-06-07,success,10
TXN_003632,CUST_00800,14757.59,upi,DEV_01228,US,2026-01-11,success,50
TXN_003633,CUST_01070,26750.6,netbanking,DEV_02296,US,2026-04-24,success,1
TXN_003634,CUST_00483,3459.1,netbanking,DEV_01095,IN,2026-07-16,failed,50
TXN_003635,CUST_01230,21854.23,upi,DEV_00898,GB,2026-03-30,failed,26
TXN_003636,CUST_01160,1263.33,netbanking,DEV_00805,SG,2026-07-30,failed,45
TXN_003637,CUST_00338,791.65,netbanking,DEV_01838,SG,2026-07-14,success,24
TXN_003638,CUST_01514,1356.87,upi,DEV_01471,GB,2026-07-17,success,19
TXN_003639,CUST_00261,2015.25,upi,DEV_01551,US,2026-04-18,success,35
TXN_003640,CUST_01839,10572.87,netbanking,DEV_02819,AE,2026-02-14,success,30
TXN_003641,CUST_01998,2162.59,wallet,DEV_02893,GB,2026-01-17,success,24
TXN_003642,CUST_00014,650.04,card,DEV_02440,GB,2026-02-28,success,25
TXN_003643,CUST_01639,3195.61,netbanking,DEV_01974,GB,2026-02-14,success,25
TXN_003644,CUST_00289,21799.47,wallet,DEV_02975,GB,2026-03-02,success,17
TXN_003645,CUST_00233,1634.36,card,DEV_00134,SG,2026-07-19,success,48
TXN_003646,CUST_01926,9087.46,wallet,DEV_02186,IN,2026-03-09,failed,7
TXN_003647,CUST_00092,2342.95,card,DEV_01249,AE,2026-08-05,failed,35
TXN_003648,CUST_00047,2855.21,card,DEV_01203,US,2026-04-27,success,35
TXN_003649,CUST_01826,3602.48,netbanking,DEV_00870,AE,2026-01-14,failed,30
TXN_003650,CUST_00089,3410.88,wallet,DEV_00338,SG,2026-07-12,failed,35
TXN_003651,CUST_00681,2723.86,netbanking,DEV_01703,GB,2026-04-17,failed,23
TXN_003652,CUST_01956,892.43,upi,DEV_02783,AE,2026-07-13,success,2
TXN_003653,CUST_01788,3251.03,wallet,DEV_02267,IN,2026-04-05,success,50
TXN_003654,CUST_01645,3252.76,card,DEV_02128,GB,2026-07-29,success,44
TXN_003655,CUST_01495,3928.98,card,DEV_00611,AE,2026-05-02,success,23
TXN_003656,CUST_00640,779.23,card,DEV_00046,SG,2026-03-20,success,47
TXN_003657,CUST_00174,2764.63,card,DEV_02857,AE,2026-06-16,failed,49
TXN_003658,CUST_01607,1131.59,card,DEV_01189,US,2026-04-04,failed,28
TXN_003659,CUST_01896,3664.23,wallet,DEV_00137,GB,2026-01-10,success,42
TXN_003660,CUST_01727,2829.73,upi,DEV_01820,GB,2026-04-19,success,19
TXN_003661,CUST_00195,661.62,upi,DEV_00111,AE,2026-05-04,failed,35
TXN_003662,CUST_00334,1062.62,upi,DEV_00092,AE,2026-05-01,success,30
TXN_003663,CUST_01384,4968.25,upi,DEV_00750,US,2026-04-18,failed,15
TXN_003664,CUST_01284,2220.25,wallet,DEV_02354,GB,2026-07-18,success,44
TXN_003665,CUST_00575,2422.72,card,DEV_02097,AE,2026-05-11,failed,2
TXN_003666,CUST_00739,2448.79,netbanking,DEV_00894,SG,2026-07-14,success,26
TXN_003667,CUST_01468,1133.88,card,DEV_01587,AE,2026-07-12,success,2
TXN_003668,CUST_00184,2650.74,wallet,DEV_00838,GB,2026-06-24,success,2
TXN_003669,CUST_01292,3191.92,wallet,DEV_01638,IN,2026-07-09,success,21
TXN_003670,CUST_00847,3089.72,netbanking,DEV_00090,GB,2026-05-27,success,8
TXN_003671,CUST_01080,1759.1,upi,DEV_00484,AE,2026-01-16,success,24
TXN_003672,CUST_00888,1532.05,wallet,DEV_02868,IN,2026-05-20,failed,15
TXN_003673,CUST_01927,9856.86,wallet,DEV_00122,AE,2026-04-11,success,40
TXN_003674,CUST_00231,1478.7,upi,DEV_00251,IN,2026-04-13,success,29
TXN_003675,CUST_00604,2751.15,card,DEV_01944,US,2026-07-27,success,29
TXN_003676,CUST_00230,12364.42,card,DEV_02757,SG,2026-07-28,success,34
TXN_003677,CUST_01266,4205.69,wallet,DEV_00492,SG,2026-02-09,failed,46
TXN_003678,CUST_00555,4388.46,netbanking,DEV_00836,US,2026-04-29,success,42
TXN_003679,CUST_01132,3690.98,wallet,DEV_00025,SG,2026-04-19,success,44
TXN_003680,CUST_01735,1366.91,netbanking,DEV_00703,AE,2026-05-31,success,44
TXN_003681,CUST_01013,1160.99,upi,DEV_00124,US,2026-07-03,success,7
TXN_003682,CUST_00307,1966.5,card,DEV_02764,US,2026-03-25,success,29
TXN_003683,CUST_00532,6019.29,card,DEV_00463,GB,2026-04-02,failed,40
TXN_003684,CUST_01220,11027.18,wallet,DEV_00110,AE,2026-06-03,success,40
TXN_003685,CUST_00967,1240.35,card,DEV_02527,GB,2026-07-29,failed,46
TXN_003686,CUST_00712,3928.58,upi,DEV_00009,GB,2026-03-08,success,19
TXN_003687,CUST_01531,1912.49,netbanking,DEV_00951,SG,2026-05-12,success,24
TXN_003688,CUST_00876,1139.34,upi,DEV_00223,US,2026-07-20,success,11
TXN_003689,CUST_01186,5219.37,wallet,DEV_02969,SG,2026-01-29,failed,47
TXN_003690,CUST_01974,1326.9,wallet,DEV_02057,IN,2026-04-09,failed,34
TXN_003691,CUST_00923,2115.89,netbanking,DEV_02717,US,2026-06-23,success,32
TXN_003692,CUST_01859,2250.47,netbanking,DEV_02643,SG,2026-05-29,success,30
TXN_003693,CUST_01856,7126.5,card,DEV_01555,GB,2026-08-14,success,43
TXN_003694,CUST_01743,917.86,card,DEV_01346,IN,2026-02-21,failed,47
TXN_003695,CUST_00162,3179.47,card,DEV_00469,AE,2026-01-14,success,49
TXN_003696,CUST_01766,9096.88,wallet,DEV_02584,GB,2026-01-11,failed,35
TXN_003697,CUST_01074,1454.14,card,DEV_00834,IN,2026-05-12,success,25
TXN_003698,CUST_00306,3524.25,card,DEV_01861,US,2026-04-13,success,19
TXN_003699,CUST_01322,2456.86,upi,DEV_02461,AE,2026-05-21,success,24
TXN_003700,CUST_00760,6227.58,netbanking,DEV_01226,SG,2026-03-25,success,36
TXN_003701,CUST_00385,12850.3,card,DEV_01875,US,2026-05-13,success,49
TXN_003702,CUST_01587,3548.72,upi,DEV_02628,AE,2026-06-11,success,14
TXN_003703,CUST_01374,2291.64,card,DEV_00309,AE,2026-05-19,success,31
TXN_003704,CUST_01010,1253.18,wallet,DEV_02427,IN,2026-07-04,failed,2
TXN_003705,CUST_01440,1398.45,card,DEV_00703,AE,2026-04-14,failed,40
TXN_003706,CUST_01424,5093.71,upi,DEV_00064,SG,2026-01-09,success,30
TXN_003707,CUST_00627,1218.95,card,DEV_00984,SG,2026-01-31,failed,50
TXN_003708,CUST_00874,1686.92,card,DEV_02604,US,2026-04-18,success,32
TXN_003709,CUST_00101,4130.99,netbanking,DEV_01150,GB,2026-02-25,success,17
TXN_003710,CUST_00774,2744.63,wallet,DEV_02582,US,2026-06-14,success,34
TXN_003711,CUST_00120,6176.63,netbanking,DEV_02138,AE,2026-01-02,success,2
TXN_003712,CUST_01807,10698.95,upi,DEV_00045,GB,2026-07-27,success,37
TXN_003713,CUST_01314,2403.36,netbanking,DEV_00665,GB,2026-02-25,failed,22
TXN_003714,CUST_01498,11197.03,card,DEV_02399,IN,2026-02-09,success,1
TXN_003715,CUST_00322,1909.13,wallet,DEV_01492,US,2026-01-03,success,33
TXN_003716,CUST_01193,17413.61,netbanking,DEV_02335,AE,2026-04-14,success,21
TXN_003717,CUST_00051,4580.98,upi,DEV_02499,AE,2026-06-16,failed,43
TXN_003718,CUST_01437,3453.34,card,DEV_00541,GB,2026-03-04,failed,50
TXN_003719,CUST_00726,6596.65,netbanking,DEV_00545,GB,2026-01-11,success,3
TXN_003720,CUST_01894,4307.43,netbanking,DEV_00911,AE,2026-03-07,success,5
TXN_003721,CUST_01428,1981.51,wallet,DEV_01505,GB,2026-06-23,success,35
TXN_003722,CUST_01244,2892.8,upi,DEV_01639,GB,2026-08-04,success,11
TXN_003723,CUST_00586,10718.87,card,DEV_01443,SG,2026-04-26,failed,7
TXN_003724,CUST_01492,14388.98,upi,DEV_02121,GB,2026-03-12,failed,29
TXN_003725,CUST_01043,4781.14,wallet,DEV_00624,US,2026-02-02,success,4
TXN_003726,CUST_00246,11102.63,wallet,DEV_00158,AE,2026-04-14,failed,26
TXN_003727,CUST_01809,1616.57,wallet,DEV_01163,SG,2026-01-19,success,44
TXN_003728,CUST_01059,4107.83,netbanking,DEV_02382,GB,2026-05-26,failed,44
TXN_003729,CUST_00908,2400.1,upi,DEV_00553,IN,2026-03-07,success,35
TXN_003730,CUST_01678,2612.66,wallet,DEV_00756,US,2026-04-16,success,7
TXN_003731,CUST_01555,3700.21,card,DEV_01573,AE,2026-04-12,success,34
TXN_003732,CUST_01549,1220.42,wallet,DEV_02332,SG,2026-04-15,success,34
TXN_003733,CUST_00212,3727.2,upi,DEV_01413,AE,2026-06-06,success,30
TXN_003734,CUST_01683,619.67,upi,DEV_00883,GB,2026-07-12,failed,28
TXN_003735,CUST_00825,2181.19,wallet,DEV_02278,SG,2026-04-29,failed,13
TXN_003736,CUST_01866,3756.17,wallet,DEV_02503,US,2026-04-06,failed,28
TXN_003737,CUST_01660,4296.31,card,DEV_01234,IN,2026-03-05,success,21
TXN_003738,CUST_01267,8772.94,upi,DEV_00201,SG,2026-08-10,success,12
TXN_003739,CUST_01383,4160.46,upi,DEV_00392,GB,2026-02-21,success,9
TXN_003740,CUST_00728,9477.63,card,DEV_00634,US,2026-04-14,success,41
TXN_003741,CUST_01620,2882.69,card,DEV_00019,IN,2026-03-16,success,20
TXN_003742,CUST_00100,866.9,card,DEV_02673,AE,2026-04-13,success,1
TXN_003743,CUST_00917,3841.24,card,DEV_01250,US,2026-08-07,success,38
TXN_003744,CUST_00437,2218.06,netbanking,DEV_02995,SG,2026-01-19,success,39
TXN_003745,CUST_01465,2522.95,netbanking,DEV_00485,IN,2026-02-22,failed,17
TXN_003746,CUST_01309,1743.41,netbanking,DEV_00624,SG,2026-05-01,success,8
TXN_003747,CUST_01956,3209.89,card,DEV_02423,SG,2026-05-19,failed,2
TXN_003748,CUST_00950,1299.95,netbanking,DEV_02750,AE,2026-03-18,success,48
TXN_003749,CUST_00866,1521.17,upi,DEV_01216,IN,2026-03-26,success,41
TXN_003750,CUST_01330,29028.4,card,DEV_02125,US,2026-03-01,success,38
TXN_003751,CUST_00625,1493.1,upi,DEV_00127,SG,2026-05-05,failed,15
TXN_003752,CUST_01726,5395.88,wallet,DEV_02493,IN,2026-06-09,success,12
TXN_003753,CUST_01787,1454.48,wallet,DEV_00513,SG,2026-07-31,success,31
TXN_003754,CUST_01096,2174.35,netbanking,DEV_01648,SG,2026-02-03,success,32
TXN_003755,CUST_01452,1997.62,card,DEV_01941,GB,2026-03-04,success,31
TXN_003756,CUST_00212,4057.68,wallet,DEV_02522,AE,2026-04-15,success,30
TXN_003757,CUST_01978,1595.7,wallet,DEV_02343,GB,2026-05-03,success,38
TXN_003758,CUST_00642,7767.41,netbanking,DEV_00028,GB,2026-03-05,success,19
TXN_003759,CUST_00858,6312.63,wallet,DEV_01056,IN,2026-07-01,success,46
TXN_003760,CUST_01167,2787.52,netbanking,DEV_00924,IN,2026-06-18,success,46
TXN_003761,CUST_00575,1229.44,wallet,DEV_02706,SG,2026-03-22,failed,2
TXN_003762,CUST_01559,32689.55,card,DEV_00053,IN,2026-05-08,failed,9
TXN_003763,CUST_00166,3601.52,wallet,DEV_00805,US,2026-01-19,failed,2
TXN_003764,CUST_00351,2041.3,netbanking,DEV_00255,US,2026-04-18,success,14
TXN_003765,CUST_00241,2565.77,upi,DEV_00185,US,2026-06-27,success,8
TXN_003766,CUST_00038,16336.11,card,DEV_02420,US,2026-05-13,failed,42
TXN_003767,CUST_00469,5005.69,upi,DEV_00861,AE,2026-01-11,success,24
TXN_003768,CUST_00399,4484.24,netbanking,DEV_02998,US,2026-07-27,success,39
TXN_003769,CUST_00687,6009.45,netbanking,DEV_01127,AE,2026-03-15,success,15
TXN_003770,CUST_00182,5718.12,netbanking,DEV_02021,AE,2026-01-07,failed,24
TXN_003771,CUST_01379,2056.26,wallet,DEV_00528,US,2026-03-22,success,27
TXN_003772,CUST_01383,5976.38,card,DEV_02834,AE,2026-04-16,success,9
TXN_003773,CUST_01046,2711.17,card,DEV_02492,IN,2026-07-21,failed,7
TXN_003774,CUST_01314,8349.74,card,DEV_02819,SG,2026-08-07,success,22
TXN_003775,CUST_00625,6381.93,card,DEV_01980,US,2026-06-18,success,15
TXN_003776,CUST_01613,2189.83,netbanking,DEV_00322,GB,2026-04-01,failed,42
TXN_003777,CUST_00456,2083.83,upi,DEV_01048,IN,2026-06-04,success,19
TXN_003778,CUST_01300,4037.38,netbanking,DEV_02085,IN,2026-03-30,success,35
TXN_003779,CUST_00538,2311.87,card,DEV_02986,IN,2026-03-24,failed,24
TXN_003780,CUST_00518,1480.6,netbanking,DEV_01112,SG,2026-04-11,success,41
TXN_003781,CUST_01689,3853.4,upi,DEV_02467,IN,2026-04-12,success,12
TXN_003782,CUST_01794,2656.81,wallet,DEV_01937,IN,2026-01-13,success,25
TXN_003783,CUST_00248,6879.13,card,DEV_02408,US,2026-08-01,success,28
TXN_003784,CUST_00130,3095.3,netbanking,DEV_01307,GB,2026-01-31,success,27
TXN_003785,CUST_00498,4305.89,card,DEV_01019,SG,2026-07-21,success,42
TXN_003786,CUST_01679,2942.49,upi,DEV_00334,SG,2026-01-07,success,3
TXN_003787,CUST_01115,2024.26,wallet,DEV_01613,US,2026-07-16,success,10
TXN_003788,CUST_00426,4200.75,upi,DEV_02105,GB,2026-07-30,failed,49
TXN_003789,CUST_01261,7270.55,netbanking,DEV_02574,IN,2026-06-18,failed,17
TXN_003790,CUST_00408,6230.02,card,DEV_00621,AE,2026-03-24,success,28
TXN_003791,CUST_01672,9176.87,netbanking,DEV_00371,AE,2026-03-14,failed,27
TXN_003792,CUST_00435,386.87,upi,DEV_00835,US,2026-03-29,failed,38
TXN_003793,CUST_01067,15981.86,upi,DEV_00820,IN,2026-02-18,failed,47
TXN_003794,CUST_01586,10605.1,netbanking,DEV_01080,IN,2026-05-09,success,20
TXN_003795,CUST_01143,4462.38,wallet,DEV_01997,IN,2026-05-10,failed,3
TXN_003796,CUST_00866,5167.61,card,DEV_02444,US,2026-01-11,success,41
TXN_003797,CUST_01982,5383.16,card,DEV_02216,GB,2026-08-10,success,45
TXN_003798,CUST_01919,4483.59,card,DEV_00377,US,2026-06-24,success,38
TXN_003799,CUST_00555,2424.44,wallet,DEV_01551,IN,2026-01-25,success,42
TXN_003800,CUST_00770,8857.98,netbanking,DEV_02268,GB,2026-05-24,success,2
TXN_003801,CUST_01854,3643.6,netbanking,DEV_00668,AE,2026-03-03,success,10
TXN_003802,CUST_00393,2658.96,card,DEV_00457,SG,2026-06-17,failed,27
TXN_003803,CUST_00396,4926.93,card,DEV_01210,AE,2026-07-24,success,4
TXN_003804,CUST_00238,3247.99,upi,DEV_00075,GB,2026-02-27,failed,15
TXN_003805,CUST_00742,1162.67,card,DEV_01950,AE,2026-03-11,success,42
TXN_003806,CUST_01598,1608.49,netbanking,DEV_01214,AE,2026-07-05,success,4
TXN_003807,CUST_01756,1541.71,upi,DEV_02624,US,2026-01-21,failed,22
TXN_003808,CUST_00718,1455.13,card,DEV_01185,AE,2026-07-10,success,17
TXN_003809,CUST_00241,6745.96,netbanking,DEV_02987,US,2026-05-28,success,8
TXN_003810,CUST_00901,2910.44,wallet,DEV_01991,AE,2026-04-15,success,45
TXN_003811,CUST_00841,2943.1,wallet,DEV_00737,US,2026-03-25,failed,44
TXN_003812,CUST_00638,15475.91,card,DEV_01489,US,2026-01-04,success,9
TXN_003813,CUST_00995,3813.69,wallet,DEV_00302,SG,2026-03-19,success,50
TXN_003814,CUST_01032,5578.28,upi,DEV_01532,AE,2026-07-28,failed,31
TXN_003815,CUST_01234,1956.16,card,DEV_00886,AE,2026-05-13,failed,48
TXN_003816,CUST_01200,1744.24,card,DEV_01355,IN,2026-04-11,success,32
TXN_003817,CUST_00676,4594.9,card,DEV_01623,AE,2026-03-03,failed,23
TXN_003818,CUST_00039,10347.51,card,DEV_01520,IN,2026-02-03,success,28
TXN_003819,CUST_01013,8077.62,wallet,DEV_01090,IN,2026-06-09,success,7
TXN_003820,CUST_01452,5761.43,card,DEV_00887,SG,2026-01-12,success,31
TXN_003821,CUST_00355,3644.72,upi,DEV_00241,US,2026-06-13,success,1
TXN_003822,CUST_01529,4978.16,upi,DEV_01495,US,2026-01-06,success,36
TXN_003823,CUST_00366,6059.0,netbanking,DEV_00648,US,2026-07-16,failed,9
TXN_003824,CUST_01024,5067.84,netbanking,DEV_02329,AE,2026-06-28,success,21
TXN_003825,CUST_00764,2050.09,upi,DEV_00460,SG,2026-06-16,success,10
TXN_003826,CUST_01274,8111.52,wallet,DEV_00171,IN,2026-06-09,failed,43
TXN_003827,CUST_01397,3809.83,card,DEV_00545,AE,2026-03-31,failed,45
TXN_003828,CUST_01805,4532.87,netbanking,DEV_02710,GB,2026-03-07,success,10
TXN_003829,CUST_00367,4457.59,upi,DEV_00180,GB,2026-03-15,success,39
TXN_003830,CUST_01372,1569.11,netbanking,DEV_01350,US,2026-05-12,success,2
TXN_003831,CUST_01494,14361.19,card,DEV_02284,IN,2026-06-11,success,41
TXN_003832,CUST_00979,5744.52,wallet,DEV_01425,GB,2026-05-16,success,9
TXN_003833,CUST_01954,3539.18,netbanking,DEV_01160,GB,2026-04-12,failed,49
TXN_003834,CUST_01219,5841.57,upi,DEV_00688,SG,2026-07-23,success,46
TXN_003835,CUST_00822,4884.63,upi,DEV_00506,AE,2026-06-07,failed,46
TXN_003836,CUST_00413,269.96,card,DEV_01290,AE,2026-04-08,success,41
TXN_003837,CUST_01802,9286.73,upi,DEV_01673,IN,2026-07-27,failed,7
TXN_003838,CUST_01812,2754.56,upi,DEV_01269,SG,2026-04-19,success,19
TXN_003839,CUST_00889,633.89,wallet,DEV_00043,GB,2026-04-25,success,7
TXN_003840,CUST_00942,2456.36,wallet,DEV_01664,IN,2026-02-03,success,36
TXN_003841,CUST_01536,1423.73,netbanking,DEV_00258,GB,2026-05-10,success,50
TXN_003842,CUST_01904,4394.94,card,DEV_00291,GB,2026-02-20,success,42
TXN_003843,CUST_01722,2957.65,card,DEV_01808,US,2026-06-23,success,39
TXN_003844,CUST_00069,3630.47,wallet,DEV_02036,IN,2026-03-22,failed,35
TXN_003845,CUST_01251,1830.85,card,DEV_01421,SG,2026-04-23,success,44
TXN_003846,CUST_01180,8839.42,netbanking,DEV_00529,US,2026-03-07,success,29
TXN_003847,CUST_00340,2169.6,card,DEV_00857,US,2026-06-01,success,7
TXN_003848,CUST_01624,3562.13,netbanking,DEV_01812,SG,2026-03-09,success,48
TXN_003849,CUST_01568,16516.16,wallet,DEV_01083,GB,2026-02-24,success,3
TXN_003850,CUST_01251,3429.62,netbanking,DEV_02845,AE,2026-05-30,success,44
TXN_003851,CUST_00956,7427.33,netbanking,DEV_02961,AE,2026-02-01,success,38
TXN_003852,CUST_01697,2183.93,wallet,DEV_01781,GB,2026-08-05,failed,10
TXN_003853,CUST_00973,8650.73,upi,DEV_01760,GB,2026-04-10,success,30
TXN_003854,CUST_01989,17022.36,upi,DEV_00798,GB,2026-07-02,failed,30
TXN_003855,CUST_01240,1143.93,netbanking,DEV_02570,SG,2026-04-28,failed,48
TXN_003856,CUST_01428,3771.49,card,DEV_01533,AE,2026-01-13,success,35
TXN_003857,CUST_01228,3973.59,upi,DEV_02843,AE,2026-08-05,failed,25
TXN_003858,CUST_00308,5688.9,card,DEV_02221,GB,2026-03-04,success,28
TXN_003859,CUST_00315,2280.44,card,DEV_02309,US,2026-02-11,success,41
TXN_003860,CUST_00432,1445.77,netbanking,DEV_01772,AE,2026-03-03,success,29
TXN_003861,CUST_01269,6791.62,upi,DEV_00589,SG,2026-06-28,failed,35
TXN_003862,CUST_01569,4337.51,upi,DEV_02796,US,2026-02-23,failed,14
TXN_003863,CUST_00207,5934.0,netbanking,DEV_01062,IN,2026-02-17,success,2
TXN_003864,CUST_01423,7525.62,netbanking,DEV_00984,US,2026-07-28,failed,16
TXN_003865,CUST_01019,781.36,wallet,DEV_01541,SG,2026-08-09,success,47
TXN_003866,CUST_00831,10867.67,netbanking,DEV_00678,AE,2026-05-02,success,9
TXN_003867,CUST_00771,9691.22,upi,DEV_00917,SG,2026-08-11,success,6
TXN_003868,CUST_01055,8483.97,upi,DEV_00192,US,2026-03-03,success,49
TXN_003869,CUST_00427,6857.17,card,DEV_02357,IN,2026-03-06,success,37
TXN_003870,CUST_00707,4153.39,card,DEV_01734,SG,2026-02-18,success,14
TXN_003871,CUST_01826,6374.03,upi,DEV_02115,GB,2026-03-17,success,30
TXN_003872,CUST_01559,4167.3,upi,DEV_01217,AE,2026-06-18,success,9
TXN_003873,CUST_00138,3734.89,upi,DEV_02491,IN,2026-07-24,failed,33
TXN_003874,CUST_00746,3257.26,netbanking,DEV_01316,IN,2026-03-26,success,7
TXN_003875,CUST_01889,1183.71,netbanking,DEV_00520,AE,2026-01-15,failed,13
TXN_003876,CUST_00511,1782.19,netbanking,DEV_01788,SG,2026-06-26,success,28
TXN_003877,CUST_00695,9760.13,upi,DEV_02258,US,2026-02-01,success,42
TXN_003878,CUST_00410,12604.33,card,DEV_02936,AE,2026-07-21,success,26
TXN_003879,CUST_01263,2550.0,upi,DEV_00875,US,2026-02-17,failed,21
TXN_003880,CUST_00401,12643.89,upi,DEV_00526,AE,2026-04-26,failed,28
TXN_003881,CUST_01662,3142.06,wallet,DEV_00895,US,2026-01-20,failed,50
TXN_003882,CUST_00936,3181.97,card,DEV_01632,AE,2026-03-18,failed,16
TXN_003883,CUST_01086,2597.23,card,DEV_01815,IN,2026-02-23,success,29
TXN_003884,CUST_01099,1284.32,card,DEV_00976,AE,2026-07-24,success,2
TXN_003885,CUST_00932,1405.34,netbanking,DEV_02517,GB,2026-02-13,success,48
TXN_003886,CUST_00335,8797.98,upi,DEV_02582,GB,2026-01-22,success,9
TXN_003887,CUST_01558,1513.9,wallet,DEV_02901,GB,2026-07-06,success,7
TXN_003888,CUST_00820,21503.81,upi,DEV_02032,GB,2026-01-05,failed,2
TXN_003889,CUST_00112,4142.15,wallet,DEV_01503,SG,2026-02-12,failed,43
TXN_003890,CUST_00319,1726.94,wallet,DEV_01722,US,2026-04-06,success,9
TXN_003891,CUST_00474,1587.47,wallet,DEV_00655,IN,2026-08-04,success,2
TXN_003892,CUST_00483,2698.62,upi,DEV_02895,AE,2026-02-18,success,50
TXN_003893,CUST_00493,8373.85,wallet,DEV_01075,AE,2026-07-06,success,17
TXN_003894,CUST_00822,6709.91,netbanking,DEV_02350,AE,2026-03-10,success,46
TXN_003895,CUST_00909,2389.59,wallet,DEV_02645,SG,2026-02-23,success,31
TXN_003896,CUST_00138,2953.22,upi,DEV_02405,SG,2026-06-23,failed,33
TXN_003897,CUST_01572,2335.47,netbanking,DEV_02451,IN,2026-03-07,failed,41
TXN_003898,CUST_01647,7585.46,card,DEV_02414,SG,2026-03-22,success,4
TXN_003899,CUST_00051,6207.74,card,DEV_01156,SG,2026-06-29,success,43
TXN_003900,CUST_00703,1563.3,upi,DEV_01708,AE,2026-03-17,success,42
TXN_003901,CUST_01399,2834.16,upi,DEV_00540,US,2026-06-01,success,36
TXN_003902,CUST_01090,810.39,wallet,DEV_00416,US,2026-01-26,success,50
TXN_003903,CUST_00528,5205.1,card,DEV_02706,IN,2026-03-26,success,18
TXN_003904,CUST_01724,3810.3,netbanking,DEV_00934,GB,2026-01-05,success,9
TXN_003905,CUST_01048,3055.82,card,DEV_00748,AE,2026-04-22,success,8
TXN_003906,CUST_00782,2672.18,upi,DEV_00791,SG,2026-05-16,success,26
TXN_003907,CUST_01513,1588.61,wallet,DEV_01230,US,2026-07-31,success,35
TXN_003908,CUST_01253,5118.95,netbanking,DEV_01629,AE,2026-07-11,failed,50
TXN_003909,CUST_01827,7267.99,card,DEV_02103,SG,2026-05-15,success,12
TXN_003910,CUST_01619,8320.7,upi,DEV_00840,AE,2026-05-15,failed,39
TXN_003911,CUST_00396,6852.15,card,DEV_01351,SG,2026-08-06,success,4
TXN_003912,CUST_00872,4801.37,card,DEV_01589,SG,2026-01-13,failed,14
TXN_003913,CUST_01173,4844.39,card,DEV_02996,US,2026-06-28,success,47
TXN_003914,CUST_01229,1326.98,netbanking,DEV_01642,GB,2026-04-30,success,25
TXN_003915,CUST_00778,2067.0,wallet,DEV_00101,GB,2026-05-12,failed,31
TXN_003916,CUST_01219,2128.12,wallet,DEV_02554,GB,2026-05-26,failed,46
TXN_003917,CUST_01173,7517.47,upi,DEV_02779,SG,2026-03-03,success,47
TXN_003918,CUST_00267,1915.06,wallet,DEV_00632,US,2026-04-12,success,41
TXN_003919,CUST_01325,3654.57,card,DEV_02225,IN,2026-05-27,success,7
TXN_003920,CUST_00921,3096.27,wallet,DEV_00343,AE,2026-04-13,success,43
TXN_003921,CUST_00917,1242.32,card,DEV_00406,AE,2026-03-24,success,38
TXN_003922,CUST_00564,8626.56,netbanking,DEV_01842,SG,2026-04-15,success,29
TXN_003923,CUST_00179,3072.13,netbanking,DEV_02045,SG,2026-04-13,success,2
TXN_003924,CUST_00490,5887.82,netbanking,DEV_01469,AE,2026-04-01,success,27
TXN_003925,CUST_01971,3882.86,upi,DEV_01044,AE,2026-04-21,success,19
TXN_003926,CUST_00753,3682.68,card,DEV_00029,IN,2026-04-09,failed,25
TXN_003927,CUST_01758,3168.18,netbanking,DEV_02135,AE,2026-07-26,success,34
TXN_003928,CUST_00111,4030.3,netbanking,DEV_02799,IN,2026-04-02,success,12
TXN_003929,CUST_00371,3212.72,wallet,DEV_01568,GB,2026-03-07,success,30
TXN_003930,CUST_00812,5279.48,card,DEV_00631,US,2026-03-07,success,31
TXN_003931,CUST_00283,2906.37,netbanking,DEV_00282,SG,2026-05-31,failed,21
TXN_003932,CUST_00227,3460.46,netbanking,DEV_00021,US,2026-07-25,success,10
TXN_003933,CUST_01073,5358.36,upi,DEV_02168,AE,2026-05-17,failed,35
TXN_003934,CUST_01121,4236.16,card,DEV_02100,US,2026-08-03,success,47
TXN_003935,CUST_01354,6960.76,wallet,DEV_00172,IN,2026-04-26,success,12
TXN_003936,CUST_01421,2891.76,upi,DEV_01673,US,2026-01-12,success,35
TXN_003937,CUST_01521,7478.25,netbanking,DEV_00631,US,2026-05-12,failed,50
TXN_003938,CUST_00136,1187.0,card,DEV_00711,IN,2026-07-24,success,29
TXN_003939,CUST_00487,4744.16,card,DEV_02215,SG,2026-07-08,success,33
TXN_003940,CUST_01182,3084.71,card,DEV_02494,GB,2026-07-11,success,22
TXN_003941,CUST_01352,2375.17,upi,DEV_01103,SG,2026-01-04,failed,11
TXN_003942,CUST_00657,5414.55,card,DEV_02488,AE,2026-06-02,failed,35
TXN_003943,CUST_01198,4340.82,wallet,DEV_00553,GB,2026-03-28,success,42
TXN_003944,CUST_00505,5807.13,netbanking,DEV_00449,US,2026-04-03,failed,49
TXN_003945,CUST_01744,3559.89,netbanking,DEV_02158,IN,2026-03-18,success,35
TXN_003946,CUST_01911,2746.47,card,DEV_01901,US,2026-04-01,failed,3
TXN_003947,CUST_01303,3359.6,wallet,DEV_01226,SG,2026-01-04,success,47
TXN_003948,CUST_00791,5308.58,wallet,DEV_02623,US,2026-05-27,success,50
TXN_003949,CUST_00198,2572.33,card,DEV_01380,SG,2026-08-01,success,29
TXN_003950,CUST_00267,4241.17,upi,DEV_02695,AE,2026-01-01,success,41
TXN_003951,CUST_01766,6125.93,netbanking,DEV_01108,US,2026-06-16,success,35
TXN_003952,CUST_01019,3346.12,upi,DEV_00369,GB,2026-05-16,success,47
TXN_003953,CUST_00559,4108.07,netbanking,DEV_02133,GB,2026-06-06,success,37
TXN_003954,CUST_00775,3214.15,wallet,DEV_00784,GB,2026-02-09,success,9
TXN_003955,CUST_01428,1137.61,upi,DEV_00395,SG,2026-07-10,failed,35
TXN_003956,CUST_01517,20517.8,wallet,DEV_01930,GB,2026-05-17,failed,22
TXN_003957,CUST_01481,2802.97,wallet,DEV_01486,SG,2026-04-04,success,47
TXN_003958,CUST_00422,5109.64,netbanking,DEV_00274,SG,2026-04-19,success,42
TXN_003959,CUST_01622,1000.67,upi,DEV_00826,IN,2026-05-09,success,3
TXN_003960,CUST_01341,4110.63,netbanking,DEV_02628,SG,2026-08-12,failed,17
TXN_003961,CUST_01229,2912.66,netbanking,DEV_00435,SG,2026-04-18,success,25
TXN_003962,CUST_01235,2331.75,upi,DEV_02649,US,2026-02-13,failed,14
TXN_003963,CUST_01564,1719.12,card,DEV_02634,GB,2026-07-04,failed,14
TXN_003964,CUST_01831,570.16,netbanking,DEV_00679,AE,2026-04-18,failed,35
TXN_003965,CUST_01555,32700.02,netbanking,DEV_02115,US,2026-01-26,failed,34
TXN_003966,CUST_01095,7996.97,upi,DEV_02867,IN,2026-04-09,failed,8
TXN_003967,CUST_01969,6099.23,upi,DEV_02419,US,2026-06-18,success,9
TXN_003968,CUST_00292,3133.35,netbanking,DEV_00378,SG,2026-07-24,success,21
TXN_003969,CUST_01534,1324.2,wallet,DEV_02216,SG,2026-02-08,success,8
TXN_003970,CUST_00525,6148.63,upi,DEV_01563,GB,2026-07-30,success,29
TXN_003971,CUST_00434,3144.29,netbanking,DEV_01698,SG,2026-05-21,success,39
TXN_003972,CUST_00028,6190.58,wallet,DEV_00626,US,2026-02-04,failed,42
TXN_003973,CUST_00715,4440.61,upi,DEV_00902,AE,2026-01-31,failed,7
TXN_003974,CUST_00536,1715.56,card,DEV_00621,US,2026-02-28,failed,5
TXN_003975,CUST_00039,4844.23,card,DEV_00148,AE,2026-03-22,success,28
TXN_003976,CUST_01014,3808.74,wallet,DEV_00228,SG,2026-03-13,failed,9
TXN_003977,CUST_00660,2932.14,wallet,DEV_02380,GB,2026-06-30,success,37
TXN_003978,CUST_00404,10094.07,card,DEV_02569,AE,2026-04-18,failed,26
TXN_003979,CUST_01780,7232.16,netbanking,DEV_01286,US,2026-06-01,success,45
TXN_003980,CUST_01058,1886.85,card,DEV_01854,US,2026-04-29,success,25
TXN_003981,CUST_00342,3383.59,netbanking,DEV_02389,IN,2026-03-24,failed,29
TXN_003982,CUST_00552,1941.69,card,DEV_02285,SG,2026-03-19,success,34
TXN_003983,CUST_00533,5172.95,wallet,DEV_00687,AE,2026-07-31,success,8
TXN_003984,CUST_00122,3502.3,netbanking,DEV_02255,SG,2026-04-24,failed,39
TXN_003985,CUST_01262,4810.04,upi,DEV_02151,IN,2026-08-09,success,46
TXN_003986,CUST_00297,4569.33,card,DEV_02807,AE,2026-04-13,success,11
TXN_003987,CUST_00794,1884.01,upi,DEV_00975,SG,2026-04-13,success,32
TXN_003988,CUST_01665,1041.43,upi,DEV_00470,SG,2026-01-08,success,15
TXN_003989,CUST_01008,15364.57,card,DEV_02242,SG,2026-01-26,success,40
TXN_003990,CUST_00165,887.84,wallet,DEV_02686,IN,2026-05-11,success,15
TXN_003991,CUST_01473,1517.96,card,DEV_02658,AE,2026-01-02,failed,6
TXN_003992,CUST_01070,4145.26,wallet,DEV_02930,SG,2026-01-10,success,1
TXN_003993,CUST_00021,13571.76,card,DEV_01863,SG,2026-02-03,success,18
TXN_003994,CUST_01681,5798.72,wallet,DEV_00602,SG,2026-05-23,success,19
TXN_003995,CUST_01411,3339.68,wallet,DEV_02267,SG,2026-03-01,success,1
TXN_003996,CUST_01271,1379.22,netbanking,DEV_02894,SG,2026-06-19,failed,24
TXN_003997,CUST_01843,14012.51,netbanking,DEV_02489,AE,2026-01-12,success,37
TXN_003998,CUST_01059,5759.42,netbanking,DEV_00182,AE,2026-05-06,success,44
TXN_003999,CUST_00541,1977.4,wallet,DEV_02094,SG,2026-04-16,success,37
TXN_004000,CUST_01715,3183.62,upi,DEV_01386,GB,2026-06-26,failed,24
TXN_004001,CUST_00669,1752.26,card,DEV_01995,AE,2026-03-02,success,1
TXN_004002,CUST_01791,3909.68,upi,DEV_02696,US,2026-01-26,success,20
TXN_004003,CUST_00467,13453.77,netbanking,DEV_01394,IN,2026-06-24,success,13
TXN_004004,CUST_00021,6821.43,wallet,DEV_02770,IN,2026-04-02,success,18
TXN_004005,CUST_01075,2277.41,card,DEV_02150,AE,2026-06-08,success,39
TXN_004006,CUST_00080,1703.08,netbanking,DEV_02912,GB,2026-03-09,success,33
TXN_004007,CUST_01525,10154.34,netbanking,DEV_01506,SG,2026-05-18,success,29
TXN_004008,CUST_00241,2638.78,card,DEV_00313,GB,2026-01-17,success,8
TXN_004009,CUST_00191,4904.4,wallet,DEV_00211,IN,2026-07-12,success,27
TXN_004010,CUST_00097,4095.2,upi,DEV_02655,GB,2026-08-06,success,44
TXN_004011,CUST_00062,4420.31,upi,DEV_01641,SG,2026-04-24,success,27
TXN_004012,CUST_01366,4048.71,netbanking,DEV_02572,AE,2026-07-29,success,31
TXN_004013,CUST_01417,58499.75,card,DEV_02388,AE,2026-08-13,failed,26
TXN_004014,CUST_01045,2429.47,wallet,DEV_02203,IN,2026-08-12,success,6
TXN_004015,CUST_01754,4979.41,upi,DEV_02617,GB,2026-07-25,success,13
TXN_004016,CUST_01258,2005.65,netbanking,DEV_01747,SG,2026-03-16,success,12
TXN_004017,CUST_00102,2117.51,wallet,DEV_01938,SG,2026-07-27,success,46
TXN_004018,CUST_01240,2633.2,card,DEV_00950,AE,2026-07-05,failed,48
TXN_004019,CUST_01477,3204.95,netbanking,DEV_00089,IN,2026-04-21,success,15
TXN_004020,CUST_00879,2566.48,upi,DEV_02512,GB,2026-05-03,success,18
TXN_004021,CUST_01963,3583.06,wallet,DEV_02073,US,2026-08-11,success,28
TXN_004022,CUST_01500,10510.66,netbanking,DEV_02386,AE,2026-04-04,failed,32
TXN_004023,CUST_00251,2029.62,upi,DEV_02464,US,2026-06-19,failed,49
TXN_004024,CUST_01332,3847.23,upi,DEV_00428,SG,2026-04-11,success,50
TXN_004025,CUST_01208,6273.15,card,DEV_00560,SG,2026-08-01,success,36
TXN_004026,CUST_00927,7202.81,netbanking,DEV_02291,GB,2026-06-30,success,46
TXN_004027,CUST_00711,3541.15,upi,DEV_00929,US,2026-02-14,success,16
TXN_004028,CUST_00324,4190.85,card,DEV_01540,GB,2026-01-18,success,8
TXN_004029,CUST_00683,2813.86,netbanking,DEV_02202,US,2026-05-30,failed,43
TXN_004030,CUST_01355,1205.2,wallet,DEV_00099,AE,2026-02-23,success,46
TXN_004031,CUST_00442,2900.09,netbanking,DEV_01575,AE,2026-07-01,success,24
TXN_004032,CUST_01085,700.58,wallet,DEV_00724,IN,2026-03-30,success,27
TXN_004033,CUST_01750,824.97,netbanking,DEV_02664,IN,2026-06-10,failed,3
TXN_004034,CUST_01695,999.01,netbanking,DEV_02498,IN,2026-04-19,success,36
TXN_004035,CUST_01136,2536.46,wallet,DEV_00013,GB,2026-01-04,success,22
TXN_004036,CUST_00070,4367.33,upi,DEV_00316,SG,2026-06-20,success,49
TXN_004037,CUST_01166,6041.24,wallet,DEV_02313,SG,2026-01-19,success,13
TXN_004038,CUST_01678,3432.33,card,DEV_00934,GB,2026-08-03,success,7
TXN_004039,CUST_01568,4533.75,wallet,DEV_01584,IN,2026-06-30,success,3
TXN_004040,CUST_00900,2039.45,upi,DEV_02843,AE,2026-07-27,failed,36
TXN_004041,CUST_00919,2759.73,netbanking,DEV_00106,US,2026-06-01,success,16
TXN_004042,CUST_00714,8906.13,wallet,DEV_01183,US,2026-02-21,success,24
TXN_004043,CUST_00191,10935.1,upi,DEV_01740,GB,2026-07-11,success,27
TXN_004044,CUST_01400,9014.7,wallet,DEV_02897,US,2026-01-30,success,25
TXN_004045,CUST_00121,17118.34,wallet,DEV_01545,AE,2026-04-28,success,38
TXN_004046,CUST_00708,3321.67,wallet,DEV_01702,AE,2026-04-22,success,1
TXN_004047,CUST_00018,7427.79,card,DEV_00572,GB,2026-07-11,failed,15
TXN_004048,CUST_00426,9392.97,upi,DEV_01139,US,2026-07-27,success,49
TXN_004049,CUST_01778,2557.54,upi,DEV_00525,US,2026-06-24,success,13
TXN_004050,CUST_01165,3143.05,netbanking,DEV_02514,SG,2026-05-20,success,7
TXN_004051,CUST_00904,811.26,card,DEV_00856,AE,2026-04-19,success,16
TXN_004052,CUST_01588,1191.93,wallet,DEV_02000,GB,2026-06-08,success,45
TXN_004053,CUST_01025,20830.17,card,DEV_01943,AE,2026-06-07,success,46
TXN_004054,CUST_01065,1024.76,netbanking,DEV_00614,GB,2026-03-12,failed,28
TXN_004055,CUST_00589,2537.18,card,DEV_01124,GB,2026-01-07,success,3
TXN_004056,CUST_01232,7113.61,upi,DEV_01005,GB,2026-01-17,failed,45
TXN_004057,CUST_01026,4127.08,netbanking,DEV_01620,GB,2026-04-22,success,1
TXN_004058,CUST_01746,3297.62,upi,DEV_01544,IN,2026-01-29,failed,10
TXN_004059,CUST_01381,2457.77,upi,DEV_02006,US,2026-04-08,success,31
TXN_004060,CUST_01405,3617.88,card,DEV_02325,SG,2026-07-20,success,26
TXN_004061,CUST_01568,4930.43,wallet,DEV_02509,GB,2026-04-02,success,3
TXN_004062,CUST_00357,2499.63,upi,DEV_01991,AE,2026-04-07,success,4
TXN_004063,CUST_01584,3229.19,card,DEV_01224,SG,2026-01-12,success,47
TXN_004064,CUST_01412,2082.09,upi,DEV_02243,GB,2026-01-01,success,50
TXN_004065,CUST_00425,7971.97,netbanking,DEV_01407,IN,2026-07-06,success,50
TXN_004066,CUST_01345,3469.89,netbanking,DEV_01182,GB,2026-08-13,failed,34
TXN_004067,CUST_01160,1254.4,wallet,DEV_00577,US,2026-05-17,success,45
TXN_004068,CUST_00029,1838.86,card,DEV_01232,AE,2026-07-13,success,42
TXN_004069,CUST_00419,3041.42,upi,DEV_00271,GB,2026-04-03,success,50
TXN_004070,CUST_01788,11849.99,wallet,DEV_02996,IN,2026-04-06,failed,50
TXN_004071,CUST_00321,1109.89,netbanking,DEV_02377,US,2026-02-08,success,9
TXN_004072,CUST_01895,1211.11,card,DEV_00469,GB,2026-06-28,failed,29
TXN_004073,CUST_00156,3701.11,wallet,DEV_02416,GB,2026-02-24,success,22
TXN_004074,CUST_00837,7200.18,upi,DEV_02819,IN,2026-03-16,success,12
TXN_004075,CUST_00567,2846.75,netbanking,DEV_01170,US,2026-04-23,failed,9
TXN_004076,CUST_01045,1288.3,wallet,DEV_01741,IN,2026-05-12,success,6
TXN_004077,CUST_00724,8832.97,card,DEV_02861,SG,2026-07-25,success,47
TXN_004078,CUST_01883,3177.37,card,DEV_00245,IN,2026-07-05,failed,30
TXN_004079,CUST_01726,1641.66,upi,DEV_00352,GB,2026-02-22,success,12
TXN_004080,CUST_01363,3547.27,netbanking,DEV_00378,IN,2026-03-06,success,26
TXN_004081,CUST_01306,5653.77,wallet,DEV_01972,SG,2026-04-16,success,14
TXN_004082,CUST_01828,9954.98,card,DEV_00061,AE,2026-07-24,success,29
TXN_004083,CUST_00153,1939.97,wallet,DEV_00399,IN,2026-06-07,failed,50
TXN_004084,CUST_01653,2587.72,netbanking,DEV_01734,GB,2026-02-02,success,20
TXN_004085,CUST_00205,1333.49,wallet,DEV_00217,AE,2026-06-14,success,27
TXN_004086,CUST_01657,1143.78,upi,DEV_01753,SG,2026-06-18,success,50
TXN_004087,CUST_00624,13371.52,upi,DEV_02956,IN,2026-04-06,success,43
TXN_004088,CUST_01331,5719.74,upi,DEV_02895,US,2026-01-04,failed,17
TXN_004089,CUST_00149,830.39,card,DEV_00217,US,2026-02-19,success,49
TXN_004090,CUST_01380,3274.52,upi,DEV_02058,AE,2026-08-12,success,34
TXN_004091,CUST_00106,6240.38,netbanking,DEV_02849,IN,2026-06-22,success,3
TXN_004092,CUST_01863,6929.79,upi,DEV_00689,GB,2026-07-09,success,19
TXN_004093,CUST_01566,1222.99,card,DEV_01185,US,2026-01-07,failed,36
TXN_004094,CUST_00117,2506.63,wallet,DEV_01968,IN,2026-01-27,success,13
TXN_004095,CUST_01835,3906.39,card,DEV_01049,GB,2026-07-09,success,34
TXN_004096,CUST_00550,1691.33,card,DEV_00391,AE,2026-04-19,success,11
TXN_004097,CUST_00003,3180.82,upi,DEV_02128,US,2026-02-02,success,48
TXN_004098,CUST_00163,3441.75,upi,DEV_01139,IN,2026-01-09,success,1
TXN_004099,CUST_00116,3616.94,upi,DEV_02405,US,2026-02-17,success,15
TXN_004100,CUST_01254,5282.25,card,DEV_01526,AE,2026-02-05,success,41
TXN_004101,CUST_01658,13271.66,card,DEV_02717,SG,2026-07-13,success,5
TXN_004102,CUST_01585,14701.44,card,DEV_00467,US,2026-03-07,success,2
TXN_004103,CUST_00980,7478.37,upi,DEV_00916,SG,2026-01-26,success,3
TXN_004104,CUST_01338,10420.86,upi,DEV_02629,US,2026-04-04,success,12
TXN_004105,CUST_01656,6858.12,wallet,DEV_00479,US,2026-02-10,success,9
TXN_004106,CUST_00177,306.47,netbanking,DEV_01375,AE,2026-06-23,success,42
TXN_004107,CUST_01859,9385.12,netbanking,DEV_00518,US,2026-03-19,success,30
TXN_004108,CUST_01065,1519.89,wallet,DEV_01223,GB,2026-06-06,failed,28
TXN_004109,CUST_01604,3254.85,wallet,DEV_00021,US,2026-03-09,failed,33
TXN_004110,CUST_01097,3254.01,wallet,DEV_00792,GB,2026-02-14,success,31
TXN_004111,CUST_01718,3212.07,netbanking,DEV_01014,AE,2026-07-12,failed,18
TXN_004112,CUST_01759,2701.23,wallet,DEV_02561,US,2026-03-12,success,47
TXN_004113,CUST_01312,3180.63,upi,DEV_02548,AE,2026-08-01,success,5
TXN_004114,CUST_01276,871.38,netbanking,DEV_01658,IN,2026-03-27,success,3
TXN_004115,CUST_01384,3621.01,wallet,DEV_01656,GB,2026-07-28,success,15
TXN_004116,CUST_01896,5031.19,card,DEV_01096,AE,2026-07-15,failed,42
TXN_004117,CUST_00277,2167.01,upi,DEV_01515,US,2026-08-12,success,33
TXN_004118,CUST_01697,3985.71,wallet,DEV_01706,GB,2026-01-27,success,10
TXN_004119,CUST_01723,12065.55,wallet,DEV_01514,US,2026-03-05,failed,37
TXN_004120,CUST_01341,4000.74,netbanking,DEV_00653,GB,2026-08-13,failed,17
TXN_004121,CUST_01827,10410.25,netbanking,DEV_01614,AE,2026-07-04,success,12
TXN_004122,CUST_01997,1744.75,upi,DEV_01385,US,2026-05-24,failed,30
TXN_004123,CUST_01104,4504.45,upi,DEV_02597,SG,2026-05-22,success,9
TXN_004124,CUST_00076,1773.83,upi,DEV_00632,GB,2026-02-21,failed,13
TXN_004125,CUST_01532,4173.12,wallet,DEV_02427,US,2026-03-18,success,16
TXN_004126,CUST_01751,4125.89,netbanking,DEV_01945,IN,2026-02-10,failed,32
TXN_004127,CUST_00333,5642.04,wallet,DEV_00805,SG,2026-02-27,success,40
TXN_004128,CUST_01953,1541.81,netbanking,DEV_00871,GB,2026-04-16,success,28
TXN_004129,CUST_01739,2940.24,wallet,DEV_01010,SG,2026-01-07,failed,31
TXN_004130,CUST_01250,6713.55,card,DEV_01611,SG,2026-02-07,success,25
TXN_004131,CUST_00468,2973.7,wallet,DEV_02418,US,2026-06-07,success,17
TXN_004132,CUST_00549,4067.8,wallet,DEV_00394,GB,2026-08-09,success,8
TXN_004133,CUST_01641,1196.33,card,DEV_00416,AE,2026-07-20,success,13
TXN_004134,CUST_00096,2792.07,wallet,DEV_00363,IN,2026-03-04,success,39
TXN_004135,CUST_01025,33958.28,wallet,DEV_00853,AE,2026-02-03,failed,46
TXN_004136,CUST_01146,979.78,card,DEV_01932,US,2026-07-18,success,45
TXN_004137,CUST_01541,2028.82,card,DEV_01122,SG,2026-06-07,failed,15
TXN_004138,CUST_00650,16342.13,wallet,DEV_02269,IN,2026-05-23,success,42
TXN_004139,CUST_01101,2942.75,wallet,DEV_02998,GB,2026-05-27,success,15
TXN_004140,CUST_00234,5877.14,card,DEV_00540,IN,2026-03-15,failed,14
TXN_004141,CUST_00187,2540.25,upi,DEV_02426,GB,2026-07-20,failed,45
TXN_004142,CUST_01115,1188.94,wallet,DEV_00754,GB,2026-06-14,success,10
TXN_004143,CUST_00472,2192.38,upi,DEV_02369,US,2026-04-10,success,33
TXN_004144,CUST_01254,5109.91,netbanking,DEV_01661,US,2026-07-28,success,41
TXN_004145,CUST_01616,2359.95,card,DEV_01885,US,2026-07-11,success,44
TXN_004146,CUST_00594,5998.24,card,DEV_00882,AE,2026-07-30,success,33
TXN_004147,CUST_00510,12543.7,card,DEV_02736,IN,2026-02-16,failed,34
TXN_004148,CUST_01502,2069.9,wallet,DEV_02944,GB,2026-05-26,failed,15
TXN_004149,CUST_01267,3772.56,card,DEV_02542,AE,2026-04-26,success,12
TXN_004150,CUST_01540,1961.35,wallet,DEV_02794,SG,2026-02-27,success,35
TXN_004151,CUST_00060,8379.56,netbanking,DEV_00904,SG,2026-01-29,success,31
TXN_004152,CUST_00890,6750.71,card,DEV_01596,IN,2026-02-13,success,20
TXN_004153,CUST_01906,5916.07,card,DEV_00466,AE,2026-07-18,success,50
TXN_004154,CUST_00026,358.26,netbanking,DEV_02996,SG,2026-01-09,success,3
TXN_004155,CUST_01712,2695.32,upi,DEV_00928,US,2026-03-11,success,43
TXN_004156,CUST_00954,3844.03,upi,DEV_01951,AE,2026-08-02,failed,24
TXN_004157,CUST_00620,3389.92,upi,DEV_02809,GB,2026-05-17,success,29
TXN_004158,CUST_00755,13653.02,netbanking,DEV_00187,SG,2026-05-20,success,48
TXN_004159,CUST_01967,2480.84,card,DEV_02984,IN,2026-01-19,failed,13
TXN_004160,CUST_00889,3707.38,wallet,DEV_02460,US,2026-01-10,success,7
TXN_004161,CUST_01509,11824.98,netbanking,DEV_02230,IN,2026-01-27,failed,13
TXN_004162,CUST_00162,2815.12,card,DEV_01159,SG,2026-06-17,success,49
TXN_004163,CUST_01200,4658.74,card,DEV_00195,GB,2026-06-17,success,32
TXN_004164,CUST_00643,2195.1,card,DEV_00617,SG,2026-05-24,failed,40
TXN_004165,CUST_00794,6807.82,wallet,DEV_00488,AE,2026-05-20,success,32
TXN_004166,CUST_01837,5083.04,card,DEV_02543,SG,2026-01-11,success,41
TXN_004167,CUST_01327,11359.55,netbanking,DEV_00592,IN,2026-08-05,success,47
TXN_004168,CUST_01524,2447.18,netbanking,DEV_02056,GB,2026-03-19,success,50
TXN_004169,CUST_00668,3551.54,upi,DEV_00246,US,2026-03-23,success,20
TXN_004170,CUST_01695,8480.28,card,DEV_01743,IN,2026-06-28,failed,36
TXN_004171,CUST_01539,7942.2,card,DEV_01990,SG,2026-01-26,success,23
TXN_004172,CUST_00003,3071.49,wallet,DEV_00241,IN,2026-03-24,failed,48
TXN_004173,CUST_00146,3252.02,card,DEV_02875,IN,2026-07-22,failed,12
TXN_004174,CUST_01145,10881.07,card,DEV_00833,US,2026-07-20,success,44
TXN_004175,CUST_00760,5654.59,netbanking,DEV_00067,US,2026-03-19,failed,36
TXN_004176,CUST_01735,2653.79,card,DEV_00662,SG,2026-05-23,success,44
TXN_004177,CUST_00997,1935.92,netbanking,DEV_00377,IN,2026-02-03,failed,38
TXN_004178,CUST_01065,10531.35,netbanking,DEV_01299,US,2026-05-05,success,28
TXN_004179,CUST_01796,6130.37,upi,DEV_01787,AE,2026-08-06,success,28
TXN_004180,CUST_01074,5025.91,wallet,DEV_01559,GB,2026-08-09,failed,25
TXN_004181,CUST_00946,13953.47,upi,DEV_02479,IN,2026-03-03,success,35
TXN_004182,CUST_01423,9844.92,card,DEV_02610,AE,2026-03-19,success,16
TXN_004183,CUST_00977,3705.25,wallet,DEV_00501,SG,2026-03-15,success,38
TXN_004184,CUST_00479,7282.34,upi,DEV_02628,US,2026-01-31,success,31
TXN_004185,CUST_00176,2509.4,netbanking,DEV_00197,IN,2026-07-01,success,35
TXN_004186,CUST_00254,5289.33,card,DEV_01375,US,2026-03-26,success,31
TXN_004187,CUST_00939,1454.97,wallet,DEV_02445,AE,2026-06-19,success,15
TXN_004188,CUST_00177,2041.62,wallet,DEV_00273,AE,2026-05-21,success,42
TXN_004189,CUST_00496,11719.0,netbanking,DEV_01381,US,2026-03-24,success,38
TXN_004190,CUST_00413,3053.8,wallet,DEV_01278,IN,2026-01-01,success,41
TXN_004191,CUST_01667,5585.35,netbanking,DEV_01160,AE,2026-07-04,success,33
TXN_004192,CUST_01189,2178.5,wallet,DEV_02392,SG,2026-06-02,success,40
TXN_004193,CUST_01105,1808.09,netbanking,DEV_01745,AE,2026-06-04,success,17
TXN_004194,CUST_01591,3027.68,upi,DEV_00240,IN,2026-04-05,success,38
TXN_004195,CUST_00818,2653.95,netbanking,DEV_01773,AE,2026-03-31,failed,30
TXN_004196,CUST_00212,1241.0,upi,DEV_01498,GB,2026-07-19,success,30
TXN_004197,CUST_01682,4689.67,upi,DEV_00755,AE,2026-06-13,success,20
TXN_004198,CUST_00452,1071.64,wallet,DEV_00640,AE,2026-04-14,success,43
TXN_004199,CUST_01644,1976.95,netbanking,DEV_01660,GB,2026-01-07,success,26
TXN_004200,CUST_01184,1915.57,wallet,DEV_00033,AE,2026-01-06,success,25
TXN_004201,CUST_00454,3820.55,card,DEV_01205,GB,2026-01-29,success,14
TXN_004202,CUST_00551,578.74,card,DEV_01549,SG,2026-06-15,failed,46
TXN_004203,CUST_01918,3825.05,upi,DEV_01068,IN,2026-07-21,failed,44
TXN_004204,CUST_01869,1892.09,card,DEV_00022,IN,2026-06-13,failed,50
TXN_004205,CUST_01360,10600.5,wallet,DEV_02218,SG,2026-01-16,success,38
TXN_004206,CUST_01889,1474.55,card,DEV_01991,US,2026-05-18,success,13
TXN_004207,CUST_00068,1725.62,card,DEV_01933,AE,2026-02-13,success,36
TXN_004208,CUST_00982,1777.14,card,DEV_00499,GB,2026-08-11,success,2
TXN_004209,CUST_01312,1316.73,upi,DEV_00940,US,2026-05-22,success,5
TXN_004210,CUST_00058,3485.66,upi,DEV_00717,SG,2026-02-09,success,16
TXN_004211,CUST_00725,9092.18,card,DEV_02196,GB,2026-05-01,success,35
TXN_004212,CUST_01990,2846.73,upi,DEV_02155,US,2026-04-02,success,24
TXN_004213,CUST_01178,624.17,card,DEV_00006,GB,2026-01-24,success,8
TXN_004214,CUST_00289,11135.33,netbanking,DEV_01853,SG,2026-07-25,success,17
TXN_004215,CUST_00407,3291.68,upi,DEV_01528,IN,2026-06-30,success,8
TXN_004216,CUST_00396,14270.32,upi,DEV_01422,IN,2026-07-31,success,4
TXN_004217,CUST_00025,3738.72,upi,DEV_01306,AE,2026-02-07,success,21
TXN_004218,CUST_00842,3763.36,upi,DEV_00032,AE,2026-03-16,success,29
TXN_004219,CUST_01842,1533.72,netbanking,DEV_02005,SG,2026-01-11,failed,45
TXN_004220,CUST_00346,1509.21,upi,DEV_00120,US,2026-05-19,success,30
TXN_004221,CUST_01660,11843.36,card,DEV_00098,GB,2026-01-27,success,21
TXN_004222,CUST_00838,7348.92,netbanking,DEV_00994,GB,2026-01-20,success,4
TXN_004223,CUST_00285,5008.27,upi,DEV_02092,IN,2026-06-17,success,3
TXN_004224,CUST_01469,5853.29,netbanking,DEV_01924,SG,2026-04-15,failed,44
TXN_004225,CUST_00132,5286.2,netbanking,DEV_02576,US,2026-05-21,success,27
TXN_004226,CUST_00583,3728.54,upi,DEV_00349,SG,2026-06-22,success,36
TXN_004227,CUST_00607,2449.06,card,DEV_01580,US,2026-07-13,success,48
TXN_004228,CUST_00197,6659.14,wallet,DEV_02291,IN,2026-06-22,success,16
TXN_004229,CUST_01030,2146.22,wallet,DEV_02287,SG,2026-07-17,success,27
TXN_004230,CUST_00172,2254.85,upi,DEV_00399,US,2026-07-30,failed,25
TXN_004231,CUST_01433,2068.7,netbanking,DEV_00982,AE,2026-06-02,success,48
TXN_004232,CUST_01592,4723.3,netbanking,DEV_01360,SG,2026-03-24,success,20
TXN_004233,CUST_01224,1873.44,wallet,DEV_01525,SG,2026-05-27,success,29
TXN_004234,CUST_01210,1643.66,card,DEV_02232,GB,2026-02-17,success,33
TXN_004235,CUST_01000,3136.58,wallet,DEV_02469,AE,2026-05-26,success,25
TXN_004236,CUST_01142,32532.95,netbanking,DEV_01472,US,2026-05-14,failed,28
TXN_004237,CUST_00040,3273.02,card,DEV_01546,IN,2026-07-06,success,47
TXN_004238,CUST_01780,921.53,wallet,DEV_01359,AE,2026-04-28,success,45
TXN_004239,CUST_00037,10869.12,upi,DEV_01853,GB,2026-04-06,failed,1
TXN_004240,CUST_01717,6740.02,card,DEV_00340,AE,2026-03-23,success,31
TXN_004241,CUST_00415,11492.87,wallet,DEV_01698,IN,2026-02-27,failed,40
TXN_004242,CUST_00186,2304.87,card,DEV_01225,SG,2026-05-22,success,45
TXN_004243,CUST_00163,17393.5,upi,DEV_01466,US,2026-06-12,success,1
TXN_004244,CUST_01250,4193.58,netbanking,DEV_00797,AE,2026-07-05,failed,25
TXN_004245,CUST_01494,3104.99,upi,DEV_02623,SG,2026-08-06,failed,41
TXN_004246,CUST_00936,4515.06,netbanking,DEV_01104,GB,2026-04-28,failed,16
TXN_004247,CUST_01391,4999.8,upi,DEV_01324,IN,2026-05-17,success,18
TXN_004248,CUST_00683,3062.87,upi,DEV_00985,US,2026-03-06,success,43
TXN_004249,CUST_00262,6291.41,upi,DEV_01235,SG,2026-01-02,success,13
TXN_004250,CUST_00967,2826.45,netbanking,DEV_00328,AE,2026-07-01,success,46
TXN_004251,CUST_00094,3864.11,netbanking,DEV_00454,GB,2026-03-29,success,9
TXN_004252,CUST_01201,2311.32,wallet,DEV_02460,IN,2026-03-25,success,18
TXN_004253,CUST_01764,8929.42,netbanking,DEV_01879,GB,2026-08-05,success,37
TXN_004254,CUST_01044,11979.24,wallet,DEV_00714,AE,2026-05-25,failed,4
TXN_004255,CUST_01284,13716.61,card,DEV_00665,GB,2026-02-12,success,44
TXN_004256,CUST_00749,10374.87,wallet,DEV_00252,US,2026-07-15,success,35
TXN_004257,CUST_01284,15572.26,upi,DEV_02692,US,2026-06-08,success,44
TXN_004258,CUST_00466,5878.55,netbanking,DEV_01470,US,2026-02-26,success,34
TXN_004259,CUST_01279,9514.31,netbanking,DEV_02622,SG,2026-07-27,success,34
TXN_004260,CUST_00030,4185.94,wallet,DEV_00928,IN,2026-03-13,success,9
TXN_004261,CUST_01797,2212.11,upi,DEV_02479,AE,2026-04-11,success,45
TXN_004262,CUST_00328,3255.11,card,DEV_01813,US,2026-01-26,failed,8
TXN_004263,CUST_01549,4253.83,netbanking,DEV_00643,SG,2026-02-05,success,34
TXN_004264,CUST_00678,2487.04,card,DEV_01238,IN,2026-04-15,failed,15
TXN_004265,CUST_01102,2551.09,upi,DEV_00489,GB,2026-06-25,success,42
TXN_004266,CUST_00506,2171.9,upi,DEV_01664,AE,2026-06-04,success,23
TXN_004267,CUST_00954,2502.47,wallet,DEV_00021,AE,2026-02-26,success,24
TXN_004268,CUST_01933,4943.88,netbanking,DEV_00136,US,2026-02-01,success,49
TXN_004269,CUST_01578,614.98,upi,DEV_02049,IN,2026-03-19,success,21
TXN_004270,CUST_00055,7280.26,card,DEV_00758,US,2026-01-12,failed,15
TXN_004271,CUST_01092,1461.62,card,DEV_02751,SG,2026-01-13,success,3
TXN_004272,CUST_00979,2979.37,upi,DEV_02634,US,2026-02-24,success,9
TXN_004273,CUST_01244,2312.34,upi,DEV_02005,SG,2026-05-05,success,11
TXN_004274,CUST_00579,22209.87,card,DEV_00009,IN,2026-06-15,success,35
TXN_004275,CUST_00659,5683.72,upi,DEV_02903,SG,2026-06-15,success,29
TXN_004276,CUST_00313,8493.92,wallet,DEV_00408,AE,2026-02-07,success,1
TXN_004277,CUST_01270,2047.56,netbanking,DEV_01543,GB,2026-06-29,failed,15
TXN_004278,CUST_00417,3266.19,card,DEV_02106,GB,2026-04-01,success,38
TXN_004279,CUST_00380,2817.06,card,DEV_02979,AE,2026-05-29,success,43
TXN_004280,CUST_00433,4801.0,upi,DEV_00002,GB,2026-07-23,success,19
TXN_004281,CUST_01301,4343.71,upi,DEV_00560,US,2026-01-22,failed,26
TXN_004282,CUST_00369,5591.94,wallet,DEV_01907,SG,2026-07-16,success,45
TXN_004283,CUST_01961,4285.93,netbanking,DEV_01358,AE,2026-03-16,failed,13
TXN_004284,CUST_00980,6068.75,netbanking,DEV_01004,AE,2026-01-04,success,3
TXN_004285,CUST_01410,1313.08,netbanking,DEV_01445,US,2026-06-23,success,3
TXN_004286,CUST_01856,2870.49,card,DEV_02745,AE,2026-05-08,failed,43
TXN_004287,CUST_01989,1634.4,wallet,DEV_02915,AE,2026-03-29,success,30
TXN_004288,CUST_00574,2012.55,netbanking,DEV_00725,AE,2026-06-15,failed,30
TXN_004289,CUST_00129,1819.56,card,DEV_00513,IN,2026-07-20,success,20
TXN_004290,CUST_01024,5350.59,card,DEV_02869,GB,2026-05-03,success,21
TXN_004291,CUST_00602,1758.07,wallet,DEV_02713,IN,2026-07-24,success,44
TXN_004292,CUST_00572,15075.73,upi,DEV_00541,US,2026-01-18,success,11
TXN_004293,CUST_01708,1571.25,wallet,DEV_01960,SG,2026-06-24,failed,23
TXN_004294,CUST_00869,5514.23,card,DEV_01583,AE,2026-06-11,failed,50
TXN_004295,CUST_01432,4144.23,upi,DEV_01374,US,2026-02-04,success,14
TXN_004296,CUST_01766,2158.77,upi,DEV_02802,AE,2026-02-01,success,35
TXN_004297,CUST_00029,24527.62,upi,DEV_00294,US,2026-04-07,success,42
TXN_004298,CUST_01305,5162.9,netbanking,DEV_01697,US,2026-05-08,success,1
TXN_004299,CUST_01522,7080.54,card,DEV_01172,US,2026-06-05,success,31
TXN_004300,CUST_01951,6884.52,upi,DEV_00089,IN,2026-01-08,success,12
TXN_004301,CUST_00676,3607.78,wallet,DEV_01379,US,2026-05-26,success,23
TXN_004302,CUST_01007,3968.7,upi,DEV_02880,IN,2026-02-23,success,34
TXN_004303,CUST_01220,16321.45,netbanking,DEV_01792,GB,2026-06-03,failed,40
TXN_004304,CUST_00998,10720.69,wallet,DEV_02510,US,2026-02-02,failed,16
TXN_004305,CUST_00771,2455.7,netbanking,DEV_00424,AE,2026-06-18,success,6
TXN_004306,CUST_00399,10815.19,wallet,DEV_01691,GB,2026-05-26,success,39
TXN_004307,CUST_01902,5014.74,netbanking,DEV_00862,SG,2026-02-05,success,35
TXN_004308,CUST_00154,1780.34,card,DEV_00403,GB,2026-06-20,success,16
TXN_004309,CUST_01933,2483.23,wallet,DEV_01447,US,2026-06-29,failed,49
TXN_004310,CUST_01951,488.32,wallet,DEV_01200,US,2026-04-21,failed,12
TXN_004311,CUST_01034,8416.22,upi,DEV_01511,IN,2026-07-26,success,2
TXN_004312,CUST_00734,4350.98,wallet,DEV_00750,GB,2026-03-22,success,34
TXN_004313,CUST_00600,8099.46,upi,DEV_01020,AE,2026-08-02,success,4
TXN_004314,CUST_01384,4221.94,wallet,DEV_01287,AE,2026-06-07,failed,15
TXN_004315,CUST_01717,2103.8,wallet,DEV_01066,SG,2026-04-23,success,31
TXN_004316,CUST_01741,2170.54,wallet,DEV_00655,US,2026-03-13,success,35
TXN_004317,CUST_01575,2908.7,netbanking,DEV_00493,IN,2026-03-20,failed,12
TXN_004318,CUST_00978,3689.27,upi,DEV_01290,IN,2026-04-16,success,5
TXN_004319,CUST_01287,4059.5,wallet,DEV_01340,AE,2026-05-17,success,46
TXN_004320,CUST_00946,2855.22,card,DEV_00586,IN,2026-08-10,failed,35
TXN_004321,CUST_01994,3606.72,upi,DEV_01833,AE,2026-07-02,failed,44
TXN_004322,CUST_01434,4733.73,upi,DEV_02447,US,2026-07-09,success,48
TXN_004323,CUST_01646,4446.59,card,DEV_02515,AE,2026-05-30,success,20
TXN_004324,CUST_00643,1861.47,netbanking,DEV_02806,GB,2026-08-10,success,40
TXN_004325,CUST_01766,798.25,card,DEV_00537,SG,2026-01-29,success,35
TXN_004326,CUST_00135,6315.23,wallet,DEV_02691,GB,2026-01-02,success,14
TXN_004327,CUST_01418,4598.73,upi,DEV_00803,GB,2026-05-07,failed,12
TXN_004328,CUST_01725,7906.29,card,DEV_01176,GB,2026-05-07,failed,47
TXN_004329,CUST_00020,914.05,upi,DEV_01531,IN,2026-08-10,success,24
TXN_004330,CUST_01635,1427.92,card,DEV_01880,IN,2026-02-22,success,30
TXN_004331,CUST_00296,4377.32,upi,DEV_00384,GB,2026-04-26,success,49
TXN_004332,CUST_00382,2479.78,upi,DEV_00791,AE,2026-06-15,success,37
TXN_004333,CUST_01681,1730.19,card,DEV_02325,GB,2026-03-23,success,19
TXN_004334,CUST_01319,5397.43,wallet,DEV_02000,AE,2026-07-16,failed,37
TXN_004335,CUST_01269,2483.1,card,DEV_01620,US,2026-04-15,success,35
TXN_004336,CUST_00573,8028.83,upi,DEV_02131,AE,2026-02-21,success,49
TXN_004337,CUST_01008,3168.32,card,DEV_00276,US,2026-08-15,success,40
TXN_004338,CUST_01429,1945.71,card,DEV_00201,SG,2026-03-16,success,19
TXN_004339,CUST_00052,5953.36,upi,DEV_01589,GB,2026-07-17,success,34
TXN_004340,CUST_00941,12030.83,upi,DEV_00871,AE,2026-08-06,failed,19
TXN_004341,CUST_01906,1130.1,wallet,DEV_00094,SG,2026-02-12,failed,50
TXN_004342,CUST_01237,3342.94,wallet,DEV_02965,IN,2026-06-28,success,42
TXN_004343,CUST_00993,2645.27,wallet,DEV_00036,GB,2026-06-13,success,18
TXN_004344,CUST_00263,5687.9,netbanking,DEV_01782,SG,2026-02-04,success,49
TXN_004345,CUST_00748,6358.04,netbanking,DEV_01718,GB,2026-05-26,success,3
TXN_004346,CUST_00448,1659.66,card,DEV_00770,US,2026-03-08,success,23
TXN_004347,CUST_00178,2487.96,card,DEV_02310,US,2026-04-06,success,2
TXN_004348,CUST_00315,17707.72,card,DEV_00318,IN,2026-03-26,success,41
TXN_004349,CUST_00636,16278.27,wallet,DEV_00450,AE,2026-03-30,success,39
TXN_004350,CUST_00500,6153.91,card,DEV_00888,SG,2026-07-07,success,9
TXN_004351,CUST_01790,1997.18,netbanking,DEV_01046,IN,2026-01-16,success,36
TXN_004352,CUST_01862,2968.12,card,DEV_01114,US,2026-01-17,success,10
TXN_004353,CUST_00129,4849.96,wallet,DEV_01577,SG,2026-03-29,success,20
TXN_004354,CUST_01285,6247.08,upi,DEV_01353,US,2026-05-14,success,35
TXN_004355,CUST_00736,2277.99,netbanking,DEV_02110,US,2026-05-03,success,12
TXN_004356,CUST_01832,3823.98,wallet,DEV_01310,GB,2026-05-10,success,3
TXN_004357,CUST_01451,11154.71,upi,DEV_00173,SG,2026-06-13,success,36
TXN_004358,CUST_00896,17081.09,card,DEV_01652,SG,2026-03-23,failed,14
TXN_004359,CUST_01073,2518.67,netbanking,DEV_01833,IN,2026-05-05,failed,35
TXN_004360,CUST_00856,1824.05,netbanking,DEV_00148,IN,2026-06-05,success,14
TXN_004361,CUST_00807,2958.19,upi,DEV_01895,IN,2026-04-14,success,44
TXN_004362,CUST_00510,3424.41,wallet,DEV_02875,IN,2026-04-22,success,34
TXN_004363,CUST_01387,5396.79,card,DEV_01499,SG,2026-04-10,failed,1
TXN_004364,CUST_00100,4722.42,wallet,DEV_00463,IN,2026-05-26,failed,1
TXN_004365,CUST_00416,4245.14,wallet,DEV_01797,GB,2026-05-29,success,28
TXN_004366,CUST_01407,6940.04,upi,DEV_00655,AE,2026-01-17,failed,32
TXN_004367,CUST_00718,1426.91,card,DEV_02947,GB,2026-08-10,success,17
TXN_004368,CUST_00137,3306.24,netbanking,DEV_02197,US,2026-04-06,success,31
TXN_004369,CUST_01694,6088.85,netbanking,DEV_01461,SG,2026-01-18,success,34
TXN_004370,CUST_00966,2922.22,wallet,DEV_01341,AE,2026-06-30,success,11
TXN_004371,CUST_01987,34361.75,netbanking,DEV_01012,GB,2026-03-03,success,20
TXN_004372,CUST_01404,5472.9,upi,DEV_01157,US,2026-04-10,failed,39
TXN_004373,CUST_00572,4153.72,upi,DEV_00387,AE,2026-07-18,failed,11
TXN_004374,CUST_01906,3384.96,netbanking,DEV_02292,IN,2026-01-18,success,50
TXN_004375,CUST_01397,5859.23,netbanking,DEV_01743,AE,2026-05-21,failed,45
TXN_004376,CUST_00406,3299.81,upi,DEV_00018,US,2026-01-02,success,9
TXN_004377,CUST_00563,3033.23,netbanking,DEV_00838,US,2026-07-31,failed,5
TXN_004378,CUST_01957,1628.9,upi,DEV_01962,AE,2026-04-21,success,16
TXN_004379,CUST_01183,3449.62,netbanking,DEV_01298,IN,2026-06-13,success,26
TXN_004380,CUST_00650,2831.7,card,DEV_00675,GB,2026-02-02,success,42
TXN_004381,CUST_00850,11745.76,netbanking,DEV_01747,IN,2026-03-03,success,42
TXN_004382,CUST_01831,1947.94,wallet,DEV_00781,IN,2026-05-18,failed,35
TXN_004383,CUST_00967,2357.94,upi,DEV_02958,IN,2026-06-13,failed,46
TXN_004384,CUST_00965,5105.86,upi,DEV_02276,US,2026-05-04,failed,30
TXN_004385,CUST_01172,14163.72,wallet,DEV_01868,IN,2026-01-31,success,6
TXN_004386,CUST_01333,4769.88,upi,DEV_01307,US,2026-06-27,failed,15
TXN_004387,CUST_00581,3695.96,wallet,DEV_00813,IN,2026-07-19,success,26
TXN_004388,CUST_00649,9214.21,card,DEV_01813,IN,2026-02-07,success,22
TXN_004389,CUST_01152,13235.12,card,DEV_00580,GB,2026-02-06,success,26
TXN_004390,CUST_00324,1144.52,netbanking,DEV_02766,GB,2026-05-06,success,8
TXN_004391,CUST_00958,27371.4,card,DEV_01429,AE,2026-08-06,failed,17
TXN_004392,CUST_00525,1879.72,wallet,DEV_00385,SG,2026-08-02,failed,29
TXN_004393,CUST_00880,4370.92,card,DEV_02777,SG,2026-05-30,failed,6
TXN_004394,CUST_00458,4837.76,card,DEV_01541,GB,2026-07-01,failed,25
TXN_004395,CUST_00845,2468.95,netbanking,DEV_01634,AE,2026-07-17,failed,19
TXN_004396,CUST_01580,4609.32,wallet,DEV_01213,IN,2026-06-05,failed,47
TXN_004397,CUST_00726,1766.05,upi,DEV_00798,GB,2026-07-19,success,3
TXN_004398,CUST_00230,1708.73,card,DEV_00072,SG,2026-07-02,success,34
TXN_004399,CUST_01455,960.07,upi,DEV_00662,GB,2026-02-05,failed,26
TXN_004400,CUST_00093,25543.81,netbanking,DEV_00804,AE,2026-06-09,success,36
TXN_004401,CUST_01282,4065.85,upi,DEV_00521,IN,2026-05-29,success,50
TXN_004402,CUST_01356,4204.65,netbanking,DEV_00999,SG,2026-06-30,success,22
TXN_004403,CUST_00695,8538.13,wallet,DEV_00088,GB,2026-06-27,success,42
TXN_004404,CUST_01893,2204.27,wallet,DEV_02752,US,2026-04-18,success,17
TXN_004405,CUST_01979,2724.68,card,DEV_01371,AE,2026-07-21,success,3
TXN_004406,CUST_01141,3040.79,card,DEV_01347,IN,2026-07-10,success,28
TXN_004407,CUST_00223,87554.35,card,DEV_00284,AE,2026-07-01,success,29
TXN_004408,CUST_00327,1087.48,wallet,DEV_00037,IN,2026-05-10,success,26
TXN_004409,CUST_00553,15168.83,upi,DEV_01644,GB,2026-05-24,success,13
TXN_004410,CUST_00415,1491.98,netbanking,DEV_01920,GB,2026-06-03,failed,40
TXN_004411,CUST_00245,931.77,upi,DEV_00904,GB,2026-03-15,success,8
TXN_004412,CUST_00590,7744.85,netbanking,DEV_02016,IN,2026-06-03,success,46
TXN_004413,CUST_01380,2788.82,card,DEV_01162,SG,2026-04-14,failed,34
TXN_004414,CUST_00896,2563.64,card,DEV_01033,AE,2026-03-04,failed,14
TXN_004415,CUST_01362,1530.68,wallet,DEV_01162,US,2026-07-27,success,11
TXN_004416,CUST_01566,10888.99,card,DEV_00851,IN,2026-05-07,success,36
TXN_004417,CUST_01415,2076.78,wallet,DEV_01734,GB,2026-02-07,success,19
TXN_004418,CUST_01909,5052.84,netbanking,DEV_01610,SG,2026-03-27,success,7
TXN_004419,CUST_00370,2790.24,upi,DEV_02952,AE,2026-06-21,success,29
TXN_004420,CUST_00678,4016.29,netbanking,DEV_00011,IN,2026-07-27,success,15
TXN_004421,CUST_01799,11943.01,upi,DEV_00086,SG,2026-04-11,success,38
TXN_004422,CUST_01938,5073.47,card,DEV_01246,AE,2026-07-22,success,12
TXN_004423,CUST_01313,7803.55,netbanking,DEV_00353,SG,2026-01-07,success,47
TXN_004424,CUST_01743,5508.89,netbanking,DEV_00854,US,2026-05-07,success,47
TXN_004425,CUST_00623,714.92,wallet,DEV_02670,US,2026-07-06,success,7
TXN_004426,CUST_00329,576.57,upi,DEV_00961,GB,2026-04-18,success,48
TXN_004427,CUST_01313,2876.68,wallet,DEV_02451,US,2026-07-27,success,47
TXN_004428,CUST_01816,1394.9,card,DEV_00239,IN,2026-07-04,success,45
TXN_004429,CUST_01033,5349.94,card,DEV_02156,SG,2026-05-31,success,29
TXN_004430,CUST_00117,2013.87,card,DEV_02266,AE,2026-05-14,success,13
TXN_004431,CUST_00620,592.63,card,DEV_01269,SG,2026-01-12,success,29
TXN_004432,CUST_00880,949.81,upi,DEV_01376,GB,2026-01-17,success,6
TXN_004433,CUST_01686,2656.55,upi,DEV_02560,IN,2026-06-09,success,33
TXN_004434,CUST_01350,4351.92,card,DEV_01076,US,2026-06-12,failed,23
TXN_004435,CUST_00901,2195.04,wallet,DEV_01740,IN,2026-03-04,failed,45
TXN_004436,CUST_00494,3437.8,wallet,DEV_00698,SG,2026-06-14,success,5
TXN_004437,CUST_01142,10131.11,card,DEV_00575,US,2026-06-22,failed,28
TXN_004438,CUST_00538,5673.31,card,DEV_01429,SG,2026-03-19,failed,24
TXN_004439,CUST_00027,6850.58,netbanking,DEV_01876,IN,2026-08-12,success,5
TXN_004440,CUST_00593,6578.23,upi,DEV_00302,IN,2026-01-10,success,40
TXN_004441,CUST_00425,910.8,upi,DEV_02763,US,2026-01-03,failed,50
TXN_004442,CUST_00068,3957.95,wallet,DEV_00831,SG,2026-04-25,success,36
TXN_004443,CUST_01633,2516.67,upi,DEV_00388,SG,2026-05-30,success,11
TXN_004444,CUST_00140,8642.86,netbanking,DEV_00574,AE,2026-06-05,success,13
TXN_004445,CUST_01931,14486.81,wallet,DEV_01672,GB,2026-06-15,success,14
TXN_004446,CUST_00803,10339.76,card,DEV_01662,AE,2026-04-20,failed,22
TXN_004447,CUST_00154,5181.68,card,DEV_02086,AE,2026-05-03,failed,16
TXN_004448,CUST_01439,813.34,upi,DEV_02696,SG,2026-05-19,success,1
TXN_004449,CUST_01600,696.2,wallet,DEV_00968,AE,2026-05-20,success,50
TXN_004450,CUST_01745,1159.47,card,DEV_00360,AE,2026-08-14,success,44
TXN_004451,CUST_01737,3063.34,wallet,DEV_01645,US,2026-06-01,success,12
TXN_004452,CUST_01765,1704.29,upi,DEV_01742,AE,2026-04-22,failed,13
TXN_004453,CUST_01872,891.31,card,DEV_02335,US,2026-04-25,failed,36
TXN_004454,CUST_01663,2564.57,card,DEV_01619,GB,2026-02-13,success,12
TXN_004455,CUST_00422,2980.55,card,DEV_01900,GB,2026-05-29,success,42
TXN_004456,CUST_00200,3382.37,netbanking,DEV_02317,SG,2026-01-28,success,2
TXN_004457,CUST_01962,2064.93,netbanking,DEV_01399,SG,2026-05-03,failed,31
TXN_004458,CUST_01935,4452.62,wallet,DEV_00624,AE,2026-03-24,failed,16
TXN_004459,CUST_01572,3527.34,wallet,DEV_01214,IN,2026-05-21,success,41
TXN_004460,CUST_00538,939.06,netbanking,DEV_02180,IN,2026-03-23,success,24
TXN_004461,CUST_00767,10085.94,card,DEV_02911,GB,2026-02-01,failed,24
TXN_004462,CUST_01517,2393.89,card,DEV_01588,GB,2026-05-04,success,22
TXN_004463,CUST_00862,9153.38,card,DEV_00570,SG,2026-08-09,success,10
TXN_004464,CUST_01876,879.61,wallet,DEV_01438,IN,2026-05-17,failed,3
TXN_004465,CUST_00115,6314.42,card,DEV_02656,IN,2026-08-04,success,30
TXN_004466,CUST_01032,1380.9,wallet,DEV_00162,IN,2026-08-12,success,31
TXN_004467,CUST_00898,4605.81,card,DEV_00018,SG,2026-02-17,success,28
TXN_004468,CUST_01891,1928.3,netbanking,DEV_02435,US,2026-05-14,failed,35
TXN_004469,CUST_00540,4258.37,wallet,DEV_01432,AE,2026-01-13,success,32
TXN_004470,CUST_01752,1164.32,card,DEV_00579,SG,2026-02-20,success,20
TXN_004471,CUST_01860,2484.79,card,DEV_00417,US,2026-03-29,success,31
TXN_004472,CUST_01170,17499.71,card,DEV_02637,SG,2026-04-11,success,1
TXN_004473,CUST_01662,1691.25,wallet,DEV_01128,US,2026-05-27,success,50
TXN_004474,CUST_01151,4009.59,wallet,DEV_02710,SG,2026-03-30,success,32
TXN_004475,CUST_00981,3945.15,upi,DEV_00664,US,2026-08-06,success,37
TXN_004476,CUST_00439,4703.06,wallet,DEV_02477,US,2026-07-30,success,22
TXN_004477,CUST_01560,12732.39,card,DEV_01575,US,2026-08-15,success,7
TXN_004478,CUST_00281,5063.11,card,DEV_02042,US,2026-01-06,success,21
TXN_004479,CUST_01094,3820.25,netbanking,DEV_00708,AE,2026-06-16,failed,30
TXN_004480,CUST_01578,1986.23,upi,DEV_01064,SG,2026-04-26,success,21
TXN_004481,CUST_00996,5089.31,upi,DEV_01924,GB,2026-01-07,success,31
TXN_004482,CUST_00245,774.74,wallet,DEV_02828,IN,2026-07-26,success,8
TXN_004483,CUST_01781,6220.33,netbanking,DEV_01602,SG,2026-04-05,failed,20
TXN_004484,CUST_00354,2306.36,wallet,DEV_01048,IN,2026-07-04,failed,12
TXN_004485,CUST_00313,3686.7,wallet,DEV_00854,GB,2026-06-15,success,1
TXN_004486,CUST_01492,3397.69,netbanking,DEV_01527,US,2026-03-07,success,29
TXN_004487,CUST_00259,3847.5,card,DEV_01150,AE,2026-06-17,failed,6
TXN_004488,CUST_00235,891.21,wallet,DEV_01450,SG,2026-02-20,success,16
TXN_004489,CUST_00394,3716.76,upi,DEV_01216,SG,2026-07-09,success,24
TXN_004490,CUST_00686,1753.65,netbanking,DEV_02683,SG,2026-04-20,success,48
TXN_004491,CUST_00508,2734.04,wallet,DEV_02026,US,2026-04-22,failed,26
TXN_004492,CUST_00525,1561.68,netbanking,DEV_02121,GB,2026-03-03,success,29
TXN_004493,CUST_00396,1450.95,card,DEV_02716,AE,2026-05-02,success,4
TXN_004494,CUST_00443,6171.1,wallet,DEV_00019,SG,2026-06-05,success,50
TXN_004495,CUST_01754,5695.74,upi,DEV_00652,AE,2026-07-17,success,13
TXN_004496,CUST_00934,5914.59,netbanking,DEV_01232,US,2026-08-12,failed,24
TXN_004497,CUST_00933,1741.35,netbanking,DEV_02194,IN,2026-04-02,success,1
TXN_004498,CUST_00029,3087.04,netbanking,DEV_01308,IN,2026-04-03,success,42
TXN_004499,CUST_00019,2954.48,upi,DEV_02180,GB,2026-04-13,failed,30
TXN_004500,CUST_01409,4080.45,upi,DEV_00034,IN,2026-04-28,success,3
TXN_004501,CUST_01973,2269.95,netbanking,DEV_00706,SG,2026-07-14,success,36
TXN_004502,CUST_01540,1787.64,card,DEV_02855,AE,2026-04-25,success,35
TXN_004503,CUST_00227,1340.61,wallet,DEV_00582,SG,2026-03-22,success,10
TXN_004504,CUST_01706,3141.56,netbanking,DEV_02732,IN,2026-03-03,success,36
TXN_004505,CUST_01825,12623.57,card,DEV_01728,US,2026-03-27,success,6
TXN_004506,CUST_01049,7540.68,card,DEV_01452,IN,2026-06-23,success,32
TXN_004507,CUST_00779,4288.41,card,DEV_01229,GB,2026-01-06,success,16
TXN_004508,CUST_00024,2439.44,card,DEV_01277,US,2026-03-29,success,41
TXN_004509,CUST_00302,1915.68,card,DEV_00571,AE,2026-06-02,success,44
TXN_004510,CUST_00089,14661.1,upi,DEV_00917,AE,2026-06-08,success,35
TXN_004511,CUST_01390,2619.19,upi,DEV_00323,IN,2026-01-29,success,35
TXN_004512,CUST_00716,2792.22,upi,DEV_02691,GB,2026-05-28,success,14
TXN_004513,CUST_00288,6563.51,netbanking,DEV_00684,AE,2026-04-02,success,42
TXN_004514,CUST_00372,6338.57,wallet,DEV_01083,US,2026-05-22,failed,7
TXN_004515,CUST_01204,6676.8,wallet,DEV_00751,GB,2026-01-29,success,37
TXN_004516,CUST_00199,2503.1,netbanking,DEV_02032,US,2026-05-16,success,40
TXN_004517,CUST_00436,2044.87,netbanking,DEV_01428,GB,2026-03-29,success,37
TXN_004518,CUST_00001,13717.2,netbanking,DEV_02589,AE,2026-01-11,success,8
TXN_004519,CUST_00724,3944.42,upi,DEV_01328,IN,2026-01-21,failed,47
TXN_004520,CUST_01988,6200.05,netbanking,DEV_01410,GB,2026-03-22,success,37
TXN_004521,CUST_00121,3702.97,wallet,DEV_02862,IN,2026-07-15,failed,38
TXN_004522,CUST_01645,1437.56,upi,DEV_01942,US,2026-05-20,success,44
TXN_004523,CUST_00919,8059.96,wallet,DEV_01867,US,2026-03-05,failed,16
TXN_004524,CUST_00607,13869.24,netbanking,DEV_01579,IN,2026-08-04,success,48
TXN_004525,CUST_00023,9828.82,card,DEV_02736,GB,2026-08-01,failed,30
TXN_004526,CUST_01633,1955.1,netbanking,DEV_01734,US,2026-07-14,failed,11
TXN_004527,CUST_00600,3002.62,netbanking,DEV_00416,US,2026-07-12,failed,4
TXN_004528,CUST_00787,12464.73,card,DEV_02105,GB,2026-05-15,success,19
TXN_004529,CUST_00417,989.47,wallet,DEV_01607,US,2026-01-04,success,38
TXN_004530,CUST_00904,3856.65,wallet,DEV_02339,US,2026-01-22,failed,16
TXN_004531,CUST_00144,11063.98,upi,DEV_00083,US,2026-06-08,success,16
TXN_004532,CUST_01249,3433.44,card,DEV_01786,AE,2026-01-16,success,33
TXN_004533,CUST_01068,10446.98,netbanking,DEV_00134,GB,2026-07-04,success,36
TXN_004534,CUST_00348,12316.23,upi,DEV_02774,AE,2026-04-23,success,22
TXN_004535,CUST_01887,5061.36,card,DEV_00710,US,2026-03-13,success,4
TXN_004536,CUST_00127,10990.9,card,DEV_01264,SG,2026-03-30,success,28
TXN_004537,CUST_00280,1876.41,netbanking,DEV_02664,US,2026-01-15,success,22
TXN_004538,CUST_01381,7631.72,netbanking,DEV_02490,US,2026-04-13,success,31
TXN_004539,CUST_00713,7378.21,netbanking,DEV_00190,US,2026-05-22,success,42
TXN_004540,CUST_00306,12103.2,upi,DEV_00439,US,2026-03-07,success,19
TXN_004541,CUST_01275,1882.63,wallet,DEV_01482,GB,2026-04-24,failed,42
TXN_004542,CUST_01815,3675.61,wallet,DEV_00757,SG,2026-06-06,success,19
TXN_004543,CUST_01523,9206.86,card,DEV_02943,GB,2026-03-16,success,17
TXN_004544,CUST_00713,3215.62,netbanking,DEV_02576,GB,2026-02-19,success,42
TXN_004545,CUST_00712,1767.51,upi,DEV_02650,GB,2026-03-05,failed,19
TXN_004546,CUST_01212,2234.63,netbanking,DEV_00922,IN,2026-08-15,success,4
TXN_004547,CUST_01116,10929.72,upi,DEV_02722,SG,2026-05-04,failed,4
TXN_004548,CUST_00452,4217.89,card,DEV_02778,IN,2026-03-24,success,43
TXN_004549,CUST_00343,3123.72,wallet,DEV_00603,SG,2026-01-30,failed,24
TXN_004550,CUST_00004,2158.87,upi,DEV_01597,GB,2026-07-27,success,28
TXN_004551,CUST_01525,1206.25,wallet,DEV_00876,US,2026-05-11,success,29
TXN_004552,CUST_00542,1668.12,wallet,DEV_00579,SG,2026-01-22,success,36
TXN_004553,CUST_00152,3432.14,wallet,DEV_00937,SG,2026-02-09,success,16
TXN_004554,CUST_01558,5377.03,card,DEV_02432,SG,2026-03-05,failed,7
TXN_004555,CUST_00866,5965.03,card,DEV_01320,AE,2026-02-25,failed,41
TXN_004556,CUST_01876,1429.38,wallet,DEV_01983,IN,2026-07-17,success,3
TXN_004557,CUST_01018,4683.22,netbanking,DEV_00561,SG,2026-05-12,failed,20
TXN_004558,CUST_00548,1060.67,wallet,DEV_00005,AE,2026-06-14,success,9
TXN_004559,CUST_00315,6483.15,netbanking,DEV_02437,SG,2026-08-04,success,41
TXN_004560,CUST_00211,6696.96,netbanking,DEV_00805,IN,2026-03-07,success,36
TXN_004561,CUST_00181,8569.72,netbanking,DEV_00210,IN,2026-07-27,success,14
TXN_004562,CUST_01620,20020.95,card,DEV_00537,AE,2026-07-10,success,20
TXN_004563,CUST_00512,4399.47,wallet,DEV_02274,SG,2026-01-09,success,12
TXN_004564,CUST_01724,9703.4,netbanking,DEV_02614,GB,2026-08-14,success,9
TXN_004565,CUST_01175,5042.0,upi,DEV_02435,GB,2026-05-09,failed,30
TXN_004566,CUST_00563,2823.28,wallet,DEV_01625,IN,2026-03-02,success,5
TXN_004567,CUST_01649,1782.79,netbanking,DEV_00035,SG,2026-07-19,success,10
TXN_004568,CUST_01708,5357.33,netbanking,DEV_01672,AE,2026-06-23,success,23
TXN_004569,CUST_00325,1737.37,netbanking,DEV_02562,IN,2026-05-18,success,49
TXN_004570,CUST_00912,2411.01,upi,DEV_01737,SG,2026-05-10,success,19
TXN_004571,CUST_00509,4145.74,card,DEV_00310,US,2026-08-01,success,12
TXN_004572,CUST_01797,5589.02,wallet,DEV_00707,IN,2026-01-13,success,45
TXN_004573,CUST_01916,3063.16,card,DEV_00999,US,2026-03-13,failed,47
TXN_004574,CUST_01122,4019.52,card,DEV_00412,SG,2026-03-21,success,43
TXN_004575,CUST_00584,3986.15,upi,DEV_00012,IN,2026-03-02,success,33
TXN_004576,CUST_00279,8197.94,netbanking,DEV_00967,US,2026-01-09,success,10
TXN_004577,CUST_01085,4953.99,card,DEV_02753,AE,2026-05-14,success,27
TXN_004578,CUST_00615,8282.88,wallet,DEV_00911,AE,2026-08-04,success,46
TXN_004579,CUST_00925,5783.18,upi,DEV_02202,SG,2026-06-23,success,8
TXN_004580,CUST_01187,4760.46,wallet,DEV_01006,AE,2026-06-03,success,27
TXN_004581,CUST_00261,5056.03,wallet,DEV_02091,SG,2026-06-30,success,35
TXN_004582,CUST_00315,4848.25,wallet,DEV_01755,AE,2026-02-17,success,41
TXN_004583,CUST_00891,2743.43,card,DEV_00095,GB,2026-02-03,success,49
TXN_004584,CUST_00092,13690.69,netbanking,DEV_02863,IN,2026-07-19,success,35
TXN_004585,CUST_00569,4092.64,wallet,DEV_00037,AE,2026-01-30,failed,29
TXN_004586,CUST_01464,2032.92,upi,DEV_01102,SG,2026-04-04,success,45
TXN_004587,CUST_01488,4768.65,netbanking,DEV_00427,US,2026-02-25,failed,16
TXN_004588,CUST_01234,4052.54,card,DEV_02168,GB,2026-01-21,success,48
TXN_004589,CUST_01005,3630.23,card,DEV_02549,GB,2026-07-24,success,32
TXN_004590,CUST_01500,1229.1,netbanking,DEV_01064,GB,2026-04-18,failed,32
TXN_004591,CUST_00938,1392.23,upi,DEV_02527,AE,2026-03-30,success,33
TXN_004592,CUST_01595,3724.27,wallet,DEV_00471,SG,2026-02-17,failed,45
TXN_004593,CUST_00574,1005.36,wallet,DEV_02042,IN,2026-03-02,failed,30
TXN_004594,CUST_00471,2293.67,wallet,DEV_02804,IN,2026-06-26,failed,49
TXN_004595,CUST_00334,6022.65,upi,DEV_01744,US,2026-05-30,success,30
TXN_004596,CUST_01888,1009.05,wallet,DEV_00437,US,2026-07-09,failed,29
TXN_004597,CUST_00900,3668.56,wallet,DEV_01805,SG,2026-02-26,success,36
TXN_004598,CUST_01755,1693.22,netbanking,DEV_01489,AE,2026-02-23,failed,2
TXN_004599,CUST_00518,5187.26,card,DEV_00802,SG,2026-08-05,failed,41
TXN_004600,CUST_00501,3828.3,netbanking,DEV_00191,US,2026-07-06,success,19
TXN_004601,CUST_00840,6390.13,upi,DEV_02816,GB,2026-06-20,failed,33
TXN_004602,CUST_01048,2184.44,card,DEV_01237,GB,2026-07-21,failed,8
TXN_004603,CUST_00588,3873.43,wallet,DEV_00721,AE,2026-04-19,success,10
TXN_004604,CUST_01001,15410.42,upi,DEV_00004,GB,2026-06-24,success,16
TXN_004605,CUST_00663,9969.11,card,DEV_01873,AE,2026-07-19,success,34
TXN_004606,CUST_00409,5787.22,netbanking,DEV_00714,IN,2026-04-06,success,35
TXN_004607,CUST_00315,3916.17,netbanking,DEV_02095,US,2026-01-29,failed,41
TXN_004608,CUST_00607,11892.62,wallet,DEV_00849,AE,2026-03-09,failed,48
TXN_004609,CUST_01539,3222.26,card,DEV_01026,AE,2026-03-22,failed,23
TXN_004610,CUST_01644,6269.72,wallet,DEV_02430,SG,2026-05-04,success,26
TXN_004611,CUST_01063,9614.06,upi,DEV_01546,SG,2026-05-24,success,11
TXN_004612,CUST_01562,1823.51,card,DEV_00116,GB,2026-05-19,success,40
TXN_004613,CUST_01059,13318.34,wallet,DEV_02798,SG,2026-06-14,success,44
TXN_004614,CUST_00504,2525.06,wallet,DEV_02986,US,2026-06-26,success,35
TXN_004615,CUST_00655,3387.74,netbanking,DEV_02362,US,2026-07-11,success,10
TXN_004616,CUST_00795,4699.27,card,DEV_02709,US,2026-05-04,success,17
TXN_004617,CUST_01848,3289.19,wallet,DEV_01351,SG,2026-02-27,success,40
TXN_004618,CUST_00666,1966.4,card,DEV_00179,GB,2026-01-13,failed,9
TXN_004619,CUST_00904,4236.94,upi,DEV_02372,IN,2026-01-21,failed,16
TXN_004620,CUST_00848,3294.09,upi,DEV_00526,SG,2026-02-10,success,49
TXN_004621,CUST_00017,3725.76,wallet,DEV_00509,SG,2026-02-19,success,15
TXN_004622,CUST_01223,4216.29,card,DEV_02198,IN,2026-04-25,failed,27
TXN_004623,CUST_00465,3379.24,card,DEV_01968,GB,2026-06-23,failed,50
TXN_004624,CUST_00739,4593.83,netbanking,DEV_02362,AE,2026-03-14,failed,26
TXN_004625,CUST_01707,7852.22,card,DEV_01294,US,2026-08-11,success,12
TXN_004626,CUST_01410,6530.18,card,DEV_02009,IN,2026-01-29,success,3
TXN_004627,CUST_00812,16220.84,wallet,DEV_01376,AE,2026-04-02,success,31
TXN_004628,CUST_01976,37118.38,card,DEV_00039,AE,2026-01-20,failed,47
TXN_004629,CUST_00335,2826.23,upi,DEV_02589,GB,2026-04-15,success,9
TXN_004630,CUST_01851,5867.22,card,DEV_01671,US,2026-08-01,success,29
TXN_004631,CUST_00819,12547.39,upi,DEV_02443,AE,2026-04-04,success,12
TXN_004632,CUST_00116,6065.74,wallet,DEV_00730,AE,2026-01-27,failed,15
TXN_004633,CUST_01356,941.39,netbanking,DEV_02494,AE,2026-02-25,failed,22
TXN_004634,CUST_00667,1910.89,card,DEV_00364,SG,2026-08-03,success,37
TXN_004635,CUST_00550,5596.86,card,DEV_01606,SG,2026-02-12,success,11
TXN_004636,CUST_00349,4451.74,card,DEV_00849,IN,2026-05-08,success,37
TXN_004637,CUST_01846,11985.67,wallet,DEV_02023,GB,2026-02-18,success,32
TXN_004638,CUST_01558,4905.52,card,DEV_01594,US,2026-07-25,success,7
TXN_004639,CUST_00814,8354.97,wallet,DEV_00494,US,2026-01-20,failed,20
TXN_004640,CUST_00708,2527.88,netbanking,DEV_01097,SG,2026-01-10,success,1
TXN_004641,CUST_00889,5732.74,netbanking,DEV_02824,SG,2026-08-02,success,7
TXN_004642,CUST_00014,7433.75,upi,DEV_01951,US,2026-06-03,success,25
TXN_004643,CUST_00553,5269.88,netbanking,DEV_01522,SG,2026-07-18,success,13
TXN_004644,CUST_00555,3328.35,upi,DEV_01400,AE,2026-07-30,success,42
TXN_004645,CUST_00069,12521.64,card,DEV_00628,AE,2026-08-06,success,35
TXN_004646,CUST_01017,2292.02,upi,DEV_02473,US,2026-02-07,success,43
TXN_004647,CUST_00599,1506.15,netbanking,DEV_00434,AE,2026-07-27,success,31
TXN_004648,CUST_00074,2500.36,card,DEV_02459,US,2026-03-24,success,30
TXN_004649,CUST_00314,3678.24,netbanking,DEV_02022,AE,2026-02-15,success,19
TXN_004650,CUST_00106,3549.43,upi,DEV_02895,US,2026-04-14,success,3
TXN_004651,CUST_00101,2744.32,card,DEV_02852,SG,2026-04-12,success,17
TXN_004652,CUST_01675,2041.27,netbanking,DEV_01467,GB,2026-01-26,success,21
TXN_004653,CUST_01293,4748.62,netbanking,DEV_01304,US,2026-01-25,success,8
TXN_004654,CUST_00502,15173.93,wallet,DEV_00892,IN,2026-06-04,success,13
TXN_004655,CUST_00960,17634.42,card,DEV_01927,SG,2026-04-13,success,18
TXN_004656,CUST_00065,2458.78,card,DEV_02665,SG,2026-04-20,success,13
TXN_004657,CUST_00344,2182.25,netbanking,DEV_02373,SG,2026-04-29,success,42
TXN_004658,CUST_00234,2477.83,netbanking,DEV_02988,IN,2026-05-24,success,14
TXN_004659,CUST_01337,9180.23,card,DEV_01888,AE,2026-06-12,success,33
TXN_004660,CUST_01772,933.28,netbanking,DEV_02666,IN,2026-04-18,failed,5
TXN_004661,CUST_01119,1358.31,card,DEV_00273,US,2026-02-25,failed,17
TXN_004662,CUST_00975,4347.5,upi,DEV_01757,AE,2026-01-08,failed,13
TXN_004663,CUST_00326,5259.12,upi,DEV_00496,AE,2026-06-18,success,36
TXN_004664,CUST_00784,12413.27,netbanking,DEV_00046,US,2026-03-20,success,42
TXN_004665,CUST_01961,1852.25,upi,DEV_02648,US,2026-07-08,success,13
TXN_004666,CUST_00390,735.52,card,DEV_02820,SG,2026-05-15,success,43
TXN_004667,CUST_00498,2800.86,card,DEV_01687,US,2026-02-17,success,42
TXN_004668,CUST_01183,2063.02,wallet,DEV_01281,GB,2026-01-04,success,26
TXN_004669,CUST_01137,5435.64,card,DEV_02658,GB,2026-03-16,success,41
TXN_004670,CUST_00595,5501.53,upi,DEV_01215,SG,2026-08-12,success,37
TXN_004671,CUST_01451,3322.78,upi,DEV_02742,IN,2026-02-10,success,36
TXN_004672,CUST_01410,4374.94,upi,DEV_01507,IN,2026-06-28,success,3
TXN_004673,CUST_01532,8263.67,wallet,DEV_01685,GB,2026-06-29,success,16
TXN_004674,CUST_00794,16015.13,card,DEV_02738,SG,2026-04-20,success,32
TXN_004675,CUST_00354,4612.27,netbanking,DEV_01707,GB,2026-01-03,success,12
TXN_004676,CUST_01037,16109.87,card,DEV_01266,AE,2026-03-31,success,6
TXN_004677,CUST_00226,9896.32,card,DEV_00789,AE,2026-01-10,success,37
TXN_004678,CUST_00748,10297.43,netbanking,DEV_02607,US,2026-03-18,success,3
TXN_004679,CUST_00210,2369.41,card,DEV_02804,SG,2026-01-15,success,34
TXN_004680,CUST_00964,1799.4,wallet,DEV_00312,IN,2026-01-07,success,23
TXN_004681,CUST_00139,3160.16,netbanking,DEV_01571,GB,2026-06-07,success,49
TXN_004682,CUST_01413,18475.41,upi,DEV_02368,SG,2026-02-14,success,26
TXN_004683,CUST_00749,4005.61,upi,DEV_00991,AE,2026-04-08,failed,35
TXN_004684,CUST_00552,16199.15,wallet,DEV_02389,AE,2026-06-03,success,34
TXN_004685,CUST_00125,2769.33,upi,DEV_02335,GB,2026-03-01,success,46
TXN_004686,CUST_01078,3034.05,wallet,DEV_00383,SG,2026-03-06,success,26
TXN_004687,CUST_01322,4577.59,card,DEV_02561,SG,2026-07-20,success,24
TXN_004688,CUST_01212,1108.05,card,DEV_02545,US,2026-07-20,success,4
TXN_004689,CUST_01161,8576.58,upi,DEV_01149,US,2026-03-17,success,44
TXN_004690,CUST_00701,1236.05,wallet,DEV_01740,US,2026-05-12,success,36
TXN_004691,CUST_00044,6709.44,netbanking,DEV_01680,US,2026-02-21,success,24
TXN_004692,CUST_00110,4380.35,upi,DEV_00976,GB,2026-02-23,failed,11
TXN_004693,CUST_01977,1774.09,netbanking,DEV_00420,SG,2026-04-08,failed,21
TXN_004694,CUST_01449,2704.85,netbanking,DEV_02997,IN,2026-05-10,failed,14
TXN_004695,CUST_01479,3556.49,netbanking,DEV_01180,US,2026-03-14,success,29
TXN_004696,CUST_00622,3347.5,upi,DEV_01572,SG,2026-02-04,success,35
TXN_004697,CUST_00517,1141.91,netbanking,DEV_00086,AE,2026-03-10,success,47
TXN_004698,CUST_00202,7616.43,netbanking,DEV_00089,SG,2026-08-09,success,17
TXN_004699,CUST_01138,3659.21,upi,DEV_02292,SG,2026-07-26,success,18
TXN_004700,CUST_00568,2126.93,netbanking,DEV_01965,IN,2026-03-05,failed,16
TXN_004701,CUST_00275,4878.68,wallet,DEV_01161,GB,2026-02-23,success,39
TXN_004702,CUST_01615,1317.61,card,DEV_01927,AE,2026-03-26,success,5
TXN_004703,CUST_01433,5225.05,netbanking,DEV_01876,IN,2026-07-25,success,48
TXN_004704,CUST_00984,6285.56,card,DEV_00155,SG,2026-07-24,success,18
TXN_004705,CUST_00972,4663.88,netbanking,DEV_00559,SG,2026-05-11,failed,29
TXN_004706,CUST_01055,2051.12,upi,DEV_01126,GB,2026-07-09,failed,49
TXN_004707,CUST_00812,5739.49,wallet,DEV_02115,AE,2026-04-21,failed,31
TXN_004708,CUST_00265,14374.56,netbanking,DEV_01872,IN,2026-04-15,success,9
TXN_004709,CUST_00747,629.5,wallet,DEV_02869,IN,2026-08-12,failed,45
TXN_004710,CUST_01293,1837.09,card,DEV_00349,GB,2026-06-09,failed,8
TXN_004711,CUST_00104,1670.68,card,DEV_00331,IN,2026-07-14,success,3
TXN_004712,CUST_01937,2981.76,netbanking,DEV_02933,AE,2026-01-27,success,32
TXN_004713,CUST_00971,1772.97,wallet,DEV_01968,GB,2026-04-18,failed,12
TXN_004714,CUST_00230,4036.44,netbanking,DEV_00001,GB,2026-01-20,failed,34
TXN_004715,CUST_00707,4458.61,card,DEV_02811,IN,2026-04-09,failed,14
TXN_004716,CUST_01284,1543.99,netbanking,DEV_01069,SG,2026-07-05,success,44
TXN_004717,CUST_01112,10171.55,upi,DEV_01164,US,2026-04-05,failed,44
TXN_004718,CUST_01157,3037.61,netbanking,DEV_00077,GB,2026-03-24,success,4
TXN_004719,CUST_00874,2404.18,netbanking,DEV_01676,AE,2026-08-08,success,32
TXN_004720,CUST_00545,1711.86,wallet,DEV_01406,GB,2026-01-12,success,21
TXN_004721,CUST_01821,6969.91,netbanking,DEV_00729,SG,2026-04-22,success,27
TXN_004722,CUST_01910,5507.5,wallet,DEV_02880,SG,2026-05-31,success,41
TXN_004723,CUST_00598,6833.17,netbanking,DEV_01826,IN,2026-03-18,success,47
TXN_004724,CUST_01385,6380.97,upi,DEV_01354,IN,2026-08-09,success,35
TXN_004725,CUST_00429,3872.7,netbanking,DEV_02891,AE,2026-04-20,success,5
TXN_004726,CUST_01973,626.99,wallet,DEV_01233,SG,2026-07-22,success,36
TXN_004727,CUST_01266,2891.96,wallet,DEV_01022,SG,2026-06-15,success,46
TXN_004728,CUST_01327,5258.49,upi,DEV_01668,SG,2026-08-11,success,47
TXN_004729,CUST_00149,2886.62,wallet,DEV_00803,GB,2026-05-12,success,49
TXN_004730,CUST_01596,3240.05,upi,DEV_00078,IN,2026-01-06,success,42
TXN_004731,CUST_00811,8240.27,upi,DEV_01800,SG,2026-05-28,failed,22
TXN_004732,CUST_01103,1876.35,netbanking,DEV_00345,SG,2026-06-16,success,50
TXN_004733,CUST_00664,10365.38,card,DEV_01205,SG,2026-08-09,success,14
TXN_004734,CUST_00665,3160.33,upi,DEV_02901,AE,2026-04-28,success,33
TXN_004735,CUST_01640,2713.22,wallet,DEV_01945,IN,2026-02-25,failed,21
TXN_004736,CUST_00251,11183.44,netbanking,DEV_01700,US,2026-01-14,success,49
TXN_004737,CUST_01803,3922.59,wallet,DEV_00884,GB,2026-03-19,success,42
TXN_004738,CUST_00729,5043.49,upi,DEV_02576,SG,2026-03-08,failed,10
TXN_004739,CUST_00505,4698.15,wallet,DEV_02944,US,2026-03-01,success,49
TXN_004740,CUST_00471,2564.87,card,DEV_02762,US,2026-02-20,success,49
TXN_004741,CUST_00240,2617.18,netbanking,DEV_01802,AE,2026-01-23,failed,17
TXN_004742,CUST_00471,2002.37,card,DEV_01838,US,2026-08-03,success,49
TXN_004743,CUST_01866,2632.64,wallet,DEV_01235,GB,2026-08-10,success,28
TXN_004744,CUST_01148,4757.94,wallet,DEV_01891,AE,2026-02-14,failed,5
TXN_004745,CUST_01667,2795.2,upi,DEV_01590,US,2026-04-11,failed,33
TXN_004746,CUST_01564,4757.9,netbanking,DEV_02854,IN,2026-05-11,failed,14
TXN_004747,CUST_00543,14678.6,wallet,DEV_01086,AE,2026-07-17,success,20
TXN_004748,CUST_01813,4023.76,netbanking,DEV_02803,GB,2026-06-16,success,36
TXN_004749,CUST_00053,925.66,netbanking,DEV_02058,GB,2026-02-05,success,15
TXN_004750,CUST_01563,13710.25,upi,DEV_01828,AE,2026-07-21,success,24
TXN_004751,CUST_01160,1645.76,card,DEV_00984,AE,2026-04-10,failed,45
TXN_004752,CUST_00211,895.96,wallet,DEV_02284,AE,2026-03-14,success,36
TXN_004753,CUST_00496,11427.3,netbanking,DEV_00616,IN,2026-08-10,failed,38
TXN_004754,CUST_01240,1785.84,wallet,DEV_01914,GB,2026-01-21,success,48
TXN_004755,CUST_01776,2701.3,wallet,DEV_01437,US,2026-03-18,success,26
TXN_004756,CUST_01226,796.42,card,DEV_01299,AE,2026-07-16,success,38
TXN_004757,CUST_01415,4526.8,upi,DEV_00244,SG,2026-05-31,success,19
TXN_004758,CUST_01660,2944.03,card,DEV_02636,IN,2026-05-27,success,21
TXN_004759,CUST_00310,2584.2,card,DEV_01676,GB,2026-04-12,success,31
TXN_004760,CUST_00298,10278.35,upi,DEV_00992,GB,2026-07-04,success,21
TXN_004761,CUST_01171,862.68,netbanking,DEV_01001,SG,2026-07-24,success,37
TXN_004762,CUST_00800,3431.44,wallet,DEV_01497,US,2026-03-29,success,50
TXN_004763,CUST_00855,9608.53,upi,DEV_02773,US,2026-04-16,failed,40
TXN_004764,CUST_00648,2078.24,card,DEV_02586,IN,2026-08-09,success,16
TXN_004765,CUST_00248,4850.02,netbanking,DEV_01911,IN,2026-08-07,success,28
TXN_004766,CUST_01751,5488.55,card,DEV_00246,US,2026-07-28,success,32
TXN_004767,CUST_01330,5609.89,netbanking,DEV_01727,IN,2026-01-21,failed,38
TXN_004768,CUST_00428,1226.24,netbanking,DEV_00330,IN,2026-05-21,success,41
TXN_004769,CUST_01067,1519.8,netbanking,DEV_02058,US,2026-07-11,failed,47
TXN_004770,CUST_01991,6607.44,netbanking,DEV_01646,AE,2026-01-20,success,41
TXN_004771,CUST_00868,6695.32,netbanking,DEV_01927,AE,2026-04-19,success,32
TXN_004772,CUST_01147,16332.88,wallet,DEV_02094,AE,2026-06-21,success,7
TXN_004773,CUST_01282,4110.13,netbanking,DEV_02952,AE,2026-07-07,failed,50
TXN_004774,CUST_00738,3823.13,wallet,DEV_02750,AE,2026-05-21,success,34
TXN_004775,CUST_01052,1201.01,card,DEV_01528,US,2026-04-05,failed,29
TXN_004776,CUST_00342,4729.1,netbanking,DEV_02460,SG,2026-04-06,success,29
TXN_004777,CUST_00194,4981.01,card,DEV_01132,US,2026-06-29,success,34
TXN_004778,CUST_00164,12167.78,upi,DEV_00015,US,2026-05-28,success,25
TXN_004779,CUST_01583,3139.13,wallet,DEV_01732,GB,2026-08-07,success,29
TXN_004780,CUST_01164,2037.35,netbanking,DEV_01140,AE,2026-06-24,success,7
TXN_004781,CUST_00574,5013.31,wallet,DEV_00716,US,2026-01-18,success,30
TXN_004782,CUST_00715,3833.85,card,DEV_01453,IN,2026-02-25,success,7
TXN_004783,CUST_00467,4394.62,wallet,DEV_01541,IN,2026-03-20,failed,13
TXN_004784,CUST_01551,1407.88,netbanking,DEV_01848,US,2026-02-24,success,1
TXN_004785,CUST_01624,8346.99,netbanking,DEV_01859,SG,2026-03-28,success,48
TXN_004786,CUST_01503,8187.36,netbanking,DEV_01865,GB,2026-08-10,success,27
TXN_004787,CUST_00439,3747.25,upi,DEV_00011,US,2026-03-25,success,22
TXN_004788,CUST_01505,552.26,netbanking,DEV_00423,IN,2026-07-11,success,25
TXN_004789,CUST_01950,39995.61,upi,DEV_02067,AE,2026-06-15,success,10
TXN_004790,CUST_00845,2580.25,netbanking,DEV_00337,SG,2026-07-11,failed,19
TXN_004791,CUST_01590,3611.54,wallet,DEV_01271,AE,2026-05-03,success,9
TXN_004792,CUST_01267,486.0,card,DEV_00835,IN,2026-02-22,success,12
TXN_004793,CUST_00305,3631.6,card,DEV_02071,US,2026-01-03,success,43
TXN_004794,CUST_01681,3311.65,netbanking,DEV_02106,GB,2026-02-20,success,19
TXN_004795,CUST_00161,2967.68,wallet,DEV_01304,SG,2026-07-28,success,50
TXN_004796,CUST_01080,2906.49,netbanking,DEV_00861,SG,2026-05-15,success,24
TXN_004797,CUST_01157,13503.63,upi,DEV_02842,IN,2026-05-06,success,4
TXN_004798,CUST_01117,5592.73,netbanking,DEV_02551,SG,2026-01-15,success,21
TXN_004799,CUST_01580,3146.12,card,DEV_00700,SG,2026-04-07,success,47
TXN_004800,CUST_01063,1281.17,netbanking,DEV_02126,IN,2026-04-07,failed,11
TXN_004801,CUST_00287,2271.19,netbanking,DEV_02543,US,2026-02-25,success,30
TXN_004802,CUST_00052,2527.24,card,DEV_02407,US,2026-03-21,success,34
TXN_004803,CUST_01510,1969.49,card,DEV_03000,IN,2026-02-20,success,19
TXN_004804,CUST_01390,9992.62,netbanking,DEV_01578,US,2026-03-08,success,35
TXN_004805,CUST_00503,9288.64,upi,DEV_01277,US,2026-01-27,success,20
TXN_004806,CUST_01982,3544.48,wallet,DEV_00992,IN,2026-08-04,success,45
TXN_004807,CUST_01063,2191.28,upi,DEV_00260,SG,2026-03-22,success,11
TXN_004808,CUST_00388,8131.33,wallet,DEV_00792,GB,2026-01-24,success,18
TXN_004809,CUST_01084,2438.06,netbanking,DEV_02965,AE,2026-01-23,success,29
TXN_004810,CUST_00643,7681.21,upi,DEV_00344,GB,2026-08-14,success,40
TXN_004811,CUST_00362,1729.21,netbanking,DEV_00802,IN,2026-01-17,success,42
TXN_004812,CUST_01111,5758.18,upi,DEV_00160,US,2026-01-16,success,42
TXN_004813,CUST_00079,5252.07,netbanking,DEV_00043,AE,2026-04-23,success,31
TXN_004814,CUST_01612,2814.11,card,DEV_00195,SG,2026-07-09,failed,36
TXN_004815,CUST_01482,1757.25,netbanking,DEV_02515,SG,2026-03-19,success,48
TXN_004816,CUST_00428,3331.58,netbanking,DEV_01871,AE,2026-07-09,failed,41
TXN_004817,CUST_01521,1892.02,upi,DEV_01252,GB,2026-08-15,success,50
TXN_004818,CUST_01176,694.29,card,DEV_02288,US,2026-06-02,success,12
TXN_004819,CUST_00581,3321.92,upi,DEV_01666,SG,2026-08-08,success,26
TXN_004820,CUST_01441,5996.23,netbanking,DEV_00626,IN,2026-04-17,success,37
TXN_004821,CUST_00668,6177.03,card,DEV_02532,IN,2026-01-06,failed,20
TXN_004822,CUST_00610,977.65,card,DEV_02846,AE,2026-06-14,failed,12
TXN_004823,CUST_00626,10510.39,card,DEV_00071,IN,2026-07-12,success,22
TXN_004824,CUST_01326,7541.0,upi,DEV_02721,GB,2026-02-04,success,18
TXN_004825,CUST_01872,10567.92,wallet,DEV_02194,US,2026-04-17,success,36
TXN_004826,CUST_00108,14269.77,upi,DEV_02815,IN,2026-06-12,failed,50
TXN_004827,CUST_01587,3184.69,netbanking,DEV_02614,AE,2026-02-13,failed,14
TXN_004828,CUST_01204,8478.4,wallet,DEV_00599,IN,2026-05-16,success,37
TXN_004829,CUST_01880,9801.36,netbanking,DEV_02034,SG,2026-07-24,success,43
TXN_004830,CUST_01753,7110.66,card,DEV_00046,GB,2026-05-26,success,8
TXN_004831,CUST_00165,8831.39,upi,DEV_02712,GB,2026-05-07,success,15
TXN_004832,CUST_00788,1594.7,upi,DEV_02258,AE,2026-01-13,success,16
TXN_004833,CUST_00179,6433.87,upi,DEV_00598,IN,2026-01-12,failed,2
TXN_004834,CUST_00415,3563.38,netbanking,DEV_02290,GB,2026-06-07,failed,40
TXN_004835,CUST_01448,1938.85,upi,DEV_01041,US,2026-05-23,failed,45
TXN_004836,CUST_00374,6999.9,card,DEV_00593,SG,2026-03-31,success,10
TXN_004837,CUST_00628,3663.09,netbanking,DEV_01371,US,2026-07-03,success,11
TXN_004838,CUST_01456,2452.48,netbanking,DEV_02773,SG,2026-08-15,success,37
TXN_004839,CUST_00137,10925.46,upi,DEV_02588,SG,2026-04-13,success,31
TXN_004840,CUST_00647,2449.86,wallet,DEV_00180,GB,2026-05-22,success,16
TXN_004841,CUST_00484,873.64,upi,DEV_00746,GB,2026-01-04,failed,8
TXN_004842,CUST_01939,2611.26,netbanking,DEV_01231,AE,2026-03-09,failed,45
TXN_004843,CUST_01961,5327.28,wallet,DEV_02837,SG,2026-03-29,success,13
TXN_004844,CUST_00748,3255.32,card,DEV_01054,IN,2026-06-12,success,3
TXN_004845,CUST_00809,6840.81,wallet,DEV_01607,GB,2026-02-22,success,27
TXN_004846,CUST_01631,2376.61,card,DEV_01594,GB,2026-06-10,success,45
TXN_004847,CUST_00458,5102.44,wallet,DEV_00552,US,2026-05-12,failed,25
TXN_004848,CUST_01262,6147.69,wallet,DEV_02982,AE,2026-03-30,failed,46
TXN_004849,CUST_00672,8326.27,upi,DEV_00304,US,2026-04-10,success,19
TXN_004850,CUST_01218,4516.96,wallet,DEV_02651,US,2026-08-15,success,11
TXN_004851,CUST_01352,2339.58,card,DEV_00362,IN,2026-07-24,success,11
TXN_004852,CUST_01561,9528.42,wallet,DEV_00038,GB,2026-05-04,success,3
TXN_004853,CUST_01245,1234.27,wallet,DEV_00327,SG,2026-06-07,success,4
TXN_004854,CUST_00242,2241.95,upi,DEV_02085,IN,2026-02-23,success,10
TXN_004855,CUST_01269,7583.49,card,DEV_02954,GB,2026-08-08,success,35
TXN_004856,CUST_01616,1164.88,upi,DEV_02295,US,2026-07-03,success,44
TXN_004857,CUST_00306,1826.77,netbanking,DEV_00301,SG,2026-07-02,success,19
TXN_004858,CUST_01375,4314.79,netbanking,DEV_01883,SG,2026-07-07,success,35
TXN_004859,CUST_01398,2466.25,netbanking,DEV_00956,GB,2026-04-23,success,33
TXN_004860,CUST_00203,6140.98,upi,DEV_02411,GB,2026-08-14,success,39
TXN_004861,CUST_01739,16137.54,wallet,DEV_01943,US,2026-06-13,success,31
TXN_004862,CUST_01168,9376.85,netbanking,DEV_02985,US,2026-02-02,failed,3
TXN_004863,CUST_00268,20679.93,wallet,DEV_00033,SG,2026-03-07,failed,11
TXN_004864,CUST_01703,7688.51,wallet,DEV_01359,AE,2026-06-26,success,32
TXN_004865,CUST_01761,2203.1,upi,DEV_01506,SG,2026-06-19,success,20
TXN_004866,CUST_01713,2581.55,upi,DEV_02153,US,2026-07-03,success,48
TXN_004867,CUST_00404,7878.06,card,DEV_02159,US,2026-02-09,success,26
TXN_004868,CUST_00478,4853.01,netbanking,DEV_00859,IN,2026-04-22,success,10
TXN_004869,CUST_00685,3502.29,wallet,DEV_02193,GB,2026-06-24,failed,3
TXN_004870,CUST_01772,18703.28,wallet,DEV_01678,AE,2026-05-09,success,5
TXN_004871,CUST_01251,4195.52,wallet,DEV_01141,GB,2026-07-25,success,44
TXN_004872,CUST_00702,1776.36,wallet,DEV_01102,GB,2026-05-28,success,16
TXN_004873,CUST_01309,4831.92,wallet,DEV_01372,US,2026-01-21,success,8
TXN_004874,CUST_00615,1097.31,netbanking,DEV_02606,US,2026-01-21,failed,46
TXN_004875,CUST_00114,1576.44,netbanking,DEV_01412,GB,2026-06-03,success,3
TXN_004876,CUST_00457,2280.18,wallet,DEV_01125,SG,2026-07-01,failed,22
TXN_004877,CUST_01585,5844.44,netbanking,DEV_00357,IN,2026-06-30,success,2
TXN_004878,CUST_01196,7764.64,wallet,DEV_02802,US,2026-04-20,failed,43
TXN_004879,CUST_00628,14897.64,netbanking,DEV_00493,IN,2026-07-22,failed,11
TXN_004880,CUST_01320,11050.53,wallet,DEV_01054,GB,2026-02-27,success,28
TXN_004881,CUST_01440,11446.5,wallet,DEV_01457,GB,2026-01-19,success,40
TXN_004882,CUST_01826,2426.07,wallet,DEV_01273,IN,2026-06-06,failed,30
TXN_004883,CUST_01642,1020.39,wallet,DEV_02169,SG,2026-04-20,success,46
TXN_004884,CUST_01789,5127.69,card,DEV_00205,SG,2026-02-22,success,7
TXN_004885,CUST_01774,8563.74,upi,DEV_00250,IN,2026-04-12,success,31
TXN_004886,CUST_01149,8100.73,card,DEV_00352,GB,2026-05-28,failed,19
TXN_004887,CUST_00684,3450.19,upi,DEV_00707,GB,2026-02-07,success,14
TXN_004888,CUST_00025,4400.45,netbanking,DEV_02218,US,2026-03-20,success,21
TXN_004889,CUST_01862,3135.22,wallet,DEV_01563,AE,2026-05-22,success,10
TXN_004890,CUST_01319,3558.89,netbanking,DEV_01786,IN,2026-01-22,success,37
TXN_004891,CUST_01268,1758.7,netbanking,DEV_00034,US,2026-02-20,success,33
TXN_004892,CUST_01659,2280.77,card,DEV_00295,GB,2026-08-11,success,21
TXN_004893,CUST_00666,1654.0,wallet,DEV_00992,GB,2026-07-23,failed,9
TXN_004894,CUST_01149,6518.54,wallet,DEV_01991,IN,2026-03-30,success,19
TXN_004895,CUST_01969,1480.74,netbanking,DEV_01117,AE,2026-08-14,success,9
TXN_004896,CUST_00230,2882.46,netbanking,DEV_01004,SG,2026-02-09,failed,34
TXN_004897,CUST_01327,921.19,card,DEV_02520,AE,2026-05-05,success,47
TXN_004898,CUST_01318,2535.96,wallet,DEV_02593,US,2026-05-07,success,43
TXN_004899,CUST_00212,924.41,card,DEV_02577,GB,2026-07-11,success,30
TXN_004900,CUST_01755,1988.31,wallet,DEV_02854,GB,2026-06-09,success,2
TXN_004901,CUST_01757,3724.43,card,DEV_02455,US,2026-07-01,success,21
TXN_004902,CUST_01916,4663.41,wallet,DEV_01821,US,2026-07-25,success,47
TXN_004903,CUST_01565,757.92,card,DEV_00700,IN,2026-08-14,success,6
TXN_004904,CUST_00481,4180.08,netbanking,DEV_02960,US,2026-05-23,success,17
TXN_004905,CUST_01851,12238.04,card,DEV_02759,AE,2026-04-27,success,29
TXN_004906,CUST_01476,3844.44,netbanking,DEV_02249,US,2026-01-23,success,5
TXN_004907,CUST_01015,2537.97,wallet,DEV_00748,AE,2026-03-08,success,41
TXN_004908,CUST_01030,4297.77,netbanking,DEV_01629,AE,2026-06-14,success,27
TXN_004909,CUST_01249,1973.59,netbanking,DEV_01620,IN,2026-04-25,success,33
TXN_004910,CUST_01250,6016.32,wallet,DEV_01407,IN,2026-06-20,success,25
TXN_004911,CUST_01925,3911.61,card,DEV_01869,AE,2026-04-06,success,11
TXN_004912,CUST_01711,1994.16,card,DEV_00628,SG,2026-06-23,success,12
TXN_004913,CUST_00107,4335.08,netbanking,DEV_00394,GB,2026-06-04,success,16
TXN_004914,CUST_00481,1474.01,netbanking,DEV_00844,IN,2026-04-20,success,17
TXN_004915,CUST_00310,1763.63,upi,DEV_02130,US,2026-05-13,success,31
TXN_004916,CUST_00647,2166.9,wallet,DEV_01115,AE,2026-04-24,failed,16
TXN_004917,CUST_00458,4794.3,netbanking,DEV_01554,GB,2026-05-30,success,25
TXN_004918,CUST_00357,11101.96,wallet,DEV_00077,GB,2026-03-25,success,4
TXN_004919,CUST_01587,12488.64,netbanking,DEV_02657,US,2026-06-13,success,14
TXN_004920,CUST_00348,1439.13,upi,DEV_01770,SG,2026-05-01,failed,22
TXN_004921,CUST_00167,2332.58,card,DEV_01378,AE,2026-07-24,success,44
TXN_004922,CUST_01591,755.59,upi,DEV_02974,IN,2026-08-01,success,38
TXN_004923,CUST_01603,7944.33,card,DEV_01995,AE,2026-06-27,success,35
TXN_004924,CUST_00943,2815.85,netbanking,DEV_00462,GB,2026-02-23,success,13
TXN_004925,CUST_01788,2847.37,wallet,DEV_01912,IN,2026-01-14,success,50
TXN_004926,CUST_00626,11680.56,card,DEV_00505,GB,2026-06-14,success,22
TXN_004927,CUST_00442,931.3,wallet,DEV_01864,US,2026-07-16,success,24
TXN_004928,CUST_01854,1211.01,netbanking,DEV_00985,IN,2026-07-29,success,10
TXN_004929,CUST_00632,2552.54,wallet,DEV_00547,US,2026-04-01,success,48
TXN_004930,CUST_00030,6090.71,wallet,DEV_02050,GB,2026-04-13,success,9
TXN_004931,CUST_00531,6120.25,card,DEV_00915,GB,2026-03-11,failed,50
TXN_004932,CUST_01290,2649.09,netbanking,DEV_00391,AE,2026-05-17,success,15
TXN_004933,CUST_01645,7982.26,netbanking,DEV_01916,US,2026-06-08,success,44
TXN_004934,CUST_01694,4889.9,upi,DEV_00974,US,2026-05-18,success,34
TXN_004935,CUST_00976,2579.6,netbanking,DEV_01432,SG,2026-01-05,success,41
TXN_004936,CUST_00866,4283.11,wallet,DEV_02449,GB,2026-08-02,failed,41
TXN_004937,CUST_01208,3626.44,netbanking,DEV_02055,IN,2026-06-17,failed,36
TXN_004938,CUST_00925,1288.58,wallet,DEV_00182,US,2026-07-21,success,8
TXN_004939,CUST_00630,1942.85,card,DEV_00793,AE,2026-02-12,success,19
TXN_004940,CUST_00129,2165.99,upi,DEV_02684,GB,2026-04-24,success,20
TXN_004941,CUST_01551,910.7,netbanking,DEV_00075,AE,2026-01-27,success,1
TXN_004942,CUST_00090,2321.74,wallet,DEV_02429,AE,2026-06-12,success,23
TXN_004943,CUST_01260,8160.99,netbanking,DEV_02989,AE,2026-06-21,failed,17
TXN_004944,CUST_00979,2600.28,upi,DEV_01192,IN,2026-05-23,success,9
TXN_004945,CUST_00529,5912.39,netbanking,DEV_02343,GB,2026-01-11,success,48
TXN_004946,CUST_01955,1473.5,wallet,DEV_01161,GB,2026-07-02,failed,48
TXN_004947,CUST_01923,2113.84,card,DEV_00503,AE,2026-01-07,success,12
TXN_004948,CUST_01148,4823.71,wallet,DEV_00413,IN,2026-01-20,failed,5
TXN_004949,CUST_00261,2327.11,netbanking,DEV_02523,IN,2026-06-18,success,35
TXN_004950,CUST_00293,1026.69,card,DEV_01796,IN,2026-04-09,failed,35
TXN_004951,CUST_00442,1778.09,netbanking,DEV_02354,IN,2026-05-06,failed,24
TXN_004952,CUST_01779,1927.36,upi,DEV_02167,GB,2026-03-22,success,49
TXN_004953,CUST_01008,4099.49,wallet,DEV_02883,US,2026-01-29,success,40
TXN_004954,CUST_00455,1519.29,upi,DEV_02723,SG,2026-07-17,failed,15
TXN_004955,CUST_01008,2358.77,wallet,DEV_01646,US,2026-04-01,success,40
TXN_004956,CUST_01699,4382.55,wallet,DEV_01994,US,2026-04-05,success,41
TXN_004957,CUST_00514,2660.18,wallet,DEV_00187,AE,2026-01-15,failed,19
TXN_004958,CUST_01317,2370.87,upi,DEV_00545,SG,2026-05-18,success,32
TXN_004959,CUST_00729,1685.12,netbanking,DEV_00350,US,2026-03-01,success,10
TXN_004960,CUST_01640,1873.83,card,DEV_00795,SG,2026-01-02,success,21
TXN_004961,CUST_01636,1776.91,netbanking,DEV_00777,IN,2026-06-04,failed,25
TXN_004962,CUST_00949,8340.89,netbanking,DEV_00676,AE,2026-06-12,success,22
TXN_004963,CUST_01442,877.71,upi,DEV_01771,AE,2026-08-06,success,49
TXN_004964,CUST_01454,1630.56,netbanking,DEV_01966,SG,2026-04-16,failed,27
TXN_004965,CUST_00279,12201.98,card,DEV_02845,GB,2026-05-14,success,10
TXN_004966,CUST_00924,3208.18,upi,DEV_02882,IN,2026-06-20,success,24
TXN_004967,CUST_00255,8047.45,wallet,DEV_02759,US,2026-07-25,success,21
TXN_004968,CUST_01590,10285.45,wallet,DEV_01495,SG,2026-07-28,success,9
TXN_004969,CUST_00199,1544.58,wallet,DEV_00104,SG,2026-02-14,success,40
TXN_004970,CUST_01637,7228.8,upi,DEV_02742,AE,2026-03-02,failed,43
TXN_004971,CUST_00726,10070.1,netbanking,DEV_02899,IN,2026-02-06,failed,3
TXN_004972,CUST_00370,3624.53,wallet,DEV_02390,IN,2026-01-23,success,29
TXN_004973,CUST_01322,9891.09,upi,DEV_00804,US,2026-01-20,success,24
TXN_004974,CUST_00391,11650.59,upi,DEV_01321,US,2026-07-26,failed,48
TXN_004975,CUST_00771,1253.97,card,DEV_00444,SG,2026-05-06,success,6
TXN_004976,CUST_01238,1156.72,netbanking,DEV_02535,GB,2026-04-11,success,8
TXN_004977,CUST_00666,3601.13,wallet,DEV_01082,GB,2026-04-07,success,9
TXN_004978,CUST_00309,7386.44,upi,DEV_00741,GB,2026-06-25,success,20
TXN_004979,CUST_00858,5703.17,netbanking,DEV_01174,IN,2026-01-29,success,46
TXN_004980,CUST_01342,3764.3,netbanking,DEV_00350,US,2026-04-08,failed,43
TXN_004981,CUST_00261,1201.07,upi,DEV_02094,IN,2026-06-25,success,35
TXN_004982,CUST_00709,1359.54,upi,DEV_00238,US,2026-05-22,success,48
TXN_004983,CUST_01633,2383.14,upi,DEV_01821,AE,2026-05-12,success,11
TXN_004984,CUST_01837,5971.75,card,DEV_02200,GB,2026-08-09,failed,41
TXN_004985,CUST_01562,2717.8,card,DEV_01066,AE,2026-06-21,success,40
TXN_004986,CUST_01091,16655.35,upi,DEV_00115,IN,2026-03-08,success,13
TXN_004987,CUST_00136,6893.04,upi,DEV_00996,GB,2026-03-10,success,29
TXN_004988,CUST_00878,5164.02,card,DEV_00456,US,2026-04-24,success,42
TXN_004989,CUST_01127,3662.22,upi,DEV_01595,IN,2026-02-20,success,23
TXN_004990,CUST_00685,6622.4,wallet,DEV_01618,GB,2026-04-30,failed,3
TXN_004991,CUST_01318,2222.7,card,DEV_03000,SG,2026-01-03,failed,43
TXN_004992,CUST_00177,2551.21,wallet,DEV_01784,IN,2026-05-20,success,42
TXN_004993,CUST_01868,4536.6,wallet,DEV_01546,US,2026-07-09,success,42
TXN_004994,CUST_01695,1135.16,card,DEV_01980,AE,2026-06-17,failed,36
TXN_004995,CUST_00324,3226.45,card,DEV_02608,AE,2026-02-17,success,8
TXN_004996,CUST_01318,3636.06,wallet,DEV_00604,IN,2026-03-14,failed,43
TXN_004997,CUST_00120,8544.9,card,DEV_02691,GB,2026-01-27,failed,2
TXN_004998,CUST_01119,1122.54,upi,DEV_00184,US,2026-08-15,success,17
TXN_004999,CUST_00732,4871.93,wallet,DEV_01219,GB,2026-07-23,failed,32
TXN_005000,CUST_00612,4207.24,netbanking,DEV_02519,AE,2026-04-30,success,31
